$date
	Sat Oct 18 15:33:17 2025
$end
$version
	Icarus Verilog
$end
$timescale
	1ps
$end
$scope module async_fifo_tb $end
$var wire 1 ! wfull $end
$var wire 1 " rempty $end
$var wire 8 # rdata [7:0] $end
$var wire 1 $ pause $end
$var wire 1 % need_pause $end
$var wire 1 & awfull $end
$var wire 1 ' arempty $end
$var parameter 32 ( DSIZE $end
$var reg 1 ) clk $end
$var reg 1 * rclk $end
$var reg 1 + rst_n $end
$var reg 1 , winc $end
$scope module u_async_fifo $end
$var wire 1 * rclk $end
$var wire 1 - rinc $end
$var wire 1 + rrst_n $end
$var wire 1 ) wclk $end
$var wire 8 . wdata [7:0] $end
$var wire 1 , winc $end
$var wire 1 + wrst_n $end
$var wire 7 / wq2_rptr [6:0] $end
$var wire 7 0 wptr_bin [6:0] $end
$var wire 7 1 wptr [6:0] $end
$var wire 1 ! wfull $end
$var wire 6 2 waddr [5:0] $end
$var wire 7 3 rq2_wptr [6:0] $end
$var wire 7 4 rptr_bin [6:0] $end
$var wire 7 5 rptr [6:0] $end
$var wire 1 " rempty $end
$var wire 8 6 rdata [7:0] $end
$var wire 6 7 raddr [5:0] $end
$var wire 1 % need_pause $end
$var wire 7 8 diff [6:0] $end
$var wire 1 & awfull $end
$var wire 1 ' arempty $end
$var parameter 32 9 ASIZE $end
$var parameter 32 : DSIZE $end
$var parameter 40 ; FALLTHROUGH $end
$var parameter 39 < PAUSE_THRESH $end
$scope module fifomem $end
$var wire 1 * rclk $end
$var wire 1 - rclken $end
$var wire 1 ) wclk $end
$var wire 1 , wclken $end
$var wire 8 = wdata [7:0] $end
$var wire 1 ! wfull $end
$var wire 6 > waddr [5:0] $end
$var wire 8 ? rdata [7:0] $end
$var wire 6 @ raddr [5:0] $end
$var parameter 32 A ADDRSIZE $end
$var parameter 32 B DATASIZE $end
$var parameter 38 C DEPTH $end
$var parameter 40 D FALLTHROUGH $end
$var reg 8 E rdata_r [7:0] $end
$scope begin registered_read $end
$upscope $end
$upscope $end
$scope module gray2bin_inst $end
$var wire 1 ) clk $end
$var wire 1 + rst_n $end
$var wire 7 F gray [6:0] $end
$var parameter 33 G DATA_W $end
$var reg 7 H bin [6:0] $end
$var integer 32 I i [31:0] $end
$upscope $end
$scope module gray2bin_inst2 $end
$var wire 1 ) clk $end
$var wire 1 + rst_n $end
$var wire 7 J gray [6:0] $end
$var parameter 33 K DATA_W $end
$var reg 7 L bin [6:0] $end
$var integer 32 M i [31:0] $end
$upscope $end
$scope module rptr_empty $end
$var wire 1 * rclk $end
$var wire 7 N rgraynext [6:0] $end
$var wire 7 O rgraynextm1 [6:0] $end
$var wire 1 - rinc $end
$var wire 1 + rrst_n $end
$var wire 7 P rq2_wptr [6:0] $end
$var wire 1 Q rempty_val $end
$var wire 7 R rbinnext [6:0] $end
$var wire 6 S raddr [5:0] $end
$var wire 1 T arempty_val $end
$var parameter 32 U ADDRSIZE $end
$var reg 1 ' arempty $end
$var reg 7 V rbin [6:0] $end
$var reg 1 " rempty $end
$var reg 7 W rptr [6:0] $end
$upscope $end
$scope module sync_r2w $end
$var wire 7 X rptr [6:0] $end
$var wire 1 ) wclk $end
$var wire 1 + wrst_n $end
$var parameter 32 Y ASIZE $end
$var reg 7 Z wq1_rptr [6:0] $end
$var reg 7 [ wq2_rptr [6:0] $end
$upscope $end
$scope module sync_w2r $end
$var wire 1 * rclk $end
$var wire 1 + rrst_n $end
$var wire 7 \ wptr [6:0] $end
$var parameter 32 ] ASIZE $end
$var reg 7 ^ rq1_wptr [6:0] $end
$var reg 7 _ rq2_wptr [6:0] $end
$upscope $end
$scope module wptr_full $end
$var wire 1 ) wclk $end
$var wire 7 ` wgraynext [6:0] $end
$var wire 7 a wgraynextp1 [6:0] $end
$var wire 1 , winc $end
$var wire 7 b wq2_rptr [6:0] $end
$var wire 1 + wrst_n $end
$var wire 1 c wfull_val $end
$var wire 7 d wbinnext [6:0] $end
$var wire 6 e waddr [5:0] $end
$var wire 1 f awfull_val $end
$var parameter 32 g ADDRSIZE $end
$var reg 1 & awfull $end
$var reg 7 h wbin [6:0] $end
$var reg 1 ! wfull $end
$var reg 7 i wptr [6:0] $end
$upscope $end
$upscope $end
$scope module u_gen_pause $end
$var wire 1 ) clk $end
$var wire 1 % need_pause $end
$var wire 1 + rst_n $end
$var parameter 32 j CD_CYCLE $end
$var parameter 32 k COUNT_W $end
$var reg 4 l cd_count [3:0] $end
$var reg 1 $ pause $end
$upscope $end
$upscope $end
$enddefinitions $end
$comment Show the parameter values. $end
$dumpall
b100 k
b1010 j
b110 g
b110 ]
b110 Y
b110 U
b111 K
b111 G
b100011001000001010011000101001101000101 D
b1000000 C
b1000 B
b110 A
b101010 <
b100011001000001010011000101001101000101 ;
b1000 :
b110 9
b1000 (
$end
#0
$dumpvars
b0 l
b0 i
b0 h
0f
b0 e
b1 d
0c
b0 b
b11 a
b1 `
b0 _
b0 ^
b0 \
b0 [
b0 Z
b0 X
b0 W
b0 V
0T
b0 S
b0 R
1Q
b0 P
b1 O
b0 N
bx M
b0 L
b0 J
bx I
b0 H
b0 F
bx E
b0 @
bx ?
b0 >
b1100 =
b0 8
b0 7
bx 6
b0 5
b0 4
b0 3
b0 2
b0 1
b0 0
b0 /
b1100 .
1-
1,
0+
1*
1)
0'
0&
0%
0$
bx #
1"
0!
$end
#500
0)
#1000
1)
0*
#1500
0)
#2000
b1100 #
b1100 6
b1100 ?
b1100 E
1)
1*
#2500
0)
1+
#3000
b1 2
b1 >
b1 e
b10 a
b11 `
b10 d
b1 h
b1 1
b1 F
b1 \
b1 i
b11111111111111111111111111111111 M
b11111111111111111111111111111111 I
1)
0*
#3500
0)
#4000
b10 2
b10 >
b10 e
b110 a
b10 `
b11 d
b10 h
b11 1
b11 F
b11 \
b11 i
b1 ^
b1 8
b1 0
b1 H
b11111111111111111111111111111111 I
b11111111111111111111111111111111 M
1)
1*
#4500
0)
#5000
b11 2
b11 >
b11 e
b111 a
b110 `
b100 d
b11 h
b10 1
b10 F
b10 \
b10 i
b11111111111111111111111111111111 M
b10 8
b10 0
b10 H
b11111111111111111111111111111111 I
1)
0*
#5500
0)
#6000
b100 2
b100 >
b100 e
b101 a
b111 `
b101 d
b100 h
b110 1
b110 F
b110 \
b110 i
1T
0Q
b1 3
b1 P
b1 _
b10 ^
b11 8
b11 0
b11 H
b11111111111111111111111111111111 I
b11111111111111111111111111111111 M
1)
1*
#6500
0)
#7000
b101 2
b101 >
b101 e
b100 a
b101 `
b110 d
b101 h
b111 1
b111 F
b111 \
b111 i
b11111111111111111111111111111111 M
b100 8
b100 0
b100 H
b11111111111111111111111111111111 I
1)
0*
#7500
0)
#8000
b11 O
b1 N
b1 R
b110 2
b110 >
b110 e
b1100 a
b100 `
b111 d
b110 h
b101 1
b101 F
b101 \
b101 i
0T
b10 3
b10 P
b10 _
b111 ^
0"
1'
b101 8
b101 0
b101 H
b11111111111111111111111111111111 I
b11111111111111111111111111111111 M
1)
1*
#8500
0)
#9000
b111 2
b111 >
b111 e
b1101 a
b1100 `
b1000 d
b111 h
b100 1
b100 F
b100 \
b100 i
b11111111111111111111111111111111 M
b110 8
b110 0
b110 H
b11111111111111111111111111111111 I
1)
0*
#9500
0)
#10000
b1000 2
b1000 >
b1000 e
b1111 a
b1101 `
b1 7
b1 @
b1 S
b10 O
b11 N
b1001 d
b1000 h
b1100 1
b1100 F
b1100 \
b1100 i
0'
b10 R
b1 V
b1 5
b1 W
b1 X
b111 3
b111 P
b111 _
b100 ^
b111 8
b111 0
b111 H
b11111111111111111111111111111111 I
b11111111111111111111111111111111 M
1)
1*
#10500
0)
#11000
b1001 2
b1001 >
b1001 e
b1110 a
b1111 `
b1010 d
b1001 h
b1101 1
b1101 F
b1101 \
b1101 i
b1 Z
b11111111111111111111111111111111 M
b1000 8
b1000 0
b1000 H
b11111111111111111111111111111111 I
1)
0*
#11500
0)
#12000
b1010 2
b1010 >
b1010 e
b1010 a
b1110 `
b10 7
b10 @
b10 S
b110 O
b10 N
b1 /
b1 J
b1 [
b1 b
b1011 d
b1010 h
b1111 1
b1111 F
b1111 \
b1111 i
b100 3
b100 P
b100 _
b1101 ^
b11 R
b10 V
b11 5
b11 W
b11 X
b1001 8
b1001 0
b1001 H
b11111111111111111111111111111111 I
b11111111111111111111111111111111 M
1)
1*
#12500
0)
#13000
b1011 2
b1011 >
b1011 e
b1011 a
b1010 `
b1100 d
b1011 h
b1110 1
b1110 F
b1110 \
b1110 i
b11 Z
b1 4
b1 L
b11111111111111111111111111111111 M
b1001 8
b1010 0
b1010 H
b11111111111111111111111111111111 I
1)
0*
#13500
0)
#14000
b1100 2
b1100 >
b1100 e
b1001 a
b1011 `
b11 7
b11 @
b11 S
b111 O
b110 N
b11 /
b11 J
b11 [
b11 b
b1101 d
b1100 h
b1010 1
b1010 F
b1010 \
b1010 i
b100 R
b11 V
b10 5
b10 W
b10 X
b1101 3
b1101 P
b1101 _
b1110 ^
b1010 8
b1011 0
b1011 H
b11111111111111111111111111111111 I
b11111111111111111111111111111111 M
1)
1*
#14500
0)
#15000
b1101 2
b1101 >
b1101 e
b1000 a
b1001 `
b1110 d
b1101 h
b1011 1
b1011 F
b1011 \
b1011 i
b10 Z
b10 4
b10 L
b11111111111111111111111111111111 M
b1010 8
b1100 0
b1100 H
b11111111111111111111111111111111 I
1)
0*
#15500
0)
#16000
b1110 2
b1110 >
b1110 e
b11000 a
b1000 `
b100 7
b100 @
b100 S
b101 O
b111 N
b10 /
b10 J
b10 [
b10 b
b1111 d
b1110 h
b1001 1
b1001 F
b1001 \
b1001 i
b1110 3
b1110 P
b1110 _
b1011 ^
b101 R
b100 V
b110 5
b110 W
b110 X
b1011 8
b1101 0
b1101 H
b11111111111111111111111111111111 I
b11111111111111111111111111111111 M
1)
1*
#16500
0)
#17000
b1111 2
b1111 >
b1111 e
b11001 a
b11000 `
b10000 d
b1111 h
b1000 1
b1000 F
b1000 \
b1000 i
b110 Z
b11 4
b11 L
b11111111111111111111111111111111 M
b1011 8
b1110 0
b1110 H
b11111111111111111111111111111111 I
1)
0*
#17500
0)
#18000
b10000 2
b10000 >
b10000 e
b11011 a
b11001 `
b101 7
b101 @
b101 S
b100 O
b101 N
b110 /
b110 J
b110 [
b110 b
b10001 d
b10000 h
b11000 1
b11000 F
b11000 \
b11000 i
b110 R
b101 V
b111 5
b111 W
b111 X
b1011 3
b1011 P
b1011 _
b1000 ^
b1100 8
b1111 0
b1111 H
b11111111111111111111111111111111 I
b11111111111111111111111111111111 M
1)
1*
#18500
0)
#19000
b10001 2
b10001 >
b10001 e
b11010 a
b11011 `
b10010 d
b10001 h
b11001 1
b11001 F
b11001 \
b11001 i
b111 Z
b100 4
b100 L
b11111111111111111111111111111111 M
b1100 8
b10000 0
b10000 H
b11111111111111111111111111111111 I
1)
0*
#19500
0)
#20000
b10010 2
b10010 >
b10010 e
b11110 a
b11010 `
b110 7
b110 @
b110 S
b1100 O
b100 N
b111 /
b111 J
b111 [
b111 b
b10011 d
b10010 h
b11011 1
b11011 F
b11011 \
b11011 i
b1000 3
b1000 P
b1000 _
b11001 ^
b111 R
b110 V
b101 5
b101 W
b101 X
b1101 8
b10001 0
b10001 H
b11111111111111111111111111111111 I
b11111111111111111111111111111111 M
1)
1*
#20500
0)
#21000
b10011 2
b10011 >
b10011 e
b11111 a
b11110 `
b10100 d
b10011 h
b11010 1
b11010 F
b11010 \
b11010 i
b101 Z
b101 4
b101 L
b11111111111111111111111111111111 M
b1101 8
b10010 0
b10010 H
b11111111111111111111111111111111 I
1)
0*
#21500
0)
#22000
b10100 2
b10100 >
b10100 e
b11101 a
b11111 `
b111 7
b111 @
b111 S
b1101 O
b1100 N
b101 /
b101 J
b101 [
b101 b
b10101 d
b10100 h
b11110 1
b11110 F
b11110 \
b11110 i
b1000 R
b111 V
b100 5
b100 W
b100 X
b11001 3
b11001 P
b11001 _
b11010 ^
b1110 8
b10011 0
b10011 H
b11111111111111111111111111111111 I
b11111111111111111111111111111111 M
1)
1*
#22500
0)
#23000
b10101 2
b10101 >
b10101 e
b11100 a
b11101 `
b10110 d
b10101 h
b11111 1
b11111 F
b11111 \
b11111 i
b100 Z
b110 4
b110 L
b11111111111111111111111111111111 M
b1110 8
b10100 0
b10100 H
b11111111111111111111111111111111 I
1)
0*
#23500
0)
#24000
b10110 2
b10110 >
b10110 e
b10100 a
b11100 `
b1000 7
b1000 @
b1000 S
b1111 O
b1101 N
b100 /
b100 J
b100 [
b100 b
b10111 d
b10110 h
b11101 1
b11101 F
b11101 \
b11101 i
b11010 3
b11010 P
b11010 _
b11111 ^
b1001 R
b1000 V
b1100 5
b1100 W
b1100 X
b1111 8
b10101 0
b10101 H
b11111111111111111111111111111111 I
b11111111111111111111111111111111 M
1)
1*
#24500
0)
#25000
b10111 2
b10111 >
b10111 e
b10101 a
b10100 `
b11000 d
b10111 h
b11100 1
b11100 F
b11100 \
b11100 i
b1100 Z
b111 4
b111 L
b11111111111111111111111111111111 M
b1111 8
b10110 0
b10110 H
b11111111111111111111111111111111 I
1)
0*
#25500
0)
#26000
b11000 2
b11000 >
b11000 e
b10111 a
b10101 `
b1001 7
b1001 @
b1001 S
b1110 O
b1111 N
b1100 /
b1100 J
b1100 [
b1100 b
b11001 d
b11000 h
b10100 1
b10100 F
b10100 \
b10100 i
b1010 R
b1001 V
b1101 5
b1101 W
b1101 X
b11111 3
b11111 P
b11111 _
b11100 ^
b10000 8
b10111 0
b10111 H
b11111111111111111111111111111111 I
b11111111111111111111111111111111 M
1)
1*
#26500
0)
#27000
b11001 2
b11001 >
b11001 e
b10110 a
b10111 `
b11010 d
b11001 h
b10101 1
b10101 F
b10101 \
b10101 i
b1101 Z
b1000 4
b1000 L
b11111111111111111111111111111111 M
b10000 8
b11000 0
b11000 H
b11111111111111111111111111111111 I
1)
0*
#27500
0)
#28000
b11010 2
b11010 >
b11010 e
b10010 a
b10110 `
b1010 7
b1010 @
b1010 S
b1010 O
b1110 N
b1101 /
b1101 J
b1101 [
b1101 b
b11011 d
b11010 h
b10111 1
b10111 F
b10111 \
b10111 i
b11100 3
b11100 P
b11100 _
b10101 ^
b1011 R
b1010 V
b1111 5
b1111 W
b1111 X
b10001 8
b11001 0
b11001 H
b11111111111111111111111111111111 I
b11111111111111111111111111111111 M
1)
1*
#28500
0)
#29000
b11011 2
b11011 >
b11011 e
b10011 a
b10010 `
b11100 d
b11011 h
b10110 1
b10110 F
b10110 \
b10110 i
b1111 Z
b1001 4
b1001 L
b11111111111111111111111111111111 M
b10001 8
b11010 0
b11010 H
b11111111111111111111111111111111 I
1)
0*
#29500
0)
#30000
b11100 2
b11100 >
b11100 e
b10001 a
b10011 `
b1011 7
b1011 @
b1011 S
b1011 O
b1010 N
b1111 /
b1111 J
b1111 [
b1111 b
b11101 d
b11100 h
b10010 1
b10010 F
b10010 \
b10010 i
b1100 R
b1011 V
b1110 5
b1110 W
b1110 X
b10101 3
b10101 P
b10101 _
b10110 ^
b10010 8
b11011 0
b11011 H
b11111111111111111111111111111111 I
b11111111111111111111111111111111 M
1)
1*
#30500
0)
#31000
b11101 2
b11101 >
b11101 e
b10000 a
b10001 `
b11110 d
b11101 h
b10011 1
b10011 F
b10011 \
b10011 i
b1110 Z
b1010 4
b1010 L
b11111111111111111111111111111111 M
b10010 8
b11100 0
b11100 H
b11111111111111111111111111111111 I
1)
0*
#31500
0)
#32000
b11110 2
b11110 >
b11110 e
b110000 a
b10000 `
b1100 7
b1100 @
b1100 S
b1001 O
b1011 N
b1110 /
b1110 J
b1110 [
b1110 b
b11111 d
b11110 h
b10001 1
b10001 F
b10001 \
b10001 i
b10110 3
b10110 P
b10110 _
b10011 ^
b1101 R
b1100 V
b1010 5
b1010 W
b1010 X
b10011 8
b11101 0
b11101 H
b11111111111111111111111111111111 I
b11111111111111111111111111111111 M
1)
1*
#32500
0)
#33000
b11111 2
b11111 >
b11111 e
b110001 a
b110000 `
b100000 d
b11111 h
b10000 1
b10000 F
b10000 \
b10000 i
b1010 Z
b1011 4
b1011 L
b11111111111111111111111111111111 M
b10011 8
b11110 0
b11110 H
b11111111111111111111111111111111 I
1)
0*
#33500
0)
#34000
b100000 2
b100000 >
b100000 e
b110011 a
b110001 `
b1101 7
b1101 @
b1101 S
b1000 O
b1001 N
b1010 /
b1010 J
b1010 [
b1010 b
b100001 d
b100000 h
b110000 1
b110000 F
b110000 \
b110000 i
b1110 R
b1101 V
b1011 5
b1011 W
b1011 X
b10011 3
b10011 P
b10011 _
b10000 ^
b10100 8
b11111 0
b11111 H
b11111111111111111111111111111111 I
b11111111111111111111111111111111 M
1)
1*
#34500
0)
#35000
b100001 2
b100001 >
b100001 e
b110010 a
b110011 `
b100010 d
b100001 h
b110001 1
b110001 F
b110001 \
b110001 i
b1011 Z
b1100 4
b1100 L
b11111111111111111111111111111111 M
0%
b10100 8
b100000 0
b100000 H
b11111111111111111111111111111111 I
1)
0*
#35500
0)
#36000
b100010 2
b100010 >
b100010 e
b110110 a
b110010 `
b1110 7
b1110 @
b1110 S
b11000 O
b1000 N
b1011 /
b1011 J
b1011 [
b1011 b
b100011 d
b100010 h
b110011 1
b110011 F
b110011 \
b110011 i
b10000 3
b10000 P
b10000 _
b110001 ^
b1111 R
b1110 V
b1001 5
b1001 W
b1001 X
b10101 8
b100001 0
b100001 H
b11111111111111111111111111111111 I
b11111111111111111111111111111111 M
1)
1*
#36500
0)
#37000
b100011 2
b100011 >
b100011 e
b110111 a
b110110 `
b100100 d
b100011 h
b110010 1
b110010 F
b110010 \
b110010 i
b1001 Z
b1101 4
b1101 L
b11111111111111111111111111111111 M
b10101 8
b100010 0
b100010 H
b11111111111111111111111111111111 I
1)
0*
#37500
0)
#38000
b100100 2
b100100 >
b100100 e
b110101 a
b110111 `
b1111 7
b1111 @
b1111 S
b11001 O
b11000 N
b1001 /
b1001 J
b1001 [
b1001 b
b100101 d
b100100 h
b110110 1
b110110 F
b110110 \
b110110 i
b10000 R
b1111 V
b1000 5
b1000 W
b1000 X
b110001 3
b110001 P
b110001 _
b110010 ^
b10110 8
b100011 0
b100011 H
b11111111111111111111111111111111 I
b11111111111111111111111111111111 M
1)
1*
#38500
0)
#39000
b100101 2
b100101 >
b100101 e
b110100 a
b110101 `
b100110 d
b100101 h
b110111 1
b110111 F
b110111 \
b110111 i
b1000 Z
b1110 4
b1110 L
b11111111111111111111111111111111 M
b10110 8
b100100 0
b100100 H
b11111111111111111111111111111111 I
1)
0*
#39500
0)
#40000
b100110 2
b100110 >
b100110 e
b111100 a
b110100 `
b10000 7
b10000 @
b10000 S
b11011 O
b11001 N
b1000 /
b1000 J
b1000 [
b1000 b
b100111 d
b100110 h
b110101 1
b110101 F
b110101 \
b110101 i
b110010 3
b110010 P
b110010 _
b110111 ^
b10001 R
b10000 V
b11000 5
b11000 W
b11000 X
b10111 8
b100101 0
b100101 H
b11111111111111111111111111111111 I
b11111111111111111111111111111111 M
1)
1*
#40500
0)
#41000
b100111 2
b100111 >
b100111 e
b111101 a
b111100 `
b101000 d
b100111 h
b110100 1
b110100 F
b110100 \
b110100 i
b11000 Z
b1111 4
b1111 L
b11111111111111111111111111111111 M
b10111 8
b100110 0
b100110 H
b11111111111111111111111111111111 I
1)
0*
#41500
0)
#42000
b101000 2
b101000 >
b101000 e
b111111 a
b111101 `
b10001 7
b10001 @
b10001 S
b11010 O
b11011 N
b11000 /
b11000 J
b11000 [
b11000 b
b101001 d
b101000 h
b111100 1
b111100 F
b111100 \
b111100 i
b10010 R
b10001 V
b11001 5
b11001 W
b11001 X
b110111 3
b110111 P
b110111 _
b110100 ^
b11000 8
b100111 0
b100111 H
b11111111111111111111111111111111 I
b11111111111111111111111111111111 M
1)
1*
#42500
0)
#43000
b101001 2
b101001 >
b101001 e
b111110 a
b111111 `
b101010 d
b101001 h
b111101 1
b111101 F
b111101 \
b111101 i
b11001 Z
b10000 4
b10000 L
b11111111111111111111111111111111 M
b11000 8
b101000 0
b101000 H
b11111111111111111111111111111111 I
1)
0*
#43500
0)
#44000
b101010 2
b101010 >
b101010 e
b111010 a
b111110 `
b10010 7
b10010 @
b10010 S
b11110 O
b11010 N
b11001 /
b11001 J
b11001 [
b11001 b
b101011 d
b101010 h
b111111 1
b111111 F
b111111 \
b111111 i
b110100 3
b110100 P
b110100 _
b111101 ^
b10011 R
b10010 V
b11011 5
b11011 W
b11011 X
b11001 8
b101001 0
b101001 H
b11111111111111111111111111111111 I
b11111111111111111111111111111111 M
1)
1*
#44500
0)
#45000
b101011 2
b101011 >
b101011 e
b111011 a
b111010 `
b101100 d
b101011 h
b111110 1
b111110 F
b111110 \
b111110 i
b11011 Z
b10001 4
b10001 L
b11111111111111111111111111111111 M
b11001 8
b101010 0
b101010 H
b11111111111111111111111111111111 I
1)
0*
#45500
0)
#46000
b101100 2
b101100 >
b101100 e
b111001 a
b111011 `
b10011 7
b10011 @
b10011 S
b11111 O
b11110 N
b11011 /
b11011 J
b11011 [
b11011 b
b101101 d
b101100 h
b111010 1
b111010 F
b111010 \
b111010 i
b10100 R
b10011 V
b11010 5
b11010 W
b11010 X
b111101 3
b111101 P
b111101 _
b111110 ^
b11010 8
b101011 0
b101011 H
b11111111111111111111111111111111 I
b11111111111111111111111111111111 M
1)
1*
#46500
0)
#47000
b101101 2
b101101 >
b101101 e
b111000 a
b111001 `
b101110 d
b101101 h
b111011 1
b111011 F
b111011 \
b111011 i
b11010 Z
b10010 4
b10010 L
b11111111111111111111111111111111 M
b11010 8
b101100 0
b101100 H
b11111111111111111111111111111111 I
1)
0*
#47500
0)
#48000
b101110 2
b101110 >
b101110 e
b101000 a
b111000 `
b10100 7
b10100 @
b10100 S
b11101 O
b11111 N
b11010 /
b11010 J
b11010 [
b11010 b
b101111 d
b101110 h
b111001 1
b111001 F
b111001 \
b111001 i
b111110 3
b111110 P
b111110 _
b111011 ^
b10101 R
b10100 V
b11110 5
b11110 W
b11110 X
b11011 8
b101101 0
b101101 H
b11111111111111111111111111111111 I
b11111111111111111111111111111111 M
1)
1*
#48500
0)
#49000
b101111 2
b101111 >
b101111 e
b101001 a
b101000 `
b110000 d
b101111 h
b111000 1
b111000 F
b111000 \
b111000 i
b11110 Z
b10011 4
b10011 L
b11111111111111111111111111111111 M
b11011 8
b101110 0
b101110 H
b11111111111111111111111111111111 I
1)
0*
#49500
0)
#50000
b110000 2
b110000 >
b110000 e
b101011 a
b101001 `
b10101 7
b10101 @
b10101 S
b11100 O
b11101 N
b11110 /
b11110 J
b11110 [
b11110 b
b110001 d
b110000 h
b101000 1
b101000 F
b101000 \
b101000 i
b10110 R
b10101 V
b11111 5
b11111 W
b11111 X
b111011 3
b111011 P
b111011 _
b111000 ^
b11100 8
b101111 0
b101111 H
b11111111111111111111111111111111 I
b11111111111111111111111111111111 M
1)
1*
#50500
0)
#51000
b110001 2
b110001 >
b110001 e
b101010 a
b101011 `
b110010 d
b110001 h
b101001 1
b101001 F
b101001 \
b101001 i
b11111 Z
b10100 4
b10100 L
b11111111111111111111111111111111 M
0%
b11100 8
b110000 0
b110000 H
b11111111111111111111111111111111 I
1)
0*
#51500
0)
#52000
b110010 2
b110010 >
b110010 e
b101110 a
b101010 `
b10110 7
b10110 @
b10110 S
b10100 O
b11100 N
b11111 /
b11111 J
b11111 [
b11111 b
b110011 d
b110010 h
b101011 1
b101011 F
b101011 \
b101011 i
b111000 3
b111000 P
b111000 _
b101001 ^
b10111 R
b10110 V
b11101 5
b11101 W
b11101 X
b11101 8
b110001 0
b110001 H
b11111111111111111111111111111111 I
b11111111111111111111111111111111 M
1)
1*
#52500
0)
#53000
b110011 2
b110011 >
b110011 e
b101111 a
b101110 `
b110100 d
b110011 h
b101010 1
b101010 F
b101010 \
b101010 i
b11101 Z
b10101 4
b10101 L
b11111111111111111111111111111111 M
b11101 8
b110010 0
b110010 H
b11111111111111111111111111111111 I
1)
0*
#53500
0)
#54000
b110100 2
b110100 >
b110100 e
b101101 a
b101111 `
b10111 7
b10111 @
b10111 S
b10101 O
b10100 N
b11101 /
b11101 J
b11101 [
b11101 b
b110101 d
b110100 h
b101110 1
b101110 F
b101110 \
b101110 i
b11000 R
b10111 V
b11100 5
b11100 W
b11100 X
b101001 3
b101001 P
b101001 _
b101010 ^
b11110 8
b110011 0
b110011 H
b11111111111111111111111111111111 I
b11111111111111111111111111111111 M
1)
1*
#54500
0)
#55000
b110101 2
b110101 >
b110101 e
b101100 a
b101101 `
b110110 d
b110101 h
b101111 1
b101111 F
b101111 \
b101111 i
b11100 Z
b10110 4
b10110 L
b11111111111111111111111111111111 M
b11110 8
b110100 0
b110100 H
b11111111111111111111111111111111 I
1)
0*
#55500
0)
#56000
b110110 2
b110110 >
b110110 e
b100100 a
b101100 `
b11000 7
b11000 @
b11000 S
b10111 O
b10101 N
b11100 /
b11100 J
b11100 [
b11100 b
b110111 d
b110110 h
b101101 1
b101101 F
b101101 \
b101101 i
b101010 3
b101010 P
b101010 _
b101111 ^
b11001 R
b11000 V
b10100 5
b10100 W
b10100 X
b11111 8
b110101 0
b110101 H
b11111111111111111111111111111111 I
b11111111111111111111111111111111 M
1)
1*
#56500
0)
#57000
b110111 2
b110111 >
b110111 e
b100101 a
b100100 `
b111000 d
b110111 h
b101100 1
b101100 F
b101100 \
b101100 i
b10100 Z
b10111 4
b10111 L
b11111111111111111111111111111111 M
b11111 8
b110110 0
b110110 H
b11111111111111111111111111111111 I
1)
0*
#57500
0)
#58000
b111000 2
b111000 >
b111000 e
b100111 a
b100101 `
b11001 7
b11001 @
b11001 S
b10110 O
b10111 N
b10100 /
b10100 J
b10100 [
b10100 b
b111001 d
b111000 h
b100100 1
b100100 F
b100100 \
b100100 i
b11010 R
b11001 V
b10101 5
b10101 W
b10101 X
b101111 3
b101111 P
b101111 _
b101100 ^
b100000 8
b110111 0
b110111 H
b11111111111111111111111111111111 I
b11111111111111111111111111111111 M
1)
1*
#58500
0)
#59000
b111001 2
b111001 >
b111001 e
b100110 a
b100111 `
b111010 d
b111001 h
b100101 1
b100101 F
b100101 \
b100101 i
b10101 Z
b11000 4
b11000 L
b11111111111111111111111111111111 M
b100000 8
b111000 0
b111000 H
b11111111111111111111111111111111 I
1)
0*
#59500
0)
#60000
b111010 2
b111010 >
b111010 e
b100010 a
b100110 `
b11010 7
b11010 @
b11010 S
b10010 O
b10110 N
b10101 /
b10101 J
b10101 [
b10101 b
b111011 d
b111010 h
b100111 1
b100111 F
b100111 \
b100111 i
b101100 3
b101100 P
b101100 _
b100101 ^
b11011 R
b11010 V
b10111 5
b10111 W
b10111 X
b100001 8
b111001 0
b111001 H
b11111111111111111111111111111111 I
b11111111111111111111111111111111 M
1)
1*
#60500
0)
#61000
b111011 2
b111011 >
b111011 e
b100011 a
b100010 `
b111100 d
b111011 h
b100110 1
b100110 F
b100110 \
b100110 i
b10111 Z
b11001 4
b11001 L
b11111111111111111111111111111111 M
b100001 8
b111010 0
b111010 H
b11111111111111111111111111111111 I
1)
0*
#61500
0)
#62000
b111100 2
b111100 >
b111100 e
b100001 a
b100011 `
b11011 7
b11011 @
b11011 S
b10011 O
b10010 N
b10111 /
b10111 J
b10111 [
b10111 b
b111101 d
b111100 h
b100010 1
b100010 F
b100010 \
b100010 i
b11100 R
b11011 V
b10110 5
b10110 W
b10110 X
b100101 3
b100101 P
b100101 _
b100110 ^
b100010 8
b111011 0
b111011 H
b11111111111111111111111111111111 I
b11111111111111111111111111111111 M
1)
1*
#62500
0)
#63000
b111101 2
b111101 >
b111101 e
b100000 a
b100001 `
b111110 d
b111101 h
b100011 1
b100011 F
b100011 \
b100011 i
b10110 Z
b11010 4
b11010 L
b11111111111111111111111111111111 M
b100010 8
b111100 0
b111100 H
b11111111111111111111111111111111 I
1)
0*
#63500
0)
#64000
b111110 2
b111110 >
b111110 e
b1100000 a
b100000 `
b11100 7
b11100 @
b11100 S
b10001 O
b10011 N
b10110 /
b10110 J
b10110 [
b10110 b
b111111 d
b111110 h
b100001 1
b100001 F
b100001 \
b100001 i
b100110 3
b100110 P
b100110 _
b100011 ^
b11101 R
b11100 V
b10010 5
b10010 W
b10010 X
b100011 8
b111101 0
b111101 H
b11111111111111111111111111111111 I
b11111111111111111111111111111111 M
1)
1*
#64500
0)
#65000
b111111 2
b111111 >
b111111 e
b1100001 a
b1100000 `
b1000000 d
b111111 h
b100000 1
b100000 F
b100000 \
b100000 i
b10010 Z
b11011 4
b11011 L
b11111111111111111111111111111111 M
b100011 8
b111110 0
b111110 H
b11111111111111111111111111111111 I
1)
0*
#65500
0)
#66000
b0 2
b0 >
b0 e
b1100011 a
b1100001 `
b11101 7
b11101 @
b11101 S
b10000 O
b10001 N
b10010 /
b10010 J
b10010 [
b10010 b
b1000001 d
b1000000 h
b1100000 1
b1100000 F
b1100000 \
b1100000 i
b11110 R
b11101 V
b10011 5
b10011 W
b10011 X
b100011 3
b100011 P
b100011 _
b100000 ^
b100100 8
b111111 0
b111111 H
b11111111111111111111111111111111 I
b11111111111111111111111111111111 M
1)
1*
#66500
0)
#67000
b1 2
b1 >
b1 e
b1100010 a
b1100011 `
b1000010 d
b1000001 h
b1100001 1
b1100001 F
b1100001 \
b1100001 i
b10011 Z
b11100 4
b11100 L
b11111111111111111111111111111111 M
b11111111111111111111111111111111 I
0%
b100100 8
b1000000 0
b1000000 H
1)
0*
#67500
0)
#68000
b10 2
b10 >
b10 e
b1100110 a
b1100010 `
b11110 7
b11110 @
b11110 S
b110000 O
b10000 N
b10011 /
b10011 J
b10011 [
b10011 b
b1000011 d
b1000010 h
b1100011 1
b1100011 F
b1100011 \
b1100011 i
b100000 3
b100000 P
b100000 _
b1100001 ^
b11111 R
b11110 V
b10001 5
b10001 W
b10001 X
b100101 8
b1000001 0
b1000001 H
b11111111111111111111111111111111 I
b11111111111111111111111111111111 M
1)
1*
#68500
0)
#69000
b11 2
b11 >
b11 e
b1100111 a
b1100110 `
b1000100 d
b1000011 h
b1100010 1
b1100010 F
b1100010 \
b1100010 i
b10001 Z
b11101 4
b11101 L
b11111111111111111111111111111111 M
b100101 8
b1000010 0
b1000010 H
b11111111111111111111111111111111 I
1)
0*
#69500
0)
#70000
b100 2
b100 >
b100 e
b1100101 a
b1100111 `
b11111 7
b11111 @
b11111 S
b110001 O
b110000 N
b10001 /
b10001 J
b10001 [
b10001 b
b1000101 d
b1000100 h
b1100110 1
b1100110 F
b1100110 \
b1100110 i
b100000 R
b11111 V
b10000 5
b10000 W
b10000 X
b1100001 3
b1100001 P
b1100001 _
b1100010 ^
b100110 8
b1000011 0
b1000011 H
b11111111111111111111111111111111 I
b11111111111111111111111111111111 M
1)
1*
#70500
0)
#71000
b101 2
b101 >
b101 e
b1100100 a
b1100101 `
b1000110 d
b1000101 h
b1100111 1
b1100111 F
b1100111 \
b1100111 i
b10000 Z
b11110 4
b11110 L
b11111111111111111111111111111111 M
0%
b100110 8
b1000100 0
b1000100 H
b11111111111111111111111111111111 I
1)
0*
#71500
0)
#72000
b110 2
b110 >
b110 e
b1101100 a
b1100100 `
b100000 7
b100000 @
b100000 S
b110011 O
b110001 N
b10000 /
b10000 J
b10000 [
b10000 b
b1000111 d
b1000110 h
b1100101 1
b1100101 F
b1100101 \
b1100101 i
b1100010 3
b1100010 P
b1100010 _
b1100111 ^
b100001 R
b100000 V
b110000 5
b110000 W
b110000 X
b100111 8
b1000101 0
b1000101 H
b11111111111111111111111111111111 I
b11111111111111111111111111111111 M
1)
1*
#72500
0)
#73000
b111 2
b111 >
b111 e
b1101101 a
b1101100 `
b1001000 d
b1000111 h
b1100100 1
b1100100 F
b1100100 \
b1100100 i
b110000 Z
b11111 4
b11111 L
b11111111111111111111111111111111 M
b100111 8
b1000110 0
b1000110 H
b11111111111111111111111111111111 I
1)
0*
#73500
0)
#74000
b1000 2
b1000 >
b1000 e
b1101111 a
b1101101 `
b100001 7
b100001 @
b100001 S
b110010 O
b110011 N
b110000 /
b110000 J
b110000 [
b110000 b
b1001001 d
b1001000 h
b1101100 1
b1101100 F
b1101100 \
b1101100 i
b100010 R
b100001 V
b110001 5
b110001 W
b110001 X
b1100111 3
b1100111 P
b1100111 _
b1100100 ^
b101000 8
b1000111 0
b1000111 H
b11111111111111111111111111111111 I
b11111111111111111111111111111111 M
1)
1*
#74500
0)
#75000
b1001 2
b1001 >
b1001 e
b1101110 a
b1101111 `
b1001010 d
b1001001 h
b1101101 1
b1101101 F
b1101101 \
b1101101 i
b110001 Z
b100000 4
b100000 L
b11111111111111111111111111111111 M
0%
b101000 8
b1001000 0
b1001000 H
b11111111111111111111111111111111 I
1)
0*
#75500
0)
#76000
b1010 2
b1010 >
b1010 e
b1101010 a
b1101110 `
b100010 7
b100010 @
b100010 S
b110110 O
b110010 N
b110001 /
b110001 J
b110001 [
b110001 b
b1001011 d
b1001010 h
b1101111 1
b1101111 F
b1101111 \
b1101111 i
b1100100 3
b1100100 P
b1100100 _
b1101101 ^
b100011 R
b100010 V
b110011 5
b110011 W
b110011 X
b101001 8
b1001001 0
b1001001 H
b11111111111111111111111111111111 I
b11111111111111111111111111111111 M
1)
1*
#76500
0)
#77000
b1011 2
b1011 >
b1011 e
b1101011 a
b1101010 `
b1001100 d
b1001011 h
b1101110 1
b1101110 F
b1101110 \
b1101110 i
b110011 Z
b100001 4
b100001 L
b11111111111111111111111111111111 M
0%
b101001 8
b1001010 0
b1001010 H
b11111111111111111111111111111111 I
1)
0*
#77500
0)
#78000
b1100 2
b1100 >
b1100 e
b1101001 a
b1101011 `
b100011 7
b100011 @
b100011 S
b110111 O
b110110 N
b110011 /
b110011 J
b110011 [
b110011 b
b1001101 d
b1001100 h
b1101010 1
b1101010 F
b1101010 \
b1101010 i
b100100 R
b100011 V
b110010 5
b110010 W
b110010 X
b1101101 3
b1101101 P
b1101101 _
b1101110 ^
1%
b101010 8
b1001011 0
b1001011 H
b11111111111111111111111111111111 I
b11111111111111111111111111111111 M
1)
1*
#78500
0)
#79000
b1101 2
b1101 >
b1101 e
b1101000 a
b1101001 `
b1010 l
1$
b1001110 d
b1001101 h
b1101011 1
b1101011 F
b1101011 \
b1101011 i
b110010 Z
1%
b100010 4
b100010 L
b11111111111111111111111111111111 M
b101010 8
b1001100 0
b1001100 H
b11111111111111111111111111111111 I
1)
0*
#79500
0)
#80000
b1110 2
b1110 >
b1110 e
b1111000 a
b1101000 `
b100100 7
b100100 @
b100100 S
b110101 O
b110111 N
b110010 /
b110010 J
b110010 [
b110010 b
b1001111 d
b1001110 h
b1101001 1
b1101001 F
b1101001 \
b1101001 i
b1001 l
b1101110 3
b1101110 P
b1101110 _
b1101011 ^
b100101 R
b100100 V
b110110 5
b110110 W
b110110 X
b101011 8
b1001101 0
b1001101 H
b11111111111111111111111111111111 I
b11111111111111111111111111111111 M
0$
1)
1*
#80500
0)
#81000
b1111 2
b1111 >
b1111 e
b1111001 a
b1111000 `
b1000 l
b1010000 d
b1001111 h
b1101000 1
b1101000 F
b1101000 \
b1101000 i
b110110 Z
b100011 4
b100011 L
b11111111111111111111111111111111 M
b101011 8
b1001110 0
b1001110 H
b11111111111111111111111111111111 I
1)
0*
#81500
0)
#82000
b10000 2
b10000 >
b10000 e
b1111011 a
b1111001 `
b100101 7
b100101 @
b100101 S
b110100 O
b110101 N
b110110 /
b110110 J
b110110 [
b110110 b
b1010001 d
b1010000 h
b1111000 1
b1111000 F
b1111000 \
b1111000 i
b111 l
b100110 R
b100101 V
b110111 5
b110111 W
b110111 X
b1101011 3
b1101011 P
b1101011 _
b1101000 ^
b101100 8
b1001111 0
b1001111 H
b11111111111111111111111111111111 I
b11111111111111111111111111111111 M
1)
1*
#82500
0)
#83000
b10001 2
b10001 >
b10001 e
b1111010 a
b1111011 `
b110 l
b1010010 d
b1010001 h
b1111001 1
b1111001 F
b1111001 \
b1111001 i
b110111 Z
1%
b100100 4
b100100 L
b11111111111111111111111111111111 M
b101100 8
b1010000 0
b1010000 H
b11111111111111111111111111111111 I
1)
0*
#83500
0)
#84000
b10010 2
b10010 >
b10010 e
b1111110 a
b1111010 `
b100110 7
b100110 @
b100110 S
b111100 O
b110100 N
b110111 /
b110111 J
b110111 [
b110111 b
b1010011 d
b1010010 h
b1111011 1
b1111011 F
b1111011 \
b1111011 i
b101 l
b1101000 3
b1101000 P
b1101000 _
b1111001 ^
b100111 R
b100110 V
b110101 5
b110101 W
b110101 X
b101101 8
b1010001 0
b1010001 H
b11111111111111111111111111111111 I
b11111111111111111111111111111111 M
1)
1*
#84500
0)
#85000
b10011 2
b10011 >
b10011 e
b1111111 a
b1111110 `
b100 l
b1010100 d
b1010011 h
b1111010 1
b1111010 F
b1111010 \
b1111010 i
b110101 Z
b100101 4
b100101 L
b11111111111111111111111111111111 M
b101101 8
b1010010 0
b1010010 H
b11111111111111111111111111111111 I
1)
0*
#85500
0)
#86000
b10100 2
b10100 >
b10100 e
b1111101 a
b1111111 `
b100111 7
b100111 @
b100111 S
b111101 O
b111100 N
b110101 /
b110101 J
b110101 [
b110101 b
b1010101 d
b1010100 h
b1111110 1
b1111110 F
b1111110 \
b1111110 i
b11 l
b101000 R
b100111 V
b110100 5
b110100 W
b110100 X
b1111001 3
b1111001 P
b1111001 _
b1111010 ^
b101110 8
b1010011 0
b1010011 H
b11111111111111111111111111111111 I
b11111111111111111111111111111111 M
1)
1*
#86500
0)
#87000
b10101 2
b10101 >
b10101 e
b1111100 a
b1111101 `
b10 l
b1010110 d
b1010101 h
b1111111 1
b1111111 F
b1111111 \
b1111111 i
b110100 Z
b100110 4
b100110 L
b11111111111111111111111111111111 M
b101110 8
b1010100 0
b1010100 H
b11111111111111111111111111111111 I
1)
0*
#87500
0)
#88000
b10110 2
b10110 >
b10110 e
b1110100 a
b1111100 `
b101000 7
b101000 @
b101000 S
b111111 O
b111101 N
b110100 /
b110100 J
b110100 [
b110100 b
b1010111 d
b1010110 h
b1111101 1
b1111101 F
b1111101 \
b1111101 i
b1 l
b1111010 3
b1111010 P
b1111010 _
b1111111 ^
b101001 R
b101000 V
b111100 5
b111100 W
b111100 X
b101111 8
b1010101 0
b1010101 H
b11111111111111111111111111111111 I
b11111111111111111111111111111111 M
1)
1*
#88500
0)
#89000
b10111 2
b10111 >
b10111 e
b1110101 a
b1110100 `
b0 l
b1011000 d
b1010111 h
b1111100 1
b1111100 F
b1111100 \
b1111100 i
b111100 Z
b100111 4
b100111 L
b11111111111111111111111111111111 M
b101111 8
b1010110 0
b1010110 H
b11111111111111111111111111111111 I
1)
0*
#89500
0)
#90000
b11000 2
b11000 >
b11000 e
b1110111 a
b1110101 `
b101001 7
b101001 @
b101001 S
b111110 O
b111111 N
b111100 /
b111100 J
b111100 [
b111100 b
b1011001 d
b1011000 h
b1110100 1
b1110100 F
b1110100 \
b1110100 i
b1010 l
1$
b101010 R
b101001 V
b111101 5
b111101 W
b111101 X
b1111111 3
b1111111 P
b1111111 _
b1111100 ^
b110000 8
b1010111 0
b1010111 H
b11111111111111111111111111111111 I
b11111111111111111111111111111111 M
1)
1*
#90500
0)
#91000
b11001 2
b11001 >
b11001 e
b1110110 a
b1110111 `
b1001 l
b1011010 d
b1011001 h
b1110101 1
b1110101 F
b1110101 \
b1110101 i
b111101 Z
0$
1%
b101000 4
b101000 L
b11111111111111111111111111111111 M
b110000 8
b1011000 0
b1011000 H
b11111111111111111111111111111111 I
1)
0*
#91500
0)
#92000
b11010 2
b11010 >
b11010 e
b1110010 a
b1110110 `
b101010 7
b101010 @
b101010 S
b111010 O
b111110 N
b111101 /
b111101 J
b111101 [
b111101 b
b1011011 d
b1011010 h
b1110111 1
b1110111 F
b1110111 \
b1110111 i
b1000 l
b1111100 3
b1111100 P
b1111100 _
b1110101 ^
b101011 R
b101010 V
b111111 5
b111111 W
b111111 X
b110001 8
b1011001 0
b1011001 H
b11111111111111111111111111111111 I
b11111111111111111111111111111111 M
1)
1*
#92500
0)
#93000
b11011 2
b11011 >
b11011 e
b1110011 a
b1110010 `
b111 l
b1011100 d
b1011011 h
b1110110 1
b1110110 F
b1110110 \
b1110110 i
b111111 Z
b101001 4
b101001 L
b11111111111111111111111111111111 M
b110001 8
b1011010 0
b1011010 H
b11111111111111111111111111111111 I
1)
0*
#93500
0)
#94000
b11100 2
b11100 >
b11100 e
b1110001 a
b1110011 `
b101011 7
b101011 @
b101011 S
b111011 O
b111010 N
b111111 /
b111111 J
b111111 [
b111111 b
b1011101 d
b1011100 h
b1110010 1
b1110010 F
b1110010 \
b1110010 i
b110 l
b101100 R
b101011 V
b111110 5
b111110 W
b111110 X
b1110101 3
b1110101 P
b1110101 _
b1110110 ^
b110010 8
b1011011 0
b1011011 H
b11111111111111111111111111111111 I
b11111111111111111111111111111111 M
1)
1*
#94500
0)
#95000
b11101 2
b11101 >
b11101 e
b1110000 a
b1110001 `
b101 l
b1011110 d
b1011101 h
b1110011 1
b1110011 F
b1110011 \
b1110011 i
b111110 Z
b101010 4
b101010 L
b11111111111111111111111111111111 M
b110010 8
b1011100 0
b1011100 H
b11111111111111111111111111111111 I
1)
0*
#95500
0)
#96000
b11110 2
b11110 >
b11110 e
b1010000 a
b1110000 `
b101100 7
b101100 @
b101100 S
b111001 O
b111011 N
b111110 /
b111110 J
b111110 [
b111110 b
b1011111 d
b1011110 h
b1110001 1
b1110001 F
b1110001 \
b1110001 i
b100 l
b1110110 3
b1110110 P
b1110110 _
b1110011 ^
b101101 R
b101100 V
b111010 5
b111010 W
b111010 X
b110011 8
b1011101 0
b1011101 H
b11111111111111111111111111111111 I
b11111111111111111111111111111111 M
1)
1*
#96500
0)
#97000
b11111 2
b11111 >
b11111 e
b1010001 a
b1010000 `
b11 l
b1100000 d
b1011111 h
b1110000 1
b1110000 F
b1110000 \
b1110000 i
b111010 Z
b101011 4
b101011 L
b11111111111111111111111111111111 M
b110011 8
b1011110 0
b1011110 H
b11111111111111111111111111111111 I
1)
0*
#97500
0)
#98000
b100000 2
b100000 >
b100000 e
b1010011 a
b1010001 `
b101101 7
b101101 @
b101101 S
b111000 O
b111001 N
b111010 /
b111010 J
b111010 [
b111010 b
b1100001 d
b1100000 h
b1010000 1
b1010000 F
b1010000 \
b1010000 i
b10 l
b101110 R
b101101 V
b111011 5
b111011 W
b111011 X
b1110011 3
b1110011 P
b1110011 _
b1110000 ^
b110100 8
b1011111 0
b1011111 H
b11111111111111111111111111111111 I
b11111111111111111111111111111111 M
1)
1*
#98500
0)
#99000
b100001 2
b100001 >
b100001 e
b1010010 a
b1010011 `
b1 l
b1100010 d
b1100001 h
b1010001 1
b1010001 F
b1010001 \
b1010001 i
b111011 Z
b101100 4
b101100 L
b11111111111111111111111111111111 M
b110100 8
b1100000 0
b1100000 H
b11111111111111111111111111111111 I
1)
0*
#99500
0)
#100000
b100010 2
b100010 >
b100010 e
b1010110 a
b1010010 `
b101110 7
b101110 @
b101110 S
b101000 O
b111000 N
b111011 /
b111011 J
b111011 [
b111011 b
b1100011 d
b1100010 h
b1010011 1
b1010011 F
b1010011 \
b1010011 i
b0 l
b1110000 3
b1110000 P
b1110000 _
b1010001 ^
b101111 R
b101110 V
b111001 5
b111001 W
b111001 X
b110101 8
b1100001 0
b1100001 H
b11111111111111111111111111111111 I
b11111111111111111111111111111111 M
1)
1*
#100500
0)
#101000
b100011 2
b100011 >
b100011 e
b1010111 a
b1010110 `
b1010 l
1$
b1100100 d
b1100011 h
b1010010 1
b1010010 F
b1010010 \
b1010010 i
b111001 Z
b101101 4
b101101 L
b11111111111111111111111111111111 M
b110101 8
b1100010 0
b1100010 H
b11111111111111111111111111111111 I
1)
0*
#101500
0)
#102000
b100100 2
b100100 >
b100100 e
b1010101 a
b1010111 `
b101111 7
b101111 @
b101111 S
b101001 O
b101000 N
b111001 /
b111001 J
b111001 [
b111001 b
b1100101 d
b1100100 h
b1010110 1
b1010110 F
b1010110 \
b1010110 i
b1001 l
b110000 R
b101111 V
b111000 5
b111000 W
b111000 X
b1010001 3
b1010001 P
b1010001 _
b1010010 ^
b110110 8
b1100011 0
b1100011 H
b11111111111111111111111111111111 I
b11111111111111111111111111111111 M
0$
1)
1*
#102500
0)
#103000
b100101 2
b100101 >
b100101 e
b1010100 a
b1010101 `
b1000 l
b1100110 d
b1100101 h
b1010111 1
b1010111 F
b1010111 \
b1010111 i
b111000 Z
b101110 4
b101110 L
b11111111111111111111111111111111 M
b110110 8
b1100100 0
b1100100 H
b11111111111111111111111111111111 I
1)
0*
#103500
0)
#104000
b100110 2
b100110 >
b100110 e
b1011100 a
b1010100 `
b110000 7
b110000 @
b110000 S
b101011 O
b101001 N
b111000 /
b111000 J
b111000 [
b111000 b
b1100111 d
b1100110 h
b1010101 1
b1010101 F
b1010101 \
b1010101 i
b111 l
b1010010 3
b1010010 P
b1010010 _
b1010111 ^
b110001 R
b110000 V
b101000 5
b101000 W
b101000 X
b110111 8
b1100101 0
b1100101 H
b11111111111111111111111111111111 I
b11111111111111111111111111111111 M
1)
1*
#104500
0)
#105000
b100111 2
b100111 >
b100111 e
b1011101 a
b1011100 `
b110 l
b1101000 d
b1100111 h
b1010100 1
b1010100 F
b1010100 \
b1010100 i
b101000 Z
b101111 4
b101111 L
b11111111111111111111111111111111 M
b110111 8
b1100110 0
b1100110 H
b11111111111111111111111111111111 I
1)
0*
#105500
0)
#106000
b101000 2
b101000 >
b101000 e
b1011111 a
b1011101 `
b110001 7
b110001 @
b110001 S
b101010 O
b101011 N
b101000 /
b101000 J
b101000 [
b101000 b
b1101001 d
b1101000 h
b1011100 1
b1011100 F
b1011100 \
b1011100 i
b101 l
b110010 R
b110001 V
b101001 5
b101001 W
b101001 X
b1010111 3
b1010111 P
b1010111 _
b1010100 ^
b111000 8
b1100111 0
b1100111 H
b11111111111111111111111111111111 I
b11111111111111111111111111111111 M
1)
1*
#106500
0)
#107000
b101001 2
b101001 >
b101001 e
b1011110 a
b1011111 `
b100 l
b1101010 d
b1101001 h
b1011101 1
b1011101 F
b1011101 \
b1011101 i
b101001 Z
1%
b110000 4
b110000 L
b11111111111111111111111111111111 M
b111000 8
b1101000 0
b1101000 H
b11111111111111111111111111111111 I
1)
0*
#107500
0)
#108000
b101010 2
b101010 >
b101010 e
b1011010 a
b1011110 `
b110010 7
b110010 @
b110010 S
b101110 O
b101010 N
b101001 /
b101001 J
b101001 [
b101001 b
b1101011 d
b1101010 h
b1011111 1
b1011111 F
b1011111 \
b1011111 i
b11 l
b1010100 3
b1010100 P
b1010100 _
b1011101 ^
b110011 R
b110010 V
b101011 5
b101011 W
b101011 X
b111001 8
b1101001 0
b1101001 H
b11111111111111111111111111111111 I
b11111111111111111111111111111111 M
1)
1*
#108500
0)
#109000
b101011 2
b101011 >
b101011 e
b1011011 a
b1011010 `
b10 l
b1101100 d
b1101011 h
b1011110 1
b1011110 F
b1011110 \
b1011110 i
b101011 Z
b110001 4
b110001 L
b11111111111111111111111111111111 M
b111001 8
b1101010 0
b1101010 H
b11111111111111111111111111111111 I
1)
0*
#109500
0)
#110000
b101100 2
b101100 >
b101100 e
b1011001 a
b1011011 `
b110011 7
b110011 @
b110011 S
b101111 O
b101110 N
b101011 /
b101011 J
b101011 [
b101011 b
b1101101 d
b1101100 h
b1011010 1
b1011010 F
b1011010 \
b1011010 i
b1 l
b110100 R
b110011 V
b101010 5
b101010 W
b101010 X
b1011101 3
b1011101 P
b1011101 _
b1011110 ^
b111010 8
b1101011 0
b1101011 H
b11111111111111111111111111111111 I
b11111111111111111111111111111111 M
1)
1*
#110500
0)
#111000
b101101 2
b101101 >
b101101 e
b1011000 a
b1011001 `
b0 l
b1101110 d
b1101101 h
b1011011 1
b1011011 F
b1011011 \
b1011011 i
b101010 Z
b110010 4
b110010 L
b11111111111111111111111111111111 M
b111010 8
b1101100 0
b1101100 H
b11111111111111111111111111111111 I
1)
0*
#111500
0)
#112000
b101110 2
b101110 >
b101110 e
b1001000 a
b1011000 `
b110100 7
b110100 @
b110100 S
b101101 O
b101111 N
b101010 /
b101010 J
b101010 [
b101010 b
b1101111 d
b1101110 h
b1011001 1
b1011001 F
b1011001 \
b1011001 i
b1010 l
1$
b1011110 3
b1011110 P
b1011110 _
b1011011 ^
b110101 R
b110100 V
b101110 5
b101110 W
b101110 X
b111011 8
b1101101 0
b1101101 H
b11111111111111111111111111111111 I
b11111111111111111111111111111111 M
1)
1*
#112500
0)
#113000
b101111 2
b101111 >
b101111 e
b1001001 a
b1001000 `
b1001 l
b1110000 d
b1101111 h
b1011000 1
b1011000 F
b1011000 \
b1011000 i
b101110 Z
0$
b110011 4
b110011 L
b11111111111111111111111111111111 M
b111011 8
b1101110 0
b1101110 H
b11111111111111111111111111111111 I
1)
0*
#113500
0)
#114000
b110000 2
b110000 >
b110000 e
0f
b1001011 a
b1001001 `
b110101 7
b110101 @
b110101 S
b101100 O
b101101 N
b101110 /
b101110 J
b101110 [
b101110 b
b1110001 d
b1110000 h
b1001000 1
b1001000 F
b1001000 \
b1001000 i
b1000 l
b110110 R
b110101 V
b101111 5
b101111 W
b101111 X
b1011011 3
b1011011 P
b1011011 _
b1011000 ^
b111100 8
b1101111 0
b1101111 H
b11111111111111111111111111111111 I
b11111111111111111111111111111111 M
1)
1*
#114500
0)
#115000
b110001 2
b110001 >
b110001 e
b1001010 a
b1001011 `
b111 l
b1110010 d
b1110001 h
b1001001 1
b1001001 F
b1001001 \
b1001001 i
b101111 Z
b110100 4
b110100 L
b11111111111111111111111111111111 M
b111100 8
b1110000 0
b1110000 H
b11111111111111111111111111111111 I
1)
0*
#115500
0)
#116000
b110010 2
b110010 >
b110010 e
b1001110 a
b1001010 `
b110110 7
b110110 @
b110110 S
b100100 O
b101100 N
b101111 /
b101111 J
b101111 [
b101111 b
b1110011 d
b1110010 h
b1001011 1
b1001011 F
b1001011 \
b1001011 i
b110 l
b1011000 3
b1011000 P
b1011000 _
b1001001 ^
b110111 R
b110110 V
b101101 5
b101101 W
b101101 X
b111101 8
b1110001 0
b1110001 H
b11111111111111111111111111111111 I
b11111111111111111111111111111111 M
1)
1*
#116500
0)
#117000
b110011 2
b110011 >
b110011 e
1f
b1001111 a
b1001110 `
b101 l
b1110100 d
b1110011 h
b1001010 1
b1001010 F
b1001010 \
b1001010 i
b101101 Z
b110101 4
b110101 L
b11111111111111111111111111111111 M
b111101 8
b1110010 0
b1110010 H
b11111111111111111111111111111111 I
1)
0*
#117500
0)
#118000
b110100 2
b110100 >
b110100 e
1f
b1001101 a
0c
b1001111 `
b110111 7
b110111 @
b110111 S
b100101 O
b100100 N
b101101 /
b101101 J
b101101 [
b101101 b
b1110101 d
b1110100 h
b1001110 1
b1001110 F
b1001110 \
b1001110 i
1&
b100 l
b111000 R
b110111 V
b101100 5
b101100 W
b101100 X
b1001001 3
b1001001 P
b1001001 _
b1001010 ^
b111110 8
b1110011 0
b1110011 H
b11111111111111111111111111111111 I
b11111111111111111111111111111111 M
1)
1*
#118500
0)
#119000
1c
b110101 2
b110101 >
b110101 e
0f
b1001100 a
b1001101 `
b11 l
b1110110 d
b1110101 h
b1001111 1
b1001111 F
b1001111 \
b1001111 i
b101100 Z
b110110 4
b110110 L
b11111111111111111111111111111111 M
b111110 8
b1110100 0
b1110100 H
b11111111111111111111111111111111 I
1)
0*
#119500
0)
#120000
1f
b110110 2
b110110 >
b110110 e
b1001100 a
0c
b1001101 `
b111000 7
b111000 @
b111000 S
b100111 O
b100101 N
b101100 /
b101100 J
b101100 [
b101100 b
b1110110 d
b1110110 h
b1001101 1
b1001101 F
b1001101 \
b1001101 i
1!
0&
b10 l
b1001010 3
b1001010 P
b1001010 _
b1001111 ^
b111001 R
b111000 V
b100100 5
b100100 W
b100100 X
b111111 8
b1110101 0
b1110101 H
b11111111111111111111111111111111 I
b11111111111111111111111111111111 M
1)
1*
#120500
0)
#121000
0f
b1000100 a
1c
b1001100 `
b1110111 d
b1 l
0!
1&
b100100 Z
b110111 4
b110111 L
b11111111111111111111111111111111 M
b111111 8
b1110110 0
b1110110 H
b11111111111111111111111111111111 I
1)
0*
#121500
0)
#122000
1f
b110111 2
b110111 >
b110111 e
b1000100 a
0c
b1001100 `
b111001 7
b111001 @
b111001 S
b100110 O
b100111 N
b100100 /
b100100 J
b100100 [
b100100 b
b1110111 d
b1110111 h
b1001100 1
b1001100 F
b1001100 \
b1001100 i
1!
0&
b0 l
b111010 R
b111001 V
b100101 5
b100101 W
b100101 X
b1001111 3
b1001111 P
b1001111 _
b1001101 ^
b11111111111111111111111111111111 I
b11111111111111111111111111111111 M
1)
1*
#122500
0)
#123000
1c
0f
b1000101 a
b1000100 `
b1111000 d
b1010 l
1$
0!
1&
b100101 Z
b111000 4
b111000 L
b11111111111111111111111111111111 M
b111111 8
b1110111 0
b1110111 H
b11111111111111111111111111111111 I
1)
0*
#123500
0)
#124000
1f
b111000 2
b111000 >
b111000 e
b1000101 a
0c
b1000100 `
b111010 7
b111010 @
b111010 S
b100010 O
b100110 N
b100101 /
b100101 J
b100101 [
b100101 b
b1111000 d
b1111000 h
b1000100 1
b1000100 F
b1000100 \
b1000100 i
1!
0&
b1001 l
b1001101 3
b1001101 P
b1001101 _
b1001100 ^
b111011 R
b111010 V
b100111 5
b100111 W
b100111 X
b11111111111111111111111111111111 I
b11111111111111111111111111111111 M
0$
1)
1*
#124500
0)
#125000
0f
b1000111 a
1c
b1000101 `
b1111001 d
b1000 l
0!
1&
b100111 Z
b111001 4
b111001 L
b11111111111111111111111111111111 M
b111111 8
b1111000 0
b1111000 H
b11111111111111111111111111111111 I
1)
0*
#125500
0)
#126000
1f
b111001 2
b111001 >
b111001 e
b1000111 a
0c
b1000101 `
b111011 7
b111011 @
b111011 S
b100011 O
b100010 N
b100111 /
b100111 J
b100111 [
b100111 b
b1111001 d
b1111001 h
b1000101 1
b1000101 F
b1000101 \
b1000101 i
1!
0&
b111 l
b111100 R
b111011 V
b100110 5
b100110 W
b100110 X
b1001100 3
b1001100 P
b1001100 _
b1000100 ^
b11111111111111111111111111111111 I
b11111111111111111111111111111111 M
1)
1*
#126500
0)
#127000
1c
0f
b1000110 a
b1000111 `
b1111010 d
b110 l
0!
1&
b100110 Z
b111010 4
b111010 L
b11111111111111111111111111111111 M
b111111 8
b1111001 0
b1111001 H
b11111111111111111111111111111111 I
1)
0*
#127500
0)
#128000
1f
b111010 2
b111010 >
b111010 e
b1000110 a
0c
b1000111 `
b111100 7
b111100 @
b111100 S
b100001 O
b100011 N
b100110 /
b100110 J
b100110 [
b100110 b
b1111010 d
b1111010 h
b1000111 1
b1000111 F
b1000111 \
b1000111 i
1!
0&
b101 l
b1000100 3
b1000100 P
b1000100 _
b1000101 ^
b111101 R
b111100 V
b100010 5
b100010 W
b100010 X
b11111111111111111111111111111111 I
b11111111111111111111111111111111 M
1)
1*
#128500
0)
#129000
0f
b1000010 a
1c
b1000110 `
b1111011 d
b100 l
0!
1&
b100010 Z
b111011 4
b111011 L
b11111111111111111111111111111111 M
b111111 8
b1111010 0
b1111010 H
b11111111111111111111111111111111 I
1)
0*
#129500
0)
#130000
1f
b111011 2
b111011 >
b111011 e
b1000010 a
0c
b1000110 `
b111101 7
b111101 @
b111101 S
b100000 O
b100001 N
b100010 /
b100010 J
b100010 [
b100010 b
b1111011 d
b1111011 h
b1000110 1
b1000110 F
b1000110 \
b1000110 i
1!
0&
b11 l
b111110 R
b111101 V
b100011 5
b100011 W
b100011 X
b1000101 3
b1000101 P
b1000101 _
b1000111 ^
b11111111111111111111111111111111 I
b11111111111111111111111111111111 M
1)
1*
#130500
0)
#131000
1c
0f
b1000011 a
b1000010 `
b1111100 d
b10 l
0!
1&
b100011 Z
b111100 4
b111100 L
b11111111111111111111111111111111 M
b111111 8
b1111011 0
b1111011 H
b11111111111111111111111111111111 I
1)
0*
#131500
0)
#132000
1f
b111100 2
b111100 >
b111100 e
b1000011 a
0c
b1000010 `
b111110 7
b111110 @
b111110 S
b1100000 O
b100000 N
b100011 /
b100011 J
b100011 [
b100011 b
b1111100 d
b1111100 h
b1000010 1
b1000010 F
b1000010 \
b1000010 i
1!
0&
b1 l
b1000111 3
b1000111 P
b1000111 _
b1000110 ^
b111111 R
b111110 V
b100001 5
b100001 W
b100001 X
b11111111111111111111111111111111 I
b11111111111111111111111111111111 M
1)
1*
#132500
0)
#133000
0f
b1000001 a
1c
b1000011 `
b1111101 d
b0 l
0!
1&
b100001 Z
b111101 4
b111101 L
b11111111111111111111111111111111 M
b111111 8
b1111100 0
b1111100 H
b11111111111111111111111111111111 I
1)
0*
#133500
0)
#134000
1f
b111101 2
b111101 >
b111101 e
b1000001 a
0c
b1000011 `
b111111 7
b111111 @
b111111 S
b1100001 O
b1100000 N
b100001 /
b100001 J
b100001 [
b100001 b
b1111101 d
b1111101 h
b1000011 1
b1000011 F
b1000011 \
b1000011 i
1!
0&
b1010 l
1$
b1000000 R
b111111 V
b100000 5
b100000 W
b100000 X
b1000110 3
b1000110 P
b1000110 _
b1000010 ^
b11111111111111111111111111111111 I
b11111111111111111111111111111111 M
1)
1*
#134500
0)
#135000
1c
0f
b1000000 a
b1000001 `
b1111110 d
b1001 l
0!
1&
b100000 Z
0$
b111110 4
b111110 L
b11111111111111111111111111111111 M
b111111 8
b1111101 0
b1111101 H
b11111111111111111111111111111111 I
1)
0*
#135500
0)
#136000
1f
b111110 2
b111110 >
b111110 e
b1000000 a
0c
b1000001 `
b0 7
b0 @
b0 S
b1100011 O
b1100001 N
b100000 /
b100000 J
b100000 [
b100000 b
b1111110 d
b1111110 h
b1000001 1
b1000001 F
b1000001 \
b1000001 i
1!
0&
b1000 l
b1000010 3
b1000010 P
b1000010 _
b1000011 ^
b1000001 R
b1000000 V
b1100000 5
b1100000 W
b1100000 X
b11111111111111111111111111111111 I
b11111111111111111111111111111111 M
1)
1*
#136500
0)
#137000
0f
b0 a
1c
b1000000 `
b1111111 d
b111 l
0!
1&
b1100000 Z
b111111 4
b111111 L
b11111111111111111111111111111111 M
b111111 8
b1111110 0
b1111110 H
b11111111111111111111111111111111 I
1)
0*
#137500
0)
#138000
1f
b111111 2
b111111 >
b111111 e
b0 a
0c
b1000000 `
b1 7
b1 @
b1 S
b1100010 O
b1100011 N
b1100000 /
b1100000 J
b1100000 [
b1100000 b
b1111111 d
b1111111 h
b1000000 1
b1000000 F
b1000000 \
b1000000 i
1!
0&
b110 l
b1000010 R
b1000001 V
b1100001 5
b1100001 W
b1100001 X
b1000011 3
b1000011 P
b1000011 _
b1000001 ^
b11111111111111111111111111111111 I
b11111111111111111111111111111111 M
1)
1*
#138500
0)
#139000
1c
0f
b1 a
b0 `
b0 d
b101 l
0!
1&
b1100001 Z
b11111111111111111111111111111111 M
1%
b1000000 4
b1000000 L
b111111 8
b1111111 0
b1111111 H
b11111111111111111111111111111111 I
1)
0*
#139500
0)
#140000
1f
b0 2
b0 >
b0 e
b1 a
0c
b0 `
b10 7
b10 @
b10 S
b1100110 O
b1100010 N
b1100001 /
b1100001 J
b1100001 [
b1100001 b
b0 d
b0 h
b0 1
b0 F
b0 \
b0 i
1!
0&
b100 l
b1000001 3
b1000001 P
b1000001 _
b1000000 ^
b1000011 R
b1000010 V
b1100011 5
b1100011 W
b1100011 X
b11111111111111111111111111111111 I
b11111111111111111111111111111111 M
1)
1*
#140500
0)
#141000
0f
b11 a
1c
b1 `
b1 d
b11 l
0!
1&
b1100011 Z
b1000001 4
b1000001 L
b11111111111111111111111111111111 M
b11111111111111111111111111111111 I
b111111 8
b0 0
b0 H
1)
0*
#141500
0)
#142000
1f
b1 2
b1 >
b1 e
b11 a
0c
b1 `
b11 7
b11 @
b11 S
b1100111 O
b1100110 N
b1100011 /
b1100011 J
b1100011 [
b1100011 b
b1 d
b1 h
b1 1
b1 F
b1 \
b1 i
1!
0&
b10 l
b1000100 R
b1000011 V
b1100010 5
b1100010 W
b1100010 X
b1000000 3
b1000000 P
b1000000 _
b0 ^
b11111111111111111111111111111111 I
b11111111111111111111111111111111 M
1)
1*
#142500
0)
#143000
1c
0f
b10 a
b11 `
b10 d
b1 l
0!
1&
b1100010 Z
b1000010 4
b1000010 L
b11111111111111111111111111111111 M
b111111 8
b1 0
b1 H
b11111111111111111111111111111111 I
1)
0*
#143500
0)
#144000
1f
b10 2
b10 >
b10 e
b10 a
0c
b11 `
b100 7
b100 @
b100 S
b1100101 O
b1100111 N
b1100010 /
b1100010 J
b1100010 [
b1100010 b
b10 d
b10 h
b11 1
b11 F
b11 \
b11 i
1!
0&
b0 l
b0 3
b0 P
b0 _
b1 ^
b1000101 R
b1000100 V
b1100110 5
b1100110 W
b1100110 X
b11111111111111111111111111111111 I
b11111111111111111111111111111111 M
1)
1*
#144500
0)
#145000
0f
b110 a
1c
b10 `
b11 d
b1010 l
1$
0!
1&
b1100110 Z
b1000011 4
b1000011 L
b11111111111111111111111111111111 M
b111111 8
b10 0
b10 H
b11111111111111111111111111111111 I
1)
0*
#145500
0)
#146000
1f
b11 2
b11 >
b11 e
b110 a
0c
b10 `
b101 7
b101 @
b101 S
b1100100 O
b1100101 N
b1100110 /
b1100110 J
b1100110 [
b1100110 b
b11 d
b11 h
b10 1
b10 F
b10 \
b10 i
1!
0&
b1001 l
b1000110 R
b1000101 V
b1100111 5
b1100111 W
b1100111 X
b1 3
b1 P
b1 _
b11 ^
b11111111111111111111111111111111 I
b11111111111111111111111111111111 M
0$
1)
1*
#146500
0)
#147000
1c
0f
b111 a
b110 `
b100 d
b1000 l
0!
1&
b1100111 Z
b1000100 4
b1000100 L
b11111111111111111111111111111111 M
b111111 8
b11 0
b11 H
b11111111111111111111111111111111 I
1)
0*
#147500
0)
#148000
1f
b100 2
b100 >
b100 e
b111 a
0c
b110 `
b110 7
b110 @
b110 S
b1101100 O
b1100100 N
b1100111 /
b1100111 J
b1100111 [
b1100111 b
b100 d
b100 h
b110 1
b110 F
b110 \
b110 i
1!
0&
b111 l
b11 3
b11 P
b11 _
b10 ^
b1000111 R
b1000110 V
b1100101 5
b1100101 W
b1100101 X
b11111111111111111111111111111111 I
b11111111111111111111111111111111 M
1)
1*
#148500
0)
#149000
0f
b101 a
1c
b111 `
b101 d
b110 l
0!
1&
b1100101 Z
b1000101 4
b1000101 L
b11111111111111111111111111111111 M
b111111 8
b100 0
b100 H
b11111111111111111111111111111111 I
1)
0*
#149500
0)
#150000
1f
b101 2
b101 >
b101 e
b101 a
0c
b111 `
b111 7
b111 @
b111 S
b1101101 O
b1101100 N
b1100101 /
b1100101 J
b1100101 [
b1100101 b
b101 d
b101 h
b111 1
b111 F
b111 \
b111 i
1!
0&
b101 l
b1001000 R
b1000111 V
b1100100 5
b1100100 W
b1100100 X
b10 3
b10 P
b10 _
b110 ^
b11111111111111111111111111111111 I
b11111111111111111111111111111111 M
1)
1*
#150500
0)
#151000
1c
0f
b100 a
b101 `
b110 d
b100 l
0!
1&
b1100100 Z
b1000110 4
b1000110 L
b11111111111111111111111111111111 M
b111111 8
b101 0
b101 H
b11111111111111111111111111111111 I
1)
0*
#151500
0)
#152000
1f
b110 2
b110 >
b110 e
b100 a
0c
b101 `
b1000 7
b1000 @
b1000 S
b1101111 O
b1101101 N
b1100100 /
b1100100 J
b1100100 [
b1100100 b
b110 d
b110 h
b101 1
b101 F
b101 \
b101 i
1!
0&
b11 l
b110 3
b110 P
b110 _
b111 ^
b1001001 R
b1001000 V
b1101100 5
b1101100 W
b1101100 X
b11111111111111111111111111111111 I
b11111111111111111111111111111111 M
1)
1*
#152500
0)
#153000
0f
b1100 a
1c
b100 `
b111 d
b10 l
0!
1&
b1101100 Z
b1000111 4
b1000111 L
b11111111111111111111111111111111 M
b111111 8
b110 0
b110 H
b11111111111111111111111111111111 I
1)
0*
#153500
0)
#154000
1f
b111 2
b111 >
b111 e
b1100 a
0c
b100 `
b1001 7
b1001 @
b1001 S
b1101110 O
b1101111 N
b1101100 /
b1101100 J
b1101100 [
b1101100 b
b111 d
b111 h
b100 1
b100 F
b100 \
b100 i
1!
0&
b1 l
b1001010 R
b1001001 V
b1101101 5
b1101101 W
b1101101 X
b111 3
b111 P
b111 _
b101 ^
b11111111111111111111111111111111 I
b11111111111111111111111111111111 M
1)
1*
#154500
0)
#155000
1c
0f
b1101 a
b1100 `
b1000 d
b0 l
0!
1&
b1101101 Z
b1001000 4
b1001000 L
b11111111111111111111111111111111 M
b111111 8
b111 0
b111 H
b11111111111111111111111111111111 I
1)
0*
#155500
0)
#156000
1f
b1000 2
b1000 >
b1000 e
b1101 a
0c
b1100 `
b1010 7
b1010 @
b1010 S
b1101010 O
b1101110 N
b1101101 /
b1101101 J
b1101101 [
b1101101 b
b1000 d
b1000 h
b1100 1
b1100 F
b1100 \
b1100 i
1!
0&
b1010 l
1$
b101 3
b101 P
b101 _
b100 ^
b1001011 R
b1001010 V
b1101111 5
b1101111 W
b1101111 X
b11111111111111111111111111111111 I
b11111111111111111111111111111111 M
1)
1*
#156500
0)
#157000
0f
b1111 a
1c
b1101 `
b1001 d
b1001 l
0!
1&
b1101111 Z
0$
b1001001 4
b1001001 L
b11111111111111111111111111111111 M
b111111 8
b1000 0
b1000 H
b11111111111111111111111111111111 I
1)
0*
#157500
0)
#158000
1f
b1001 2
b1001 >
b1001 e
b1111 a
0c
b1101 `
b1011 7
b1011 @
b1011 S
b1101011 O
b1101010 N
b1101111 /
b1101111 J
b1101111 [
b1101111 b
b1001 d
b1001 h
b1101 1
b1101 F
b1101 \
b1101 i
1!
0&
b1000 l
b1001100 R
b1001011 V
b1101110 5
b1101110 W
b1101110 X
b100 3
b100 P
b100 _
b1100 ^
b11111111111111111111111111111111 I
b11111111111111111111111111111111 M
1)
1*
#158500
0)
#159000
1c
0f
b1110 a
b1111 `
b1010 d
b111 l
0!
1&
b1101110 Z
b1001010 4
b1001010 L
b11111111111111111111111111111111 M
b111111 8
b1001 0
b1001 H
b11111111111111111111111111111111 I
1)
0*
#159500
0)
#160000
1f
b1010 2
b1010 >
b1010 e
b1110 a
0c
b1111 `
b1100 7
b1100 @
b1100 S
b1101001 O
b1101011 N
b1101110 /
b1101110 J
b1101110 [
b1101110 b
b1010 d
b1010 h
b1111 1
b1111 F
b1111 \
b1111 i
1!
0&
b110 l
b1100 3
b1100 P
b1100 _
b1101 ^
b1001101 R
b1001100 V
b1101010 5
b1101010 W
b1101010 X
b11111111111111111111111111111111 I
b11111111111111111111111111111111 M
1)
1*
#160500
0)
#161000
0f
b1010 a
1c
b1110 `
b1011 d
b101 l
0!
1&
b1101010 Z
b1001011 4
b1001011 L
b11111111111111111111111111111111 M
b111111 8
b1010 0
b1010 H
b11111111111111111111111111111111 I
1)
0*
#161500
0)
#162000
1f
b1011 2
b1011 >
b1011 e
b1010 a
0c
b1110 `
b1101 7
b1101 @
b1101 S
b1101000 O
b1101001 N
b1101010 /
b1101010 J
b1101010 [
b1101010 b
b1011 d
b1011 h
b1110 1
b1110 F
b1110 \
b1110 i
1!
0&
b100 l
b1001110 R
b1001101 V
b1101011 5
b1101011 W
b1101011 X
b1101 3
b1101 P
b1101 _
b1111 ^
b11111111111111111111111111111111 I
b11111111111111111111111111111111 M
1)
1*
#162500
0)
#163000
1c
0f
b1011 a
b1010 `
b1100 d
b11 l
0!
1&
b1101011 Z
b1001100 4
b1001100 L
b11111111111111111111111111111111 M
b111111 8
b1011 0
b1011 H
b11111111111111111111111111111111 I
1)
0*
#163500
0)
#164000
1f
b1100 2
b1100 >
b1100 e
b1011 a
0c
b1010 `
b1110 7
b1110 @
b1110 S
b1111000 O
b1101000 N
b1101011 /
b1101011 J
b1101011 [
b1101011 b
b1100 d
b1100 h
b1010 1
b1010 F
b1010 \
b1010 i
1!
0&
b10 l
b1111 3
b1111 P
b1111 _
b1110 ^
b1001111 R
b1001110 V
b1101001 5
b1101001 W
b1101001 X
b11111111111111111111111111111111 I
b11111111111111111111111111111111 M
1)
1*
#164500
0)
#165000
0f
b1001 a
1c
b1011 `
b1101 d
b1 l
0!
1&
b1101001 Z
b1001101 4
b1001101 L
b11111111111111111111111111111111 M
b111111 8
b1100 0
b1100 H
b11111111111111111111111111111111 I
1)
0*
#165500
0)
#166000
1f
b1101 2
b1101 >
b1101 e
b1001 a
0c
b1011 `
b1111 7
b1111 @
b1111 S
b1111001 O
b1111000 N
b1101001 /
b1101001 J
b1101001 [
b1101001 b
b1101 d
b1101 h
b1011 1
b1011 F
b1011 \
b1011 i
1!
0&
b0 l
b1010000 R
b1001111 V
b1101000 5
b1101000 W
b1101000 X
b1110 3
b1110 P
b1110 _
b1010 ^
b11111111111111111111111111111111 I
b11111111111111111111111111111111 M
1)
1*
#166500
0)
#167000
1c
0f
b1000 a
b1001 `
b1110 d
b1010 l
1$
0!
1&
b1101000 Z
b1001110 4
b1001110 L
b11111111111111111111111111111111 M
b111111 8
b1101 0
b1101 H
b11111111111111111111111111111111 I
1)
0*
#167500
0)
#168000
1f
b1110 2
b1110 >
b1110 e
b1000 a
0c
b1001 `
b10000 7
b10000 @
b10000 S
b1111011 O
b1111001 N
b1101000 /
b1101000 J
b1101000 [
b1101000 b
b1110 d
b1110 h
b1001 1
b1001 F
b1001 \
b1001 i
1!
0&
b1001 l
b1010 3
b1010 P
b1010 _
b1011 ^
b1010001 R
b1010000 V
b1111000 5
b1111000 W
b1111000 X
b11111111111111111111111111111111 I
b11111111111111111111111111111111 M
0$
1)
1*
#168500
0)
#169000
0f
b11000 a
1c
b1000 `
b1111 d
b1000 l
0!
1&
b1111000 Z
b1001111 4
b1001111 L
b11111111111111111111111111111111 M
b111111 8
b1110 0
b1110 H
b11111111111111111111111111111111 I
1)
0*
#169500
0)
#170000
1f
b1111 2
b1111 >
b1111 e
b11000 a
0c
b1000 `
b10001 7
b10001 @
b10001 S
b1111010 O
b1111011 N
b1111000 /
b1111000 J
b1111000 [
b1111000 b
b1111 d
b1111 h
b1000 1
b1000 F
b1000 \
b1000 i
1!
0&
b111 l
b1010010 R
b1010001 V
b1111001 5
b1111001 W
b1111001 X
b1011 3
b1011 P
b1011 _
b1001 ^
b11111111111111111111111111111111 I
b11111111111111111111111111111111 M
1)
1*
#170500
0)
#171000
1c
0f
b11001 a
b11000 `
b10000 d
b110 l
0!
1&
b1111001 Z
b1010000 4
b1010000 L
b11111111111111111111111111111111 M
b111111 8
b1111 0
b1111 H
b11111111111111111111111111111111 I
1)
0*
#171500
0)
#172000
1f
b10000 2
b10000 >
b10000 e
b11001 a
0c
b11000 `
b10010 7
b10010 @
b10010 S
b1111110 O
b1111010 N
b1111001 /
b1111001 J
b1111001 [
b1111001 b
b10000 d
b10000 h
b11000 1
b11000 F
b11000 \
b11000 i
1!
0&
b101 l
b1001 3
b1001 P
b1001 _
b1000 ^
b1010011 R
b1010010 V
b1111011 5
b1111011 W
b1111011 X
b11111111111111111111111111111111 I
b11111111111111111111111111111111 M
1)
1*
#172500
0)
#173000
0f
b11011 a
1c
b11001 `
b10001 d
b100 l
0!
1&
b1111011 Z
b1010001 4
b1010001 L
b11111111111111111111111111111111 M
b111111 8
b10000 0
b10000 H
b11111111111111111111111111111111 I
1)
0*
#173500
0)
#174000
1f
b10001 2
b10001 >
b10001 e
b11011 a
0c
b11001 `
b10011 7
b10011 @
b10011 S
b1111111 O
b1111110 N
b1111011 /
b1111011 J
b1111011 [
b1111011 b
b10001 d
b10001 h
b11001 1
b11001 F
b11001 \
b11001 i
1!
0&
b11 l
b1010100 R
b1010011 V
b1111010 5
b1111010 W
b1111010 X
b1000 3
b1000 P
b1000 _
b11000 ^
b11111111111111111111111111111111 I
b11111111111111111111111111111111 M
1)
1*
#174500
0)
#175000
1c
0f
b11010 a
b11011 `
b10010 d
b10 l
0!
1&
b1111010 Z
b1010010 4
b1010010 L
b11111111111111111111111111111111 M
b111111 8
b10001 0
b10001 H
b11111111111111111111111111111111 I
1)
0*
#175500
0)
#176000
1f
b10010 2
b10010 >
b10010 e
b11010 a
0c
b11011 `
b10100 7
b10100 @
b10100 S
b1111101 O
b1111111 N
b1111010 /
b1111010 J
b1111010 [
b1111010 b
b10010 d
b10010 h
b11011 1
b11011 F
b11011 \
b11011 i
1!
0&
b1 l
b11000 3
b11000 P
b11000 _
b11001 ^
b1010101 R
b1010100 V
b1111110 5
b1111110 W
b1111110 X
b11111111111111111111111111111111 I
b11111111111111111111111111111111 M
1)
1*
#176500
0)
#177000
0f
b11110 a
1c
b11010 `
b10011 d
b0 l
0!
1&
b1111110 Z
b1010011 4
b1010011 L
b11111111111111111111111111111111 M
b111111 8
b10010 0
b10010 H
b11111111111111111111111111111111 I
1)
0*
#177500
0)
#178000
1f
b10011 2
b10011 >
b10011 e
b11110 a
0c
b11010 `
b10101 7
b10101 @
b10101 S
b1111100 O
b1111101 N
b1111110 /
b1111110 J
b1111110 [
b1111110 b
b10011 d
b10011 h
b11010 1
b11010 F
b11010 \
b11010 i
1!
0&
b1010 l
1$
b1010110 R
b1010101 V
b1111111 5
b1111111 W
b1111111 X
b11001 3
b11001 P
b11001 _
b11011 ^
b11111111111111111111111111111111 I
b11111111111111111111111111111111 M
1)
1*
#178500
0)
#179000
1c
0f
b11111 a
b11110 `
b10100 d
b1001 l
0!
1&
b1111111 Z
0$
b1010100 4
b1010100 L
b11111111111111111111111111111111 M
b111111 8
b10011 0
b10011 H
b11111111111111111111111111111111 I
1)
0*
#179500
0)
#180000
1f
b10100 2
b10100 >
b10100 e
b11111 a
0c
b11110 `
b10110 7
b10110 @
b10110 S
b1110100 O
b1111100 N
b1111111 /
b1111111 J
b1111111 [
b1111111 b
b10100 d
b10100 h
b11110 1
b11110 F
b11110 \
b11110 i
1!
0&
b1000 l
b11011 3
b11011 P
b11011 _
b11010 ^
b1010111 R
b1010110 V
b1111101 5
b1111101 W
b1111101 X
b11111111111111111111111111111111 I
b11111111111111111111111111111111 M
1)
1*
#180500
0)
#181000
0f
b11101 a
1c
b11111 `
b10101 d
b111 l
0!
1&
b1111101 Z
b1010101 4
b1010101 L
b11111111111111111111111111111111 M
b111111 8
b10100 0
b10100 H
b11111111111111111111111111111111 I
1)
0*
#181500
0)
#182000
1f
b10101 2
b10101 >
b10101 e
b11101 a
0c
b11111 `
b10111 7
b10111 @
b10111 S
b1110101 O
b1110100 N
b1111101 /
b1111101 J
b1111101 [
b1111101 b
b10101 d
b10101 h
b11111 1
b11111 F
b11111 \
b11111 i
1!
0&
b110 l
b1011000 R
b1010111 V
b1111100 5
b1111100 W
b1111100 X
b11010 3
b11010 P
b11010 _
b11110 ^
b11111111111111111111111111111111 I
b11111111111111111111111111111111 M
1)
1*
#182500
0)
#183000
1c
0f
b11100 a
b11101 `
b10110 d
b101 l
0!
1&
b1111100 Z
b1010110 4
b1010110 L
b11111111111111111111111111111111 M
b111111 8
b10101 0
b10101 H
b11111111111111111111111111111111 I
1)
0*
#183500
0)
#184000
1f
b10110 2
b10110 >
b10110 e
b11100 a
0c
b11101 `
b11000 7
b11000 @
b11000 S
b1110111 O
b1110101 N
b1111100 /
b1111100 J
b1111100 [
b1111100 b
b10110 d
b10110 h
b11101 1
b11101 F
b11101 \
b11101 i
1!
0&
b100 l
b11110 3
b11110 P
b11110 _
b11111 ^
b1011001 R
b1011000 V
b1110100 5
b1110100 W
b1110100 X
b11111111111111111111111111111111 I
b11111111111111111111111111111111 M
1)
1*
#184500
0)
#185000
0f
b10100 a
1c
b11100 `
b10111 d
b11 l
0!
1&
b1110100 Z
b1010111 4
b1010111 L
b11111111111111111111111111111111 M
b111111 8
b10110 0
b10110 H
b11111111111111111111111111111111 I
1)
0*
#185500
0)
#186000
1f
b10111 2
b10111 >
b10111 e
b10100 a
0c
b11100 `
b11001 7
b11001 @
b11001 S
b1110110 O
b1110111 N
b1110100 /
b1110100 J
b1110100 [
b1110100 b
b10111 d
b10111 h
b11100 1
b11100 F
b11100 \
b11100 i
1!
0&
b10 l
b1011010 R
b1011001 V
b1110101 5
b1110101 W
b1110101 X
b11111 3
b11111 P
b11111 _
b11101 ^
b11111111111111111111111111111111 I
b11111111111111111111111111111111 M
1)
1*
#186500
0)
#187000
1c
0f
b10101 a
b10100 `
b11000 d
b1 l
0!
1&
b1110101 Z
b1011000 4
b1011000 L
b11111111111111111111111111111111 M
b111111 8
b10111 0
b10111 H
b11111111111111111111111111111111 I
1)
0*
#187500
0)
#188000
1f
b11000 2
b11000 >
b11000 e
b10101 a
0c
b10100 `
b11010 7
b11010 @
b11010 S
b1110010 O
b1110110 N
b1110101 /
b1110101 J
b1110101 [
b1110101 b
b11000 d
b11000 h
b10100 1
b10100 F
b10100 \
b10100 i
1!
0&
b0 l
b11101 3
b11101 P
b11101 _
b11100 ^
b1011011 R
b1011010 V
b1110111 5
b1110111 W
b1110111 X
b11111111111111111111111111111111 I
b11111111111111111111111111111111 M
1)
1*
#188500
0)
#189000
0f
b10111 a
1c
b10101 `
b11001 d
b1010 l
1$
0!
1&
b1110111 Z
b1011001 4
b1011001 L
b11111111111111111111111111111111 M
b111111 8
b11000 0
b11000 H
b11111111111111111111111111111111 I
1)
0*
#189500
0)
#190000
1f
b11001 2
b11001 >
b11001 e
b10111 a
0c
b10101 `
b11011 7
b11011 @
b11011 S
b1110011 O
b1110010 N
b1110111 /
b1110111 J
b1110111 [
b1110111 b
b11001 d
b11001 h
b10101 1
b10101 F
b10101 \
b10101 i
1!
0&
b1001 l
b1011100 R
b1011011 V
b1110110 5
b1110110 W
b1110110 X
b11100 3
b11100 P
b11100 _
b10100 ^
b11111111111111111111111111111111 I
b11111111111111111111111111111111 M
0$
1)
1*
#190500
0)
#191000
1c
0f
b10110 a
b10111 `
b11010 d
b1000 l
0!
1&
b1110110 Z
b1011010 4
b1011010 L
b11111111111111111111111111111111 M
b111111 8
b11001 0
b11001 H
b11111111111111111111111111111111 I
1)
0*
#191500
0)
#192000
1f
b11010 2
b11010 >
b11010 e
b10110 a
0c
b10111 `
b11100 7
b11100 @
b11100 S
b1110001 O
b1110011 N
b1110110 /
b1110110 J
b1110110 [
b1110110 b
b11010 d
b11010 h
b10111 1
b10111 F
b10111 \
b10111 i
1!
0&
b111 l
b10100 3
b10100 P
b10100 _
b10101 ^
b1011101 R
b1011100 V
b1110010 5
b1110010 W
b1110010 X
b11111111111111111111111111111111 I
b11111111111111111111111111111111 M
1)
1*
#192500
0)
#193000
0f
b10010 a
1c
b10110 `
b11011 d
b110 l
0!
1&
b1110010 Z
b1011011 4
b1011011 L
b11111111111111111111111111111111 M
b111111 8
b11010 0
b11010 H
b11111111111111111111111111111111 I
1)
0*
#193500
0)
#194000
1f
b11011 2
b11011 >
b11011 e
b10010 a
0c
b10110 `
b11101 7
b11101 @
b11101 S
b1110000 O
b1110001 N
b1110010 /
b1110010 J
b1110010 [
b1110010 b
b11011 d
b11011 h
b10110 1
b10110 F
b10110 \
b10110 i
1!
0&
b101 l
b1011110 R
b1011101 V
b1110011 5
b1110011 W
b1110011 X
b10101 3
b10101 P
b10101 _
b10111 ^
b11111111111111111111111111111111 I
b11111111111111111111111111111111 M
1)
1*
#194500
0)
#195000
1c
0f
b10011 a
b10010 `
b11100 d
b100 l
0!
1&
b1110011 Z
b1011100 4
b1011100 L
b11111111111111111111111111111111 M
b111111 8
b11011 0
b11011 H
b11111111111111111111111111111111 I
1)
0*
#195500
0)
#196000
1f
b11100 2
b11100 >
b11100 e
b10011 a
0c
b10010 `
b11110 7
b11110 @
b11110 S
b1010000 O
b1110000 N
b1110011 /
b1110011 J
b1110011 [
b1110011 b
b11100 d
b11100 h
b10010 1
b10010 F
b10010 \
b10010 i
1!
0&
b11 l
b10111 3
b10111 P
b10111 _
b10110 ^
b1011111 R
b1011110 V
b1110001 5
b1110001 W
b1110001 X
b11111111111111111111111111111111 I
b11111111111111111111111111111111 M
1)
1*
#196500
0)
#197000
0f
b10001 a
1c
b10011 `
b11101 d
b10 l
0!
1&
b1110001 Z
b1011101 4
b1011101 L
b11111111111111111111111111111111 M
b111111 8
b11100 0
b11100 H
b11111111111111111111111111111111 I
1)
0*
#197500
0)
#198000
1f
b11101 2
b11101 >
b11101 e
b10001 a
0c
b10011 `
b11111 7
b11111 @
b11111 S
b1010001 O
b1010000 N
b1110001 /
b1110001 J
b1110001 [
b1110001 b
b11101 d
b11101 h
b10011 1
b10011 F
b10011 \
b10011 i
1!
0&
b1 l
b1100000 R
b1011111 V
b1110000 5
b1110000 W
b1110000 X
b10110 3
b10110 P
b10110 _
b10010 ^
b11111111111111111111111111111111 I
b11111111111111111111111111111111 M
1)
1*
#198500
0)
#199000
1c
0f
b10000 a
b10001 `
b11110 d
b0 l
0!
1&
b1110000 Z
b1011110 4
b1011110 L
b11111111111111111111111111111111 M
b111111 8
b11101 0
b11101 H
b11111111111111111111111111111111 I
1)
0*
#199500
0)
#200000
1f
b11110 2
b11110 >
b11110 e
b10000 a
0c
b10001 `
b100000 7
b100000 @
b100000 S
b1010011 O
b1010001 N
b1110000 /
b1110000 J
b1110000 [
b1110000 b
b11110 d
b11110 h
b10001 1
b10001 F
b10001 \
b10001 i
1!
0&
b1010 l
1$
b10010 3
b10010 P
b10010 _
b10011 ^
b1100001 R
b1100000 V
b1010000 5
b1010000 W
b1010000 X
b11111111111111111111111111111111 I
b11111111111111111111111111111111 M
1)
1*
#200500
0)
#201000
0f
b110000 a
1c
b10000 `
b11111 d
b1001 l
0!
1&
b1010000 Z
0$
b1011111 4
b1011111 L
b11111111111111111111111111111111 M
b111111 8
b11110 0
b11110 H
b11111111111111111111111111111111 I
1)
0*
#201500
0)
#202000
1f
b11111 2
b11111 >
b11111 e
b110000 a
0c
b10000 `
b100001 7
b100001 @
b100001 S
b1010010 O
b1010011 N
b1010000 /
b1010000 J
b1010000 [
b1010000 b
b11111 d
b11111 h
b10000 1
b10000 F
b10000 \
b10000 i
1!
0&
b1000 l
b1100010 R
b1100001 V
b1010001 5
b1010001 W
b1010001 X
b10011 3
b10011 P
b10011 _
b10001 ^
b11111111111111111111111111111111 I
b11111111111111111111111111111111 M
1)
1*
#202500
0)
#203000
1c
0f
b110001 a
b110000 `
b100000 d
b111 l
0!
1&
b1010001 Z
1%
b1100000 4
b1100000 L
b11111111111111111111111111111111 M
b111111 8
b11111 0
b11111 H
b11111111111111111111111111111111 I
1)
0*
#203500
0)
#204000
1f
b100000 2
b100000 >
b100000 e
b110001 a
0c
b110000 `
b100010 7
b100010 @
b100010 S
b1010110 O
b1010010 N
b1010001 /
b1010001 J
b1010001 [
b1010001 b
b100000 d
b100000 h
b110000 1
b110000 F
b110000 \
b110000 i
1!
0&
b110 l
b10001 3
b10001 P
b10001 _
b10000 ^
b1100011 R
b1100010 V
b1010011 5
b1010011 W
b1010011 X
b11111111111111111111111111111111 I
b11111111111111111111111111111111 M
1)
1*
#204500
0)
#205000
0f
b110011 a
1c
b110001 `
b100001 d
b101 l
0!
1&
b1010011 Z
b1100001 4
b1100001 L
b11111111111111111111111111111111 M
b111111 8
b100000 0
b100000 H
b11111111111111111111111111111111 I
1)
0*
#205500
0)
#206000
1f
b100001 2
b100001 >
b100001 e
b110011 a
0c
b110001 `
b100011 7
b100011 @
b100011 S
b1010111 O
b1010110 N
b1010011 /
b1010011 J
b1010011 [
b1010011 b
b100001 d
b100001 h
b110001 1
b110001 F
b110001 \
b110001 i
1!
0&
b100 l
b1100100 R
b1100011 V
b1010010 5
b1010010 W
b1010010 X
b10000 3
b10000 P
b10000 _
b110000 ^
b11111111111111111111111111111111 I
b11111111111111111111111111111111 M
1)
1*
#206500
0)
#207000
1c
0f
b110010 a
b110011 `
b100010 d
b11 l
0!
1&
b1010010 Z
b1100010 4
b1100010 L
b11111111111111111111111111111111 M
b111111 8
b100001 0
b100001 H
b11111111111111111111111111111111 I
1)
0*
#207500
0)
#208000
1f
b100010 2
b100010 >
b100010 e
b110010 a
0c
b110011 `
b100100 7
b100100 @
b100100 S
b1010101 O
b1010111 N
b1010010 /
b1010010 J
b1010010 [
b1010010 b
b100010 d
b100010 h
b110011 1
b110011 F
b110011 \
b110011 i
1!
0&
b10 l
b110000 3
b110000 P
b110000 _
b110001 ^
b1100101 R
b1100100 V
b1010110 5
b1010110 W
b1010110 X
b11111111111111111111111111111111 I
b11111111111111111111111111111111 M
1)
1*
#208500
0)
#209000
0f
b110110 a
1c
b110010 `
b100011 d
b1 l
0!
1&
b1010110 Z
b1100011 4
b1100011 L
b11111111111111111111111111111111 M
b111111 8
b100010 0
b100010 H
b11111111111111111111111111111111 I
1)
0*
#209500
0)
#210000
1f
b100011 2
b100011 >
b100011 e
b110110 a
0c
b110010 `
b100101 7
b100101 @
b100101 S
b1010100 O
b1010101 N
b1010110 /
b1010110 J
b1010110 [
b1010110 b
b100011 d
b100011 h
b110010 1
b110010 F
b110010 \
b110010 i
1!
0&
b0 l
b1100110 R
b1100101 V
b1010111 5
b1010111 W
b1010111 X
b110001 3
b110001 P
b110001 _
b110011 ^
b11111111111111111111111111111111 I
b11111111111111111111111111111111 M
1)
1*
#210500
0)
#211000
1c
0f
b110111 a
b110110 `
b100100 d
b1010 l
1$
0!
1&
b1010111 Z
b1100100 4
b1100100 L
b11111111111111111111111111111111 M
b111111 8
b100011 0
b100011 H
b11111111111111111111111111111111 I
1)
0*
#211500
0)
#212000
1f
b100100 2
b100100 >
b100100 e
b110111 a
0c
b110110 `
b100110 7
b100110 @
b100110 S
b1011100 O
b1010100 N
b1010111 /
b1010111 J
b1010111 [
b1010111 b
b100100 d
b100100 h
b110110 1
b110110 F
b110110 \
b110110 i
1!
0&
b1001 l
b110011 3
b110011 P
b110011 _
b110010 ^
b1100111 R
b1100110 V
b1010101 5
b1010101 W
b1010101 X
b11111111111111111111111111111111 I
b11111111111111111111111111111111 M
0$
1)
1*
#212500
0)
#213000
0f
b110101 a
1c
b110111 `
b100101 d
b1000 l
0!
1&
b1010101 Z
b1100101 4
b1100101 L
b11111111111111111111111111111111 M
b111111 8
b100100 0
b100100 H
b11111111111111111111111111111111 I
1)
0*
#213500
0)
#214000
1f
b100101 2
b100101 >
b100101 e
b110101 a
0c
b110111 `
b100111 7
b100111 @
b100111 S
b1011101 O
b1011100 N
b1010101 /
b1010101 J
b1010101 [
b1010101 b
b100101 d
b100101 h
b110111 1
b110111 F
b110111 \
b110111 i
1!
0&
b111 l
b1101000 R
b1100111 V
b1010100 5
b1010100 W
b1010100 X
b110010 3
b110010 P
b110010 _
b110110 ^
b11111111111111111111111111111111 I
b11111111111111111111111111111111 M
1)
1*
#214500
0)
#215000
1c
0f
b110100 a
b110101 `
b100110 d
b110 l
0!
1&
b1010100 Z
b1100110 4
b1100110 L
b11111111111111111111111111111111 M
b111111 8
b100101 0
b100101 H
b11111111111111111111111111111111 I
1)
0*
#215500
0)
#216000
1f
b100110 2
b100110 >
b100110 e
b110100 a
0c
b110101 `
b101000 7
b101000 @
b101000 S
b1011111 O
b1011101 N
b1010100 /
b1010100 J
b1010100 [
b1010100 b
b100110 d
b100110 h
b110101 1
b110101 F
b110101 \
b110101 i
1!
0&
b101 l
b110110 3
b110110 P
b110110 _
b110111 ^
b1101001 R
b1101000 V
b1011100 5
b1011100 W
b1011100 X
b11111111111111111111111111111111 I
b11111111111111111111111111111111 M
1)
1*
#216500
0)
#217000
0f
b111100 a
1c
b110100 `
b100111 d
b100 l
0!
1&
b1011100 Z
b1100111 4
b1100111 L
b11111111111111111111111111111111 M
b111111 8
b100110 0
b100110 H
b11111111111111111111111111111111 I
1)
0*
#217500
0)
#218000
1f
b100111 2
b100111 >
b100111 e
b111100 a
0c
b110100 `
b101001 7
b101001 @
b101001 S
b1011110 O
b1011111 N
b1011100 /
b1011100 J
b1011100 [
b1011100 b
b100111 d
b100111 h
b110100 1
b110100 F
b110100 \
b110100 i
1!
0&
b11 l
b1101010 R
b1101001 V
b1011101 5
b1011101 W
b1011101 X
b110111 3
b110111 P
b110111 _
b110101 ^
b11111111111111111111111111111111 I
b11111111111111111111111111111111 M
1)
1*
#218500
0)
#219000
1c
0f
b111101 a
b111100 `
b101000 d
b10 l
0!
1&
b1011101 Z
b1101000 4
b1101000 L
b11111111111111111111111111111111 M
b111111 8
b100111 0
b100111 H
b11111111111111111111111111111111 I
1)
0*
#219500
0)
#220000
1f
b101000 2
b101000 >
b101000 e
b111101 a
0c
b111100 `
b101010 7
b101010 @
b101010 S
b1011010 O
b1011110 N
b1011101 /
b1011101 J
b1011101 [
b1011101 b
b101000 d
b101000 h
b111100 1
b111100 F
b111100 \
b111100 i
1!
0&
b1 l
b110101 3
b110101 P
b110101 _
b110100 ^
b1101011 R
b1101010 V
b1011111 5
b1011111 W
b1011111 X
b11111111111111111111111111111111 I
b11111111111111111111111111111111 M
1)
1*
#220500
0)
#221000
0f
b111111 a
1c
b111101 `
b101001 d
b0 l
0!
1&
b1011111 Z
b1101001 4
b1101001 L
b11111111111111111111111111111111 M
b111111 8
b101000 0
b101000 H
b11111111111111111111111111111111 I
1)
0*
#221500
0)
#222000
1f
b101001 2
b101001 >
b101001 e
b111111 a
0c
b111101 `
b101011 7
b101011 @
b101011 S
b1011011 O
b1011010 N
b1011111 /
b1011111 J
b1011111 [
b1011111 b
b101001 d
b101001 h
b111101 1
b111101 F
b111101 \
b111101 i
1!
0&
b1010 l
1$
b1101100 R
b1101011 V
b1011110 5
b1011110 W
b1011110 X
b110100 3
b110100 P
b110100 _
b111100 ^
b11111111111111111111111111111111 I
b11111111111111111111111111111111 M
1)
1*
#222500
0)
#223000
1c
0f
b111110 a
b111111 `
b101010 d
b1001 l
0!
1&
b1011110 Z
0$
b1101010 4
b1101010 L
b11111111111111111111111111111111 M
b111111 8
b101001 0
b101001 H
b11111111111111111111111111111111 I
1)
0*
#223500
0)
#224000
1f
b101010 2
b101010 >
b101010 e
b111110 a
0c
b111111 `
b101100 7
b101100 @
b101100 S
b1011001 O
b1011011 N
b1011110 /
b1011110 J
b1011110 [
b1011110 b
b101010 d
b101010 h
b111111 1
b111111 F
b111111 \
b111111 i
1!
0&
b1000 l
b111100 3
b111100 P
b111100 _
b111101 ^
b1101101 R
b1101100 V
b1011010 5
b1011010 W
b1011010 X
b11111111111111111111111111111111 I
b11111111111111111111111111111111 M
1)
1*
#224500
0)
#225000
0f
b111010 a
1c
b111110 `
b101011 d
b111 l
0!
1&
b1011010 Z
b1101011 4
b1101011 L
b11111111111111111111111111111111 M
b111111 8
b101010 0
b101010 H
b11111111111111111111111111111111 I
1)
0*
#225500
0)
#226000
1f
b101011 2
b101011 >
b101011 e
b111010 a
0c
b111110 `
b101101 7
b101101 @
b101101 S
b1011000 O
b1011001 N
b1011010 /
b1011010 J
b1011010 [
b1011010 b
b101011 d
b101011 h
b111110 1
b111110 F
b111110 \
b111110 i
1!
0&
b110 l
b1101110 R
b1101101 V
b1011011 5
b1011011 W
b1011011 X
b111101 3
b111101 P
b111101 _
b111111 ^
b11111111111111111111111111111111 I
b11111111111111111111111111111111 M
1)
1*
#226500
0)
#227000
1c
0f
b111011 a
b111010 `
b101100 d
b101 l
0!
1&
b1011011 Z
b1101100 4
b1101100 L
b11111111111111111111111111111111 M
b111111 8
b101011 0
b101011 H
b11111111111111111111111111111111 I
1)
0*
#227500
0)
#228000
1f
b101100 2
b101100 >
b101100 e
b111011 a
0c
b111010 `
b101110 7
b101110 @
b101110 S
b1001000 O
b1011000 N
b1011011 /
b1011011 J
b1011011 [
b1011011 b
b101100 d
b101100 h
b111010 1
b111010 F
b111010 \
b111010 i
1!
0&
b100 l
b111111 3
b111111 P
b111111 _
b111110 ^
b1101111 R
b1101110 V
b1011001 5
b1011001 W
b1011001 X
b11111111111111111111111111111111 I
b11111111111111111111111111111111 M
1)
1*
#228500
0)
#229000
0f
b111001 a
1c
b111011 `
b101101 d
b11 l
0!
1&
b1011001 Z
b1101101 4
b1101101 L
b11111111111111111111111111111111 M
b111111 8
b101100 0
b101100 H
b11111111111111111111111111111111 I
1)
0*
#229500
0)
#230000
1f
b101101 2
b101101 >
b101101 e
b111001 a
0c
b111011 `
b101111 7
b101111 @
b101111 S
b1001001 O
b1001000 N
b1011001 /
b1011001 J
b1011001 [
b1011001 b
b101101 d
b101101 h
b111011 1
b111011 F
b111011 \
b111011 i
1!
0&
b10 l
b1110000 R
b1101111 V
b1011000 5
b1011000 W
b1011000 X
b111110 3
b111110 P
b111110 _
b111010 ^
b11111111111111111111111111111111 I
b11111111111111111111111111111111 M
1)
1*
#230500
0)
#231000
1c
0f
b111000 a
b111001 `
b101110 d
b1 l
0!
1&
b1011000 Z
b1101110 4
b1101110 L
b11111111111111111111111111111111 M
b111111 8
b101101 0
b101101 H
b11111111111111111111111111111111 I
1)
0*
#231500
0)
#232000
1f
b101110 2
b101110 >
b101110 e
b111000 a
0c
b111001 `
b110000 7
b110000 @
b110000 S
b1001011 O
b1001001 N
b1011000 /
b1011000 J
b1011000 [
b1011000 b
b101110 d
b101110 h
b111001 1
b111001 F
b111001 \
b111001 i
1!
0&
b0 l
b111010 3
b111010 P
b111010 _
b111011 ^
b1110001 R
b1110000 V
b1001000 5
b1001000 W
b1001000 X
b11111111111111111111111111111111 I
b11111111111111111111111111111111 M
1)
1*
#232500
0)
#233000
0f
b101000 a
1c
b111000 `
b101111 d
b1010 l
1$
0!
1&
b1001000 Z
b1101111 4
b1101111 L
b11111111111111111111111111111111 M
b111111 8
b101110 0
b101110 H
b11111111111111111111111111111111 I
1)
0*
#233500
0)
#234000
1f
b101111 2
b101111 >
b101111 e
b101000 a
0c
b111000 `
b110001 7
b110001 @
b110001 S
b1001010 O
b1001011 N
b1001000 /
b1001000 J
b1001000 [
b1001000 b
b101111 d
b101111 h
b111000 1
b111000 F
b111000 \
b111000 i
1!
0&
b1001 l
b1110010 R
b1110001 V
b1001001 5
b1001001 W
b1001001 X
b111011 3
b111011 P
b111011 _
b111001 ^
b11111111111111111111111111111111 I
b11111111111111111111111111111111 M
0$
1)
1*
#234500
0)
#235000
1c
0f
b101001 a
b101000 `
b110000 d
b1000 l
0!
1&
b1001001 Z
b1110000 4
b1110000 L
b11111111111111111111111111111111 M
b111111 8
b101111 0
b101111 H
b11111111111111111111111111111111 I
1)
0*
#235500
0)
#236000
1f
b110000 2
b110000 >
b110000 e
b101001 a
0c
b101000 `
b110010 7
b110010 @
b110010 S
b1001110 O
b1001010 N
b1001001 /
b1001001 J
b1001001 [
b1001001 b
b110000 d
b110000 h
b101000 1
b101000 F
b101000 \
b101000 i
1!
0&
b111 l
b111001 3
b111001 P
b111001 _
b111000 ^
b1110011 R
b1110010 V
b1001011 5
b1001011 W
b1001011 X
b11111111111111111111111111111111 I
b11111111111111111111111111111111 M
1)
1*
#236500
0)
#237000
0f
b101011 a
1c
b101001 `
b110001 d
b110 l
0!
1&
b1001011 Z
b1110001 4
b1110001 L
b11111111111111111111111111111111 M
b111111 8
b110000 0
b110000 H
b11111111111111111111111111111111 I
1)
0*
#237500
0)
#238000
1f
b110001 2
b110001 >
b110001 e
b101011 a
0c
b101001 `
b110011 7
b110011 @
b110011 S
b1001111 O
b1001110 N
b1001011 /
b1001011 J
b1001011 [
b1001011 b
b110001 d
b110001 h
b101001 1
b101001 F
b101001 \
b101001 i
1!
0&
b101 l
b1110100 R
b1110011 V
b1001010 5
b1001010 W
b1001010 X
b111000 3
b111000 P
b111000 _
b101000 ^
b11111111111111111111111111111111 I
b11111111111111111111111111111111 M
1)
1*
#238500
0)
#239000
1c
0f
b101010 a
b101011 `
b110010 d
b100 l
0!
1&
b1001010 Z
b1110010 4
b1110010 L
b11111111111111111111111111111111 M
b111111 8
b110001 0
b110001 H
b11111111111111111111111111111111 I
1)
0*
#239500
0)
#240000
1f
b110010 2
b110010 >
b110010 e
b101010 a
0c
b101011 `
b110100 7
b110100 @
b110100 S
b1001101 O
b1001111 N
b1001010 /
b1001010 J
b1001010 [
b1001010 b
b110010 d
b110010 h
b101011 1
b101011 F
b101011 \
b101011 i
1!
0&
b11 l
b101000 3
b101000 P
b101000 _
b101001 ^
b1110101 R
b1110100 V
b1001110 5
b1001110 W
b1001110 X
b11111111111111111111111111111111 I
b11111111111111111111111111111111 M
1)
1*
#240500
0)
#241000
0f
b101110 a
1c
b101010 `
b110011 d
b10 l
0!
1&
b1001110 Z
b1110011 4
b1110011 L
b11111111111111111111111111111111 M
b111111 8
b110010 0
b110010 H
b11111111111111111111111111111111 I
1)
0*
#241500
0)
#242000
1f
b110011 2
b110011 >
b110011 e
b101110 a
0c
b101010 `
b110101 7
b110101 @
b110101 S
b1001100 O
b1001101 N
b1001110 /
b1001110 J
b1001110 [
b1001110 b
b110011 d
b110011 h
b101010 1
b101010 F
b101010 \
b101010 i
1!
0&
b1 l
b1110110 R
b1110101 V
b1001111 5
b1001111 W
b1001111 X
b101001 3
b101001 P
b101001 _
b101011 ^
b11111111111111111111111111111111 I
b11111111111111111111111111111111 M
1)
1*
#242500
0)
#243000
1c
0f
b101111 a
b101110 `
b110100 d
b0 l
0!
1&
b1001111 Z
b1110100 4
b1110100 L
b11111111111111111111111111111111 M
b111111 8
b110011 0
b110011 H
b11111111111111111111111111111111 I
1)
0*
#243500
0)
#244000
1f
b110100 2
b110100 >
b110100 e
b101111 a
0c
b101110 `
b110110 7
b110110 @
b110110 S
b1000100 O
b1001100 N
b1001111 /
b1001111 J
b1001111 [
b1001111 b
b110100 d
b110100 h
b101110 1
b101110 F
b101110 \
b101110 i
1!
0&
b1010 l
1$
b101011 3
b101011 P
b101011 _
b101010 ^
b1110111 R
b1110110 V
b1001101 5
b1001101 W
b1001101 X
b11111111111111111111111111111111 I
b11111111111111111111111111111111 M
1)
1*
#244500
0)
#245000
0f
b101101 a
1c
b101111 `
b110101 d
b1001 l
0!
1&
b1001101 Z
0$
b1110101 4
b1110101 L
b11111111111111111111111111111111 M
b111111 8
b110100 0
b110100 H
b11111111111111111111111111111111 I
1)
0*
#245500
0)
#246000
1f
b110101 2
b110101 >
b110101 e
b101101 a
0c
b101111 `
b110111 7
b110111 @
b110111 S
b1000101 O
b1000100 N
b1001101 /
b1001101 J
b1001101 [
b1001101 b
b110101 d
b110101 h
b101111 1
b101111 F
b101111 \
b101111 i
1!
0&
b1000 l
b1111000 R
b1110111 V
b1001100 5
b1001100 W
b1001100 X
b101010 3
b101010 P
b101010 _
b101110 ^
b11111111111111111111111111111111 I
b11111111111111111111111111111111 M
1)
1*
#246500
0)
#247000
1c
0f
b101100 a
b101101 `
b110110 d
b111 l
0!
1&
b1001100 Z
b1110110 4
b1110110 L
b11111111111111111111111111111111 M
b111111 8
b110101 0
b110101 H
b11111111111111111111111111111111 I
1)
0*
#247500
0)
#248000
1f
b110110 2
b110110 >
b110110 e
b101100 a
0c
b101101 `
b111000 7
b111000 @
b111000 S
b1000111 O
b1000101 N
b1001100 /
b1001100 J
b1001100 [
b1001100 b
b110110 d
b110110 h
b101101 1
b101101 F
b101101 \
b101101 i
1!
0&
b110 l
b101110 3
b101110 P
b101110 _
b101111 ^
b1111001 R
b1111000 V
b1000100 5
b1000100 W
b1000100 X
b11111111111111111111111111111111 I
b11111111111111111111111111111111 M
1)
1*
#248500
0)
#249000
0f
b100100 a
1c
b101100 `
b110111 d
b101 l
0!
1&
b1000100 Z
b1110111 4
b1110111 L
b11111111111111111111111111111111 M
b111111 8
b110110 0
b110110 H
b11111111111111111111111111111111 I
1)
0*
#249500
0)
#250000
1f
b110111 2
b110111 >
b110111 e
b100100 a
0c
b101100 `
b111001 7
b111001 @
b111001 S
b1000110 O
b1000111 N
b1000100 /
b1000100 J
b1000100 [
b1000100 b
b110111 d
b110111 h
b101100 1
b101100 F
b101100 \
b101100 i
1!
0&
b100 l
b1111010 R
b1111001 V
b1000101 5
b1000101 W
b1000101 X
b101111 3
b101111 P
b101111 _
b101101 ^
b11111111111111111111111111111111 I
b11111111111111111111111111111111 M
1)
1*
#250500
0)
#251000
1c
0f
b100101 a
b100100 `
b111000 d
b11 l
0!
1&
b1000101 Z
b1111000 4
b1111000 L
b11111111111111111111111111111111 M
b111111 8
b110111 0
b110111 H
b11111111111111111111111111111111 I
1)
0*
#251500
0)
#252000
1f
b111000 2
b111000 >
b111000 e
b100101 a
0c
b100100 `
b111010 7
b111010 @
b111010 S
b1000010 O
b1000110 N
b1000101 /
b1000101 J
b1000101 [
b1000101 b
b111000 d
b111000 h
b100100 1
b100100 F
b100100 \
b100100 i
1!
0&
b10 l
b101101 3
b101101 P
b101101 _
b101100 ^
b1111011 R
b1111010 V
b1000111 5
b1000111 W
b1000111 X
b11111111111111111111111111111111 I
b11111111111111111111111111111111 M
1)
1*
#252500
0)
#253000
0f
b100111 a
1c
b100101 `
b111001 d
b1 l
0!
1&
b1000111 Z
b1111001 4
b1111001 L
b11111111111111111111111111111111 M
b111111 8
b111000 0
b111000 H
b11111111111111111111111111111111 I
1)
0*
#253500
0)
#254000
1f
b111001 2
b111001 >
b111001 e
b100111 a
0c
b100101 `
b111011 7
b111011 @
b111011 S
b1000011 O
b1000010 N
b1000111 /
b1000111 J
b1000111 [
b1000111 b
b111001 d
b111001 h
b100101 1
b100101 F
b100101 \
b100101 i
1!
0&
b0 l
b1111100 R
b1111011 V
b1000110 5
b1000110 W
b1000110 X
b101100 3
b101100 P
b101100 _
b100100 ^
b11111111111111111111111111111111 I
b11111111111111111111111111111111 M
1)
1*
#254500
0)
#255000
1c
0f
b100110 a
b100111 `
b111010 d
b1010 l
1$
0!
1&
b1000110 Z
b1111010 4
b1111010 L
b11111111111111111111111111111111 M
b111111 8
b111001 0
b111001 H
b11111111111111111111111111111111 I
1)
0*
#255500
0)
#256000
1f
b111010 2
b111010 >
b111010 e
b100110 a
0c
b100111 `
b111100 7
b111100 @
b111100 S
b1000001 O
b1000011 N
b1000110 /
b1000110 J
b1000110 [
b1000110 b
b111010 d
b111010 h
b100111 1
b100111 F
b100111 \
b100111 i
1!
0&
b1001 l
b100100 3
b100100 P
b100100 _
b100101 ^
b1111101 R
b1111100 V
b1000010 5
b1000010 W
b1000010 X
b11111111111111111111111111111111 I
b11111111111111111111111111111111 M
0$
1)
1*
#256500
0)
#257000
0f
b100010 a
1c
b100110 `
b111011 d
b1000 l
0!
1&
b1000010 Z
b1111011 4
b1111011 L
b11111111111111111111111111111111 M
b111111 8
b111010 0
b111010 H
b11111111111111111111111111111111 I
1)
0*
#257500
0)
#258000
1f
b111011 2
b111011 >
b111011 e
b100010 a
0c
b100110 `
b111101 7
b111101 @
b111101 S
b1000000 O
b1000001 N
b1000010 /
b1000010 J
b1000010 [
b1000010 b
b111011 d
b111011 h
b100110 1
b100110 F
b100110 \
b100110 i
1!
0&
b111 l
b1111110 R
b1111101 V
b1000011 5
b1000011 W
b1000011 X
b100101 3
b100101 P
b100101 _
b100111 ^
b11111111111111111111111111111111 I
b11111111111111111111111111111111 M
1)
1*
#258500
0)
#259000
1c
0f
b100011 a
b100010 `
b111100 d
b110 l
0!
1&
b1000011 Z
b1111100 4
b1111100 L
b11111111111111111111111111111111 M
b111111 8
b111011 0
b111011 H
b11111111111111111111111111111111 I
1)
0*
#259500
0)
#260000
1f
b111100 2
b111100 >
b111100 e
b100011 a
0c
b100010 `
b111110 7
b111110 @
b111110 S
b0 O
b1000000 N
b1000011 /
b1000011 J
b1000011 [
b1000011 b
b111100 d
b111100 h
b100010 1
b100010 F
b100010 \
b100010 i
1!
0&
b101 l
b100111 3
b100111 P
b100111 _
b100110 ^
b1111111 R
b1111110 V
b1000001 5
b1000001 W
b1000001 X
b11111111111111111111111111111111 I
b11111111111111111111111111111111 M
1)
1*
#260500
0)
#261000
0f
b100001 a
1c
b100011 `
b111101 d
b100 l
0!
1&
b1000001 Z
b1111101 4
b1111101 L
b11111111111111111111111111111111 M
b111111 8
b111100 0
b111100 H
b11111111111111111111111111111111 I
1)
0*
#261500
0)
#262000
1f
b111101 2
b111101 >
b111101 e
b100001 a
0c
b100011 `
b111111 7
b111111 @
b111111 S
b1 O
b0 N
b1000001 /
b1000001 J
b1000001 [
b1000001 b
b111101 d
b111101 h
b100011 1
b100011 F
b100011 \
b100011 i
1!
0&
b11 l
b0 R
b1111111 V
b1000000 5
b1000000 W
b1000000 X
b100110 3
b100110 P
b100110 _
b100010 ^
b11111111111111111111111111111111 I
b11111111111111111111111111111111 M
1)
1*
#262500
0)
#263000
1c
0f
b100000 a
b100001 `
b111110 d
b10 l
0!
1&
b1000000 Z
b1111110 4
b1111110 L
b11111111111111111111111111111111 M
b111111 8
b111101 0
b111101 H
b11111111111111111111111111111111 I
1)
0*
#263500
0)
#264000
1f
b111110 2
b111110 >
b111110 e
b100000 a
0c
b100001 `
b0 7
b0 @
b0 S
b11 O
b1 N
b1000000 /
b1000000 J
b1000000 [
b1000000 b
b111110 d
b111110 h
b100001 1
b100001 F
b100001 \
b100001 i
1!
0&
b1 l
b100010 3
b100010 P
b100010 _
b100011 ^
b1 R
b0 V
b0 5
b0 W
b0 X
b11111111111111111111111111111111 I
b11111111111111111111111111111111 M
1)
1*
#264500
0)
#265000
0f
b1100000 a
1c
b100000 `
b111111 d
b0 l
0!
1&
b0 Z
b1111111 4
b1111111 L
b11111111111111111111111111111111 M
b111111 8
b111110 0
b111110 H
b11111111111111111111111111111111 I
1)
0*
#265500
0)
#266000
1f
b111111 2
b111111 >
b111111 e
b1100000 a
0c
b100000 `
b1 7
b1 @
b1 S
b10 O
b11 N
b0 /
b0 J
b0 [
b0 b
b111111 d
b111111 h
b100000 1
b100000 F
b100000 \
b100000 i
1!
0&
b1010 l
1$
b10 R
b1 V
b1 5
b1 W
b1 X
b100011 3
b100011 P
b100011 _
b100001 ^
b11111111111111111111111111111111 I
b11111111111111111111111111111111 M
1)
1*
#266500
0)
#267000
1c
0f
b1100001 a
b1100000 `
b1000000 d
b1001 l
0!
1&
b1 Z
0$
b11111111111111111111111111111111 M
1%
b0 4
b0 L
b111111 8
b111111 0
b111111 H
b11111111111111111111111111111111 I
1)
0*
#267500
0)
#268000
1f
b0 2
b0 >
b0 e
b1100001 a
0c
b1100000 `
b10 7
b10 @
b10 S
b110 O
b10 N
b1 /
b1 J
b1 [
b1 b
b1000000 d
b1000000 h
b1100000 1
b1100000 F
b1100000 \
b1100000 i
1!
0&
b1000 l
b100001 3
b100001 P
b100001 _
b100000 ^
b11 R
b10 V
b11 5
b11 W
b11 X
b11111111111111111111111111111111 I
b11111111111111111111111111111111 M
1)
1*
#268500
0)
#269000
0f
b1100011 a
1c
b1100001 `
b1000001 d
b111 l
0!
1&
b11 Z
b1 4
b1 L
b11111111111111111111111111111111 M
b11111111111111111111111111111111 I
b111111 8
b1000000 0
b1000000 H
1)
0*
#269500
0)
#270000
1f
b1 2
b1 >
b1 e
b1100011 a
0c
b1100001 `
b11 7
b11 @
b11 S
b111 O
b110 N
b11 /
b11 J
b11 [
b11 b
b1000001 d
b1000001 h
b1100001 1
b1100001 F
b1100001 \
b1100001 i
1!
0&
b110 l
b100 R
b11 V
b10 5
b10 W
b10 X
b100000 3
b100000 P
b100000 _
b1100000 ^
b11111111111111111111111111111111 I
b11111111111111111111111111111111 M
1)
1*
#270500
0)
#271000
1c
0f
b1100010 a
b1100011 `
b1000010 d
b101 l
0!
1&
b10 Z
b10 4
b10 L
b11111111111111111111111111111111 M
b111111 8
b1000001 0
b1000001 H
b11111111111111111111111111111111 I
1)
0*
#271500
0)
#272000
1f
b10 2
b10 >
b10 e
b1100010 a
0c
b1100011 `
b100 7
b100 @
b100 S
b101 O
b111 N
b10 /
b10 J
b10 [
b10 b
b1000010 d
b1000010 h
b1100011 1
b1100011 F
b1100011 \
b1100011 i
1!
0&
b100 l
b1100000 3
b1100000 P
b1100000 _
b1100001 ^
b101 R
b100 V
b110 5
b110 W
b110 X
b11111111111111111111111111111111 I
b11111111111111111111111111111111 M
1)
1*
#272500
0)
#273000
0f
b1100110 a
1c
b1100010 `
b1000011 d
b11 l
0!
1&
b110 Z
b11 4
b11 L
b11111111111111111111111111111111 M
b111111 8
b1000010 0
b1000010 H
b11111111111111111111111111111111 I
1)
0*
#273500
0)
#274000
1f
b11 2
b11 >
b11 e
b1100110 a
0c
b1100010 `
b101 7
b101 @
b101 S
b100 O
b101 N
b110 /
b110 J
b110 [
b110 b
b1000011 d
b1000011 h
b1100010 1
b1100010 F
b1100010 \
b1100010 i
1!
0&
b10 l
b110 R
b101 V
b111 5
b111 W
b111 X
b1100001 3
b1100001 P
b1100001 _
b1100011 ^
b11111111111111111111111111111111 I
b11111111111111111111111111111111 M
1)
1*
#274500
0)
#275000
1c
0f
b1100111 a
b1100110 `
b1000100 d
b1 l
0!
1&
b111 Z
b100 4
b100 L
b11111111111111111111111111111111 M
b111111 8
b1000011 0
b1000011 H
b11111111111111111111111111111111 I
1)
0*
#275500
0)
#276000
1f
b100 2
b100 >
b100 e
b1100111 a
0c
b1100110 `
b110 7
b110 @
b110 S
b1100 O
b100 N
b111 /
b111 J
b111 [
b111 b
b1000100 d
b1000100 h
b1100110 1
b1100110 F
b1100110 \
b1100110 i
1!
0&
b0 l
b1100011 3
b1100011 P
b1100011 _
b1100010 ^
b111 R
b110 V
b101 5
b101 W
b101 X
b11111111111111111111111111111111 I
b11111111111111111111111111111111 M
1)
1*
#276500
0)
#277000
0f
b1100101 a
1c
b1100111 `
b1000101 d
b1010 l
1$
0!
1&
b101 Z
b101 4
b101 L
b11111111111111111111111111111111 M
b111111 8
b1000100 0
b1000100 H
b11111111111111111111111111111111 I
1)
0*
#277500
0)
#278000
1f
b101 2
b101 >
b101 e
b1100101 a
0c
b1100111 `
b111 7
b111 @
b111 S
b1101 O
b1100 N
b101 /
b101 J
b101 [
b101 b
b1000101 d
b1000101 h
b1100111 1
b1100111 F
b1100111 \
b1100111 i
1!
0&
b1001 l
b1000 R
b111 V
b100 5
b100 W
b100 X
b1100010 3
b1100010 P
b1100010 _
b1100110 ^
b11111111111111111111111111111111 I
b11111111111111111111111111111111 M
0$
1)
1*
#278500
0)
#279000
1c
0f
b1100100 a
b1100101 `
b1000110 d
b1000 l
0!
1&
b100 Z
b110 4
b110 L
b11111111111111111111111111111111 M
b111111 8
b1000101 0
b1000101 H
b11111111111111111111111111111111 I
1)
0*
#279500
0)
#280000
1f
b110 2
b110 >
b110 e
b1100100 a
0c
b1100101 `
b1000 7
b1000 @
b1000 S
b1111 O
b1101 N
b100 /
b100 J
b100 [
b100 b
b1000110 d
b1000110 h
b1100101 1
b1100101 F
b1100101 \
b1100101 i
1!
0&
b111 l
b1100110 3
b1100110 P
b1100110 _
b1100111 ^
b1001 R
b1000 V
b1100 5
b1100 W
b1100 X
b11111111111111111111111111111111 I
b11111111111111111111111111111111 M
1)
1*
#280500
0)
#281000
0f
b1101100 a
1c
b1100100 `
b1000111 d
b110 l
0!
1&
b1100 Z
b111 4
b111 L
b11111111111111111111111111111111 M
b111111 8
b1000110 0
b1000110 H
b11111111111111111111111111111111 I
1)
0*
#281500
0)
#282000
1f
b111 2
b111 >
b111 e
b1101100 a
0c
b1100100 `
b1001 7
b1001 @
b1001 S
b1110 O
b1111 N
b1100 /
b1100 J
b1100 [
b1100 b
b1000111 d
b1000111 h
b1100100 1
b1100100 F
b1100100 \
b1100100 i
1!
0&
b101 l
b1010 R
b1001 V
b1101 5
b1101 W
b1101 X
b1100111 3
b1100111 P
b1100111 _
b1100101 ^
b11111111111111111111111111111111 I
b11111111111111111111111111111111 M
1)
1*
#282500
0)
#283000
1c
0f
b1101101 a
b1101100 `
b1001000 d
b100 l
0!
1&
b1101 Z
b1000 4
b1000 L
b11111111111111111111111111111111 M
b111111 8
b1000111 0
b1000111 H
b11111111111111111111111111111111 I
1)
0*
#283500
0)
#284000
1f
b1000 2
b1000 >
b1000 e
b1101101 a
0c
b1101100 `
b1010 7
b1010 @
b1010 S
b1010 O
b1110 N
b1101 /
b1101 J
b1101 [
b1101 b
b1001000 d
b1001000 h
b1101100 1
b1101100 F
b1101100 \
b1101100 i
1!
0&
b11 l
b1100101 3
b1100101 P
b1100101 _
b1100100 ^
b1011 R
b1010 V
b1111 5
b1111 W
b1111 X
b11111111111111111111111111111111 I
b11111111111111111111111111111111 M
1)
1*
#284500
0)
#285000
0f
b1101111 a
1c
b1101101 `
b1001001 d
b10 l
0!
1&
b1111 Z
b1001 4
b1001 L
b11111111111111111111111111111111 M
b111111 8
b1001000 0
b1001000 H
b11111111111111111111111111111111 I
1)
0*
#285500
0)
#286000
1f
b1001 2
b1001 >
b1001 e
b1101111 a
0c
b1101101 `
b1011 7
b1011 @
b1011 S
b1011 O
b1010 N
b1111 /
b1111 J
b1111 [
b1111 b
b1001001 d
b1001001 h
b1101101 1
b1101101 F
b1101101 \
b1101101 i
1!
0&
b1 l
b1100 R
b1011 V
b1110 5
b1110 W
b1110 X
b1100100 3
b1100100 P
b1100100 _
b1101100 ^
b11111111111111111111111111111111 I
b11111111111111111111111111111111 M
1)
1*
#286500
0)
#287000
1c
0f
b1101110 a
b1101111 `
b1001010 d
b0 l
0!
1&
b1110 Z
b1010 4
b1010 L
b11111111111111111111111111111111 M
b111111 8
b1001001 0
b1001001 H
b11111111111111111111111111111111 I
1)
0*
#287500
0)
#288000
1f
b1010 2
b1010 >
b1010 e
b1101110 a
0c
b1101111 `
b1100 7
b1100 @
b1100 S
b1001 O
b1011 N
b1110 /
b1110 J
b1110 [
b1110 b
b1001010 d
b1001010 h
b1101111 1
b1101111 F
b1101111 \
b1101111 i
1!
0&
b1010 l
1$
b1101100 3
b1101100 P
b1101100 _
b1101101 ^
b1101 R
b1100 V
b1010 5
b1010 W
b1010 X
b11111111111111111111111111111111 I
b11111111111111111111111111111111 M
1)
1*
#288500
0)
#289000
0f
b1101010 a
1c
b1101110 `
b1001011 d
b1001 l
0!
1&
b1010 Z
0$
b1011 4
b1011 L
b11111111111111111111111111111111 M
b111111 8
b1001010 0
b1001010 H
b11111111111111111111111111111111 I
1)
0*
#289500
0)
#290000
1f
b1011 2
b1011 >
b1011 e
b1101010 a
0c
b1101110 `
b1101 7
b1101 @
b1101 S
b1000 O
b1001 N
b1010 /
b1010 J
b1010 [
b1010 b
b1001011 d
b1001011 h
b1101110 1
b1101110 F
b1101110 \
b1101110 i
1!
0&
b1000 l
b1110 R
b1101 V
b1011 5
b1011 W
b1011 X
b1101101 3
b1101101 P
b1101101 _
b1101111 ^
b11111111111111111111111111111111 I
b11111111111111111111111111111111 M
1)
1*
#290500
0)
#291000
1c
0f
b1101011 a
b1101010 `
b1001100 d
b111 l
0!
1&
b1011 Z
b1100 4
b1100 L
b11111111111111111111111111111111 M
b111111 8
b1001011 0
b1001011 H
b11111111111111111111111111111111 I
1)
0*
#291500
0)
#292000
1f
b1100 2
b1100 >
b1100 e
b1101011 a
0c
b1101010 `
b1110 7
b1110 @
b1110 S
b11000 O
b1000 N
b1011 /
b1011 J
b1011 [
b1011 b
b1001100 d
b1001100 h
b1101010 1
b1101010 F
b1101010 \
b1101010 i
1!
0&
b110 l
b1101111 3
b1101111 P
b1101111 _
b1101110 ^
b1111 R
b1110 V
b1001 5
b1001 W
b1001 X
b11111111111111111111111111111111 I
b11111111111111111111111111111111 M
1)
1*
#292500
0)
#293000
0f
b1101001 a
1c
b1101011 `
b1001101 d
b101 l
0!
1&
b1001 Z
b1101 4
b1101 L
b11111111111111111111111111111111 M
b111111 8
b1001100 0
b1001100 H
b11111111111111111111111111111111 I
1)
0*
#293500
0)
#294000
1f
b1101 2
b1101 >
b1101 e
b1101001 a
0c
b1101011 `
b1111 7
b1111 @
b1111 S
b11001 O
b11000 N
b1001 /
b1001 J
b1001 [
b1001 b
b1001101 d
b1001101 h
b1101011 1
b1101011 F
b1101011 \
b1101011 i
1!
0&
b100 l
b10000 R
b1111 V
b1000 5
b1000 W
b1000 X
b1101110 3
b1101110 P
b1101110 _
b1101010 ^
b11111111111111111111111111111111 I
b11111111111111111111111111111111 M
1)
1*
#294500
0)
#295000
b11 l
0!
1&
b1000 Z
b1110 4
b1110 L
b11111111111111111111111111111111 M
b111111 8
b1001101 0
b1001101 H
b11111111111111111111111111111111 I
1)
0*
0,
#295500
0)
#296000
0f
b10000 7
b10000 @
b10000 S
b11011 O
b11001 N
b1000 /
b1000 J
b1000 [
b1000 b
b10 l
b1101010 3
b1101010 P
b1101010 _
b1101011 ^
b10001 R
b10000 V
b11000 5
b11000 W
b11000 X
b11111111111111111111111111111111 I
b11111111111111111111111111111111 M
1)
1*
#296500
0)
#297000
b1 l
0&
b11000 Z
b111110 8
b1111 4
b1111 L
b11111111111111111111111111111111 M
b11111111111111111111111111111111 I
1)
0*
#297500
0)
#298000
b10001 7
b10001 @
b10001 S
b11010 O
b11011 N
b11000 /
b11000 J
b11000 [
b11000 b
b0 l
b10010 R
b10001 V
b11001 5
b11001 W
b11001 X
b1101011 3
b1101011 P
b1101011 _
b11111111111111111111111111111111 I
b11111111111111111111111111111111 M
1)
1*
#298500
0)
#299000
b1010 l
1$
b11001 Z
b111101 8
b10000 4
b10000 L
b11111111111111111111111111111111 M
b11111111111111111111111111111111 I
1)
0*
#299500
0)
#300000
b10010 7
b10010 @
b10010 S
b11110 O
b11010 N
b11001 /
b11001 J
b11001 [
b11001 b
b1001 l
b10011 R
b10010 V
b11011 5
b11011 W
b11011 X
b11111111111111111111111111111111 I
b11111111111111111111111111111111 M
0$
1)
1*
#300500
0)
#301000
b1000 l
b11011 Z
b111100 8
b10001 4
b10001 L
b11111111111111111111111111111111 M
b11111111111111111111111111111111 I
1)
0*
#301500
0)
#302000
b10011 7
b10011 @
b10011 S
b11111 O
b11110 N
b11011 /
b11011 J
b11011 [
b11011 b
b111 l
b10100 R
b10011 V
b11010 5
b11010 W
b11010 X
b11111111111111111111111111111111 I
b11111111111111111111111111111111 M
1)
1*
#302500
0)
#303000
b110 l
b11010 Z
b111011 8
b10010 4
b10010 L
b11111111111111111111111111111111 M
b11111111111111111111111111111111 I
1)
0*
#303500
0)
#304000
b10100 7
b10100 @
b10100 S
b11101 O
b11111 N
b11010 /
b11010 J
b11010 [
b11010 b
b101 l
b10101 R
b10100 V
b11110 5
b11110 W
b11110 X
b11111111111111111111111111111111 I
b11111111111111111111111111111111 M
1)
1*
#304500
0)
#305000
b100 l
b11110 Z
b111010 8
b10011 4
b10011 L
b11111111111111111111111111111111 M
b11111111111111111111111111111111 I
1)
0*
#305500
0)
#306000
b10101 7
b10101 @
b10101 S
b11100 O
b11101 N
b11110 /
b11110 J
b11110 [
b11110 b
b11 l
b10110 R
b10101 V
b11111 5
b11111 W
b11111 X
b11111111111111111111111111111111 I
b11111111111111111111111111111111 M
1)
1*
#306500
0)
#307000
b10 l
b11111 Z
b111001 8
b10100 4
b10100 L
b11111111111111111111111111111111 M
b11111111111111111111111111111111 I
1)
0*
#307500
0)
#308000
b10110 7
b10110 @
b10110 S
b10100 O
b11100 N
b11111 /
b11111 J
b11111 [
b11111 b
b1 l
b10111 R
b10110 V
b11101 5
b11101 W
b11101 X
b11111111111111111111111111111111 I
b11111111111111111111111111111111 M
1)
1*
#308500
0)
#309000
b0 l
b11101 Z
b111000 8
b10101 4
b10101 L
b11111111111111111111111111111111 M
b11111111111111111111111111111111 I
1)
0*
#309500
0)
#310000
b10111 7
b10111 @
b10111 S
b10101 O
b10100 N
b11101 /
b11101 J
b11101 [
b11101 b
b1010 l
1$
b11000 R
b10111 V
b11100 5
b11100 W
b11100 X
b11111111111111111111111111111111 I
b11111111111111111111111111111111 M
1)
1*
#310500
0)
#311000
b1001 l
b11100 Z
0$
b110111 8
b10110 4
b10110 L
b11111111111111111111111111111111 M
b11111111111111111111111111111111 I
1)
0*
#311500
0)
#312000
b11000 7
b11000 @
b11000 S
b10111 O
b10101 N
b11100 /
b11100 J
b11100 [
b11100 b
b1000 l
b11001 R
b11000 V
b10100 5
b10100 W
b10100 X
b11111111111111111111111111111111 I
b11111111111111111111111111111111 M
1)
1*
#312500
0)
#313000
b111 l
b10100 Z
b110110 8
b10111 4
b10111 L
b11111111111111111111111111111111 M
b11111111111111111111111111111111 I
1)
0*
#313500
0)
#314000
b11001 7
b11001 @
b11001 S
b10110 O
b10111 N
b10100 /
b10100 J
b10100 [
b10100 b
b110 l
b11010 R
b11001 V
b10101 5
b10101 W
b10101 X
b11111111111111111111111111111111 I
b11111111111111111111111111111111 M
1)
1*
#314500
0)
#315000
b101 l
b10101 Z
b110101 8
b11000 4
b11000 L
b11111111111111111111111111111111 M
b11111111111111111111111111111111 I
1)
0*
#315500
0)
#316000
b11010 7
b11010 @
b11010 S
b10010 O
b10110 N
b10101 /
b10101 J
b10101 [
b10101 b
b100 l
b11011 R
b11010 V
b10111 5
b10111 W
b10111 X
b11111111111111111111111111111111 I
b11111111111111111111111111111111 M
1)
1*
#316500
0)
#317000
b11 l
b10111 Z
b110100 8
b11001 4
b11001 L
b11111111111111111111111111111111 M
b11111111111111111111111111111111 I
1)
0*
#317500
0)
#318000
b11011 7
b11011 @
b11011 S
b10011 O
b10010 N
b10111 /
b10111 J
b10111 [
b10111 b
b10 l
b11100 R
b11011 V
b10110 5
b10110 W
b10110 X
b11111111111111111111111111111111 I
b11111111111111111111111111111111 M
1)
1*
#318500
0)
#319000
b1 l
b10110 Z
b110011 8
b11010 4
b11010 L
b11111111111111111111111111111111 M
b11111111111111111111111111111111 I
1)
0*
#319500
0)
#320000
b11100 7
b11100 @
b11100 S
b10001 O
b10011 N
b10110 /
b10110 J
b10110 [
b10110 b
b0 l
b11101 R
b11100 V
b10010 5
b10010 W
b10010 X
b11111111111111111111111111111111 I
b11111111111111111111111111111111 M
1)
1*
#320500
0)
#321000
b1010 l
1$
b10010 Z
b110010 8
b11011 4
b11011 L
b11111111111111111111111111111111 M
b11111111111111111111111111111111 I
1)
0*
#321500
0)
#322000
b11101 7
b11101 @
b11101 S
b10000 O
b10001 N
b10010 /
b10010 J
b10010 [
b10010 b
b1001 l
b11110 R
b11101 V
b10011 5
b10011 W
b10011 X
b11111111111111111111111111111111 I
b11111111111111111111111111111111 M
0$
1)
1*
#322500
0)
#323000
b1000 l
b10011 Z
b110001 8
b11100 4
b11100 L
b11111111111111111111111111111111 M
b11111111111111111111111111111111 I
1)
0*
#323500
0)
#324000
b11110 7
b11110 @
b11110 S
b110000 O
b10000 N
b10011 /
b10011 J
b10011 [
b10011 b
b111 l
b11111 R
b11110 V
b10001 5
b10001 W
b10001 X
b11111111111111111111111111111111 I
b11111111111111111111111111111111 M
1)
1*
#324500
0)
#325000
b110 l
b10001 Z
b110000 8
b11101 4
b11101 L
b11111111111111111111111111111111 M
b11111111111111111111111111111111 I
1)
0*
#325500
0)
#326000
b11111 7
b11111 @
b11111 S
b110001 O
b110000 N
b10001 /
b10001 J
b10001 [
b10001 b
b101 l
b100000 R
b11111 V
b10000 5
b10000 W
b10000 X
b11111111111111111111111111111111 I
b11111111111111111111111111111111 M
1)
1*
#326500
0)
#327000
b100 l
b10000 Z
b101111 8
b11110 4
b11110 L
b11111111111111111111111111111111 M
b11111111111111111111111111111111 I
1)
0*
#327500
0)
#328000
b100000 7
b100000 @
b100000 S
b110011 O
b110001 N
b10000 /
b10000 J
b10000 [
b10000 b
b11 l
b100001 R
b100000 V
b110000 5
b110000 W
b110000 X
b11111111111111111111111111111111 I
b11111111111111111111111111111111 M
1)
1*
#328500
0)
#329000
b10 l
b110000 Z
b101110 8
b11111 4
b11111 L
b11111111111111111111111111111111 M
b11111111111111111111111111111111 I
1)
0*
#329500
0)
#330000
b100001 7
b100001 @
b100001 S
b110010 O
b110011 N
b110000 /
b110000 J
b110000 [
b110000 b
b1 l
b100010 R
b100001 V
b110001 5
b110001 W
b110001 X
b11111111111111111111111111111111 I
b11111111111111111111111111111111 M
1)
1*
#330500
0)
#331000
b0 l
b110001 Z
1%
b101101 8
b100000 4
b100000 L
b11111111111111111111111111111111 M
b11111111111111111111111111111111 I
1)
0*
#331500
0)
#332000
b100010 7
b100010 @
b100010 S
b110110 O
b110010 N
b110001 /
b110001 J
b110001 [
b110001 b
b1010 l
1$
b100011 R
b100010 V
b110011 5
b110011 W
b110011 X
b11111111111111111111111111111111 I
b11111111111111111111111111111111 M
1)
1*
#332500
0)
#333000
b1001 l
b110011 Z
0$
b101100 8
b100001 4
b100001 L
b11111111111111111111111111111111 M
b11111111111111111111111111111111 I
1)
0*
#333500
0)
#334000
b100011 7
b100011 @
b100011 S
b110111 O
b110110 N
b110011 /
b110011 J
b110011 [
b110011 b
b1000 l
b100100 R
b100011 V
b110010 5
b110010 W
b110010 X
b11111111111111111111111111111111 I
b11111111111111111111111111111111 M
1)
1*
#334500
0)
#335000
b111 l
b110010 Z
b101011 8
b100010 4
b100010 L
b11111111111111111111111111111111 M
b11111111111111111111111111111111 I
1)
0*
#335500
0)
#336000
b100100 7
b100100 @
b100100 S
b110101 O
b110111 N
b110010 /
b110010 J
b110010 [
b110010 b
b110 l
b100101 R
b100100 V
b110110 5
b110110 W
b110110 X
b11111111111111111111111111111111 I
b11111111111111111111111111111111 M
1)
1*
#336500
0)
#337000
b101 l
b110110 Z
b101010 8
b100011 4
b100011 L
b11111111111111111111111111111111 M
b11111111111111111111111111111111 I
1)
0*
#337500
0)
#338000
b100101 7
b100101 @
b100101 S
b110100 O
b110101 N
b110110 /
b110110 J
b110110 [
b110110 b
b100 l
b100110 R
b100101 V
b110111 5
b110111 W
b110111 X
b11111111111111111111111111111111 I
b11111111111111111111111111111111 M
1)
1*
#338500
0)
#339000
b11 l
b110111 Z
0%
b101001 8
b100100 4
b100100 L
b11111111111111111111111111111111 M
b11111111111111111111111111111111 I
1)
0*
#339500
0)
#340000
b100110 7
b100110 @
b100110 S
b111100 O
b110100 N
b110111 /
b110111 J
b110111 [
b110111 b
b10 l
b100111 R
b100110 V
b110101 5
b110101 W
b110101 X
b11111111111111111111111111111111 I
b11111111111111111111111111111111 M
1)
1*
#340500
0)
#341000
b1 l
b110101 Z
b101000 8
b100101 4
b100101 L
b11111111111111111111111111111111 M
b11111111111111111111111111111111 I
1)
0*
#341500
0)
#342000
b100111 7
b100111 @
b100111 S
b111101 O
b111100 N
b110101 /
b110101 J
b110101 [
b110101 b
b0 l
b101000 R
b100111 V
b110100 5
b110100 W
b110100 X
b11111111111111111111111111111111 I
b11111111111111111111111111111111 M
1)
1*
#342500
0)
#343000
b110100 Z
b100111 8
b100110 4
b100110 L
b11111111111111111111111111111111 M
b11111111111111111111111111111111 I
1)
0*
#343500
0)
#344000
b101000 7
b101000 @
b101000 S
b111111 O
b111101 N
b110100 /
b110100 J
b110100 [
b110100 b
b101001 R
b101000 V
b111100 5
b111100 W
b111100 X
b11111111111111111111111111111111 I
b11111111111111111111111111111111 M
1)
1*
#344500
0)
#345000
b111100 Z
b100110 8
b100111 4
b100111 L
b11111111111111111111111111111111 M
b11111111111111111111111111111111 I
1)
0*
#345500
0)
#346000
b101001 7
b101001 @
b101001 S
b111110 O
b111111 N
b111100 /
b111100 J
b111100 [
b111100 b
b101010 R
b101001 V
b111101 5
b111101 W
b111101 X
b11111111111111111111111111111111 I
b11111111111111111111111111111111 M
1)
1*
#346500
0)
#347000
b111101 Z
b100101 8
b101000 4
b101000 L
b11111111111111111111111111111111 M
b11111111111111111111111111111111 I
1)
0*
#347500
0)
#348000
b101010 7
b101010 @
b101010 S
b111010 O
b111110 N
b111101 /
b111101 J
b111101 [
b111101 b
b101011 R
b101010 V
b111111 5
b111111 W
b111111 X
b11111111111111111111111111111111 I
b11111111111111111111111111111111 M
1)
1*
#348500
0)
#349000
b111111 Z
b100100 8
b101001 4
b101001 L
b11111111111111111111111111111111 M
b11111111111111111111111111111111 I
1)
0*
#349500
0)
#350000
b101011 7
b101011 @
b101011 S
b111011 O
b111010 N
b111111 /
b111111 J
b111111 [
b111111 b
b101100 R
b101011 V
b111110 5
b111110 W
b111110 X
b11111111111111111111111111111111 I
b11111111111111111111111111111111 M
1)
1*
#350500
0)
#351000
b111110 Z
b100011 8
b101010 4
b101010 L
b11111111111111111111111111111111 M
b11111111111111111111111111111111 I
1)
0*
#351500
0)
#352000
b101100 7
b101100 @
b101100 S
b111001 O
b111011 N
b111110 /
b111110 J
b111110 [
b111110 b
b101101 R
b101100 V
b111010 5
b111010 W
b111010 X
b11111111111111111111111111111111 I
b11111111111111111111111111111111 M
1)
1*
#352500
0)
#353000
b111010 Z
b100010 8
b101011 4
b101011 L
b11111111111111111111111111111111 M
b11111111111111111111111111111111 I
1)
0*
#353500
0)
#354000
b101101 7
b101101 @
b101101 S
b111000 O
b111001 N
b111010 /
b111010 J
b111010 [
b111010 b
b101110 R
b101101 V
b111011 5
b111011 W
b111011 X
b11111111111111111111111111111111 I
b11111111111111111111111111111111 M
1)
1*
#354500
0)
#355000
b111011 Z
b100001 8
b101100 4
b101100 L
b11111111111111111111111111111111 M
b11111111111111111111111111111111 I
1)
0*
#355500
0)
#356000
b101110 7
b101110 @
b101110 S
b101000 O
b111000 N
b111011 /
b111011 J
b111011 [
b111011 b
b101111 R
b101110 V
b111001 5
b111001 W
b111001 X
b11111111111111111111111111111111 I
b11111111111111111111111111111111 M
1)
1*
#356500
0)
#357000
b111001 Z
b100000 8
b101101 4
b101101 L
b11111111111111111111111111111111 M
b11111111111111111111111111111111 I
1)
0*
#357500
0)
#358000
b101111 7
b101111 @
b101111 S
b101001 O
b101000 N
b111001 /
b111001 J
b111001 [
b111001 b
b110000 R
b101111 V
b111000 5
b111000 W
b111000 X
b11111111111111111111111111111111 I
b11111111111111111111111111111111 M
1)
1*
#358500
0)
#359000
b111000 Z
b11111 8
b101110 4
b101110 L
b11111111111111111111111111111111 M
b11111111111111111111111111111111 I
1)
0*
#359500
0)
#360000
b110000 7
b110000 @
b110000 S
b101011 O
b101001 N
b111000 /
b111000 J
b111000 [
b111000 b
b110001 R
b110000 V
b101000 5
b101000 W
b101000 X
b11111111111111111111111111111111 I
b11111111111111111111111111111111 M
1)
1*
#360500
0)
#361000
b101000 Z
b11110 8
b101111 4
b101111 L
b11111111111111111111111111111111 M
b11111111111111111111111111111111 I
1)
0*
#361500
0)
#362000
b110001 7
b110001 @
b110001 S
b101010 O
b101011 N
b101000 /
b101000 J
b101000 [
b101000 b
b110010 R
b110001 V
b101001 5
b101001 W
b101001 X
b11111111111111111111111111111111 I
b11111111111111111111111111111111 M
1)
1*
#362500
0)
#363000
b101001 Z
b11101 8
b110000 4
b110000 L
b11111111111111111111111111111111 M
b11111111111111111111111111111111 I
1)
0*
#363500
0)
#364000
b110010 7
b110010 @
b110010 S
b101110 O
b101010 N
b101001 /
b101001 J
b101001 [
b101001 b
b110011 R
b110010 V
b101011 5
b101011 W
b101011 X
b11111111111111111111111111111111 I
b11111111111111111111111111111111 M
1)
1*
#364500
0)
#365000
b101011 Z
b11100 8
b110001 4
b110001 L
b11111111111111111111111111111111 M
b11111111111111111111111111111111 I
1)
0*
#365500
0)
#366000
b110011 7
b110011 @
b110011 S
b101111 O
b101110 N
b101011 /
b101011 J
b101011 [
b101011 b
b110100 R
b110011 V
b101010 5
b101010 W
b101010 X
b11111111111111111111111111111111 I
b11111111111111111111111111111111 M
1)
1*
#366500
0)
#367000
b101010 Z
b11011 8
b110010 4
b110010 L
b11111111111111111111111111111111 M
b11111111111111111111111111111111 I
1)
0*
#367500
0)
#368000
b110100 7
b110100 @
b110100 S
b101101 O
b101111 N
b101010 /
b101010 J
b101010 [
b101010 b
b110101 R
b110100 V
b101110 5
b101110 W
b101110 X
b11111111111111111111111111111111 I
b11111111111111111111111111111111 M
1)
1*
#368500
0)
#369000
b101110 Z
b11010 8
b110011 4
b110011 L
b11111111111111111111111111111111 M
b11111111111111111111111111111111 I
1)
0*
#369500
0)
#370000
b110101 7
b110101 @
b110101 S
b101100 O
b101101 N
b101110 /
b101110 J
b101110 [
b101110 b
b110110 R
b110101 V
b101111 5
b101111 W
b101111 X
b11111111111111111111111111111111 I
b11111111111111111111111111111111 M
1)
1*
#370500
0)
#371000
b101111 Z
b11001 8
b110100 4
b110100 L
b11111111111111111111111111111111 M
b11111111111111111111111111111111 I
1)
0*
#371500
0)
#372000
b110110 7
b110110 @
b110110 S
b100100 O
b101100 N
b101111 /
b101111 J
b101111 [
b101111 b
b110111 R
b110110 V
b101101 5
b101101 W
b101101 X
b11111111111111111111111111111111 I
b11111111111111111111111111111111 M
1)
1*
#372500
0)
#373000
b101101 Z
b11000 8
b110101 4
b110101 L
b11111111111111111111111111111111 M
b11111111111111111111111111111111 I
1)
0*
#373500
0)
#374000
b110111 7
b110111 @
b110111 S
b100101 O
b100100 N
b101101 /
b101101 J
b101101 [
b101101 b
b111000 R
b110111 V
b101100 5
b101100 W
b101100 X
b11111111111111111111111111111111 I
b11111111111111111111111111111111 M
1)
1*
#374500
0)
#375000
b101100 Z
b10111 8
b110110 4
b110110 L
b11111111111111111111111111111111 M
b11111111111111111111111111111111 I
1)
0*
#375500
0)
#376000
b111000 7
b111000 @
b111000 S
b100111 O
b100101 N
b101100 /
b101100 J
b101100 [
b101100 b
b111001 R
b111000 V
b100100 5
b100100 W
b100100 X
b11111111111111111111111111111111 I
b11111111111111111111111111111111 M
1)
1*
#376500
0)
#377000
b100100 Z
b10110 8
b110111 4
b110111 L
b11111111111111111111111111111111 M
b11111111111111111111111111111111 I
1)
0*
#377500
0)
#378000
b111001 7
b111001 @
b111001 S
b100110 O
b100111 N
b100100 /
b100100 J
b100100 [
b100100 b
b111010 R
b111001 V
b100101 5
b100101 W
b100101 X
b11111111111111111111111111111111 I
b11111111111111111111111111111111 M
1)
1*
#378500
0)
#379000
b100101 Z
b10101 8
b111000 4
b111000 L
b11111111111111111111111111111111 M
b11111111111111111111111111111111 I
1)
0*
#379500
0)
#380000
b111010 7
b111010 @
b111010 S
b100010 O
b100110 N
b100101 /
b100101 J
b100101 [
b100101 b
b111011 R
b111010 V
b100111 5
b100111 W
b100111 X
b11111111111111111111111111111111 I
b11111111111111111111111111111111 M
1)
1*
#380500
0)
#381000
b100111 Z
b10100 8
b111001 4
b111001 L
b11111111111111111111111111111111 M
b11111111111111111111111111111111 I
1)
0*
#381500
0)
#382000
b111011 7
b111011 @
b111011 S
b100011 O
b100010 N
b100111 /
b100111 J
b100111 [
b100111 b
b111100 R
b111011 V
b100110 5
b100110 W
b100110 X
b11111111111111111111111111111111 I
b11111111111111111111111111111111 M
1)
1*
#382500
0)
#383000
b100110 Z
b10011 8
b111010 4
b111010 L
b11111111111111111111111111111111 M
b11111111111111111111111111111111 I
1)
0*
#383500
0)
#384000
b111100 7
b111100 @
b111100 S
b100001 O
b100011 N
b100110 /
b100110 J
b100110 [
b100110 b
b111101 R
b111100 V
b100010 5
b100010 W
b100010 X
b11111111111111111111111111111111 I
b11111111111111111111111111111111 M
1)
1*
#384500
0)
#385000
b100010 Z
b10010 8
b111011 4
b111011 L
b11111111111111111111111111111111 M
b11111111111111111111111111111111 I
1)
0*
#385500
0)
#386000
b111101 7
b111101 @
b111101 S
b100000 O
b100001 N
b100010 /
b100010 J
b100010 [
b100010 b
b111110 R
b111101 V
b100011 5
b100011 W
b100011 X
b11111111111111111111111111111111 I
b11111111111111111111111111111111 M
1)
1*
#386500
0)
#387000
b100011 Z
b10001 8
b111100 4
b111100 L
b11111111111111111111111111111111 M
b11111111111111111111111111111111 I
1)
0*
#387500
0)
#388000
b111110 7
b111110 @
b111110 S
b1100000 O
b100000 N
b100011 /
b100011 J
b100011 [
b100011 b
b111111 R
b111110 V
b100001 5
b100001 W
b100001 X
b11111111111111111111111111111111 I
b11111111111111111111111111111111 M
1)
1*
#388500
0)
#389000
b100001 Z
b10000 8
b111101 4
b111101 L
b11111111111111111111111111111111 M
b11111111111111111111111111111111 I
1)
0*
#389500
0)
#390000
b111111 7
b111111 @
b111111 S
b1100001 O
b1100000 N
b100001 /
b100001 J
b100001 [
b100001 b
b1000000 R
b111111 V
b100000 5
b100000 W
b100000 X
b11111111111111111111111111111111 I
b11111111111111111111111111111111 M
1)
1*
#390500
0)
#391000
b100000 Z
b1111 8
b111110 4
b111110 L
b11111111111111111111111111111111 M
b11111111111111111111111111111111 I
1)
0*
#391500
0)
#392000
b0 7
b0 @
b0 S
b1100011 O
b1100001 N
b100000 /
b100000 J
b100000 [
b100000 b
b1000001 R
b1000000 V
b1100000 5
b1100000 W
b1100000 X
b11111111111111111111111111111111 I
b11111111111111111111111111111111 M
1)
1*
#392500
0)
#393000
b1100000 Z
b1110 8
b111111 4
b111111 L
b11111111111111111111111111111111 M
b11111111111111111111111111111111 I
1)
0*
#393500
0)
#394000
b1 7
b1 @
b1 S
b1100010 O
b1100011 N
b1100000 /
b1100000 J
b1100000 [
b1100000 b
b1000010 R
b1000001 V
b1100001 5
b1100001 W
b1100001 X
b11111111111111111111111111111111 I
b11111111111111111111111111111111 M
1)
1*
#394500
0)
#395000
b1100001 Z
b11111111111111111111111111111111 M
0%
b1101 8
b1000000 4
b1000000 L
b11111111111111111111111111111111 I
1)
0*
#395500
0)
#396000
b10 7
b10 @
b10 S
b1100110 O
b1100010 N
b1100001 /
b1100001 J
b1100001 [
b1100001 b
b1000011 R
b1000010 V
b1100011 5
b1100011 W
b1100011 X
b11111111111111111111111111111111 I
b11111111111111111111111111111111 M
1)
1*
#396500
0)
#397000
b1100011 Z
b1100 8
b1000001 4
b1000001 L
b11111111111111111111111111111111 M
b11111111111111111111111111111111 I
1)
0*
#397500
0)
#398000
b11 7
b11 @
b11 S
b1100111 O
b1100110 N
b1100011 /
b1100011 J
b1100011 [
b1100011 b
b1000100 R
b1000011 V
b1100010 5
b1100010 W
b1100010 X
b11111111111111111111111111111111 I
b11111111111111111111111111111111 M
1)
1*
#398500
0)
#399000
b1100010 Z
b1011 8
b1000010 4
b1000010 L
b11111111111111111111111111111111 M
b11111111111111111111111111111111 I
1)
0*
#399500
0)
#400000
b100 7
b100 @
b100 S
b1100101 O
b1100111 N
b1100010 /
b1100010 J
b1100010 [
b1100010 b
b1000101 R
b1000100 V
b1100110 5
b1100110 W
b1100110 X
b11111111111111111111111111111111 I
b11111111111111111111111111111111 M
1)
1*
#400500
0)
#401000
b1100110 Z
b1010 8
b1000011 4
b1000011 L
b11111111111111111111111111111111 M
b11111111111111111111111111111111 I
1)
0*
#401500
0)
#402000
b101 7
b101 @
b101 S
b1100100 O
b1100101 N
b1100110 /
b1100110 J
b1100110 [
b1100110 b
b1000110 R
b1000101 V
b1100111 5
b1100111 W
b1100111 X
b11111111111111111111111111111111 I
b11111111111111111111111111111111 M
1)
1*
#402500
0)
#403000
b1100111 Z
b1001 8
b1000100 4
b1000100 L
b11111111111111111111111111111111 M
b11111111111111111111111111111111 I
1)
0*
#403500
0)
#404000
b110 7
b110 @
b110 S
0T
b1101100 O
b1100100 N
b1100111 /
b1100111 J
b1100111 [
b1100111 b
b1000111 R
b1000110 V
b1100101 5
b1100101 W
b1100101 X
b11111111111111111111111111111111 I
b11111111111111111111111111111111 M
1)
1*
#404500
0)
#405000
b1100101 Z
b1000 8
b1000101 4
b1000101 L
b11111111111111111111111111111111 M
b11111111111111111111111111111111 I
1)
0*
#405500
0)
#406000
b111 7
b111 @
b111 S
b1101101 O
0Q
b1101100 N
b1100101 /
b1100101 J
b1100101 [
b1100101 b
b1001000 R
b1000111 V
b1100100 5
b1100100 W
b1100100 X
b11111111111111111111111111111111 I
b11111111111111111111111111111111 M
1)
1*
#406500
0)
#407000
b1100100 Z
b111 8
b1000110 4
b1000110 L
b11111111111111111111111111111111 M
b11111111111111111111111111111111 I
1)
0*
#407500
0)
#408000
b1000 7
b1000 @
b1000 S
b1101111 O
b1101101 N
b1100100 /
b1100100 J
b1100100 [
b1100100 b
b1001001 R
b1001000 V
b1101100 5
b1101100 W
b1101100 X
b11111111111111111111111111111111 I
b11111111111111111111111111111111 M
1)
1*
#408500
0)
#409000
b1101100 Z
b110 8
b1000111 4
b1000111 L
b11111111111111111111111111111111 M
b11111111111111111111111111111111 I
1)
0*
#409500
0)
#410000
b1001 7
b1001 @
b1001 S
b1101110 O
b1101111 N
b1101100 /
b1101100 J
b1101100 [
b1101100 b
b1001010 R
b1001001 V
b1101101 5
b1101101 W
b1101101 X
b11111111111111111111111111111111 I
b11111111111111111111111111111111 M
1)
1*
#410500
0)
#411000
b1101101 Z
0%
b101 8
b1001000 4
b1001000 L
b11111111111111111111111111111111 M
b11111111111111111111111111111111 I
1)
0*
#411500
0)
#412000
b1010 7
b1010 @
b1010 S
b1101010 O
b1101110 N
b1101101 /
b1101101 J
b1101101 [
b1101101 b
b1001011 R
b1001010 V
b1101111 5
b1101111 W
b1101111 X
b11111111111111111111111111111111 I
b11111111111111111111111111111111 M
1)
1*
#412500
0)
#413000
b1101111 Z
b100 8
b1001001 4
b1001001 L
b11111111111111111111111111111111 M
b11111111111111111111111111111111 I
1)
0*
#413500
0)
#414000
b1011 7
b1011 @
b1011 S
1T
b1101011 O
b1101010 N
b1101111 /
b1101111 J
b1101111 [
b1101111 b
b1001100 R
b1001011 V
b1101110 5
b1101110 W
b1101110 X
b11111111111111111111111111111111 I
b11111111111111111111111111111111 M
1)
1*
#414500
0)
#415000
b1101110 Z
b11 8
b1001010 4
b1001010 L
b11111111111111111111111111111111 M
b11111111111111111111111111111111 I
1)
0*
#415500
0)
#416000
b1100 7
b1100 @
b1100 S
0T
b1101001 O
1Q
b1101011 N
b1101110 /
b1101110 J
b1101110 [
b1101110 b
b1001101 R
b1001100 V
b1101010 5
b1101010 W
b1101010 X
1'
b11111111111111111111111111111111 I
b11111111111111111111111111111111 M
1)
1*
#416500
0)
#417000
b1101010 Z
b10 8
b1001011 4
b1001011 L
b11111111111111111111111111111111 M
b11111111111111111111111111111111 I
1)
0*
#417500
0)
#418000
b1101 7
b1101 @
b1101 S
b1101001 O
1Q
b1101011 N
b1101010 /
b1101010 J
b1101010 [
b1101010 b
1"
0'
b1001101 R
b1001101 V
b1101011 5
b1101011 W
b1101011 X
b11111111111111111111111111111111 I
b11111111111111111111111111111111 M
1)
1*
#418500
0)
#419000
b1101011 Z
0%
b1 8
b1001100 4
b1001100 L
b11111111111111111111111111111111 M
b11111111111111111111111111111111 I
1)
0*
#419500
0)
#420000
b1101011 /
b1101011 J
b1101011 [
b1101011 b
b11111111111111111111111111111111 I
b11111111111111111111111111111111 M
1)
1*
#420500
0)
#421000
b0 8
b1001101 4
b1001101 L
b11111111111111111111111111111111 M
b11111111111111111111111111111111 I
1)
0*
#421500
0)
#422000
b11111111111111111111111111111111 I
b11111111111111111111111111111111 M
1)
1*
#422500
0)
#423000
b11111111111111111111111111111111 M
b11111111111111111111111111111111 I
1)
0*
#423500
0)
#424000
b11111111111111111111111111111111 I
b11111111111111111111111111111111 M
1)
1*
#424500
0)
#425000
b11111111111111111111111111111111 M
b11111111111111111111111111111111 I
1)
0*
#425500
0)
#426000
b11111111111111111111111111111111 I
b11111111111111111111111111111111 M
1)
1*
#426500
0)
#427000
b11111111111111111111111111111111 M
b11111111111111111111111111111111 I
1)
0*
#427500
0)
#428000
b11111111111111111111111111111111 I
b11111111111111111111111111111111 M
1)
1*
#428500
0)
#429000
b11111111111111111111111111111111 M
b11111111111111111111111111111111 I
1)
0*
#429500
0)
#430000
b11111111111111111111111111111111 I
b11111111111111111111111111111111 M
1)
1*
#430500
0)
#431000
b11111111111111111111111111111111 M
b11111111111111111111111111111111 I
1)
0*
#431500
0)
#432000
b11111111111111111111111111111111 I
b11111111111111111111111111111111 M
1)
1*
#432500
0)
#433000
b11111111111111111111111111111111 M
b11111111111111111111111111111111 I
1)
0*
#433500
0)
#434000
b11111111111111111111111111111111 I
b11111111111111111111111111111111 M
1)
1*
#434500
0)
#435000
b11111111111111111111111111111111 M
b11111111111111111111111111111111 I
1)
0*
#435500
0)
#436000
b11111111111111111111111111111111 I
b11111111111111111111111111111111 M
1)
1*
#436500
0)
#437000
b11111111111111111111111111111111 M
b11111111111111111111111111111111 I
1)
0*
#437500
0)
#438000
b11111111111111111111111111111111 I
b11111111111111111111111111111111 M
1)
1*
#438500
0)
#439000
b11111111111111111111111111111111 M
b11111111111111111111111111111111 I
1)
0*
#439500
0)
#440000
b11111111111111111111111111111111 I
b11111111111111111111111111111111 M
1)
1*
#440500
0)
#441000
b11111111111111111111111111111111 M
b11111111111111111111111111111111 I
1)
0*
#441500
0)
#442000
b11111111111111111111111111111111 I
b11111111111111111111111111111111 M
1)
1*
#442500
0)
#443000
b11111111111111111111111111111111 M
b11111111111111111111111111111111 I
1)
0*
#443500
0)
#444000
b11111111111111111111111111111111 I
b11111111111111111111111111111111 M
1)
1*
#444500
0)
#445000
b11111111111111111111111111111111 M
b11111111111111111111111111111111 I
1)
0*
#445500
0)
#446000
b11111111111111111111111111111111 I
b11111111111111111111111111111111 M
1)
1*
#446500
0)
#447000
b11111111111111111111111111111111 M
b11111111111111111111111111111111 I
1)
0*
#447500
0)
#448000
b11111111111111111111111111111111 I
b11111111111111111111111111111111 M
1)
1*
#448500
0)
#449000
b11111111111111111111111111111111 M
b11111111111111111111111111111111 I
1)
0*
#449500
0)
#450000
b11111111111111111111111111111111 I
b11111111111111111111111111111111 M
1)
1*
#450500
0)
#451000
b11111111111111111111111111111111 M
b11111111111111111111111111111111 I
1)
0*
#451500
0)
#452000
b11111111111111111111111111111111 I
b11111111111111111111111111111111 M
1)
1*
#452500
0)
#453000
b11111111111111111111111111111111 M
b11111111111111111111111111111111 I
1)
0*
#453500
0)
#454000
b11111111111111111111111111111111 I
b11111111111111111111111111111111 M
1)
1*
#454500
0)
#455000
b11111111111111111111111111111111 M
b11111111111111111111111111111111 I
1)
0*
#455500
0)
#456000
b11111111111111111111111111111111 I
b11111111111111111111111111111111 M
1)
1*
#456500
0)
#457000
b11111111111111111111111111111111 M
b11111111111111111111111111111111 I
1)
0*
#457500
0)
#458000
b11111111111111111111111111111111 I
b11111111111111111111111111111111 M
1)
1*
#458500
0)
#459000
b11111111111111111111111111111111 M
b11111111111111111111111111111111 I
1)
0*
#459500
0)
#460000
b11111111111111111111111111111111 I
b11111111111111111111111111111111 M
1)
1*
#460500
0)
#461000
b11111111111111111111111111111111 M
b11111111111111111111111111111111 I
1)
0*
#461500
0)
#462000
b11111111111111111111111111111111 I
b11111111111111111111111111111111 M
1)
1*
#462500
0)
#463000
b11111111111111111111111111111111 M
b11111111111111111111111111111111 I
1)
0*
#463500
0)
#464000
b11111111111111111111111111111111 I
b11111111111111111111111111111111 M
1)
1*
#464500
0)
#465000
b11111111111111111111111111111111 M
b11111111111111111111111111111111 I
1)
0*
#465500
0)
#466000
b11111111111111111111111111111111 I
b11111111111111111111111111111111 M
1)
1*
#466500
0)
#467000
b11111111111111111111111111111111 M
b11111111111111111111111111111111 I
1)
0*
#467500
0)
#468000
b11111111111111111111111111111111 I
b11111111111111111111111111111111 M
1)
1*
#468500
0)
#469000
b11111111111111111111111111111111 M
b11111111111111111111111111111111 I
1)
0*
#469500
0)
#470000
b11111111111111111111111111111111 I
b11111111111111111111111111111111 M
1)
1*
#470500
0)
#471000
b11111111111111111111111111111111 M
b11111111111111111111111111111111 I
1)
0*
#471500
0)
#472000
b11111111111111111111111111111111 I
b11111111111111111111111111111111 M
1)
1*
#472500
0)
#473000
b11111111111111111111111111111111 M
b11111111111111111111111111111111 I
1)
0*
#473500
0)
#474000
b11111111111111111111111111111111 I
b11111111111111111111111111111111 M
1)
1*
#474500
0)
#475000
b11111111111111111111111111111111 M
b11111111111111111111111111111111 I
1)
0*
#475500
0)
#476000
b11111111111111111111111111111111 I
b11111111111111111111111111111111 M
1)
1*
#476500
0)
#477000
b11111111111111111111111111111111 M
b11111111111111111111111111111111 I
1)
0*
#477500
0)
#478000
b11111111111111111111111111111111 I
b11111111111111111111111111111111 M
1)
1*
#478500
0)
#479000
b11111111111111111111111111111111 M
b11111111111111111111111111111111 I
1)
0*
#479500
0)
#480000
b11111111111111111111111111111111 I
b11111111111111111111111111111111 M
1)
1*
#480500
0)
#481000
b11111111111111111111111111111111 M
b11111111111111111111111111111111 I
1)
0*
#481500
0)
#482000
b11111111111111111111111111111111 I
b11111111111111111111111111111111 M
1)
1*
#482500
0)
#483000
b11111111111111111111111111111111 M
b11111111111111111111111111111111 I
1)
0*
#483500
0)
#484000
b11111111111111111111111111111111 I
b11111111111111111111111111111111 M
1)
1*
#484500
0)
#485000
b11111111111111111111111111111111 M
b11111111111111111111111111111111 I
1)
0*
#485500
0)
#486000
b11111111111111111111111111111111 I
b11111111111111111111111111111111 M
1)
1*
#486500
0)
#487000
b11111111111111111111111111111111 M
b11111111111111111111111111111111 I
1)
0*
#487500
0)
#488000
b11111111111111111111111111111111 I
b11111111111111111111111111111111 M
1)
1*
#488500
0)
#489000
b11111111111111111111111111111111 M
b11111111111111111111111111111111 I
1)
0*
#489500
0)
#490000
b11111111111111111111111111111111 I
b11111111111111111111111111111111 M
1)
1*
#490500
0)
#491000
b11111111111111111111111111111111 M
b11111111111111111111111111111111 I
1)
0*
#491500
0)
#492000
b11111111111111111111111111111111 I
b11111111111111111111111111111111 M
1)
1*
#492500
0)
#493000
b11111111111111111111111111111111 M
b11111111111111111111111111111111 I
1)
0*
#493500
0)
#494000
b11111111111111111111111111111111 I
b11111111111111111111111111111111 M
1)
1*
#494500
0)
#495000
b11111111111111111111111111111111 M
b11111111111111111111111111111111 I
1)
0*
#495500
0)
#496000
b11111111111111111111111111111111 I
b11111111111111111111111111111111 M
1)
1*
#496500
0)
#497000
b11111111111111111111111111111111 M
b11111111111111111111111111111111 I
1)
0*
#497500
0)
#498000
b11111111111111111111111111111111 I
b11111111111111111111111111111111 M
1)
1*
#498500
0)
#499000
b11111111111111111111111111111111 M
b11111111111111111111111111111111 I
1)
0*
#499500
0)
#500000
b11111111111111111111111111111111 I
b11111111111111111111111111111111 M
1)
1*
#500500
0)
#501000
b11111111111111111111111111111111 M
b11111111111111111111111111111111 I
1)
0*
#501500
0)
#502000
b11111111111111111111111111111111 I
b11111111111111111111111111111111 M
1)
1*
#502500
0)
#503000
b11111111111111111111111111111111 M
b11111111111111111111111111111111 I
1)
0*
#503500
0)
#504000
b11111111111111111111111111111111 I
b11111111111111111111111111111111 M
1)
1*
#504500
0)
#505000
b11111111111111111111111111111111 M
b11111111111111111111111111111111 I
1)
0*
#505500
0)
#506000
b11111111111111111111111111111111 I
b11111111111111111111111111111111 M
1)
1*
#506500
0)
#507000
b11111111111111111111111111111111 M
b11111111111111111111111111111111 I
1)
0*
#507500
0)
#508000
b11111111111111111111111111111111 I
b11111111111111111111111111111111 M
1)
1*
#508500
0)
#509000
b11111111111111111111111111111111 M
b11111111111111111111111111111111 I
1)
0*
#509500
0)
#510000
b11111111111111111111111111111111 I
b11111111111111111111111111111111 M
1)
1*
#510500
0)
#511000
b11111111111111111111111111111111 M
b11111111111111111111111111111111 I
1)
0*
#511500
0)
#512000
b11111111111111111111111111111111 I
b11111111111111111111111111111111 M
1)
1*
#512500
0)
#513000
b11111111111111111111111111111111 M
b11111111111111111111111111111111 I
1)
0*
#513500
0)
#514000
b11111111111111111111111111111111 I
b11111111111111111111111111111111 M
1)
1*
#514500
0)
#515000
b11111111111111111111111111111111 M
b11111111111111111111111111111111 I
1)
0*
#515500
0)
#516000
b11111111111111111111111111111111 I
b11111111111111111111111111111111 M
1)
1*
#516500
0)
#517000
b11111111111111111111111111111111 M
b11111111111111111111111111111111 I
1)
0*
#517500
0)
#518000
b11111111111111111111111111111111 I
b11111111111111111111111111111111 M
1)
1*
#518500
0)
#519000
b11111111111111111111111111111111 M
b11111111111111111111111111111111 I
1)
0*
#519500
0)
#520000
b11111111111111111111111111111111 I
b11111111111111111111111111111111 M
1)
1*
#520500
0)
#521000
b11111111111111111111111111111111 M
b11111111111111111111111111111111 I
1)
0*
#521500
0)
#522000
b11111111111111111111111111111111 I
b11111111111111111111111111111111 M
1)
1*
#522500
0)
#523000
b11111111111111111111111111111111 M
b11111111111111111111111111111111 I
1)
0*
#523500
0)
#524000
b11111111111111111111111111111111 I
b11111111111111111111111111111111 M
1)
1*
#524500
0)
#525000
b11111111111111111111111111111111 M
b11111111111111111111111111111111 I
1)
0*
#525500
0)
#526000
b11111111111111111111111111111111 I
b11111111111111111111111111111111 M
1)
1*
#526500
0)
#527000
b11111111111111111111111111111111 M
b11111111111111111111111111111111 I
1)
0*
#527500
0)
#528000
b11111111111111111111111111111111 I
b11111111111111111111111111111111 M
1)
1*
#528500
0)
#529000
b11111111111111111111111111111111 M
b11111111111111111111111111111111 I
1)
0*
#529500
0)
#530000
b11111111111111111111111111111111 I
b11111111111111111111111111111111 M
1)
1*
#530500
0)
#531000
b11111111111111111111111111111111 M
b11111111111111111111111111111111 I
1)
0*
#531500
0)
#532000
b11111111111111111111111111111111 I
b11111111111111111111111111111111 M
1)
1*
#532500
0)
#533000
b11111111111111111111111111111111 M
b11111111111111111111111111111111 I
1)
0*
#533500
0)
#534000
b11111111111111111111111111111111 I
b11111111111111111111111111111111 M
1)
1*
#534500
0)
#535000
b11111111111111111111111111111111 M
b11111111111111111111111111111111 I
1)
0*
#535500
0)
#536000
b11111111111111111111111111111111 I
b11111111111111111111111111111111 M
1)
1*
#536500
0)
#537000
b11111111111111111111111111111111 M
b11111111111111111111111111111111 I
1)
0*
#537500
0)
#538000
b11111111111111111111111111111111 I
b11111111111111111111111111111111 M
1)
1*
#538500
0)
#539000
b11111111111111111111111111111111 M
b11111111111111111111111111111111 I
1)
0*
#539500
0)
#540000
b11111111111111111111111111111111 I
b11111111111111111111111111111111 M
1)
1*
#540500
0)
#541000
b11111111111111111111111111111111 M
b11111111111111111111111111111111 I
1)
0*
#541500
0)
#542000
b11111111111111111111111111111111 I
b11111111111111111111111111111111 M
1)
1*
#542500
0)
#543000
b11111111111111111111111111111111 M
b11111111111111111111111111111111 I
1)
0*
#543500
0)
#544000
b11111111111111111111111111111111 I
b11111111111111111111111111111111 M
1)
1*
#544500
0)
#545000
b11111111111111111111111111111111 M
b11111111111111111111111111111111 I
1)
0*
#545500
0)
#546000
b11111111111111111111111111111111 I
b11111111111111111111111111111111 M
1)
1*
#546500
0)
#547000
b11111111111111111111111111111111 M
b11111111111111111111111111111111 I
1)
0*
#547500
0)
#548000
b11111111111111111111111111111111 I
b11111111111111111111111111111111 M
1)
1*
#548500
0)
#549000
b11111111111111111111111111111111 M
b11111111111111111111111111111111 I
1)
0*
#549500
0)
#550000
b11111111111111111111111111111111 I
b11111111111111111111111111111111 M
1)
1*
#550500
0)
#551000
b11111111111111111111111111111111 M
b11111111111111111111111111111111 I
1)
0*
#551500
0)
#552000
b11111111111111111111111111111111 I
b11111111111111111111111111111111 M
1)
1*
#552500
0)
#553000
b11111111111111111111111111111111 M
b11111111111111111111111111111111 I
1)
0*
#553500
0)
#554000
b11111111111111111111111111111111 I
b11111111111111111111111111111111 M
1)
1*
#554500
0)
#555000
b11111111111111111111111111111111 M
b11111111111111111111111111111111 I
1)
0*
#555500
0)
#556000
b11111111111111111111111111111111 I
b11111111111111111111111111111111 M
1)
1*
#556500
0)
#557000
b11111111111111111111111111111111 M
b11111111111111111111111111111111 I
1)
0*
#557500
0)
#558000
b11111111111111111111111111111111 I
b11111111111111111111111111111111 M
1)
1*
#558500
0)
#559000
b11111111111111111111111111111111 M
b11111111111111111111111111111111 I
1)
0*
#559500
0)
#560000
b11111111111111111111111111111111 I
b11111111111111111111111111111111 M
1)
1*
#560500
0)
#561000
b11111111111111111111111111111111 M
b11111111111111111111111111111111 I
1)
0*
#561500
0)
#562000
b11111111111111111111111111111111 I
b11111111111111111111111111111111 M
1)
1*
#562500
0)
#563000
b11111111111111111111111111111111 M
b11111111111111111111111111111111 I
1)
0*
#563500
0)
#564000
b11111111111111111111111111111111 I
b11111111111111111111111111111111 M
1)
1*
#564500
0)
#565000
b11111111111111111111111111111111 M
b11111111111111111111111111111111 I
1)
0*
#565500
0)
#566000
b11111111111111111111111111111111 I
b11111111111111111111111111111111 M
1)
1*
#566500
0)
#567000
b11111111111111111111111111111111 M
b11111111111111111111111111111111 I
1)
0*
#567500
0)
#568000
b11111111111111111111111111111111 I
b11111111111111111111111111111111 M
1)
1*
#568500
0)
#569000
b11111111111111111111111111111111 M
b11111111111111111111111111111111 I
1)
0*
#569500
0)
#570000
b11111111111111111111111111111111 I
b11111111111111111111111111111111 M
1)
1*
#570500
0)
#571000
b11111111111111111111111111111111 M
b11111111111111111111111111111111 I
1)
0*
#571500
0)
#572000
b11111111111111111111111111111111 I
b11111111111111111111111111111111 M
1)
1*
#572500
0)
#573000
b11111111111111111111111111111111 M
b11111111111111111111111111111111 I
1)
0*
#573500
0)
#574000
b11111111111111111111111111111111 I
b11111111111111111111111111111111 M
1)
1*
#574500
0)
#575000
b11111111111111111111111111111111 M
b11111111111111111111111111111111 I
1)
0*
#575500
0)
#576000
b11111111111111111111111111111111 I
b11111111111111111111111111111111 M
1)
1*
#576500
0)
#577000
b11111111111111111111111111111111 M
b11111111111111111111111111111111 I
1)
0*
#577500
0)
#578000
b11111111111111111111111111111111 I
b11111111111111111111111111111111 M
1)
1*
#578500
0)
#579000
b11111111111111111111111111111111 M
b11111111111111111111111111111111 I
1)
0*
#579500
0)
#580000
b11111111111111111111111111111111 I
b11111111111111111111111111111111 M
1)
1*
#580500
0)
#581000
b11111111111111111111111111111111 M
b11111111111111111111111111111111 I
1)
0*
#581500
0)
#582000
b11111111111111111111111111111111 I
b11111111111111111111111111111111 M
1)
1*
#582500
0)
#583000
b11111111111111111111111111111111 M
b11111111111111111111111111111111 I
1)
0*
#583500
0)
#584000
b11111111111111111111111111111111 I
b11111111111111111111111111111111 M
1)
1*
#584500
0)
#585000
b11111111111111111111111111111111 M
b11111111111111111111111111111111 I
1)
0*
#585500
0)
#586000
b11111111111111111111111111111111 I
b11111111111111111111111111111111 M
1)
1*
#586500
0)
#587000
b11111111111111111111111111111111 M
b11111111111111111111111111111111 I
1)
0*
#587500
0)
#588000
b11111111111111111111111111111111 I
b11111111111111111111111111111111 M
1)
1*
#588500
0)
#589000
b11111111111111111111111111111111 M
b11111111111111111111111111111111 I
1)
0*
#589500
0)
#590000
b11111111111111111111111111111111 I
b11111111111111111111111111111111 M
1)
1*
#590500
0)
#591000
b11111111111111111111111111111111 M
b11111111111111111111111111111111 I
1)
0*
#591500
0)
#592000
b11111111111111111111111111111111 I
b11111111111111111111111111111111 M
1)
1*
#592500
0)
#593000
b11111111111111111111111111111111 M
b11111111111111111111111111111111 I
1)
0*
#593500
0)
#594000
b11111111111111111111111111111111 I
b11111111111111111111111111111111 M
1)
1*
#594500
0)
#595000
b11111111111111111111111111111111 M
b11111111111111111111111111111111 I
1)
0*
#595500
0)
#596000
b11111111111111111111111111111111 I
b11111111111111111111111111111111 M
1)
1*
#596500
0)
#597000
b11111111111111111111111111111111 M
b11111111111111111111111111111111 I
1)
0*
#597500
0)
#598000
b11111111111111111111111111111111 I
b11111111111111111111111111111111 M
1)
1*
#598500
0)
#599000
b11111111111111111111111111111111 M
b11111111111111111111111111111111 I
1)
0*
#599500
0)
#600000
b11111111111111111111111111111111 I
b11111111111111111111111111111111 M
1)
1*
#600500
0)
#601000
b11111111111111111111111111111111 M
b11111111111111111111111111111111 I
1)
0*
#601500
0)
#602000
b11111111111111111111111111111111 I
b11111111111111111111111111111111 M
1)
1*
#602500
0)
#603000
b11111111111111111111111111111111 M
b11111111111111111111111111111111 I
1)
0*
#603500
0)
#604000
b11111111111111111111111111111111 I
b11111111111111111111111111111111 M
1)
1*
#604500
0)
#605000
b11111111111111111111111111111111 M
b11111111111111111111111111111111 I
1)
0*
#605500
0)
#606000
b11111111111111111111111111111111 I
b11111111111111111111111111111111 M
1)
1*
#606500
0)
#607000
b11111111111111111111111111111111 M
b11111111111111111111111111111111 I
1)
0*
#607500
0)
#608000
b11111111111111111111111111111111 I
b11111111111111111111111111111111 M
1)
1*
#608500
0)
#609000
b11111111111111111111111111111111 M
b11111111111111111111111111111111 I
1)
0*
#609500
0)
#610000
b11111111111111111111111111111111 I
b11111111111111111111111111111111 M
1)
1*
#610500
0)
#611000
b11111111111111111111111111111111 M
b11111111111111111111111111111111 I
1)
0*
#611500
0)
#612000
b11111111111111111111111111111111 I
b11111111111111111111111111111111 M
1)
1*
#612500
0)
#613000
b11111111111111111111111111111111 M
b11111111111111111111111111111111 I
1)
0*
#613500
0)
#614000
b11111111111111111111111111111111 I
b11111111111111111111111111111111 M
1)
1*
#614500
0)
#615000
b11111111111111111111111111111111 M
b11111111111111111111111111111111 I
1)
0*
#615500
0)
#616000
b11111111111111111111111111111111 I
b11111111111111111111111111111111 M
1)
1*
#616500
0)
#617000
b11111111111111111111111111111111 M
b11111111111111111111111111111111 I
1)
0*
#617500
0)
#618000
b11111111111111111111111111111111 I
b11111111111111111111111111111111 M
1)
1*
#618500
0)
#619000
b11111111111111111111111111111111 M
b11111111111111111111111111111111 I
1)
0*
#619500
0)
#620000
b11111111111111111111111111111111 I
b11111111111111111111111111111111 M
1)
1*
#620500
0)
#621000
b11111111111111111111111111111111 M
b11111111111111111111111111111111 I
1)
0*
#621500
0)
#622000
b11111111111111111111111111111111 I
b11111111111111111111111111111111 M
1)
1*
#622500
0)
#623000
b11111111111111111111111111111111 M
b11111111111111111111111111111111 I
1)
0*
#623500
0)
#624000
b11111111111111111111111111111111 I
b11111111111111111111111111111111 M
1)
1*
#624500
0)
#625000
b11111111111111111111111111111111 M
b11111111111111111111111111111111 I
1)
0*
#625500
0)
#626000
b11111111111111111111111111111111 I
b11111111111111111111111111111111 M
1)
1*
#626500
0)
#627000
b11111111111111111111111111111111 M
b11111111111111111111111111111111 I
1)
0*
#627500
0)
#628000
b11111111111111111111111111111111 I
b11111111111111111111111111111111 M
1)
1*
#628500
0)
#629000
b11111111111111111111111111111111 M
b11111111111111111111111111111111 I
1)
0*
#629500
0)
#630000
b11111111111111111111111111111111 I
b11111111111111111111111111111111 M
1)
1*
#630500
0)
#631000
b11111111111111111111111111111111 M
b11111111111111111111111111111111 I
1)
0*
#631500
0)
#632000
b11111111111111111111111111111111 I
b11111111111111111111111111111111 M
1)
1*
#632500
0)
#633000
b11111111111111111111111111111111 M
b11111111111111111111111111111111 I
1)
0*
#633500
0)
#634000
b11111111111111111111111111111111 I
b11111111111111111111111111111111 M
1)
1*
#634500
0)
#635000
b11111111111111111111111111111111 M
b11111111111111111111111111111111 I
1)
0*
#635500
0)
#636000
b11111111111111111111111111111111 I
b11111111111111111111111111111111 M
1)
1*
#636500
0)
#637000
b11111111111111111111111111111111 M
b11111111111111111111111111111111 I
1)
0*
#637500
0)
#638000
b11111111111111111111111111111111 I
b11111111111111111111111111111111 M
1)
1*
#638500
0)
#639000
b11111111111111111111111111111111 M
b11111111111111111111111111111111 I
1)
0*
#639500
0)
#640000
b11111111111111111111111111111111 I
b11111111111111111111111111111111 M
1)
1*
#640500
0)
#641000
b11111111111111111111111111111111 M
b11111111111111111111111111111111 I
1)
0*
#641500
0)
#642000
b11111111111111111111111111111111 I
b11111111111111111111111111111111 M
1)
1*
#642500
0)
#643000
b11111111111111111111111111111111 M
b11111111111111111111111111111111 I
1)
0*
#643500
0)
#644000
b11111111111111111111111111111111 I
b11111111111111111111111111111111 M
1)
1*
#644500
0)
#645000
b11111111111111111111111111111111 M
b11111111111111111111111111111111 I
1)
0*
#645500
0)
#646000
b11111111111111111111111111111111 I
b11111111111111111111111111111111 M
1)
1*
#646500
0)
#647000
b11111111111111111111111111111111 M
b11111111111111111111111111111111 I
1)
0*
#647500
0)
#648000
b11111111111111111111111111111111 I
b11111111111111111111111111111111 M
1)
1*
#648500
0)
#649000
b11111111111111111111111111111111 M
b11111111111111111111111111111111 I
1)
0*
#649500
0)
#650000
b11111111111111111111111111111111 I
b11111111111111111111111111111111 M
1)
1*
#650500
0)
#651000
b11111111111111111111111111111111 M
b11111111111111111111111111111111 I
1)
0*
#651500
0)
#652000
b11111111111111111111111111111111 I
b11111111111111111111111111111111 M
1)
1*
#652500
0)
#653000
b11111111111111111111111111111111 M
b11111111111111111111111111111111 I
1)
0*
#653500
0)
#654000
b11111111111111111111111111111111 I
b11111111111111111111111111111111 M
1)
1*
#654500
0)
#655000
b11111111111111111111111111111111 M
b11111111111111111111111111111111 I
1)
0*
#655500
0)
#656000
b11111111111111111111111111111111 I
b11111111111111111111111111111111 M
1)
1*
#656500
0)
#657000
b11111111111111111111111111111111 M
b11111111111111111111111111111111 I
1)
0*
#657500
0)
#658000
b11111111111111111111111111111111 I
b11111111111111111111111111111111 M
1)
1*
#658500
0)
#659000
b11111111111111111111111111111111 M
b11111111111111111111111111111111 I
1)
0*
#659500
0)
#660000
b11111111111111111111111111111111 I
b11111111111111111111111111111111 M
1)
1*
#660500
0)
#661000
b11111111111111111111111111111111 M
b11111111111111111111111111111111 I
1)
0*
#661500
0)
#662000
b11111111111111111111111111111111 I
b11111111111111111111111111111111 M
1)
1*
#662500
0)
#663000
b11111111111111111111111111111111 M
b11111111111111111111111111111111 I
1)
0*
#663500
0)
#664000
b11111111111111111111111111111111 I
b11111111111111111111111111111111 M
1)
1*
#664500
0)
#665000
b11111111111111111111111111111111 M
b11111111111111111111111111111111 I
1)
0*
#665500
0)
#666000
b11111111111111111111111111111111 I
b11111111111111111111111111111111 M
1)
1*
#666500
0)
#667000
b11111111111111111111111111111111 M
b11111111111111111111111111111111 I
1)
0*
#667500
0)
#668000
b11111111111111111111111111111111 I
b11111111111111111111111111111111 M
1)
1*
#668500
0)
#669000
b11111111111111111111111111111111 M
b11111111111111111111111111111111 I
1)
0*
#669500
0)
#670000
b11111111111111111111111111111111 I
b11111111111111111111111111111111 M
1)
1*
#670500
0)
#671000
b11111111111111111111111111111111 M
b11111111111111111111111111111111 I
1)
0*
#671500
0)
#672000
b11111111111111111111111111111111 I
b11111111111111111111111111111111 M
1)
1*
#672500
0)
#673000
b11111111111111111111111111111111 M
b11111111111111111111111111111111 I
1)
0*
#673500
0)
#674000
b11111111111111111111111111111111 I
b11111111111111111111111111111111 M
1)
1*
#674500
0)
#675000
b11111111111111111111111111111111 M
b11111111111111111111111111111111 I
1)
0*
#675500
0)
#676000
b11111111111111111111111111111111 I
b11111111111111111111111111111111 M
1)
1*
#676500
0)
#677000
b11111111111111111111111111111111 M
b11111111111111111111111111111111 I
1)
0*
#677500
0)
#678000
b11111111111111111111111111111111 I
b11111111111111111111111111111111 M
1)
1*
#678500
0)
#679000
b11111111111111111111111111111111 M
b11111111111111111111111111111111 I
1)
0*
#679500
0)
#680000
b11111111111111111111111111111111 I
b11111111111111111111111111111111 M
1)
1*
#680500
0)
#681000
b11111111111111111111111111111111 M
b11111111111111111111111111111111 I
1)
0*
#681500
0)
#682000
b11111111111111111111111111111111 I
b11111111111111111111111111111111 M
1)
1*
#682500
0)
#683000
b11111111111111111111111111111111 M
b11111111111111111111111111111111 I
1)
0*
#683500
0)
#684000
b11111111111111111111111111111111 I
b11111111111111111111111111111111 M
1)
1*
#684500
0)
#685000
b11111111111111111111111111111111 M
b11111111111111111111111111111111 I
1)
0*
#685500
0)
#686000
b11111111111111111111111111111111 I
b11111111111111111111111111111111 M
1)
1*
#686500
0)
#687000
b11111111111111111111111111111111 M
b11111111111111111111111111111111 I
1)
0*
#687500
0)
#688000
b11111111111111111111111111111111 I
b11111111111111111111111111111111 M
1)
1*
#688500
0)
#689000
b11111111111111111111111111111111 M
b11111111111111111111111111111111 I
1)
0*
#689500
0)
#690000
b11111111111111111111111111111111 I
b11111111111111111111111111111111 M
1)
1*
#690500
0)
#691000
b11111111111111111111111111111111 M
b11111111111111111111111111111111 I
1)
0*
#691500
0)
#692000
b11111111111111111111111111111111 I
b11111111111111111111111111111111 M
1)
1*
#692500
0)
#693000
b11111111111111111111111111111111 M
b11111111111111111111111111111111 I
1)
0*
#693500
0)
#694000
b11111111111111111111111111111111 I
b11111111111111111111111111111111 M
1)
1*
#694500
0)
#695000
b11111111111111111111111111111111 M
b11111111111111111111111111111111 I
1)
0*
#695500
0)
#696000
b11111111111111111111111111111111 I
b11111111111111111111111111111111 M
1)
1*
#696500
0)
#697000
b11111111111111111111111111111111 M
b11111111111111111111111111111111 I
1)
0*
#697500
0)
#698000
b11111111111111111111111111111111 I
b11111111111111111111111111111111 M
1)
1*
#698500
0)
#699000
b11111111111111111111111111111111 M
b11111111111111111111111111111111 I
1)
0*
#699500
0)
#700000
b11111111111111111111111111111111 I
b11111111111111111111111111111111 M
1)
1*
#700500
0)
#701000
b11111111111111111111111111111111 M
b11111111111111111111111111111111 I
1)
0*
#701500
0)
#702000
b11111111111111111111111111111111 I
b11111111111111111111111111111111 M
1)
1*
#702500
0)
#703000
b11111111111111111111111111111111 M
b11111111111111111111111111111111 I
1)
0*
#703500
0)
#704000
b11111111111111111111111111111111 I
b11111111111111111111111111111111 M
1)
1*
#704500
0)
#705000
b11111111111111111111111111111111 M
b11111111111111111111111111111111 I
1)
0*
#705500
0)
#706000
b11111111111111111111111111111111 I
b11111111111111111111111111111111 M
1)
1*
#706500
0)
#707000
b11111111111111111111111111111111 M
b11111111111111111111111111111111 I
1)
0*
#707500
0)
#708000
b11111111111111111111111111111111 I
b11111111111111111111111111111111 M
1)
1*
#708500
0)
#709000
b11111111111111111111111111111111 M
b11111111111111111111111111111111 I
1)
0*
#709500
0)
#710000
b11111111111111111111111111111111 I
b11111111111111111111111111111111 M
1)
1*
#710500
0)
#711000
b11111111111111111111111111111111 M
b11111111111111111111111111111111 I
1)
0*
#711500
0)
#712000
b11111111111111111111111111111111 I
b11111111111111111111111111111111 M
1)
1*
#712500
0)
#713000
b11111111111111111111111111111111 M
b11111111111111111111111111111111 I
1)
0*
#713500
0)
#714000
b11111111111111111111111111111111 I
b11111111111111111111111111111111 M
1)
1*
#714500
0)
#715000
b11111111111111111111111111111111 M
b11111111111111111111111111111111 I
1)
0*
#715500
0)
#716000
b11111111111111111111111111111111 I
b11111111111111111111111111111111 M
1)
1*
#716500
0)
#717000
b11111111111111111111111111111111 M
b11111111111111111111111111111111 I
1)
0*
#717500
0)
#718000
b11111111111111111111111111111111 I
b11111111111111111111111111111111 M
1)
1*
#718500
0)
#719000
b11111111111111111111111111111111 M
b11111111111111111111111111111111 I
1)
0*
#719500
0)
#720000
b11111111111111111111111111111111 I
b11111111111111111111111111111111 M
1)
1*
#720500
0)
#721000
b11111111111111111111111111111111 M
b11111111111111111111111111111111 I
1)
0*
#721500
0)
#722000
b11111111111111111111111111111111 I
b11111111111111111111111111111111 M
1)
1*
#722500
0)
#723000
b11111111111111111111111111111111 M
b11111111111111111111111111111111 I
1)
0*
#723500
0)
#724000
b11111111111111111111111111111111 I
b11111111111111111111111111111111 M
1)
1*
#724500
0)
#725000
b11111111111111111111111111111111 M
b11111111111111111111111111111111 I
1)
0*
#725500
0)
#726000
b11111111111111111111111111111111 I
b11111111111111111111111111111111 M
1)
1*
#726500
0)
#727000
b11111111111111111111111111111111 M
b11111111111111111111111111111111 I
1)
0*
#727500
0)
#728000
b11111111111111111111111111111111 I
b11111111111111111111111111111111 M
1)
1*
#728500
0)
#729000
b11111111111111111111111111111111 M
b11111111111111111111111111111111 I
1)
0*
#729500
0)
#730000
b11111111111111111111111111111111 I
b11111111111111111111111111111111 M
1)
1*
#730500
0)
#731000
b11111111111111111111111111111111 M
b11111111111111111111111111111111 I
1)
0*
#731500
0)
#732000
b11111111111111111111111111111111 I
b11111111111111111111111111111111 M
1)
1*
#732500
0)
#733000
b11111111111111111111111111111111 M
b11111111111111111111111111111111 I
1)
0*
#733500
0)
#734000
b11111111111111111111111111111111 I
b11111111111111111111111111111111 M
1)
1*
#734500
0)
#735000
b11111111111111111111111111111111 M
b11111111111111111111111111111111 I
1)
0*
#735500
0)
#736000
b11111111111111111111111111111111 I
b11111111111111111111111111111111 M
1)
1*
#736500
0)
#737000
b11111111111111111111111111111111 M
b11111111111111111111111111111111 I
1)
0*
#737500
0)
#738000
b11111111111111111111111111111111 I
b11111111111111111111111111111111 M
1)
1*
#738500
0)
#739000
b11111111111111111111111111111111 M
b11111111111111111111111111111111 I
1)
0*
#739500
0)
#740000
b11111111111111111111111111111111 I
b11111111111111111111111111111111 M
1)
1*
#740500
0)
#741000
b11111111111111111111111111111111 M
b11111111111111111111111111111111 I
1)
0*
#741500
0)
#742000
b11111111111111111111111111111111 I
b11111111111111111111111111111111 M
1)
1*
#742500
0)
#743000
b11111111111111111111111111111111 M
b11111111111111111111111111111111 I
1)
0*
#743500
0)
#744000
b11111111111111111111111111111111 I
b11111111111111111111111111111111 M
1)
1*
#744500
0)
#745000
b11111111111111111111111111111111 M
b11111111111111111111111111111111 I
1)
0*
#745500
0)
#746000
b11111111111111111111111111111111 I
b11111111111111111111111111111111 M
1)
1*
#746500
0)
#747000
b11111111111111111111111111111111 M
b11111111111111111111111111111111 I
1)
0*
#747500
0)
#748000
b11111111111111111111111111111111 I
b11111111111111111111111111111111 M
1)
1*
#748500
0)
#749000
b11111111111111111111111111111111 M
b11111111111111111111111111111111 I
1)
0*
#749500
0)
#750000
b11111111111111111111111111111111 I
b11111111111111111111111111111111 M
1)
1*
#750500
0)
#751000
b11111111111111111111111111111111 M
b11111111111111111111111111111111 I
1)
0*
#751500
0)
#752000
b11111111111111111111111111111111 I
b11111111111111111111111111111111 M
1)
1*
#752500
0)
#753000
b11111111111111111111111111111111 M
b11111111111111111111111111111111 I
1)
0*
#753500
0)
#754000
b11111111111111111111111111111111 I
b11111111111111111111111111111111 M
1)
1*
#754500
0)
#755000
b11111111111111111111111111111111 M
b11111111111111111111111111111111 I
1)
0*
#755500
0)
#756000
b11111111111111111111111111111111 I
b11111111111111111111111111111111 M
1)
1*
#756500
0)
#757000
b11111111111111111111111111111111 M
b11111111111111111111111111111111 I
1)
0*
#757500
0)
#758000
b11111111111111111111111111111111 I
b11111111111111111111111111111111 M
1)
1*
#758500
0)
#759000
b11111111111111111111111111111111 M
b11111111111111111111111111111111 I
1)
0*
#759500
0)
#760000
b11111111111111111111111111111111 I
b11111111111111111111111111111111 M
1)
1*
#760500
0)
#761000
b11111111111111111111111111111111 M
b11111111111111111111111111111111 I
1)
0*
#761500
0)
#762000
b11111111111111111111111111111111 I
b11111111111111111111111111111111 M
1)
1*
#762500
0)
#763000
b11111111111111111111111111111111 M
b11111111111111111111111111111111 I
1)
0*
#763500
0)
#764000
b11111111111111111111111111111111 I
b11111111111111111111111111111111 M
1)
1*
#764500
0)
#765000
b11111111111111111111111111111111 M
b11111111111111111111111111111111 I
1)
0*
#765500
0)
#766000
b11111111111111111111111111111111 I
b11111111111111111111111111111111 M
1)
1*
#766500
0)
#767000
b11111111111111111111111111111111 M
b11111111111111111111111111111111 I
1)
0*
#767500
0)
#768000
b11111111111111111111111111111111 I
b11111111111111111111111111111111 M
1)
1*
#768500
0)
#769000
b11111111111111111111111111111111 M
b11111111111111111111111111111111 I
1)
0*
#769500
0)
#770000
b11111111111111111111111111111111 I
b11111111111111111111111111111111 M
1)
1*
#770500
0)
#771000
b11111111111111111111111111111111 M
b11111111111111111111111111111111 I
1)
0*
#771500
0)
#772000
b11111111111111111111111111111111 I
b11111111111111111111111111111111 M
1)
1*
#772500
0)
#773000
b11111111111111111111111111111111 M
b11111111111111111111111111111111 I
1)
0*
#773500
0)
#774000
b11111111111111111111111111111111 I
b11111111111111111111111111111111 M
1)
1*
#774500
0)
#775000
b11111111111111111111111111111111 M
b11111111111111111111111111111111 I
1)
0*
#775500
0)
#776000
b11111111111111111111111111111111 I
b11111111111111111111111111111111 M
1)
1*
#776500
0)
#777000
b11111111111111111111111111111111 M
b11111111111111111111111111111111 I
1)
0*
#777500
0)
#778000
b11111111111111111111111111111111 I
b11111111111111111111111111111111 M
1)
1*
#778500
0)
#779000
b11111111111111111111111111111111 M
b11111111111111111111111111111111 I
1)
0*
#779500
0)
#780000
b11111111111111111111111111111111 I
b11111111111111111111111111111111 M
1)
1*
#780500
0)
#781000
b11111111111111111111111111111111 M
b11111111111111111111111111111111 I
1)
0*
#781500
0)
#782000
b11111111111111111111111111111111 I
b11111111111111111111111111111111 M
1)
1*
#782500
0)
#783000
b11111111111111111111111111111111 M
b11111111111111111111111111111111 I
1)
0*
#783500
0)
#784000
b11111111111111111111111111111111 I
b11111111111111111111111111111111 M
1)
1*
#784500
0)
#785000
b11111111111111111111111111111111 M
b11111111111111111111111111111111 I
1)
0*
#785500
0)
#786000
b11111111111111111111111111111111 I
b11111111111111111111111111111111 M
1)
1*
#786500
0)
#787000
b11111111111111111111111111111111 M
b11111111111111111111111111111111 I
1)
0*
#787500
0)
#788000
b11111111111111111111111111111111 I
b11111111111111111111111111111111 M
1)
1*
#788500
0)
#789000
b11111111111111111111111111111111 M
b11111111111111111111111111111111 I
1)
0*
#789500
0)
#790000
b11111111111111111111111111111111 I
b11111111111111111111111111111111 M
1)
1*
#790500
0)
#791000
b11111111111111111111111111111111 M
b11111111111111111111111111111111 I
1)
0*
#791500
0)
#792000
b11111111111111111111111111111111 I
b11111111111111111111111111111111 M
1)
1*
#792500
0)
#793000
b11111111111111111111111111111111 M
b11111111111111111111111111111111 I
1)
0*
#793500
0)
#794000
b11111111111111111111111111111111 I
b11111111111111111111111111111111 M
1)
1*
#794500
0)
#795000
b11111111111111111111111111111111 M
b11111111111111111111111111111111 I
1)
0*
#795500
0)
#796000
b11111111111111111111111111111111 I
b11111111111111111111111111111111 M
1)
1*
#796500
0)
#797000
b11111111111111111111111111111111 M
b11111111111111111111111111111111 I
1)
0*
#797500
0)
#798000
b11111111111111111111111111111111 I
b11111111111111111111111111111111 M
1)
1*
#798500
0)
#799000
b11111111111111111111111111111111 M
b11111111111111111111111111111111 I
1)
0*
#799500
0)
#800000
b11111111111111111111111111111111 I
b11111111111111111111111111111111 M
1)
1*
#800500
0)
#801000
b11111111111111111111111111111111 M
b11111111111111111111111111111111 I
1)
0*
#801500
0)
#802000
b11111111111111111111111111111111 I
b11111111111111111111111111111111 M
1)
1*
#802500
0)
#803000
b11111111111111111111111111111111 M
b11111111111111111111111111111111 I
1)
0*
#803500
0)
#804000
b11111111111111111111111111111111 I
b11111111111111111111111111111111 M
1)
1*
#804500
0)
#805000
b11111111111111111111111111111111 M
b11111111111111111111111111111111 I
1)
0*
#805500
0)
#806000
b11111111111111111111111111111111 I
b11111111111111111111111111111111 M
1)
1*
#806500
0)
#807000
b11111111111111111111111111111111 M
b11111111111111111111111111111111 I
1)
0*
#807500
0)
#808000
b11111111111111111111111111111111 I
b11111111111111111111111111111111 M
1)
1*
#808500
0)
#809000
b11111111111111111111111111111111 M
b11111111111111111111111111111111 I
1)
0*
#809500
0)
#810000
b11111111111111111111111111111111 I
b11111111111111111111111111111111 M
1)
1*
#810500
0)
#811000
b11111111111111111111111111111111 M
b11111111111111111111111111111111 I
1)
0*
#811500
0)
#812000
b11111111111111111111111111111111 I
b11111111111111111111111111111111 M
1)
1*
#812500
0)
#813000
b11111111111111111111111111111111 M
b11111111111111111111111111111111 I
1)
0*
#813500
0)
#814000
b11111111111111111111111111111111 I
b11111111111111111111111111111111 M
1)
1*
#814500
0)
#815000
b11111111111111111111111111111111 M
b11111111111111111111111111111111 I
1)
0*
#815500
0)
#816000
b11111111111111111111111111111111 I
b11111111111111111111111111111111 M
1)
1*
#816500
0)
#817000
b11111111111111111111111111111111 M
b11111111111111111111111111111111 I
1)
0*
#817500
0)
#818000
b11111111111111111111111111111111 I
b11111111111111111111111111111111 M
1)
1*
#818500
0)
#819000
b11111111111111111111111111111111 M
b11111111111111111111111111111111 I
1)
0*
#819500
0)
#820000
b11111111111111111111111111111111 I
b11111111111111111111111111111111 M
1)
1*
#820500
0)
#821000
b11111111111111111111111111111111 M
b11111111111111111111111111111111 I
1)
0*
#821500
0)
#822000
b11111111111111111111111111111111 I
b11111111111111111111111111111111 M
1)
1*
#822500
0)
#823000
b11111111111111111111111111111111 M
b11111111111111111111111111111111 I
1)
0*
#823500
0)
#824000
b11111111111111111111111111111111 I
b11111111111111111111111111111111 M
1)
1*
#824500
0)
#825000
b11111111111111111111111111111111 M
b11111111111111111111111111111111 I
1)
0*
#825500
0)
#826000
b11111111111111111111111111111111 I
b11111111111111111111111111111111 M
1)
1*
#826500
0)
#827000
b11111111111111111111111111111111 M
b11111111111111111111111111111111 I
1)
0*
#827500
0)
#828000
b11111111111111111111111111111111 I
b11111111111111111111111111111111 M
1)
1*
#828500
0)
#829000
b11111111111111111111111111111111 M
b11111111111111111111111111111111 I
1)
0*
#829500
0)
#830000
b11111111111111111111111111111111 I
b11111111111111111111111111111111 M
1)
1*
#830500
0)
#831000
b11111111111111111111111111111111 M
b11111111111111111111111111111111 I
1)
0*
#831500
0)
#832000
b11111111111111111111111111111111 I
b11111111111111111111111111111111 M
1)
1*
#832500
0)
#833000
b11111111111111111111111111111111 M
b11111111111111111111111111111111 I
1)
0*
#833500
0)
#834000
b11111111111111111111111111111111 I
b11111111111111111111111111111111 M
1)
1*
#834500
0)
#835000
b11111111111111111111111111111111 M
b11111111111111111111111111111111 I
1)
0*
#835500
0)
#836000
b11111111111111111111111111111111 I
b11111111111111111111111111111111 M
1)
1*
#836500
0)
#837000
b11111111111111111111111111111111 M
b11111111111111111111111111111111 I
1)
0*
#837500
0)
#838000
b11111111111111111111111111111111 I
b11111111111111111111111111111111 M
1)
1*
#838500
0)
#839000
b11111111111111111111111111111111 M
b11111111111111111111111111111111 I
1)
0*
#839500
0)
#840000
b11111111111111111111111111111111 I
b11111111111111111111111111111111 M
1)
1*
#840500
0)
#841000
b11111111111111111111111111111111 M
b11111111111111111111111111111111 I
1)
0*
#841500
0)
#842000
b11111111111111111111111111111111 I
b11111111111111111111111111111111 M
1)
1*
#842500
0)
#843000
b11111111111111111111111111111111 M
b11111111111111111111111111111111 I
1)
0*
#843500
0)
#844000
b11111111111111111111111111111111 I
b11111111111111111111111111111111 M
1)
1*
#844500
0)
#845000
b11111111111111111111111111111111 M
b11111111111111111111111111111111 I
1)
0*
#845500
0)
#846000
b11111111111111111111111111111111 I
b11111111111111111111111111111111 M
1)
1*
#846500
0)
#847000
b11111111111111111111111111111111 M
b11111111111111111111111111111111 I
1)
0*
#847500
0)
#848000
b11111111111111111111111111111111 I
b11111111111111111111111111111111 M
1)
1*
#848500
0)
#849000
b11111111111111111111111111111111 M
b11111111111111111111111111111111 I
1)
0*
#849500
0)
#850000
b11111111111111111111111111111111 I
b11111111111111111111111111111111 M
1)
1*
#850500
0)
#851000
b11111111111111111111111111111111 M
b11111111111111111111111111111111 I
1)
0*
#851500
0)
#852000
b11111111111111111111111111111111 I
b11111111111111111111111111111111 M
1)
1*
#852500
0)
#853000
b11111111111111111111111111111111 M
b11111111111111111111111111111111 I
1)
0*
#853500
0)
#854000
b11111111111111111111111111111111 I
b11111111111111111111111111111111 M
1)
1*
#854500
0)
#855000
b11111111111111111111111111111111 M
b11111111111111111111111111111111 I
1)
0*
#855500
0)
#856000
b11111111111111111111111111111111 I
b11111111111111111111111111111111 M
1)
1*
#856500
0)
#857000
b11111111111111111111111111111111 M
b11111111111111111111111111111111 I
1)
0*
#857500
0)
#858000
b11111111111111111111111111111111 I
b11111111111111111111111111111111 M
1)
1*
#858500
0)
#859000
b11111111111111111111111111111111 M
b11111111111111111111111111111111 I
1)
0*
#859500
0)
#860000
b11111111111111111111111111111111 I
b11111111111111111111111111111111 M
1)
1*
#860500
0)
#861000
b11111111111111111111111111111111 M
b11111111111111111111111111111111 I
1)
0*
#861500
0)
#862000
b11111111111111111111111111111111 I
b11111111111111111111111111111111 M
1)
1*
#862500
0)
#863000
b11111111111111111111111111111111 M
b11111111111111111111111111111111 I
1)
0*
#863500
0)
#864000
b11111111111111111111111111111111 I
b11111111111111111111111111111111 M
1)
1*
#864500
0)
#865000
b11111111111111111111111111111111 M
b11111111111111111111111111111111 I
1)
0*
#865500
0)
#866000
b11111111111111111111111111111111 I
b11111111111111111111111111111111 M
1)
1*
#866500
0)
#867000
b11111111111111111111111111111111 M
b11111111111111111111111111111111 I
1)
0*
#867500
0)
#868000
b11111111111111111111111111111111 I
b11111111111111111111111111111111 M
1)
1*
#868500
0)
#869000
b11111111111111111111111111111111 M
b11111111111111111111111111111111 I
1)
0*
#869500
0)
#870000
b11111111111111111111111111111111 I
b11111111111111111111111111111111 M
1)
1*
#870500
0)
#871000
b11111111111111111111111111111111 M
b11111111111111111111111111111111 I
1)
0*
#871500
0)
#872000
b11111111111111111111111111111111 I
b11111111111111111111111111111111 M
1)
1*
#872500
0)
#873000
b11111111111111111111111111111111 M
b11111111111111111111111111111111 I
1)
0*
#873500
0)
#874000
b11111111111111111111111111111111 I
b11111111111111111111111111111111 M
1)
1*
#874500
0)
#875000
b11111111111111111111111111111111 M
b11111111111111111111111111111111 I
1)
0*
#875500
0)
#876000
b11111111111111111111111111111111 I
b11111111111111111111111111111111 M
1)
1*
#876500
0)
#877000
b11111111111111111111111111111111 M
b11111111111111111111111111111111 I
1)
0*
#877500
0)
#878000
b11111111111111111111111111111111 I
b11111111111111111111111111111111 M
1)
1*
#878500
0)
#879000
b11111111111111111111111111111111 M
b11111111111111111111111111111111 I
1)
0*
#879500
0)
#880000
b11111111111111111111111111111111 I
b11111111111111111111111111111111 M
1)
1*
#880500
0)
#881000
b11111111111111111111111111111111 M
b11111111111111111111111111111111 I
1)
0*
#881500
0)
#882000
b11111111111111111111111111111111 I
b11111111111111111111111111111111 M
1)
1*
#882500
0)
#883000
b11111111111111111111111111111111 M
b11111111111111111111111111111111 I
1)
0*
#883500
0)
#884000
b11111111111111111111111111111111 I
b11111111111111111111111111111111 M
1)
1*
#884500
0)
#885000
b11111111111111111111111111111111 M
b11111111111111111111111111111111 I
1)
0*
#885500
0)
#886000
b11111111111111111111111111111111 I
b11111111111111111111111111111111 M
1)
1*
#886500
0)
#887000
b11111111111111111111111111111111 M
b11111111111111111111111111111111 I
1)
0*
#887500
0)
#888000
b11111111111111111111111111111111 I
b11111111111111111111111111111111 M
1)
1*
#888500
0)
#889000
b11111111111111111111111111111111 M
b11111111111111111111111111111111 I
1)
0*
#889500
0)
#890000
b11111111111111111111111111111111 I
b11111111111111111111111111111111 M
1)
1*
#890500
0)
#891000
b11111111111111111111111111111111 M
b11111111111111111111111111111111 I
1)
0*
#891500
0)
#892000
b11111111111111111111111111111111 I
b11111111111111111111111111111111 M
1)
1*
#892500
0)
#893000
b11111111111111111111111111111111 M
b11111111111111111111111111111111 I
1)
0*
#893500
0)
#894000
b11111111111111111111111111111111 I
b11111111111111111111111111111111 M
1)
1*
#894500
0)
#895000
b11111111111111111111111111111111 M
b11111111111111111111111111111111 I
1)
0*
#895500
0)
#896000
b11111111111111111111111111111111 I
b11111111111111111111111111111111 M
1)
1*
#896500
0)
#897000
b11111111111111111111111111111111 M
b11111111111111111111111111111111 I
1)
0*
#897500
0)
#898000
b11111111111111111111111111111111 I
b11111111111111111111111111111111 M
1)
1*
#898500
0)
#899000
b11111111111111111111111111111111 M
b11111111111111111111111111111111 I
1)
0*
#899500
0)
#900000
b11111111111111111111111111111111 I
b11111111111111111111111111111111 M
1)
1*
#900500
0)
#901000
b11111111111111111111111111111111 M
b11111111111111111111111111111111 I
1)
0*
#901500
0)
#902000
b11111111111111111111111111111111 I
b11111111111111111111111111111111 M
1)
1*
#902500
0)
#903000
b11111111111111111111111111111111 M
b11111111111111111111111111111111 I
1)
0*
#903500
0)
#904000
b11111111111111111111111111111111 I
b11111111111111111111111111111111 M
1)
1*
#904500
0)
#905000
b11111111111111111111111111111111 M
b11111111111111111111111111111111 I
1)
0*
#905500
0)
#906000
b11111111111111111111111111111111 I
b11111111111111111111111111111111 M
1)
1*
#906500
0)
#907000
b11111111111111111111111111111111 M
b11111111111111111111111111111111 I
1)
0*
#907500
0)
#908000
b11111111111111111111111111111111 I
b11111111111111111111111111111111 M
1)
1*
#908500
0)
#909000
b11111111111111111111111111111111 M
b11111111111111111111111111111111 I
1)
0*
#909500
0)
#910000
b11111111111111111111111111111111 I
b11111111111111111111111111111111 M
1)
1*
#910500
0)
#911000
b11111111111111111111111111111111 M
b11111111111111111111111111111111 I
1)
0*
#911500
0)
#912000
b11111111111111111111111111111111 I
b11111111111111111111111111111111 M
1)
1*
#912500
0)
#913000
b11111111111111111111111111111111 M
b11111111111111111111111111111111 I
1)
0*
#913500
0)
#914000
b11111111111111111111111111111111 I
b11111111111111111111111111111111 M
1)
1*
#914500
0)
#915000
b11111111111111111111111111111111 M
b11111111111111111111111111111111 I
1)
0*
#915500
0)
#916000
b11111111111111111111111111111111 I
b11111111111111111111111111111111 M
1)
1*
#916500
0)
#917000
b11111111111111111111111111111111 M
b11111111111111111111111111111111 I
1)
0*
#917500
0)
#918000
b11111111111111111111111111111111 I
b11111111111111111111111111111111 M
1)
1*
#918500
0)
#919000
b11111111111111111111111111111111 M
b11111111111111111111111111111111 I
1)
0*
#919500
0)
#920000
b11111111111111111111111111111111 I
b11111111111111111111111111111111 M
1)
1*
#920500
0)
#921000
b11111111111111111111111111111111 M
b11111111111111111111111111111111 I
1)
0*
#921500
0)
#922000
b11111111111111111111111111111111 I
b11111111111111111111111111111111 M
1)
1*
#922500
0)
#923000
b11111111111111111111111111111111 M
b11111111111111111111111111111111 I
1)
0*
#923500
0)
#924000
b11111111111111111111111111111111 I
b11111111111111111111111111111111 M
1)
1*
#924500
0)
#925000
b11111111111111111111111111111111 M
b11111111111111111111111111111111 I
1)
0*
#925500
0)
#926000
b11111111111111111111111111111111 I
b11111111111111111111111111111111 M
1)
1*
#926500
0)
#927000
b11111111111111111111111111111111 M
b11111111111111111111111111111111 I
1)
0*
#927500
0)
#928000
b11111111111111111111111111111111 I
b11111111111111111111111111111111 M
1)
1*
#928500
0)
#929000
b11111111111111111111111111111111 M
b11111111111111111111111111111111 I
1)
0*
#929500
0)
#930000
b11111111111111111111111111111111 I
b11111111111111111111111111111111 M
1)
1*
#930500
0)
#931000
b11111111111111111111111111111111 M
b11111111111111111111111111111111 I
1)
0*
#931500
0)
#932000
b11111111111111111111111111111111 I
b11111111111111111111111111111111 M
1)
1*
#932500
0)
#933000
b11111111111111111111111111111111 M
b11111111111111111111111111111111 I
1)
0*
#933500
0)
#934000
b11111111111111111111111111111111 I
b11111111111111111111111111111111 M
1)
1*
#934500
0)
#935000
b11111111111111111111111111111111 M
b11111111111111111111111111111111 I
1)
0*
#935500
0)
#936000
b11111111111111111111111111111111 I
b11111111111111111111111111111111 M
1)
1*
#936500
0)
#937000
b11111111111111111111111111111111 M
b11111111111111111111111111111111 I
1)
0*
#937500
0)
#938000
b11111111111111111111111111111111 I
b11111111111111111111111111111111 M
1)
1*
#938500
0)
#939000
b11111111111111111111111111111111 M
b11111111111111111111111111111111 I
1)
0*
#939500
0)
#940000
b11111111111111111111111111111111 I
b11111111111111111111111111111111 M
1)
1*
#940500
0)
#941000
b11111111111111111111111111111111 M
b11111111111111111111111111111111 I
1)
0*
#941500
0)
#942000
b11111111111111111111111111111111 I
b11111111111111111111111111111111 M
1)
1*
#942500
0)
#943000
b11111111111111111111111111111111 M
b11111111111111111111111111111111 I
1)
0*
#943500
0)
#944000
b11111111111111111111111111111111 I
b11111111111111111111111111111111 M
1)
1*
#944500
0)
#945000
b11111111111111111111111111111111 M
b11111111111111111111111111111111 I
1)
0*
#945500
0)
#946000
b11111111111111111111111111111111 I
b11111111111111111111111111111111 M
1)
1*
#946500
0)
#947000
b11111111111111111111111111111111 M
b11111111111111111111111111111111 I
1)
0*
#947500
0)
#948000
b11111111111111111111111111111111 I
b11111111111111111111111111111111 M
1)
1*
#948500
0)
#949000
b11111111111111111111111111111111 M
b11111111111111111111111111111111 I
1)
0*
#949500
0)
#950000
b11111111111111111111111111111111 I
b11111111111111111111111111111111 M
1)
1*
#950500
0)
#951000
b11111111111111111111111111111111 M
b11111111111111111111111111111111 I
1)
0*
#951500
0)
#952000
b11111111111111111111111111111111 I
b11111111111111111111111111111111 M
1)
1*
#952500
0)
#953000
b11111111111111111111111111111111 M
b11111111111111111111111111111111 I
1)
0*
#953500
0)
#954000
b11111111111111111111111111111111 I
b11111111111111111111111111111111 M
1)
1*
#954500
0)
#955000
b11111111111111111111111111111111 M
b11111111111111111111111111111111 I
1)
0*
#955500
0)
#956000
b11111111111111111111111111111111 I
b11111111111111111111111111111111 M
1)
1*
#956500
0)
#957000
b11111111111111111111111111111111 M
b11111111111111111111111111111111 I
1)
0*
#957500
0)
#958000
b11111111111111111111111111111111 I
b11111111111111111111111111111111 M
1)
1*
#958500
0)
#959000
b11111111111111111111111111111111 M
b11111111111111111111111111111111 I
1)
0*
#959500
0)
#960000
b11111111111111111111111111111111 I
b11111111111111111111111111111111 M
1)
1*
#960500
0)
#961000
b11111111111111111111111111111111 M
b11111111111111111111111111111111 I
1)
0*
#961500
0)
#962000
b11111111111111111111111111111111 I
b11111111111111111111111111111111 M
1)
1*
#962500
0)
#963000
b11111111111111111111111111111111 M
b11111111111111111111111111111111 I
1)
0*
#963500
0)
#964000
b11111111111111111111111111111111 I
b11111111111111111111111111111111 M
1)
1*
#964500
0)
#965000
b11111111111111111111111111111111 M
b11111111111111111111111111111111 I
1)
0*
#965500
0)
#966000
b11111111111111111111111111111111 I
b11111111111111111111111111111111 M
1)
1*
#966500
0)
#967000
b11111111111111111111111111111111 M
b11111111111111111111111111111111 I
1)
0*
#967500
0)
#968000
b11111111111111111111111111111111 I
b11111111111111111111111111111111 M
1)
1*
#968500
0)
#969000
b11111111111111111111111111111111 M
b11111111111111111111111111111111 I
1)
0*
#969500
0)
#970000
b11111111111111111111111111111111 I
b11111111111111111111111111111111 M
1)
1*
#970500
0)
#971000
b11111111111111111111111111111111 M
b11111111111111111111111111111111 I
1)
0*
#971500
0)
#972000
b11111111111111111111111111111111 I
b11111111111111111111111111111111 M
1)
1*
#972500
0)
#973000
b11111111111111111111111111111111 M
b11111111111111111111111111111111 I
1)
0*
#973500
0)
#974000
b11111111111111111111111111111111 I
b11111111111111111111111111111111 M
1)
1*
#974500
0)
#975000
b11111111111111111111111111111111 M
b11111111111111111111111111111111 I
1)
0*
#975500
0)
#976000
b11111111111111111111111111111111 I
b11111111111111111111111111111111 M
1)
1*
#976500
0)
#977000
b11111111111111111111111111111111 M
b11111111111111111111111111111111 I
1)
0*
#977500
0)
#978000
b11111111111111111111111111111111 I
b11111111111111111111111111111111 M
1)
1*
#978500
0)
#979000
b11111111111111111111111111111111 M
b11111111111111111111111111111111 I
1)
0*
#979500
0)
#980000
b11111111111111111111111111111111 I
b11111111111111111111111111111111 M
1)
1*
#980500
0)
#981000
b11111111111111111111111111111111 M
b11111111111111111111111111111111 I
1)
0*
#981500
0)
#982000
b11111111111111111111111111111111 I
b11111111111111111111111111111111 M
1)
1*
#982500
0)
#983000
b11111111111111111111111111111111 M
b11111111111111111111111111111111 I
1)
0*
#983500
0)
#984000
b11111111111111111111111111111111 I
b11111111111111111111111111111111 M
1)
1*
#984500
0)
#985000
b11111111111111111111111111111111 M
b11111111111111111111111111111111 I
1)
0*
#985500
0)
#986000
b11111111111111111111111111111111 I
b11111111111111111111111111111111 M
1)
1*
#986500
0)
#987000
b11111111111111111111111111111111 M
b11111111111111111111111111111111 I
1)
0*
#987500
0)
#988000
b11111111111111111111111111111111 I
b11111111111111111111111111111111 M
1)
1*
#988500
0)
#989000
b11111111111111111111111111111111 M
b11111111111111111111111111111111 I
1)
0*
#989500
0)
#990000
b11111111111111111111111111111111 I
b11111111111111111111111111111111 M
1)
1*
#990500
0)
#991000
b11111111111111111111111111111111 M
b11111111111111111111111111111111 I
1)
0*
#991500
0)
#992000
b11111111111111111111111111111111 I
b11111111111111111111111111111111 M
1)
1*
#992500
0)
#993000
b11111111111111111111111111111111 M
b11111111111111111111111111111111 I
1)
0*
#993500
0)
#994000
b11111111111111111111111111111111 I
b11111111111111111111111111111111 M
1)
1*
#994500
0)
#995000
b11111111111111111111111111111111 M
b11111111111111111111111111111111 I
1)
0*
#995500
0)
#996000
b11111111111111111111111111111111 I
b11111111111111111111111111111111 M
1)
1*
#996500
0)
#997000
b11111111111111111111111111111111 M
b11111111111111111111111111111111 I
1)
0*
#997500
0)
#998000
b11111111111111111111111111111111 I
b11111111111111111111111111111111 M
1)
1*
#998500
0)
#999000
b11111111111111111111111111111111 M
b11111111111111111111111111111111 I
1)
0*
#999500
0)
#1000000
b11111111111111111111111111111111 I
b11111111111111111111111111111111 M
1)
1*
