addr,v5,v6,v5_comment,v6_comment
0,3df01,3df01,SPIWrite [3DF]=01,SPIWrite [3DF]=01
1,29514,29514,"SPIWrite [295]=14, Power up XO path (Default)","SPIWrite [295]=14, Power up XO path (Default)"
2,2a60e,2a60e,"SPIWrite [2A6]=0E, Enable Master Bias","SPIWrite [2A6]=0E, Enable Master Bias"
3,2a80e,2a80e,"SPIWrite [2A8]=0E, Set Bandgap Trim","SPIWrite [2A8]=0E, Set Bandgap Trim"
4,29208,29208,"SPIWrite [292]=08, Set DCXO Coarse Tune[5:0]","SPIWrite [292]=08, Set DCXO Coarse Tune[5:0]"
5,29380,29380,"SPIWrite [293]=80, Set DCXO Fine Tune [12:5]","SPIWrite [293]=80, Set DCXO Fine Tune [12:5]"
6,29400,29400,"SPIWrite [294]=00, Set DCXO Fine Tune [4:0]","SPIWrite [294]=00, Set DCXO Fine Tune [4:0]"
7,2ab07,2ab07,"SPIWrite [2AB]=07, Set RF PLL reflclk scale to REFCLK * 2","SPIWrite [2AB]=07, Set RF PLL reflclk scale to REFCLK * 2"
8,2acff,2acff,"SPIWrite [2AC]=FF, Set RF PLL reflclk scale to REFCLK * 2","SPIWrite [2AC]=FF, Set RF PLL reflclk scale to REFCLK * 2"
9,00907,00917,"SPIWrite [009]=07, Enable Clocks","SPIWrite [009]=17, Enable Clocks"
10,40000,40000,"WAIT 20 ms, waits 20 ms","WAIT 20 ms, waits 20 ms"
11,04500,04500,"SPIWrite [045]=00, Set BBPLL reflclk scale to REFCLK /1","SPIWrite [045]=00, Set BBPLL reflclk scale to REFCLK /1"
12,04602,04602,"SPIWrite [046]=02, Set BBPLL Loop Filter Charge Pump current","SPIWrite [046]=02, Set BBPLL Loop Filter Charge Pump current"
13,048e8,048e8,"SPIWrite [048]=E8, Set BBPLL Loop Filter C1, R1","SPIWrite [048]=E8, Set BBPLL Loop Filter C1, R1"
14,0495b,0495b,"SPIWrite [049]=5B, Set BBPLL Loop Filter R2, C2, C1","SPIWrite [049]=5B, Set BBPLL Loop Filter R2, C2, C1"
15,04a35,04a35,"SPIWrite [04A]=35, Set BBPLL Loop Filter C3,R2","SPIWrite [04A]=35, Set BBPLL Loop Filter C3,R2"
16,04be0,04be0,"SPIWrite [04B]=E0, Allow calibration to occur and set cal count to 1024 for max accuracy","SPIWrite [04B]=E0, Allow calibration to occur and set cal count to 1024 for max accuracy"
17,04e10,04e10,"SPIWrite [04E]=10, Set calibration clock to REFCLK/4 for more accuracy","SPIWrite [04E]=10, Set calibration clock to REFCLK/4 for more accuracy"
18,0431f,0431f,"SPIWrite [043]=1F, BBPLL Freq Word (Fractional[7:0])","SPIWrite [043]=1F, BBPLL Freq Word (Fractional[7:0])"
19,042c5,042c5,"SPIWrite [042]=C5, BBPLL Freq Word (Fractional[15:8])","SPIWrite [042]=C5, BBPLL Freq Word (Fractional[15:8])"
20,0410d,0410d,"SPIWrite [041]=0D, BBPLL Freq Word (Fractional[23:16])","SPIWrite [041]=0D, BBPLL Freq Word (Fractional[23:16])"
21,04412,04412,"SPIWrite [044]=12, BBPLL Freq Word (Integer[7:0])","SPIWrite [044]=12, BBPLL Freq Word (Integer[7:0])"
22,03f05,03f05,"SPIWrite [03F]=05, Start BBPLL Calibration","SPIWrite [03F]=05, Start BBPLL Calibration"
23,03f01,03f01,"SPIWrite [03F]=01, Clear BBPLL start calibration bit","SPIWrite [03F]=01, Clear BBPLL start calibration bit"
24,04c86,04c86,"SPIWrite [04C]=86, Increase BBPLL KV and phase margin","SPIWrite [04C]=86, Increase BBPLL KV and phase margin"
25,04d01,04d01,"SPIWrite [04D]=01, Increase BBPLL KV and phase margin","SPIWrite [04D]=01, Increase BBPLL KV and phase margin"
26,04d05,04d05,"SPIWrite [04D]=05, Increase BBPLL KV and phase margin","SPIWrite [04D]=05, Increase BBPLL KV and phase margin"
27,40000,40000,"WAIT 20 ms, WAIT_CALDONE	BBPLL,2000	, Wait for BBPLL to lock, Timeout 2sec, Max BBPLL VCO Cal Time: 345.600 us (Done when 0x05E[7]==1)","WAIT 20 ms, WAIT_CALDONE	BBPLL,2000	, Wait for BBPLL to lock, Timeout 2sec, Max BBPLL VCO Cal Time: 345.600 us (Done when 0x05E[7]==1)"
28,002e1,002e1,"SPIWrite [002]=E1, Setup Tx Digital Filters/ Channels","SPIWrite [002]=E1, Setup Tx Digital Filters/ Channels"
29,003e2,003e2,"SPIWrite [003]=E2, Setup Rx Digital Filters/ Channels","SPIWrite [003]=E2, Setup Rx Digital Filters/ Channels"
30,00403,00403,"SPIWrite [004]=03, Select Rx input pin(A,B,C)/ Tx out pin (A,B)","SPIWrite [004]=03, Select Rx input pin(A,B,C)/ Tx out pin (A,B)"
31,00a09,00a09,"SPIWrite [00A]=09, Set BBPLL post divide rate","SPIWrite [00A]=09, Set BBPLL post divide rate"
32,0655a,0655a,"SPIWrite [065]=5A, Enable clock to Tx FIR Filter and set Filter gain Setting","SPIWrite [065]=5A, Enable clock to Tx FIR Filter and set Filter gain Setting"
33,40000,40000,"WAIT 1 ms, waits 1 ms","WAIT 1 ms, waits 1 ms"
34,06000,06000,"SPIWrite [060]=00, Write FIR coefficient address","SPIWrite [060]=00, Write FIR coefficient address"
35,06109,06109,"SPIWrite [061]=09, Write FIR coefficient data[7:0]","SPIWrite [061]=09, Write FIR coefficient data[7:0]"
36,06200,06200,"SPIWrite [062]=00, Write FIR coefficient data[15:8]","SPIWrite [062]=00, Write FIR coefficient data[15:8]"
37,0655e,0655e,"SPIWrite [065]=5E, Set Write EN to push data into FIR filter register map","SPIWrite [065]=5E, Set Write EN to push data into FIR filter register map"
38,06400,06400,"SPIWrite [064]=00, Write to Read only register to delay ~1us","SPIWrite [064]=00, Write to Read only register to delay ~1us"
39,06400,06400,"SPIWrite [064]=00, Write to Read only register to delay ~1us","SPIWrite [064]=00, Write to Read only register to delay ~1us"
40,06001,06001,SPIWrite [060]=01,SPIWrite [060]=01
41,06175,06175,SPIWrite [061]=75,SPIWrite [061]=75
42,06200,06200,SPIWrite [062]=00,SPIWrite [062]=00
43,0655e,0655e,SPIWrite [065]=5E,SPIWrite [065]=5E
44,06400,06400,SPIWrite [064]=00,SPIWrite [064]=00
45,06400,06400,SPIWrite [064]=00,SPIWrite [064]=00
46,06002,06002,SPIWrite [060]=02,SPIWrite [060]=02
47,061ed,061ed,SPIWrite [061]=ED,SPIWrite [061]=ED
48,06200,06200,SPIWrite [062]=00,SPIWrite [062]=00
49,0655e,0655e,SPIWrite [065]=5E,SPIWrite [065]=5E
50,06400,06400,SPIWrite [064]=00,SPIWrite [064]=00
51,06400,06400,SPIWrite [064]=00,SPIWrite [064]=00
52,06003,06003,SPIWrite [060]=03,SPIWrite [060]=03
53,061bb,061bb,SPIWrite [061]=BB,SPIWrite [061]=BB
54,062ff,062ff,SPIWrite [062]=FF,SPIWrite [062]=FF
55,0655e,0655e,SPIWrite [065]=5E,SPIWrite [065]=5E
56,06400,06400,SPIWrite [064]=00,SPIWrite [064]=00
57,06400,06400,SPIWrite [064]=00,SPIWrite [064]=00
58,06004,06004,SPIWrite [060]=04,SPIWrite [060]=04
59,061d1,061d1,SPIWrite [061]=D1,SPIWrite [061]=D1
60,062fe,062fe,SPIWrite [062]=FE,SPIWrite [062]=FE
61,0655e,0655e,SPIWrite [065]=5E,SPIWrite [065]=5E
62,06400,06400,SPIWrite [064]=00,SPIWrite [064]=00
63,06400,06400,SPIWrite [064]=00,SPIWrite [064]=00
64,06005,06005,SPIWrite [060]=05,SPIWrite [060]=05
65,06124,06124,SPIWrite [061]=24,SPIWrite [061]=24
66,06201,06201,SPIWrite [062]=01,SPIWrite [062]=01
67,0655e,0655e,SPIWrite [065]=5E,SPIWrite [065]=5E
68,06400,06400,SPIWrite [064]=00,SPIWrite [064]=00
69,06400,06400,SPIWrite [064]=00,SPIWrite [064]=00
70,06006,06006,SPIWrite [060]=06,SPIWrite [060]=06
71,06156,06156,SPIWrite [061]=56,SPIWrite [061]=56
72,06201,06201,SPIWrite [062]=01,SPIWrite [062]=01
73,0655e,0655e,SPIWrite [065]=5E,SPIWrite [065]=5E
74,06400,06400,SPIWrite [064]=00,SPIWrite [064]=00
75,06400,06400,SPIWrite [064]=00,SPIWrite [064]=00
76,06007,06007,SPIWrite [060]=07,SPIWrite [060]=07
77,06139,06139,SPIWrite [061]=39,SPIWrite [061]=39
78,062fd,062fd,SPIWrite [062]=FD,SPIWrite [062]=FD
79,0655e,0655e,SPIWrite [065]=5E,SPIWrite [065]=5E
80,06400,06400,SPIWrite [064]=00,SPIWrite [064]=00
81,06400,06400,SPIWrite [064]=00,SPIWrite [064]=00
82,06008,06008,SPIWrite [060]=08,SPIWrite [060]=08
83,06191,06191,SPIWrite [061]=91,SPIWrite [061]=91
84,062ff,062ff,SPIWrite [062]=FF,SPIWrite [062]=FF
85,0655e,0655e,SPIWrite [065]=5E,SPIWrite [065]=5E
86,06400,06400,SPIWrite [064]=00,SPIWrite [064]=00
87,06400,06400,SPIWrite [064]=00,SPIWrite [064]=00
88,06009,06009,SPIWrite [060]=09,SPIWrite [060]=09
89,061dc,061dc,SPIWrite [061]=DC,SPIWrite [061]=DC
90,06204,06204,SPIWrite [062]=04,SPIWrite [062]=04
91,0655e,0655e,SPIWrite [065]=5E,SPIWrite [065]=5E
92,06400,06400,SPIWrite [064]=00,SPIWrite [064]=00
93,06400,06400,SPIWrite [064]=00,SPIWrite [064]=00
94,0600a,0600a,SPIWrite [060]=0A,SPIWrite [060]=0A
95,06177,06177,SPIWrite [061]=77,SPIWrite [061]=77
96,062fd,062fd,SPIWrite [062]=FD,SPIWrite [062]=FD
97,0655e,0655e,SPIWrite [065]=5E,SPIWrite [065]=5E
98,06400,06400,SPIWrite [064]=00,SPIWrite [064]=00
99,06400,06400,SPIWrite [064]=00,SPIWrite [064]=00
100,0600b,0600b,SPIWrite [060]=0B,SPIWrite [060]=0B
101,061bb,061bb,SPIWrite [061]=BB,SPIWrite [061]=BB
102,062f9,062f9,SPIWrite [062]=F9,SPIWrite [062]=F9
103,0655e,0655e,SPIWrite [065]=5E,SPIWrite [065]=5E
104,06400,06400,SPIWrite [064]=00,SPIWrite [064]=00
105,06400,06400,SPIWrite [064]=00,SPIWrite [064]=00
106,0600c,0600c,SPIWrite [060]=0C,SPIWrite [060]=0C
107,06190,06190,SPIWrite [061]=90,SPIWrite [061]=90
108,06208,06208,SPIWrite [062]=08,SPIWrite [062]=08
109,0655e,0655e,SPIWrite [065]=5E,SPIWrite [065]=5E
110,06400,06400,SPIWrite [064]=00,SPIWrite [064]=00
111,06400,06400,SPIWrite [064]=00,SPIWrite [064]=00
112,0600d,0600d,SPIWrite [060]=0D,SPIWrite [060]=0D
113,061ed,061ed,SPIWrite [061]=ED,SPIWrite [061]=ED
114,06204,06204,SPIWrite [062]=04,SPIWrite [062]=04
115,0655e,0655e,SPIWrite [065]=5E,SPIWrite [065]=5E
116,06400,06400,SPIWrite [064]=00,SPIWrite [064]=00
117,06400,06400,SPIWrite [064]=00,SPIWrite [064]=00
118,0600e,0600e,SPIWrite [060]=0E,SPIWrite [060]=0E
119,06148,06148,SPIWrite [061]=48,SPIWrite [061]=48
120,062ec,062ec,SPIWrite [062]=EC,SPIWrite [062]=EC
121,0655e,0655e,SPIWrite [065]=5E,SPIWrite [065]=5E
122,06400,06400,SPIWrite [064]=00,SPIWrite [064]=00
123,06400,06400,SPIWrite [064]=00,SPIWrite [064]=00
124,0600f,0600f,SPIWrite [060]=0F,SPIWrite [060]=0F
125,06130,06130,SPIWrite [061]=30,SPIWrite [061]=30
126,06205,06205,SPIWrite [062]=05,SPIWrite [062]=05
127,0655e,0655e,SPIWrite [065]=5E,SPIWrite [065]=5E
128,06400,06400,SPIWrite [064]=00,SPIWrite [064]=00
129,06400,06400,SPIWrite [064]=00,SPIWrite [064]=00
130,06010,06010,SPIWrite [060]=10,SPIWrite [060]=10
131,061ae,061ae,SPIWrite [061]=AE,SPIWrite [061]=AE
132,06246,06246,SPIWrite [062]=46,SPIWrite [062]=46
133,0655e,0655e,SPIWrite [065]=5E,SPIWrite [065]=5E
134,06400,06400,SPIWrite [064]=00,SPIWrite [064]=00
135,06400,06400,SPIWrite [064]=00,SPIWrite [064]=00
136,06011,06011,SPIWrite [060]=11,SPIWrite [060]=11
137,061ae,061ae,SPIWrite [061]=AE,SPIWrite [061]=AE
138,06246,06246,SPIWrite [062]=46,SPIWrite [062]=46
139,0655e,0655e,SPIWrite [065]=5E,SPIWrite [065]=5E
140,06400,06400,SPIWrite [064]=00,SPIWrite [064]=00
141,06400,06400,SPIWrite [064]=00,SPIWrite [064]=00
142,06012,06012,SPIWrite [060]=12,SPIWrite [060]=12
143,06130,06130,SPIWrite [061]=30,SPIWrite [061]=30
144,06205,06205,SPIWrite [062]=05,SPIWrite [062]=05
145,0655e,0655e,SPIWrite [065]=5E,SPIWrite [065]=5E
146,06400,06400,SPIWrite [064]=00,SPIWrite [064]=00
147,06400,06400,SPIWrite [064]=00,SPIWrite [064]=00
148,06013,06013,SPIWrite [060]=13,SPIWrite [060]=13
149,06148,06148,SPIWrite [061]=48,SPIWrite [061]=48
150,062ec,062ec,SPIWrite [062]=EC,SPIWrite [062]=EC
151,0655e,0655e,SPIWrite [065]=5E,SPIWrite [065]=5E
152,06400,06400,SPIWrite [064]=00,SPIWrite [064]=00
153,06400,06400,SPIWrite [064]=00,SPIWrite [064]=00
154,06014,06014,SPIWrite [060]=14,SPIWrite [060]=14
155,061ed,061ed,SPIWrite [061]=ED,SPIWrite [061]=ED
156,06204,06204,SPIWrite [062]=04,SPIWrite [062]=04
157,0655e,0655e,SPIWrite [065]=5E,SPIWrite [065]=5E
158,06400,06400,SPIWrite [064]=00,SPIWrite [064]=00
159,06400,06400,SPIWrite [064]=00,SPIWrite [064]=00
160,06015,06015,SPIWrite [060]=15,SPIWrite [060]=15
161,06190,06190,SPIWrite [061]=90,SPIWrite [061]=90
162,06208,06208,SPIWrite [062]=08,SPIWrite [062]=08
163,0655e,0655e,SPIWrite [065]=5E,SPIWrite [065]=5E
164,06400,06400,SPIWrite [064]=00,SPIWrite [064]=00
165,06400,06400,SPIWrite [064]=00,SPIWrite [064]=00
166,06016,06016,SPIWrite [060]=16,SPIWrite [060]=16
167,061bb,061bb,SPIWrite [061]=BB,SPIWrite [061]=BB
168,062f9,062f9,SPIWrite [062]=F9,SPIWrite [062]=F9
169,0655e,0655e,SPIWrite [065]=5E,SPIWrite [065]=5E
170,06400,06400,SPIWrite [064]=00,SPIWrite [064]=00
171,06400,06400,SPIWrite [064]=00,SPIWrite [064]=00
172,06017,06017,SPIWrite [060]=17,SPIWrite [060]=17
173,06177,06177,SPIWrite [061]=77,SPIWrite [061]=77
174,062fd,062fd,SPIWrite [062]=FD,SPIWrite [062]=FD
175,0655e,0655e,SPIWrite [065]=5E,SPIWrite [065]=5E
176,06400,06400,SPIWrite [064]=00,SPIWrite [064]=00
177,06400,06400,SPIWrite [064]=00,SPIWrite [064]=00
178,06018,06018,SPIWrite [060]=18,SPIWrite [060]=18
179,061dc,061dc,SPIWrite [061]=DC,SPIWrite [061]=DC
180,06204,06204,SPIWrite [062]=04,SPIWrite [062]=04
181,0655e,0655e,SPIWrite [065]=5E,SPIWrite [065]=5E
182,06400,06400,SPIWrite [064]=00,SPIWrite [064]=00
183,06400,06400,SPIWrite [064]=00,SPIWrite [064]=00
184,06019,06019,SPIWrite [060]=19,SPIWrite [060]=19
185,06191,06191,SPIWrite [061]=91,SPIWrite [061]=91
186,062ff,062ff,SPIWrite [062]=FF,SPIWrite [062]=FF
187,0655e,0655e,SPIWrite [065]=5E,SPIWrite [065]=5E
188,06400,06400,SPIWrite [064]=00,SPIWrite [064]=00
189,06400,06400,SPIWrite [064]=00,SPIWrite [064]=00
190,0601a,0601a,SPIWrite [060]=1A,SPIWrite [060]=1A
191,06139,06139,SPIWrite [061]=39,SPIWrite [061]=39
192,062fd,062fd,SPIWrite [062]=FD,SPIWrite [062]=FD
193,0655e,0655e,SPIWrite [065]=5E,SPIWrite [065]=5E
194,06400,06400,SPIWrite [064]=00,SPIWrite [064]=00
195,06400,06400,SPIWrite [064]=00,SPIWrite [064]=00
196,0601b,0601b,SPIWrite [060]=1B,SPIWrite [060]=1B
197,06156,06156,SPIWrite [061]=56,SPIWrite [061]=56
198,06201,06201,SPIWrite [062]=01,SPIWrite [062]=01
199,0655e,0655e,SPIWrite [065]=5E,SPIWrite [065]=5E
200,06400,06400,SPIWrite [064]=00,SPIWrite [064]=00
201,06400,06400,SPIWrite [064]=00,SPIWrite [064]=00
202,0601c,0601c,SPIWrite [060]=1C,SPIWrite [060]=1C
203,06124,06124,SPIWrite [061]=24,SPIWrite [061]=24
204,06201,06201,SPIWrite [062]=01,SPIWrite [062]=01
205,0655e,0655e,SPIWrite [065]=5E,SPIWrite [065]=5E
206,06400,06400,SPIWrite [064]=00,SPIWrite [064]=00
207,06400,06400,SPIWrite [064]=00,SPIWrite [064]=00
208,0601d,0601d,SPIWrite [060]=1D,SPIWrite [060]=1D
209,061d1,061d1,SPIWrite [061]=D1,SPIWrite [061]=D1
210,062fe,062fe,SPIWrite [062]=FE,SPIWrite [062]=FE
211,0655e,0655e,SPIWrite [065]=5E,SPIWrite [065]=5E
212,06400,06400,SPIWrite [064]=00,SPIWrite [064]=00
213,06400,06400,SPIWrite [064]=00,SPIWrite [064]=00
214,0601e,0601e,SPIWrite [060]=1E,SPIWrite [060]=1E
215,061bb,061bb,SPIWrite [061]=BB,SPIWrite [061]=BB
216,062ff,062ff,SPIWrite [062]=FF,SPIWrite [062]=FF
217,0655e,0655e,SPIWrite [065]=5E,SPIWrite [065]=5E
218,06400,06400,SPIWrite [064]=00,SPIWrite [064]=00
219,06400,06400,SPIWrite [064]=00,SPIWrite [064]=00
220,0601f,0601f,SPIWrite [060]=1F,SPIWrite [060]=1F
221,061ed,061ed,SPIWrite [061]=ED,SPIWrite [061]=ED
222,06200,06200,SPIWrite [062]=00,SPIWrite [062]=00
223,0655e,0655e,SPIWrite [065]=5E,SPIWrite [065]=5E
224,06400,06400,SPIWrite [064]=00,SPIWrite [064]=00
225,06400,06400,SPIWrite [064]=00,SPIWrite [064]=00
226,06020,06020,SPIWrite [060]=20,SPIWrite [060]=20
227,06175,06175,SPIWrite [061]=75,SPIWrite [061]=75
228,06200,06200,SPIWrite [062]=00,SPIWrite [062]=00
229,0655e,0655e,SPIWrite [065]=5E,SPIWrite [065]=5E
230,06400,06400,SPIWrite [064]=00,SPIWrite [064]=00
231,06400,06400,SPIWrite [064]=00,SPIWrite [064]=00
232,06021,06021,SPIWrite [060]=21,SPIWrite [060]=21
233,06100,06100,SPIWrite [061]=00,SPIWrite [061]=00
234,06200,06200,SPIWrite [062]=00,SPIWrite [062]=00
235,0655e,0655e,SPIWrite [065]=5E,SPIWrite [065]=5E
236,06400,06400,SPIWrite [064]=00,SPIWrite [064]=00
237,06400,06400,SPIWrite [064]=00,SPIWrite [064]=00
238,06022,06022,SPIWrite [060]=22,SPIWrite [060]=22
239,06100,06100,SPIWrite [061]=00,SPIWrite [061]=00
240,06200,06200,SPIWrite [062]=00,SPIWrite [062]=00
241,0655e,0655e,SPIWrite [065]=5E,SPIWrite [065]=5E
242,06400,06400,SPIWrite [064]=00,SPIWrite [064]=00
243,06400,06400,SPIWrite [064]=00,SPIWrite [064]=00
244,06023,06023,SPIWrite [060]=23,SPIWrite [060]=23
245,06100,06100,SPIWrite [061]=00,SPIWrite [061]=00
246,06200,06200,SPIWrite [062]=00,SPIWrite [062]=00
247,0655e,0655e,SPIWrite [065]=5E,SPIWrite [065]=5E
248,06400,06400,SPIWrite [064]=00,SPIWrite [064]=00
249,06400,06400,SPIWrite [064]=00,SPIWrite [064]=00
250,06024,06024,SPIWrite [060]=24,SPIWrite [060]=24
251,06100,06100,SPIWrite [061]=00,SPIWrite [061]=00
252,06200,06200,SPIWrite [062]=00,SPIWrite [062]=00
253,0655e,0655e,SPIWrite [065]=5E,SPIWrite [065]=5E
254,06400,06400,SPIWrite [064]=00,SPIWrite [064]=00
255,06400,06400,SPIWrite [064]=00,SPIWrite [064]=00
256,06025,06025,SPIWrite [060]=25,SPIWrite [060]=25
257,06100,06100,SPIWrite [061]=00,SPIWrite [061]=00
258,06200,06200,SPIWrite [062]=00,SPIWrite [062]=00
259,0655e,0655e,SPIWrite [065]=5E,SPIWrite [065]=5E
260,06400,06400,SPIWrite [064]=00,SPIWrite [064]=00
261,06400,06400,SPIWrite [064]=00,SPIWrite [064]=00
262,06026,06026,SPIWrite [060]=26,SPIWrite [060]=26
263,06100,06100,SPIWrite [061]=00,SPIWrite [061]=00
264,06200,06200,SPIWrite [062]=00,SPIWrite [062]=00
265,0655e,0655e,SPIWrite [065]=5E,SPIWrite [065]=5E
266,06400,06400,SPIWrite [064]=00,SPIWrite [064]=00
267,06400,06400,SPIWrite [064]=00,SPIWrite [064]=00
268,06027,06027,SPIWrite [060]=27,SPIWrite [060]=27
269,06100,06100,SPIWrite [061]=00,SPIWrite [061]=00
270,06200,06200,SPIWrite [062]=00,SPIWrite [062]=00
271,0655e,0655e,SPIWrite [065]=5E,SPIWrite [065]=5E
272,06400,06400,SPIWrite [064]=00,SPIWrite [064]=00
273,06400,06400,SPIWrite [064]=00,SPIWrite [064]=00
274,06028,06028,SPIWrite [060]=28,SPIWrite [060]=28
275,06100,06100,SPIWrite [061]=00,SPIWrite [061]=00
276,06200,06200,SPIWrite [062]=00,SPIWrite [062]=00
277,0655e,0655e,SPIWrite [065]=5E,SPIWrite [065]=5E
278,06400,06400,SPIWrite [064]=00,SPIWrite [064]=00
279,06400,06400,SPIWrite [064]=00,SPIWrite [064]=00
280,06029,06029,SPIWrite [060]=29,SPIWrite [060]=29
281,06100,06100,SPIWrite [061]=00,SPIWrite [061]=00
282,06200,06200,SPIWrite [062]=00,SPIWrite [062]=00
283,0655e,0655e,SPIWrite [065]=5E,SPIWrite [065]=5E
284,06400,06400,SPIWrite [064]=00,SPIWrite [064]=00
285,06400,06400,SPIWrite [064]=00,SPIWrite [064]=00
286,0602a,0602a,SPIWrite [060]=2A,SPIWrite [060]=2A
287,06100,06100,SPIWrite [061]=00,SPIWrite [061]=00
288,06200,06200,SPIWrite [062]=00,SPIWrite [062]=00
289,0655e,0655e,SPIWrite [065]=5E,SPIWrite [065]=5E
290,06400,06400,SPIWrite [064]=00,SPIWrite [064]=00
291,06400,06400,SPIWrite [064]=00,SPIWrite [064]=00
292,0602b,0602b,SPIWrite [060]=2B,SPIWrite [060]=2B
293,06100,06100,SPIWrite [061]=00,SPIWrite [061]=00
294,06200,06200,SPIWrite [062]=00,SPIWrite [062]=00
295,0655e,0655e,SPIWrite [065]=5E,SPIWrite [065]=5E
296,06400,06400,SPIWrite [064]=00,SPIWrite [064]=00
297,06400,06400,SPIWrite [064]=00,SPIWrite [064]=00
298,0602c,0602c,SPIWrite [060]=2C,SPIWrite [060]=2C
299,06100,06100,SPIWrite [061]=00,SPIWrite [061]=00
300,06200,06200,SPIWrite [062]=00,SPIWrite [062]=00
301,0655e,0655e,SPIWrite [065]=5E,SPIWrite [065]=5E
302,06400,06400,SPIWrite [064]=00,SPIWrite [064]=00
303,06400,06400,SPIWrite [064]=00,SPIWrite [064]=00
304,0602d,0602d,SPIWrite [060]=2D,SPIWrite [060]=2D
305,06100,06100,SPIWrite [061]=00,SPIWrite [061]=00
306,06200,06200,SPIWrite [062]=00,SPIWrite [062]=00
307,0655e,0655e,SPIWrite [065]=5E,SPIWrite [065]=5E
308,06400,06400,SPIWrite [064]=00,SPIWrite [064]=00
309,06400,06400,SPIWrite [064]=00,SPIWrite [064]=00
310,0602e,0602e,SPIWrite [060]=2E,SPIWrite [060]=2E
311,06100,06100,SPIWrite [061]=00,SPIWrite [061]=00
312,06200,06200,SPIWrite [062]=00,SPIWrite [062]=00
313,0655e,0655e,SPIWrite [065]=5E,SPIWrite [065]=5E
314,06400,06400,SPIWrite [064]=00,SPIWrite [064]=00
315,06400,06400,SPIWrite [064]=00,SPIWrite [064]=00
316,0602f,0602f,SPIWrite [060]=2F,SPIWrite [060]=2F
317,06100,06100,SPIWrite [061]=00,SPIWrite [061]=00
318,06200,06200,SPIWrite [062]=00,SPIWrite [062]=00
319,0655e,0655e,SPIWrite [065]=5E,SPIWrite [065]=5E
320,06400,06400,SPIWrite [064]=00,SPIWrite [064]=00
321,06400,06400,SPIWrite [064]=00,SPIWrite [064]=00
322,06030,06030,SPIWrite [060]=30,SPIWrite [060]=30
323,06100,06100,SPIWrite [061]=00,SPIWrite [061]=00
324,06200,06200,SPIWrite [062]=00,SPIWrite [062]=00
325,0655e,0655e,SPIWrite [065]=5E,SPIWrite [065]=5E
326,06400,06400,SPIWrite [064]=00,SPIWrite [064]=00
327,06400,06400,SPIWrite [064]=00,SPIWrite [064]=00
328,06031,06031,SPIWrite [060]=31,SPIWrite [060]=31
329,06100,06100,SPIWrite [061]=00,SPIWrite [061]=00
330,06200,06200,SPIWrite [062]=00,SPIWrite [062]=00
331,0655e,0655e,SPIWrite [065]=5E,SPIWrite [065]=5E
332,06400,06400,SPIWrite [064]=00,SPIWrite [064]=00
333,06400,06400,SPIWrite [064]=00,SPIWrite [064]=00
334,06032,06032,SPIWrite [060]=32,SPIWrite [060]=32
335,06100,06100,SPIWrite [061]=00,SPIWrite [061]=00
336,06200,06200,SPIWrite [062]=00,SPIWrite [062]=00
337,0655e,0655e,SPIWrite [065]=5E,SPIWrite [065]=5E
338,06400,06400,SPIWrite [064]=00,SPIWrite [064]=00
339,06400,06400,SPIWrite [064]=00,SPIWrite [064]=00
340,06033,06033,SPIWrite [060]=33,SPIWrite [060]=33
341,06100,06100,SPIWrite [061]=00,SPIWrite [061]=00
342,06200,06200,SPIWrite [062]=00,SPIWrite [062]=00
343,0655e,0655e,SPIWrite [065]=5E,SPIWrite [065]=5E
344,06400,06400,SPIWrite [064]=00,SPIWrite [064]=00
345,06400,06400,SPIWrite [064]=00,SPIWrite [064]=00
346,06034,06034,SPIWrite [060]=34,SPIWrite [060]=34
347,06100,06100,SPIWrite [061]=00,SPIWrite [061]=00
348,06200,06200,SPIWrite [062]=00,SPIWrite [062]=00
349,0655e,0655e,SPIWrite [065]=5E,SPIWrite [065]=5E
350,06400,06400,SPIWrite [064]=00,SPIWrite [064]=00
351,06400,06400,SPIWrite [064]=00,SPIWrite [064]=00
352,06035,06035,SPIWrite [060]=35,SPIWrite [060]=35
353,06100,06100,SPIWrite [061]=00,SPIWrite [061]=00
354,06200,06200,SPIWrite [062]=00,SPIWrite [062]=00
355,0655e,0655e,SPIWrite [065]=5E,SPIWrite [065]=5E
356,06400,06400,SPIWrite [064]=00,SPIWrite [064]=00
357,06400,06400,SPIWrite [064]=00,SPIWrite [064]=00
358,06036,06036,SPIWrite [060]=36,SPIWrite [060]=36
359,06100,06100,SPIWrite [061]=00,SPIWrite [061]=00
360,06200,06200,SPIWrite [062]=00,SPIWrite [062]=00
361,0655e,0655e,SPIWrite [065]=5E,SPIWrite [065]=5E
362,06400,06400,SPIWrite [064]=00,SPIWrite [064]=00
363,06400,06400,SPIWrite [064]=00,SPIWrite [064]=00
364,06037,06037,SPIWrite [060]=37,SPIWrite [060]=37
365,06100,06100,SPIWrite [061]=00,SPIWrite [061]=00
366,06200,06200,SPIWrite [062]=00,SPIWrite [062]=00
367,0655e,0655e,SPIWrite [065]=5E,SPIWrite [065]=5E
368,06400,06400,SPIWrite [064]=00,SPIWrite [064]=00
369,06400,06400,SPIWrite [064]=00,SPIWrite [064]=00
370,06038,06038,SPIWrite [060]=38,SPIWrite [060]=38
371,06100,06100,SPIWrite [061]=00,SPIWrite [061]=00
372,06200,06200,SPIWrite [062]=00,SPIWrite [062]=00
373,0655e,0655e,SPIWrite [065]=5E,SPIWrite [065]=5E
374,06400,06400,SPIWrite [064]=00,SPIWrite [064]=00
375,06400,06400,SPIWrite [064]=00,SPIWrite [064]=00
376,06039,06039,SPIWrite [060]=39,SPIWrite [060]=39
377,06100,06100,SPIWrite [061]=00,SPIWrite [061]=00
378,06200,06200,SPIWrite [062]=00,SPIWrite [062]=00
379,0655e,0655e,SPIWrite [065]=5E,SPIWrite [065]=5E
380,06400,06400,SPIWrite [064]=00,SPIWrite [064]=00
381,06400,06400,SPIWrite [064]=00,SPIWrite [064]=00
382,0603a,0603a,SPIWrite [060]=3A,SPIWrite [060]=3A
383,06100,06100,SPIWrite [061]=00,SPIWrite [061]=00
384,06200,06200,SPIWrite [062]=00,SPIWrite [062]=00
385,0655e,0655e,SPIWrite [065]=5E,SPIWrite [065]=5E
386,06400,06400,SPIWrite [064]=00,SPIWrite [064]=00
387,06400,06400,SPIWrite [064]=00,SPIWrite [064]=00
388,0603b,0603b,SPIWrite [060]=3B,SPIWrite [060]=3B
389,06100,06100,SPIWrite [061]=00,SPIWrite [061]=00
390,06200,06200,SPIWrite [062]=00,SPIWrite [062]=00
391,0655e,0655e,SPIWrite [065]=5E,SPIWrite [065]=5E
392,06400,06400,SPIWrite [064]=00,SPIWrite [064]=00
393,06400,06400,SPIWrite [064]=00,SPIWrite [064]=00
394,0603c,0603c,SPIWrite [060]=3C,SPIWrite [060]=3C
395,06100,06100,SPIWrite [061]=00,SPIWrite [061]=00
396,06200,06200,SPIWrite [062]=00,SPIWrite [062]=00
397,0655e,0655e,SPIWrite [065]=5E,SPIWrite [065]=5E
398,06400,06400,SPIWrite [064]=00,SPIWrite [064]=00
399,06400,06400,SPIWrite [064]=00,SPIWrite [064]=00
400,0603d,0603d,SPIWrite [060]=3D,SPIWrite [060]=3D
401,06100,06100,SPIWrite [061]=00,SPIWrite [061]=00
402,06200,06200,SPIWrite [062]=00,SPIWrite [062]=00
403,0655e,0655e,SPIWrite [065]=5E,SPIWrite [065]=5E
404,06400,06400,SPIWrite [064]=00,SPIWrite [064]=00
405,06400,06400,SPIWrite [064]=00,SPIWrite [064]=00
406,0603e,0603e,SPIWrite [060]=3E,SPIWrite [060]=3E
407,06100,06100,SPIWrite [061]=00,SPIWrite [061]=00
408,06200,06200,SPIWrite [062]=00,SPIWrite [062]=00
409,0655e,0655e,SPIWrite [065]=5E,SPIWrite [065]=5E
410,06400,06400,SPIWrite [064]=00,SPIWrite [064]=00
411,06400,06400,SPIWrite [064]=00,SPIWrite [064]=00
412,0603f,0603f,SPIWrite [060]=3F,SPIWrite [060]=3F
413,06100,06100,SPIWrite [061]=00,SPIWrite [061]=00
414,06200,06200,SPIWrite [062]=00,SPIWrite [062]=00
415,0655e,0655e,SPIWrite [065]=5E,SPIWrite [065]=5E
416,06400,06400,SPIWrite [064]=00,SPIWrite [064]=00
417,06400,06400,SPIWrite [064]=00,SPIWrite [064]=00
418,06040,06040,SPIWrite [060]=40,SPIWrite [060]=40
419,06100,06100,SPIWrite [061]=00,SPIWrite [061]=00
420,06200,06200,SPIWrite [062]=00,SPIWrite [062]=00
421,0655e,0655e,SPIWrite [065]=5E,SPIWrite [065]=5E
422,06400,06400,SPIWrite [064]=00,SPIWrite [064]=00
423,06400,06400,SPIWrite [064]=00,SPIWrite [064]=00
424,06041,06041,SPIWrite [060]=41,SPIWrite [060]=41
425,06100,06100,SPIWrite [061]=00,SPIWrite [061]=00
426,06200,06200,SPIWrite [062]=00,SPIWrite [062]=00
427,0655e,0655e,SPIWrite [065]=5E,SPIWrite [065]=5E
428,06400,06400,SPIWrite [064]=00,SPIWrite [064]=00
429,06400,06400,SPIWrite [064]=00,SPIWrite [064]=00
430,06042,06042,SPIWrite [060]=42,SPIWrite [060]=42
431,06100,06100,SPIWrite [061]=00,SPIWrite [061]=00
432,06200,06200,SPIWrite [062]=00,SPIWrite [062]=00
433,0655e,0655e,SPIWrite [065]=5E,SPIWrite [065]=5E
434,06400,06400,SPIWrite [064]=00,SPIWrite [064]=00
435,06400,06400,SPIWrite [064]=00,SPIWrite [064]=00
436,06043,06043,SPIWrite [060]=43,SPIWrite [060]=43
437,06100,06100,SPIWrite [061]=00,SPIWrite [061]=00
438,06200,06200,SPIWrite [062]=00,SPIWrite [062]=00
439,0655e,0655e,SPIWrite [065]=5E,SPIWrite [065]=5E
440,06400,06400,SPIWrite [064]=00,SPIWrite [064]=00
441,06400,06400,SPIWrite [064]=00,SPIWrite [064]=00
442,06044,06044,SPIWrite [060]=44,SPIWrite [060]=44
443,06100,06100,SPIWrite [061]=00,SPIWrite [061]=00
444,06200,06200,SPIWrite [062]=00,SPIWrite [062]=00
445,0655e,0655e,SPIWrite [065]=5E,SPIWrite [065]=5E
446,06400,06400,SPIWrite [064]=00,SPIWrite [064]=00
447,06400,06400,SPIWrite [064]=00,SPIWrite [064]=00
448,06045,06045,SPIWrite [060]=45,SPIWrite [060]=45
449,06100,06100,SPIWrite [061]=00,SPIWrite [061]=00
450,06200,06200,SPIWrite [062]=00,SPIWrite [062]=00
451,0655e,0655e,SPIWrite [065]=5E,SPIWrite [065]=5E
452,06400,06400,SPIWrite [064]=00,SPIWrite [064]=00
453,06400,06400,SPIWrite [064]=00,SPIWrite [064]=00
454,06046,06046,SPIWrite [060]=46,SPIWrite [060]=46
455,06100,06100,SPIWrite [061]=00,SPIWrite [061]=00
456,06200,06200,SPIWrite [062]=00,SPIWrite [062]=00
457,0655e,0655e,SPIWrite [065]=5E,SPIWrite [065]=5E
458,06400,06400,SPIWrite [064]=00,SPIWrite [064]=00
459,06400,06400,SPIWrite [064]=00,SPIWrite [064]=00
460,06047,06047,SPIWrite [060]=47,SPIWrite [060]=47
461,06100,06100,SPIWrite [061]=00,SPIWrite [061]=00
462,06200,06200,SPIWrite [062]=00,SPIWrite [062]=00
463,0655e,0655e,SPIWrite [065]=5E,SPIWrite [065]=5E
464,06400,06400,SPIWrite [064]=00,SPIWrite [064]=00
465,06400,06400,SPIWrite [064]=00,SPIWrite [064]=00
466,06048,06048,SPIWrite [060]=48,SPIWrite [060]=48
467,06100,06100,SPIWrite [061]=00,SPIWrite [061]=00
468,06200,06200,SPIWrite [062]=00,SPIWrite [062]=00
469,0655e,0655e,SPIWrite [065]=5E,SPIWrite [065]=5E
470,06400,06400,SPIWrite [064]=00,SPIWrite [064]=00
471,06400,06400,SPIWrite [064]=00,SPIWrite [064]=00
472,06049,06049,SPIWrite [060]=49,SPIWrite [060]=49
473,06100,06100,SPIWrite [061]=00,SPIWrite [061]=00
474,06200,06200,SPIWrite [062]=00,SPIWrite [062]=00
475,0655e,0655e,SPIWrite [065]=5E,SPIWrite [065]=5E
476,06400,06400,SPIWrite [064]=00,SPIWrite [064]=00
477,06400,06400,SPIWrite [064]=00,SPIWrite [064]=00
478,0604a,0604a,SPIWrite [060]=4A,SPIWrite [060]=4A
479,06100,06100,SPIWrite [061]=00,SPIWrite [061]=00
480,06200,06200,SPIWrite [062]=00,SPIWrite [062]=00
481,0655e,0655e,SPIWrite [065]=5E,SPIWrite [065]=5E
482,06400,06400,SPIWrite [064]=00,SPIWrite [064]=00
483,06400,06400,SPIWrite [064]=00,SPIWrite [064]=00
484,0604b,0604b,SPIWrite [060]=4B,SPIWrite [060]=4B
485,06100,06100,SPIWrite [061]=00,SPIWrite [061]=00
486,06200,06200,SPIWrite [062]=00,SPIWrite [062]=00
487,0655e,0655e,SPIWrite [065]=5E,SPIWrite [065]=5E
488,06400,06400,SPIWrite [064]=00,SPIWrite [064]=00
489,06400,06400,SPIWrite [064]=00,SPIWrite [064]=00
490,0604c,0604c,SPIWrite [060]=4C,SPIWrite [060]=4C
491,06100,06100,SPIWrite [061]=00,SPIWrite [061]=00
492,06200,06200,SPIWrite [062]=00,SPIWrite [062]=00
493,0655e,0655e,SPIWrite [065]=5E,SPIWrite [065]=5E
494,06400,06400,SPIWrite [064]=00,SPIWrite [064]=00
495,06400,06400,SPIWrite [064]=00,SPIWrite [064]=00
496,0604d,0604d,SPIWrite [060]=4D,SPIWrite [060]=4D
497,06100,06100,SPIWrite [061]=00,SPIWrite [061]=00
498,06200,06200,SPIWrite [062]=00,SPIWrite [062]=00
499,0655e,0655e,SPIWrite [065]=5E,SPIWrite [065]=5E
500,06400,06400,SPIWrite [064]=00,SPIWrite [064]=00
501,06400,06400,SPIWrite [064]=00,SPIWrite [064]=00
502,0604e,0604e,SPIWrite [060]=4E,SPIWrite [060]=4E
503,06100,06100,SPIWrite [061]=00,SPIWrite [061]=00
504,06200,06200,SPIWrite [062]=00,SPIWrite [062]=00
505,0655e,0655e,SPIWrite [065]=5E,SPIWrite [065]=5E
506,06400,06400,SPIWrite [064]=00,SPIWrite [064]=00
507,06400,06400,SPIWrite [064]=00,SPIWrite [064]=00
508,0604f,0604f,SPIWrite [060]=4F,SPIWrite [060]=4F
509,06100,06100,SPIWrite [061]=00,SPIWrite [061]=00
510,06200,06200,SPIWrite [062]=00,SPIWrite [062]=00
511,0655e,0655e,SPIWrite [065]=5E,SPIWrite [065]=5E
512,06400,06400,SPIWrite [064]=00,SPIWrite [064]=00
513,06400,06400,SPIWrite [064]=00,SPIWrite [064]=00
514,06050,06050,SPIWrite [060]=50,SPIWrite [060]=50
515,06100,06100,SPIWrite [061]=00,SPIWrite [061]=00
516,06200,06200,SPIWrite [062]=00,SPIWrite [062]=00
517,0655e,0655e,SPIWrite [065]=5E,SPIWrite [065]=5E
518,06400,06400,SPIWrite [064]=00,SPIWrite [064]=00
519,06400,06400,SPIWrite [064]=00,SPIWrite [064]=00
520,06051,06051,SPIWrite [060]=51,SPIWrite [060]=51
521,06100,06100,SPIWrite [061]=00,SPIWrite [061]=00
522,06200,06200,SPIWrite [062]=00,SPIWrite [062]=00
523,0655e,0655e,SPIWrite [065]=5E,SPIWrite [065]=5E
524,06400,06400,SPIWrite [064]=00,SPIWrite [064]=00
525,06400,06400,SPIWrite [064]=00,SPIWrite [064]=00
526,06052,06052,SPIWrite [060]=52,SPIWrite [060]=52
527,06100,06100,SPIWrite [061]=00,SPIWrite [061]=00
528,06200,06200,SPIWrite [062]=00,SPIWrite [062]=00
529,0655e,0655e,SPIWrite [065]=5E,SPIWrite [065]=5E
530,06400,06400,SPIWrite [064]=00,SPIWrite [064]=00
531,06400,06400,SPIWrite [064]=00,SPIWrite [064]=00
532,06053,06053,SPIWrite [060]=53,SPIWrite [060]=53
533,06100,06100,SPIWrite [061]=00,SPIWrite [061]=00
534,06200,06200,SPIWrite [062]=00,SPIWrite [062]=00
535,0655e,0655e,SPIWrite [065]=5E,SPIWrite [065]=5E
536,06400,06400,SPIWrite [064]=00,SPIWrite [064]=00
537,06400,06400,SPIWrite [064]=00,SPIWrite [064]=00
538,06054,06054,SPIWrite [060]=54,SPIWrite [060]=54
539,06100,06100,SPIWrite [061]=00,SPIWrite [061]=00
540,06200,06200,SPIWrite [062]=00,SPIWrite [062]=00
541,0655e,0655e,SPIWrite [065]=5E,SPIWrite [065]=5E
542,06400,06400,SPIWrite [064]=00,SPIWrite [064]=00
543,06400,06400,SPIWrite [064]=00,SPIWrite [064]=00
544,06055,06055,SPIWrite [060]=55,SPIWrite [060]=55
545,06100,06100,SPIWrite [061]=00,SPIWrite [061]=00
546,06200,06200,SPIWrite [062]=00,SPIWrite [062]=00
547,0655e,0655e,SPIWrite [065]=5E,SPIWrite [065]=5E
548,06400,06400,SPIWrite [064]=00,SPIWrite [064]=00
549,06400,06400,SPIWrite [064]=00,SPIWrite [064]=00
550,06056,06056,SPIWrite [060]=56,SPIWrite [060]=56
551,06100,06100,SPIWrite [061]=00,SPIWrite [061]=00
552,06200,06200,SPIWrite [062]=00,SPIWrite [062]=00
553,0655e,0655e,SPIWrite [065]=5E,SPIWrite [065]=5E
554,06400,06400,SPIWrite [064]=00,SPIWrite [064]=00
555,06400,06400,SPIWrite [064]=00,SPIWrite [064]=00
556,06057,06057,SPIWrite [060]=57,SPIWrite [060]=57
557,06100,06100,SPIWrite [061]=00,SPIWrite [061]=00
558,06200,06200,SPIWrite [062]=00,SPIWrite [062]=00
559,0655e,0655e,SPIWrite [065]=5E,SPIWrite [065]=5E
560,06400,06400,SPIWrite [064]=00,SPIWrite [064]=00
561,06400,06400,SPIWrite [064]=00,SPIWrite [064]=00
562,06058,06058,SPIWrite [060]=58,SPIWrite [060]=58
563,06100,06100,SPIWrite [061]=00,SPIWrite [061]=00
564,06200,06200,SPIWrite [062]=00,SPIWrite [062]=00
565,0655e,0655e,SPIWrite [065]=5E,SPIWrite [065]=5E
566,06400,06400,SPIWrite [064]=00,SPIWrite [064]=00
567,06400,06400,SPIWrite [064]=00,SPIWrite [064]=00
568,06059,06059,SPIWrite [060]=59,SPIWrite [060]=59
569,06100,06100,SPIWrite [061]=00,SPIWrite [061]=00
570,06200,06200,SPIWrite [062]=00,SPIWrite [062]=00
571,0655e,0655e,SPIWrite [065]=5E,SPIWrite [065]=5E
572,06400,06400,SPIWrite [064]=00,SPIWrite [064]=00
573,06400,06400,SPIWrite [064]=00,SPIWrite [064]=00
574,0605a,0605a,SPIWrite [060]=5A,SPIWrite [060]=5A
575,06100,06100,SPIWrite [061]=00,SPIWrite [061]=00
576,06200,06200,SPIWrite [062]=00,SPIWrite [062]=00
577,0655e,0655e,SPIWrite [065]=5E,SPIWrite [065]=5E
578,06400,06400,SPIWrite [064]=00,SPIWrite [064]=00
579,06400,06400,SPIWrite [064]=00,SPIWrite [064]=00
580,0605b,0605b,SPIWrite [060]=5B,SPIWrite [060]=5B
581,06100,06100,SPIWrite [061]=00,SPIWrite [061]=00
582,06200,06200,SPIWrite [062]=00,SPIWrite [062]=00
583,0655e,0655e,SPIWrite [065]=5E,SPIWrite [065]=5E
584,06400,06400,SPIWrite [064]=00,SPIWrite [064]=00
585,06400,06400,SPIWrite [064]=00,SPIWrite [064]=00
586,0605c,0605c,SPIWrite [060]=5C,SPIWrite [060]=5C
587,06100,06100,SPIWrite [061]=00,SPIWrite [061]=00
588,06200,06200,SPIWrite [062]=00,SPIWrite [062]=00
589,0655e,0655e,SPIWrite [065]=5E,SPIWrite [065]=5E
590,06400,06400,SPIWrite [064]=00,SPIWrite [064]=00
591,06400,06400,SPIWrite [064]=00,SPIWrite [064]=00
592,0605d,0605d,SPIWrite [060]=5D,SPIWrite [060]=5D
593,06100,06100,SPIWrite [061]=00,SPIWrite [061]=00
594,06200,06200,SPIWrite [062]=00,SPIWrite [062]=00
595,0655e,0655e,SPIWrite [065]=5E,SPIWrite [065]=5E
596,06400,06400,SPIWrite [064]=00,SPIWrite [064]=00
597,06400,06400,SPIWrite [064]=00,SPIWrite [064]=00
598,0605e,0605e,SPIWrite [060]=5E,SPIWrite [060]=5E
599,06100,06100,SPIWrite [061]=00,SPIWrite [061]=00
600,06200,06200,SPIWrite [062]=00,SPIWrite [062]=00
601,0655e,0655e,SPIWrite [065]=5E,SPIWrite [065]=5E
602,06400,06400,SPIWrite [064]=00,SPIWrite [064]=00
603,06400,06400,SPIWrite [064]=00,SPIWrite [064]=00
604,0605f,0605f,SPIWrite [060]=5F,SPIWrite [060]=5F
605,06100,06100,SPIWrite [061]=00,SPIWrite [061]=00
606,06200,06200,SPIWrite [062]=00,SPIWrite [062]=00
607,0655e,0655e,SPIWrite [065]=5E,SPIWrite [065]=5E
608,06400,06400,SPIWrite [064]=00,SPIWrite [064]=00
609,06400,06400,SPIWrite [064]=00,SPIWrite [064]=00
610,06060,06060,SPIWrite [060]=60,SPIWrite [060]=60
611,06100,06100,SPIWrite [061]=00,SPIWrite [061]=00
612,06200,06200,SPIWrite [062]=00,SPIWrite [062]=00
613,0655e,0655e,SPIWrite [065]=5E,SPIWrite [065]=5E
614,06400,06400,SPIWrite [064]=00,SPIWrite [064]=00
615,06400,06400,SPIWrite [064]=00,SPIWrite [064]=00
616,06061,06061,SPIWrite [060]=61,SPIWrite [060]=61
617,06100,06100,SPIWrite [061]=00,SPIWrite [061]=00
618,06200,06200,SPIWrite [062]=00,SPIWrite [062]=00
619,0655e,0655e,SPIWrite [065]=5E,SPIWrite [065]=5E
620,06400,06400,SPIWrite [064]=00,SPIWrite [064]=00
621,06400,06400,SPIWrite [064]=00,SPIWrite [064]=00
622,06062,06062,SPIWrite [060]=62,SPIWrite [060]=62
623,06100,06100,SPIWrite [061]=00,SPIWrite [061]=00
624,06200,06200,SPIWrite [062]=00,SPIWrite [062]=00
625,0655e,0655e,SPIWrite [065]=5E,SPIWrite [065]=5E
626,06400,06400,SPIWrite [064]=00,SPIWrite [064]=00
627,06400,06400,SPIWrite [064]=00,SPIWrite [064]=00
628,06063,06063,SPIWrite [060]=63,SPIWrite [060]=63
629,06100,06100,SPIWrite [061]=00,SPIWrite [061]=00
630,06200,06200,SPIWrite [062]=00,SPIWrite [062]=00
631,0655e,0655e,SPIWrite [065]=5E,SPIWrite [065]=5E
632,06400,06400,SPIWrite [064]=00,SPIWrite [064]=00
633,06400,06400,SPIWrite [064]=00,SPIWrite [064]=00
634,06064,06064,SPIWrite [060]=64,SPIWrite [060]=64
635,06100,06100,SPIWrite [061]=00,SPIWrite [061]=00
636,06200,06200,SPIWrite [062]=00,SPIWrite [062]=00
637,0655e,0655e,SPIWrite [065]=5E,SPIWrite [065]=5E
638,06400,06400,SPIWrite [064]=00,SPIWrite [064]=00
639,06400,06400,SPIWrite [064]=00,SPIWrite [064]=00
640,06065,06065,SPIWrite [060]=65,SPIWrite [060]=65
641,06100,06100,SPIWrite [061]=00,SPIWrite [061]=00
642,06200,06200,SPIWrite [062]=00,SPIWrite [062]=00
643,0655e,0655e,SPIWrite [065]=5E,SPIWrite [065]=5E
644,06400,06400,SPIWrite [064]=00,SPIWrite [064]=00
645,06400,06400,SPIWrite [064]=00,SPIWrite [064]=00
646,06066,06066,SPIWrite [060]=66,SPIWrite [060]=66
647,06100,06100,SPIWrite [061]=00,SPIWrite [061]=00
648,06200,06200,SPIWrite [062]=00,SPIWrite [062]=00
649,0655e,0655e,SPIWrite [065]=5E,SPIWrite [065]=5E
650,06400,06400,SPIWrite [064]=00,SPIWrite [064]=00
651,06400,06400,SPIWrite [064]=00,SPIWrite [064]=00
652,06067,06067,SPIWrite [060]=67,SPIWrite [060]=67
653,06100,06100,SPIWrite [061]=00,SPIWrite [061]=00
654,06200,06200,SPIWrite [062]=00,SPIWrite [062]=00
655,0655e,0655e,SPIWrite [065]=5E,SPIWrite [065]=5E
656,06400,06400,SPIWrite [064]=00,SPIWrite [064]=00
657,06400,06400,SPIWrite [064]=00,SPIWrite [064]=00
658,06068,06068,SPIWrite [060]=68,SPIWrite [060]=68
659,06100,06100,SPIWrite [061]=00,SPIWrite [061]=00
660,06200,06200,SPIWrite [062]=00,SPIWrite [062]=00
661,0655e,0655e,SPIWrite [065]=5E,SPIWrite [065]=5E
662,06400,06400,SPIWrite [064]=00,SPIWrite [064]=00
663,06400,06400,SPIWrite [064]=00,SPIWrite [064]=00
664,06069,06069,SPIWrite [060]=69,SPIWrite [060]=69
665,06100,06100,SPIWrite [061]=00,SPIWrite [061]=00
666,06200,06200,SPIWrite [062]=00,SPIWrite [062]=00
667,0655e,0655e,SPIWrite [065]=5E,SPIWrite [065]=5E
668,06400,06400,SPIWrite [064]=00,SPIWrite [064]=00
669,06400,06400,SPIWrite [064]=00,SPIWrite [064]=00
670,0606a,0606a,SPIWrite [060]=6A,SPIWrite [060]=6A
671,06100,06100,SPIWrite [061]=00,SPIWrite [061]=00
672,06200,06200,SPIWrite [062]=00,SPIWrite [062]=00
673,0655e,0655e,SPIWrite [065]=5E,SPIWrite [065]=5E
674,06400,06400,SPIWrite [064]=00,SPIWrite [064]=00
675,06400,06400,SPIWrite [064]=00,SPIWrite [064]=00
676,0606b,0606b,SPIWrite [060]=6B,SPIWrite [060]=6B
677,06100,06100,SPIWrite [061]=00,SPIWrite [061]=00
678,06200,06200,SPIWrite [062]=00,SPIWrite [062]=00
679,0655e,0655e,SPIWrite [065]=5E,SPIWrite [065]=5E
680,06400,06400,SPIWrite [064]=00,SPIWrite [064]=00
681,06400,06400,SPIWrite [064]=00,SPIWrite [064]=00
682,0606c,0606c,SPIWrite [060]=6C,SPIWrite [060]=6C
683,06100,06100,SPIWrite [061]=00,SPIWrite [061]=00
684,06200,06200,SPIWrite [062]=00,SPIWrite [062]=00
685,0655e,0655e,SPIWrite [065]=5E,SPIWrite [065]=5E
686,06400,06400,SPIWrite [064]=00,SPIWrite [064]=00
687,06400,06400,SPIWrite [064]=00,SPIWrite [064]=00
688,0606d,0606d,SPIWrite [060]=6D,SPIWrite [060]=6D
689,06100,06100,SPIWrite [061]=00,SPIWrite [061]=00
690,06200,06200,SPIWrite [062]=00,SPIWrite [062]=00
691,0655e,0655e,SPIWrite [065]=5E,SPIWrite [065]=5E
692,06400,06400,SPIWrite [064]=00,SPIWrite [064]=00
693,06400,06400,SPIWrite [064]=00,SPIWrite [064]=00
694,0606e,0606e,SPIWrite [060]=6E,SPIWrite [060]=6E
695,06100,06100,SPIWrite [061]=00,SPIWrite [061]=00
696,06200,06200,SPIWrite [062]=00,SPIWrite [062]=00
697,0655e,0655e,SPIWrite [065]=5E,SPIWrite [065]=5E
698,06400,06400,SPIWrite [064]=00,SPIWrite [064]=00
699,06400,06400,SPIWrite [064]=00,SPIWrite [064]=00
700,0606f,0606f,SPIWrite [060]=6F,SPIWrite [060]=6F
701,06100,06100,SPIWrite [061]=00,SPIWrite [061]=00
702,06200,06200,SPIWrite [062]=00,SPIWrite [062]=00
703,0655e,0655e,SPIWrite [065]=5E,SPIWrite [065]=5E
704,06400,06400,SPIWrite [064]=00,SPIWrite [064]=00
705,06400,06400,SPIWrite [064]=00,SPIWrite [064]=00
706,06070,06070,SPIWrite [060]=70,SPIWrite [060]=70
707,06100,06100,SPIWrite [061]=00,SPIWrite [061]=00
708,06200,06200,SPIWrite [062]=00,SPIWrite [062]=00
709,0655e,0655e,SPIWrite [065]=5E,SPIWrite [065]=5E
710,06400,06400,SPIWrite [064]=00,SPIWrite [064]=00
711,06400,06400,SPIWrite [064]=00,SPIWrite [064]=00
712,06071,06071,SPIWrite [060]=71,SPIWrite [060]=71
713,06100,06100,SPIWrite [061]=00,SPIWrite [061]=00
714,06200,06200,SPIWrite [062]=00,SPIWrite [062]=00
715,0655e,0655e,SPIWrite [065]=5E,SPIWrite [065]=5E
716,06400,06400,SPIWrite [064]=00,SPIWrite [064]=00
717,06400,06400,SPIWrite [064]=00,SPIWrite [064]=00
718,06072,06072,SPIWrite [060]=72,SPIWrite [060]=72
719,06100,06100,SPIWrite [061]=00,SPIWrite [061]=00
720,06200,06200,SPIWrite [062]=00,SPIWrite [062]=00
721,0655e,0655e,SPIWrite [065]=5E,SPIWrite [065]=5E
722,06400,06400,SPIWrite [064]=00,SPIWrite [064]=00
723,06400,06400,SPIWrite [064]=00,SPIWrite [064]=00
724,06073,06073,SPIWrite [060]=73,SPIWrite [060]=73
725,06100,06100,SPIWrite [061]=00,SPIWrite [061]=00
726,06200,06200,SPIWrite [062]=00,SPIWrite [062]=00
727,0655e,0655e,SPIWrite [065]=5E,SPIWrite [065]=5E
728,06400,06400,SPIWrite [064]=00,SPIWrite [064]=00
729,06400,06400,SPIWrite [064]=00,SPIWrite [064]=00
730,06074,06074,SPIWrite [060]=74,SPIWrite [060]=74
731,06100,06100,SPIWrite [061]=00,SPIWrite [061]=00
732,06200,06200,SPIWrite [062]=00,SPIWrite [062]=00
733,0655e,0655e,SPIWrite [065]=5E,SPIWrite [065]=5E
734,06400,06400,SPIWrite [064]=00,SPIWrite [064]=00
735,06400,06400,SPIWrite [064]=00,SPIWrite [064]=00
736,06075,06075,SPIWrite [060]=75,SPIWrite [060]=75
737,06100,06100,SPIWrite [061]=00,SPIWrite [061]=00
738,06200,06200,SPIWrite [062]=00,SPIWrite [062]=00
739,0655e,0655e,SPIWrite [065]=5E,SPIWrite [065]=5E
740,06400,06400,SPIWrite [064]=00,SPIWrite [064]=00
741,06400,06400,SPIWrite [064]=00,SPIWrite [064]=00
742,06076,06076,SPIWrite [060]=76,SPIWrite [060]=76
743,06100,06100,SPIWrite [061]=00,SPIWrite [061]=00
744,06200,06200,SPIWrite [062]=00,SPIWrite [062]=00
745,0655e,0655e,SPIWrite [065]=5E,SPIWrite [065]=5E
746,06400,06400,SPIWrite [064]=00,SPIWrite [064]=00
747,06400,06400,SPIWrite [064]=00,SPIWrite [064]=00
748,06077,06077,SPIWrite [060]=77,SPIWrite [060]=77
749,06100,06100,SPIWrite [061]=00,SPIWrite [061]=00
750,06200,06200,SPIWrite [062]=00,SPIWrite [062]=00
751,0655e,0655e,SPIWrite [065]=5E,SPIWrite [065]=5E
752,06400,06400,SPIWrite [064]=00,SPIWrite [064]=00
753,06400,06400,SPIWrite [064]=00,SPIWrite [064]=00
754,06078,06078,SPIWrite [060]=78,SPIWrite [060]=78
755,06100,06100,SPIWrite [061]=00,SPIWrite [061]=00
756,06200,06200,SPIWrite [062]=00,SPIWrite [062]=00
757,0655e,0655e,SPIWrite [065]=5E,SPIWrite [065]=5E
758,06400,06400,SPIWrite [064]=00,SPIWrite [064]=00
759,06400,06400,SPIWrite [064]=00,SPIWrite [064]=00
760,06079,06079,SPIWrite [060]=79,SPIWrite [060]=79
761,06100,06100,SPIWrite [061]=00,SPIWrite [061]=00
762,06200,06200,SPIWrite [062]=00,SPIWrite [062]=00
763,0655e,0655e,SPIWrite [065]=5E,SPIWrite [065]=5E
764,06400,06400,SPIWrite [064]=00,SPIWrite [064]=00
765,06400,06400,SPIWrite [064]=00,SPIWrite [064]=00
766,0607a,0607a,SPIWrite [060]=7A,SPIWrite [060]=7A
767,06100,06100,SPIWrite [061]=00,SPIWrite [061]=00
768,06200,06200,SPIWrite [062]=00,SPIWrite [062]=00
769,0655e,0655e,SPIWrite [065]=5E,SPIWrite [065]=5E
770,06400,06400,SPIWrite [064]=00,SPIWrite [064]=00
771,06400,06400,SPIWrite [064]=00,SPIWrite [064]=00
772,0607b,0607b,SPIWrite [060]=7B,SPIWrite [060]=7B
773,06100,06100,SPIWrite [061]=00,SPIWrite [061]=00
774,06200,06200,SPIWrite [062]=00,SPIWrite [062]=00
775,0655e,0655e,SPIWrite [065]=5E,SPIWrite [065]=5E
776,06400,06400,SPIWrite [064]=00,SPIWrite [064]=00
777,06400,06400,SPIWrite [064]=00,SPIWrite [064]=00
778,0607c,0607c,SPIWrite [060]=7C,SPIWrite [060]=7C
779,06100,06100,SPIWrite [061]=00,SPIWrite [061]=00
780,06200,06200,SPIWrite [062]=00,SPIWrite [062]=00
781,0655e,0655e,SPIWrite [065]=5E,SPIWrite [065]=5E
782,06400,06400,SPIWrite [064]=00,SPIWrite [064]=00
783,06400,06400,SPIWrite [064]=00,SPIWrite [064]=00
784,0607d,0607d,SPIWrite [060]=7D,SPIWrite [060]=7D
785,06100,06100,SPIWrite [061]=00,SPIWrite [061]=00
786,06200,06200,SPIWrite [062]=00,SPIWrite [062]=00
787,0655e,0655e,SPIWrite [065]=5E,SPIWrite [065]=5E
788,06400,06400,SPIWrite [064]=00,SPIWrite [064]=00
789,06400,06400,SPIWrite [064]=00,SPIWrite [064]=00
790,0607e,0607e,SPIWrite [060]=7E,SPIWrite [060]=7E
791,06100,06100,SPIWrite [061]=00,SPIWrite [061]=00
792,06200,06200,SPIWrite [062]=00,SPIWrite [062]=00
793,0655e,0655e,SPIWrite [065]=5E,SPIWrite [065]=5E
794,06400,06400,SPIWrite [064]=00,SPIWrite [064]=00
795,06400,06400,SPIWrite [064]=00,SPIWrite [064]=00
796,0607f,0607f,SPIWrite [060]=7F,SPIWrite [060]=7F
797,06100,06100,SPIWrite [061]=00,SPIWrite [061]=00
798,06200,06200,SPIWrite [062]=00,SPIWrite [062]=00
799,0655e,0655e,SPIWrite [065]=5E,SPIWrite [065]=5E
800,06400,06400,SPIWrite [064]=00,SPIWrite [064]=00
801,06400,06400,SPIWrite [064]=00,SPIWrite [064]=00
802,06558,06558,"SPIWrite [065]=58, Disable clock to Tx Filter","SPIWrite [065]=58, Disable clock to Tx Filter"
803,0f55a,0f55a,"SPIWrite [0F5]=5A, Enable clock to Rx FIR Filter","SPIWrite [0F5]=5A, Enable clock to Rx FIR Filter"
804,0f600,0f600,"SPIWrite [0F6]=00, Write Filter Gain setting","SPIWrite [0F6]=00, Write Filter Gain setting"
805,40000,40000,"WAIT 1 ms, waits 1 ms","WAIT 1 ms, waits 1 ms"
806,0f000,0f000,"SPIWrite [0F0]=00, Write FIR coefficient address","SPIWrite [0F0]=00, Write FIR coefficient address"
807,0f109,0f109,"SPIWrite [0F1]=09, Write FIR coefficient data[7:0]","SPIWrite [0F1]=09, Write FIR coefficient data[7:0]"
808,0f200,0f200,"SPIWrite [0F2]=00, Write FIR coefficient data[15:8]","SPIWrite [0F2]=00, Write FIR coefficient data[15:8]"
809,0f55e,0f55e,"SPIWrite [0F5]=5E, Set Write EN to push data into FIR filter register map","SPIWrite [0F5]=5E, Set Write EN to push data into FIR filter register map"
810,0f400,0f400,"SPIWrite [0F4]=00, Dummy Write to Read only register to delay ~1us","SPIWrite [0F4]=00, Dummy Write to Read only register to delay ~1us"
811,0f400,0f400,"SPIWrite [0F4]=00, Dummy Write to Read only register to delay ~1us","SPIWrite [0F4]=00, Dummy Write to Read only register to delay ~1us"
812,0f001,0f001,SPIWrite [0F0]=01,SPIWrite [0F0]=01
813,0f175,0f175,SPIWrite [0F1]=75,SPIWrite [0F1]=75
814,0f200,0f200,SPIWrite [0F2]=00,SPIWrite [0F2]=00
815,0f55e,0f55e,SPIWrite [0F5]=5E,SPIWrite [0F5]=5E
816,0f400,0f400,SPIWrite [0F4]=00,SPIWrite [0F4]=00
817,0f400,0f400,SPIWrite [0F4]=00,SPIWrite [0F4]=00
818,0f002,0f002,SPIWrite [0F0]=02,SPIWrite [0F0]=02
819,0f1ed,0f1ed,SPIWrite [0F1]=ED,SPIWrite [0F1]=ED
820,0f200,0f200,SPIWrite [0F2]=00,SPIWrite [0F2]=00
821,0f55e,0f55e,SPIWrite [0F5]=5E,SPIWrite [0F5]=5E
822,0f400,0f400,SPIWrite [0F4]=00,SPIWrite [0F4]=00
823,0f400,0f400,SPIWrite [0F4]=00,SPIWrite [0F4]=00
824,0f003,0f003,SPIWrite [0F0]=03,SPIWrite [0F0]=03
825,0f1bb,0f1bb,SPIWrite [0F1]=BB,SPIWrite [0F1]=BB
826,0f2ff,0f2ff,SPIWrite [0F2]=FF,SPIWrite [0F2]=FF
827,0f55e,0f55e,SPIWrite [0F5]=5E,SPIWrite [0F5]=5E
828,0f400,0f400,SPIWrite [0F4]=00,SPIWrite [0F4]=00
829,0f400,0f400,SPIWrite [0F4]=00,SPIWrite [0F4]=00
830,0f004,0f004,SPIWrite [0F0]=04,SPIWrite [0F0]=04
831,0f1d1,0f1d1,SPIWrite [0F1]=D1,SPIWrite [0F1]=D1
832,0f2fe,0f2fe,SPIWrite [0F2]=FE,SPIWrite [0F2]=FE
833,0f55e,0f55e,SPIWrite [0F5]=5E,SPIWrite [0F5]=5E
834,0f400,0f400,SPIWrite [0F4]=00,SPIWrite [0F4]=00
835,0f400,0f400,SPIWrite [0F4]=00,SPIWrite [0F4]=00
836,0f005,0f005,SPIWrite [0F0]=05,SPIWrite [0F0]=05
837,0f124,0f124,SPIWrite [0F1]=24,SPIWrite [0F1]=24
838,0f201,0f201,SPIWrite [0F2]=01,SPIWrite [0F2]=01
839,0f55e,0f55e,SPIWrite [0F5]=5E,SPIWrite [0F5]=5E
840,0f400,0f400,SPIWrite [0F4]=00,SPIWrite [0F4]=00
841,0f400,0f400,SPIWrite [0F4]=00,SPIWrite [0F4]=00
842,0f006,0f006,SPIWrite [0F0]=06,SPIWrite [0F0]=06
843,0f156,0f156,SPIWrite [0F1]=56,SPIWrite [0F1]=56
844,0f201,0f201,SPIWrite [0F2]=01,SPIWrite [0F2]=01
845,0f55e,0f55e,SPIWrite [0F5]=5E,SPIWrite [0F5]=5E
846,0f400,0f400,SPIWrite [0F4]=00,SPIWrite [0F4]=00
847,0f400,0f400,SPIWrite [0F4]=00,SPIWrite [0F4]=00
848,0f007,0f007,SPIWrite [0F0]=07,SPIWrite [0F0]=07
849,0f139,0f139,SPIWrite [0F1]=39,SPIWrite [0F1]=39
850,0f2fd,0f2fd,SPIWrite [0F2]=FD,SPIWrite [0F2]=FD
851,0f55e,0f55e,SPIWrite [0F5]=5E,SPIWrite [0F5]=5E
852,0f400,0f400,SPIWrite [0F4]=00,SPIWrite [0F4]=00
853,0f400,0f400,SPIWrite [0F4]=00,SPIWrite [0F4]=00
854,0f008,0f008,SPIWrite [0F0]=08,SPIWrite [0F0]=08
855,0f191,0f191,SPIWrite [0F1]=91,SPIWrite [0F1]=91
856,0f2ff,0f2ff,SPIWrite [0F2]=FF,SPIWrite [0F2]=FF
857,0f55e,0f55e,SPIWrite [0F5]=5E,SPIWrite [0F5]=5E
858,0f400,0f400,SPIWrite [0F4]=00,SPIWrite [0F4]=00
859,0f400,0f400,SPIWrite [0F4]=00,SPIWrite [0F4]=00
860,0f009,0f009,SPIWrite [0F0]=09,SPIWrite [0F0]=09
861,0f1dc,0f1dc,SPIWrite [0F1]=DC,SPIWrite [0F1]=DC
862,0f204,0f204,SPIWrite [0F2]=04,SPIWrite [0F2]=04
863,0f55e,0f55e,SPIWrite [0F5]=5E,SPIWrite [0F5]=5E
864,0f400,0f400,SPIWrite [0F4]=00,SPIWrite [0F4]=00
865,0f400,0f400,SPIWrite [0F4]=00,SPIWrite [0F4]=00
866,0f00a,0f00a,SPIWrite [0F0]=0A,SPIWrite [0F0]=0A
867,0f177,0f177,SPIWrite [0F1]=77,SPIWrite [0F1]=77
868,0f2fd,0f2fd,SPIWrite [0F2]=FD,SPIWrite [0F2]=FD
869,0f55e,0f55e,SPIWrite [0F5]=5E,SPIWrite [0F5]=5E
870,0f400,0f400,SPIWrite [0F4]=00,SPIWrite [0F4]=00
871,0f400,0f400,SPIWrite [0F4]=00,SPIWrite [0F4]=00
872,0f00b,0f00b,SPIWrite [0F0]=0B,SPIWrite [0F0]=0B
873,0f1bb,0f1bb,SPIWrite [0F1]=BB,SPIWrite [0F1]=BB
874,0f2f9,0f2f9,SPIWrite [0F2]=F9,SPIWrite [0F2]=F9
875,0f55e,0f55e,SPIWrite [0F5]=5E,SPIWrite [0F5]=5E
876,0f400,0f400,SPIWrite [0F4]=00,SPIWrite [0F4]=00
877,0f400,0f400,SPIWrite [0F4]=00,SPIWrite [0F4]=00
878,0f00c,0f00c,SPIWrite [0F0]=0C,SPIWrite [0F0]=0C
879,0f190,0f190,SPIWrite [0F1]=90,SPIWrite [0F1]=90
880,0f208,0f208,SPIWrite [0F2]=08,SPIWrite [0F2]=08
881,0f55e,0f55e,SPIWrite [0F5]=5E,SPIWrite [0F5]=5E
882,0f400,0f400,SPIWrite [0F4]=00,SPIWrite [0F4]=00
883,0f400,0f400,SPIWrite [0F4]=00,SPIWrite [0F4]=00
884,0f00d,0f00d,SPIWrite [0F0]=0D,SPIWrite [0F0]=0D
885,0f1ed,0f1ed,SPIWrite [0F1]=ED,SPIWrite [0F1]=ED
886,0f204,0f204,SPIWrite [0F2]=04,SPIWrite [0F2]=04
887,0f55e,0f55e,SPIWrite [0F5]=5E,SPIWrite [0F5]=5E
888,0f400,0f400,SPIWrite [0F4]=00,SPIWrite [0F4]=00
889,0f400,0f400,SPIWrite [0F4]=00,SPIWrite [0F4]=00
890,0f00e,0f00e,SPIWrite [0F0]=0E,SPIWrite [0F0]=0E
891,0f148,0f148,SPIWrite [0F1]=48,SPIWrite [0F1]=48
892,0f2ec,0f2ec,SPIWrite [0F2]=EC,SPIWrite [0F2]=EC
893,0f55e,0f55e,SPIWrite [0F5]=5E,SPIWrite [0F5]=5E
894,0f400,0f400,SPIWrite [0F4]=00,SPIWrite [0F4]=00
895,0f400,0f400,SPIWrite [0F4]=00,SPIWrite [0F4]=00
896,0f00f,0f00f,SPIWrite [0F0]=0F,SPIWrite [0F0]=0F
897,0f130,0f130,SPIWrite [0F1]=30,SPIWrite [0F1]=30
898,0f205,0f205,SPIWrite [0F2]=05,SPIWrite [0F2]=05
899,0f55e,0f55e,SPIWrite [0F5]=5E,SPIWrite [0F5]=5E
900,0f400,0f400,SPIWrite [0F4]=00,SPIWrite [0F4]=00
901,0f400,0f400,SPIWrite [0F4]=00,SPIWrite [0F4]=00
902,0f010,0f010,SPIWrite [0F0]=10,SPIWrite [0F0]=10
903,0f1ae,0f1ae,SPIWrite [0F1]=AE,SPIWrite [0F1]=AE
904,0f246,0f246,SPIWrite [0F2]=46,SPIWrite [0F2]=46
905,0f55e,0f55e,SPIWrite [0F5]=5E,SPIWrite [0F5]=5E
906,0f400,0f400,SPIWrite [0F4]=00,SPIWrite [0F4]=00
907,0f400,0f400,SPIWrite [0F4]=00,SPIWrite [0F4]=00
908,0f011,0f011,SPIWrite [0F0]=11,SPIWrite [0F0]=11
909,0f1ae,0f1ae,SPIWrite [0F1]=AE,SPIWrite [0F1]=AE
910,0f246,0f246,SPIWrite [0F2]=46,SPIWrite [0F2]=46
911,0f55e,0f55e,SPIWrite [0F5]=5E,SPIWrite [0F5]=5E
912,0f400,0f400,SPIWrite [0F4]=00,SPIWrite [0F4]=00
913,0f400,0f400,SPIWrite [0F4]=00,SPIWrite [0F4]=00
914,0f012,0f012,SPIWrite [0F0]=12,SPIWrite [0F0]=12
915,0f130,0f130,SPIWrite [0F1]=30,SPIWrite [0F1]=30
916,0f205,0f205,SPIWrite [0F2]=05,SPIWrite [0F2]=05
917,0f55e,0f55e,SPIWrite [0F5]=5E,SPIWrite [0F5]=5E
918,0f400,0f400,SPIWrite [0F4]=00,SPIWrite [0F4]=00
919,0f400,0f400,SPIWrite [0F4]=00,SPIWrite [0F4]=00
920,0f013,0f013,SPIWrite [0F0]=13,SPIWrite [0F0]=13
921,0f148,0f148,SPIWrite [0F1]=48,SPIWrite [0F1]=48
922,0f2ec,0f2ec,SPIWrite [0F2]=EC,SPIWrite [0F2]=EC
923,0f55e,0f55e,SPIWrite [0F5]=5E,SPIWrite [0F5]=5E
924,0f400,0f400,SPIWrite [0F4]=00,SPIWrite [0F4]=00
925,0f400,0f400,SPIWrite [0F4]=00,SPIWrite [0F4]=00
926,0f014,0f014,SPIWrite [0F0]=14,SPIWrite [0F0]=14
927,0f1ed,0f1ed,SPIWrite [0F1]=ED,SPIWrite [0F1]=ED
928,0f204,0f204,SPIWrite [0F2]=04,SPIWrite [0F2]=04
929,0f55e,0f55e,SPIWrite [0F5]=5E,SPIWrite [0F5]=5E
930,0f400,0f400,SPIWrite [0F4]=00,SPIWrite [0F4]=00
931,0f400,0f400,SPIWrite [0F4]=00,SPIWrite [0F4]=00
932,0f015,0f015,SPIWrite [0F0]=15,SPIWrite [0F0]=15
933,0f190,0f190,SPIWrite [0F1]=90,SPIWrite [0F1]=90
934,0f208,0f208,SPIWrite [0F2]=08,SPIWrite [0F2]=08
935,0f55e,0f55e,SPIWrite [0F5]=5E,SPIWrite [0F5]=5E
936,0f400,0f400,SPIWrite [0F4]=00,SPIWrite [0F4]=00
937,0f400,0f400,SPIWrite [0F4]=00,SPIWrite [0F4]=00
938,0f016,0f016,SPIWrite [0F0]=16,SPIWrite [0F0]=16
939,0f1bb,0f1bb,SPIWrite [0F1]=BB,SPIWrite [0F1]=BB
940,0f2f9,0f2f9,SPIWrite [0F2]=F9,SPIWrite [0F2]=F9
941,0f55e,0f55e,SPIWrite [0F5]=5E,SPIWrite [0F5]=5E
942,0f400,0f400,SPIWrite [0F4]=00,SPIWrite [0F4]=00
943,0f400,0f400,SPIWrite [0F4]=00,SPIWrite [0F4]=00
944,0f017,0f017,SPIWrite [0F0]=17,SPIWrite [0F0]=17
945,0f177,0f177,SPIWrite [0F1]=77,SPIWrite [0F1]=77
946,0f2fd,0f2fd,SPIWrite [0F2]=FD,SPIWrite [0F2]=FD
947,0f55e,0f55e,SPIWrite [0F5]=5E,SPIWrite [0F5]=5E
948,0f400,0f400,SPIWrite [0F4]=00,SPIWrite [0F4]=00
949,0f400,0f400,SPIWrite [0F4]=00,SPIWrite [0F4]=00
950,0f018,0f018,SPIWrite [0F0]=18,SPIWrite [0F0]=18
951,0f1dc,0f1dc,SPIWrite [0F1]=DC,SPIWrite [0F1]=DC
952,0f204,0f204,SPIWrite [0F2]=04,SPIWrite [0F2]=04
953,0f55e,0f55e,SPIWrite [0F5]=5E,SPIWrite [0F5]=5E
954,0f400,0f400,SPIWrite [0F4]=00,SPIWrite [0F4]=00
955,0f400,0f400,SPIWrite [0F4]=00,SPIWrite [0F4]=00
956,0f019,0f019,SPIWrite [0F0]=19,SPIWrite [0F0]=19
957,0f191,0f191,SPIWrite [0F1]=91,SPIWrite [0F1]=91
958,0f2ff,0f2ff,SPIWrite [0F2]=FF,SPIWrite [0F2]=FF
959,0f55e,0f55e,SPIWrite [0F5]=5E,SPIWrite [0F5]=5E
960,0f400,0f400,SPIWrite [0F4]=00,SPIWrite [0F4]=00
961,0f400,0f400,SPIWrite [0F4]=00,SPIWrite [0F4]=00
962,0f01a,0f01a,SPIWrite [0F0]=1A,SPIWrite [0F0]=1A
963,0f139,0f139,SPIWrite [0F1]=39,SPIWrite [0F1]=39
964,0f2fd,0f2fd,SPIWrite [0F2]=FD,SPIWrite [0F2]=FD
965,0f55e,0f55e,SPIWrite [0F5]=5E,SPIWrite [0F5]=5E
966,0f400,0f400,SPIWrite [0F4]=00,SPIWrite [0F4]=00
967,0f400,0f400,SPIWrite [0F4]=00,SPIWrite [0F4]=00
968,0f01b,0f01b,SPIWrite [0F0]=1B,SPIWrite [0F0]=1B
969,0f156,0f156,SPIWrite [0F1]=56,SPIWrite [0F1]=56
970,0f201,0f201,SPIWrite [0F2]=01,SPIWrite [0F2]=01
971,0f55e,0f55e,SPIWrite [0F5]=5E,SPIWrite [0F5]=5E
972,0f400,0f400,SPIWrite [0F4]=00,SPIWrite [0F4]=00
973,0f400,0f400,SPIWrite [0F4]=00,SPIWrite [0F4]=00
974,0f01c,0f01c,SPIWrite [0F0]=1C,SPIWrite [0F0]=1C
975,0f124,0f124,SPIWrite [0F1]=24,SPIWrite [0F1]=24
976,0f201,0f201,SPIWrite [0F2]=01,SPIWrite [0F2]=01
977,0f55e,0f55e,SPIWrite [0F5]=5E,SPIWrite [0F5]=5E
978,0f400,0f400,SPIWrite [0F4]=00,SPIWrite [0F4]=00
979,0f400,0f400,SPIWrite [0F4]=00,SPIWrite [0F4]=00
980,0f01d,0f01d,SPIWrite [0F0]=1D,SPIWrite [0F0]=1D
981,0f1d1,0f1d1,SPIWrite [0F1]=D1,SPIWrite [0F1]=D1
982,0f2fe,0f2fe,SPIWrite [0F2]=FE,SPIWrite [0F2]=FE
983,0f55e,0f55e,SPIWrite [0F5]=5E,SPIWrite [0F5]=5E
984,0f400,0f400,SPIWrite [0F4]=00,SPIWrite [0F4]=00
985,0f400,0f400,SPIWrite [0F4]=00,SPIWrite [0F4]=00
986,0f01e,0f01e,SPIWrite [0F0]=1E,SPIWrite [0F0]=1E
987,0f1bb,0f1bb,SPIWrite [0F1]=BB,SPIWrite [0F1]=BB
988,0f2ff,0f2ff,SPIWrite [0F2]=FF,SPIWrite [0F2]=FF
989,0f55e,0f55e,SPIWrite [0F5]=5E,SPIWrite [0F5]=5E
990,0f400,0f400,SPIWrite [0F4]=00,SPIWrite [0F4]=00
991,0f400,0f400,SPIWrite [0F4]=00,SPIWrite [0F4]=00
992,0f01f,0f01f,SPIWrite [0F0]=1F,SPIWrite [0F0]=1F
993,0f1ed,0f1ed,SPIWrite [0F1]=ED,SPIWrite [0F1]=ED
994,0f200,0f200,SPIWrite [0F2]=00,SPIWrite [0F2]=00
995,0f55e,0f55e,SPIWrite [0F5]=5E,SPIWrite [0F5]=5E
996,0f400,0f400,SPIWrite [0F4]=00,SPIWrite [0F4]=00
997,0f400,0f400,SPIWrite [0F4]=00,SPIWrite [0F4]=00
998,0f020,0f020,SPIWrite [0F0]=20,SPIWrite [0F0]=20
999,0f175,0f175,SPIWrite [0F1]=75,SPIWrite [0F1]=75
1000,0f200,0f200,SPIWrite [0F2]=00,SPIWrite [0F2]=00
1001,0f55e,0f55e,SPIWrite [0F5]=5E,SPIWrite [0F5]=5E
1002,0f400,0f400,SPIWrite [0F4]=00,SPIWrite [0F4]=00
1003,0f400,0f400,SPIWrite [0F4]=00,SPIWrite [0F4]=00
1004,0f021,0f021,SPIWrite [0F0]=21,SPIWrite [0F0]=21
1005,0f100,0f100,SPIWrite [0F1]=00,SPIWrite [0F1]=00
1006,0f200,0f200,SPIWrite [0F2]=00,SPIWrite [0F2]=00
1007,0f55e,0f55e,SPIWrite [0F5]=5E,SPIWrite [0F5]=5E
1008,0f400,0f400,SPIWrite [0F4]=00,SPIWrite [0F4]=00
1009,0f400,0f400,SPIWrite [0F4]=00,SPIWrite [0F4]=00
1010,0f022,0f022,SPIWrite [0F0]=22,SPIWrite [0F0]=22
1011,0f100,0f100,SPIWrite [0F1]=00,SPIWrite [0F1]=00
1012,0f200,0f200,SPIWrite [0F2]=00,SPIWrite [0F2]=00
1013,0f55e,0f55e,SPIWrite [0F5]=5E,SPIWrite [0F5]=5E
1014,0f400,0f400,SPIWrite [0F4]=00,SPIWrite [0F4]=00
1015,0f400,0f400,SPIWrite [0F4]=00,SPIWrite [0F4]=00
1016,0f023,0f023,SPIWrite [0F0]=23,SPIWrite [0F0]=23
1017,0f100,0f100,SPIWrite [0F1]=00,SPIWrite [0F1]=00
1018,0f200,0f200,SPIWrite [0F2]=00,SPIWrite [0F2]=00
1019,0f55e,0f55e,SPIWrite [0F5]=5E,SPIWrite [0F5]=5E
1020,0f400,0f400,SPIWrite [0F4]=00,SPIWrite [0F4]=00
1021,0f400,0f400,SPIWrite [0F4]=00,SPIWrite [0F4]=00
1022,0f024,0f024,SPIWrite [0F0]=24,SPIWrite [0F0]=24
1023,0f100,0f100,SPIWrite [0F1]=00,SPIWrite [0F1]=00
1024,0f200,0f200,SPIWrite [0F2]=00,SPIWrite [0F2]=00
1025,0f55e,0f55e,SPIWrite [0F5]=5E,SPIWrite [0F5]=5E
1026,0f400,0f400,SPIWrite [0F4]=00,SPIWrite [0F4]=00
1027,0f400,0f400,SPIWrite [0F4]=00,SPIWrite [0F4]=00
1028,0f025,0f025,SPIWrite [0F0]=25,SPIWrite [0F0]=25
1029,0f100,0f100,SPIWrite [0F1]=00,SPIWrite [0F1]=00
1030,0f200,0f200,SPIWrite [0F2]=00,SPIWrite [0F2]=00
1031,0f55e,0f55e,SPIWrite [0F5]=5E,SPIWrite [0F5]=5E
1032,0f400,0f400,SPIWrite [0F4]=00,SPIWrite [0F4]=00
1033,0f400,0f400,SPIWrite [0F4]=00,SPIWrite [0F4]=00
1034,0f026,0f026,SPIWrite [0F0]=26,SPIWrite [0F0]=26
1035,0f100,0f100,SPIWrite [0F1]=00,SPIWrite [0F1]=00
1036,0f200,0f200,SPIWrite [0F2]=00,SPIWrite [0F2]=00
1037,0f55e,0f55e,SPIWrite [0F5]=5E,SPIWrite [0F5]=5E
1038,0f400,0f400,SPIWrite [0F4]=00,SPIWrite [0F4]=00
1039,0f400,0f400,SPIWrite [0F4]=00,SPIWrite [0F4]=00
1040,0f027,0f027,SPIWrite [0F0]=27,SPIWrite [0F0]=27
1041,0f100,0f100,SPIWrite [0F1]=00,SPIWrite [0F1]=00
1042,0f200,0f200,SPIWrite [0F2]=00,SPIWrite [0F2]=00
1043,0f55e,0f55e,SPIWrite [0F5]=5E,SPIWrite [0F5]=5E
1044,0f400,0f400,SPIWrite [0F4]=00,SPIWrite [0F4]=00
1045,0f400,0f400,SPIWrite [0F4]=00,SPIWrite [0F4]=00
1046,0f028,0f028,SPIWrite [0F0]=28,SPIWrite [0F0]=28
1047,0f100,0f100,SPIWrite [0F1]=00,SPIWrite [0F1]=00
1048,0f200,0f200,SPIWrite [0F2]=00,SPIWrite [0F2]=00
1049,0f55e,0f55e,SPIWrite [0F5]=5E,SPIWrite [0F5]=5E
1050,0f400,0f400,SPIWrite [0F4]=00,SPIWrite [0F4]=00
1051,0f400,0f400,SPIWrite [0F4]=00,SPIWrite [0F4]=00
1052,0f029,0f029,SPIWrite [0F0]=29,SPIWrite [0F0]=29
1053,0f100,0f100,SPIWrite [0F1]=00,SPIWrite [0F1]=00
1054,0f200,0f200,SPIWrite [0F2]=00,SPIWrite [0F2]=00
1055,0f55e,0f55e,SPIWrite [0F5]=5E,SPIWrite [0F5]=5E
1056,0f400,0f400,SPIWrite [0F4]=00,SPIWrite [0F4]=00
1057,0f400,0f400,SPIWrite [0F4]=00,SPIWrite [0F4]=00
1058,0f02a,0f02a,SPIWrite [0F0]=2A,SPIWrite [0F0]=2A
1059,0f100,0f100,SPIWrite [0F1]=00,SPIWrite [0F1]=00
1060,0f200,0f200,SPIWrite [0F2]=00,SPIWrite [0F2]=00
1061,0f55e,0f55e,SPIWrite [0F5]=5E,SPIWrite [0F5]=5E
1062,0f400,0f400,SPIWrite [0F4]=00,SPIWrite [0F4]=00
1063,0f400,0f400,SPIWrite [0F4]=00,SPIWrite [0F4]=00
1064,0f02b,0f02b,SPIWrite [0F0]=2B,SPIWrite [0F0]=2B
1065,0f100,0f100,SPIWrite [0F1]=00,SPIWrite [0F1]=00
1066,0f200,0f200,SPIWrite [0F2]=00,SPIWrite [0F2]=00
1067,0f55e,0f55e,SPIWrite [0F5]=5E,SPIWrite [0F5]=5E
1068,0f400,0f400,SPIWrite [0F4]=00,SPIWrite [0F4]=00
1069,0f400,0f400,SPIWrite [0F4]=00,SPIWrite [0F4]=00
1070,0f02c,0f02c,SPIWrite [0F0]=2C,SPIWrite [0F0]=2C
1071,0f100,0f100,SPIWrite [0F1]=00,SPIWrite [0F1]=00
1072,0f200,0f200,SPIWrite [0F2]=00,SPIWrite [0F2]=00
1073,0f55e,0f55e,SPIWrite [0F5]=5E,SPIWrite [0F5]=5E
1074,0f400,0f400,SPIWrite [0F4]=00,SPIWrite [0F4]=00
1075,0f400,0f400,SPIWrite [0F4]=00,SPIWrite [0F4]=00
1076,0f02d,0f02d,SPIWrite [0F0]=2D,SPIWrite [0F0]=2D
1077,0f100,0f100,SPIWrite [0F1]=00,SPIWrite [0F1]=00
1078,0f200,0f200,SPIWrite [0F2]=00,SPIWrite [0F2]=00
1079,0f55e,0f55e,SPIWrite [0F5]=5E,SPIWrite [0F5]=5E
1080,0f400,0f400,SPIWrite [0F4]=00,SPIWrite [0F4]=00
1081,0f400,0f400,SPIWrite [0F4]=00,SPIWrite [0F4]=00
1082,0f02e,0f02e,SPIWrite [0F0]=2E,SPIWrite [0F0]=2E
1083,0f100,0f100,SPIWrite [0F1]=00,SPIWrite [0F1]=00
1084,0f200,0f200,SPIWrite [0F2]=00,SPIWrite [0F2]=00
1085,0f55e,0f55e,SPIWrite [0F5]=5E,SPIWrite [0F5]=5E
1086,0f400,0f400,SPIWrite [0F4]=00,SPIWrite [0F4]=00
1087,0f400,0f400,SPIWrite [0F4]=00,SPIWrite [0F4]=00
1088,0f02f,0f02f,SPIWrite [0F0]=2F,SPIWrite [0F0]=2F
1089,0f100,0f100,SPIWrite [0F1]=00,SPIWrite [0F1]=00
1090,0f200,0f200,SPIWrite [0F2]=00,SPIWrite [0F2]=00
1091,0f55e,0f55e,SPIWrite [0F5]=5E,SPIWrite [0F5]=5E
1092,0f400,0f400,SPIWrite [0F4]=00,SPIWrite [0F4]=00
1093,0f400,0f400,SPIWrite [0F4]=00,SPIWrite [0F4]=00
1094,0f030,0f030,SPIWrite [0F0]=30,SPIWrite [0F0]=30
1095,0f100,0f100,SPIWrite [0F1]=00,SPIWrite [0F1]=00
1096,0f200,0f200,SPIWrite [0F2]=00,SPIWrite [0F2]=00
1097,0f55e,0f55e,SPIWrite [0F5]=5E,SPIWrite [0F5]=5E
1098,0f400,0f400,SPIWrite [0F4]=00,SPIWrite [0F4]=00
1099,0f400,0f400,SPIWrite [0F4]=00,SPIWrite [0F4]=00
1100,0f031,0f031,SPIWrite [0F0]=31,SPIWrite [0F0]=31
1101,0f100,0f100,SPIWrite [0F1]=00,SPIWrite [0F1]=00
1102,0f200,0f200,SPIWrite [0F2]=00,SPIWrite [0F2]=00
1103,0f55e,0f55e,SPIWrite [0F5]=5E,SPIWrite [0F5]=5E
1104,0f400,0f400,SPIWrite [0F4]=00,SPIWrite [0F4]=00
1105,0f400,0f400,SPIWrite [0F4]=00,SPIWrite [0F4]=00
1106,0f032,0f032,SPIWrite [0F0]=32,SPIWrite [0F0]=32
1107,0f100,0f100,SPIWrite [0F1]=00,SPIWrite [0F1]=00
1108,0f200,0f200,SPIWrite [0F2]=00,SPIWrite [0F2]=00
1109,0f55e,0f55e,SPIWrite [0F5]=5E,SPIWrite [0F5]=5E
1110,0f400,0f400,SPIWrite [0F4]=00,SPIWrite [0F4]=00
1111,0f400,0f400,SPIWrite [0F4]=00,SPIWrite [0F4]=00
1112,0f033,0f033,SPIWrite [0F0]=33,SPIWrite [0F0]=33
1113,0f100,0f100,SPIWrite [0F1]=00,SPIWrite [0F1]=00
1114,0f200,0f200,SPIWrite [0F2]=00,SPIWrite [0F2]=00
1115,0f55e,0f55e,SPIWrite [0F5]=5E,SPIWrite [0F5]=5E
1116,0f400,0f400,SPIWrite [0F4]=00,SPIWrite [0F4]=00
1117,0f400,0f400,SPIWrite [0F4]=00,SPIWrite [0F4]=00
1118,0f034,0f034,SPIWrite [0F0]=34,SPIWrite [0F0]=34
1119,0f100,0f100,SPIWrite [0F1]=00,SPIWrite [0F1]=00
1120,0f200,0f200,SPIWrite [0F2]=00,SPIWrite [0F2]=00
1121,0f55e,0f55e,SPIWrite [0F5]=5E,SPIWrite [0F5]=5E
1122,0f400,0f400,SPIWrite [0F4]=00,SPIWrite [0F4]=00
1123,0f400,0f400,SPIWrite [0F4]=00,SPIWrite [0F4]=00
1124,0f035,0f035,SPIWrite [0F0]=35,SPIWrite [0F0]=35
1125,0f100,0f100,SPIWrite [0F1]=00,SPIWrite [0F1]=00
1126,0f200,0f200,SPIWrite [0F2]=00,SPIWrite [0F2]=00
1127,0f55e,0f55e,SPIWrite [0F5]=5E,SPIWrite [0F5]=5E
1128,0f400,0f400,SPIWrite [0F4]=00,SPIWrite [0F4]=00
1129,0f400,0f400,SPIWrite [0F4]=00,SPIWrite [0F4]=00
1130,0f036,0f036,SPIWrite [0F0]=36,SPIWrite [0F0]=36
1131,0f100,0f100,SPIWrite [0F1]=00,SPIWrite [0F1]=00
1132,0f200,0f200,SPIWrite [0F2]=00,SPIWrite [0F2]=00
1133,0f55e,0f55e,SPIWrite [0F5]=5E,SPIWrite [0F5]=5E
1134,0f400,0f400,SPIWrite [0F4]=00,SPIWrite [0F4]=00
1135,0f400,0f400,SPIWrite [0F4]=00,SPIWrite [0F4]=00
1136,0f037,0f037,SPIWrite [0F0]=37,SPIWrite [0F0]=37
1137,0f100,0f100,SPIWrite [0F1]=00,SPIWrite [0F1]=00
1138,0f200,0f200,SPIWrite [0F2]=00,SPIWrite [0F2]=00
1139,0f55e,0f55e,SPIWrite [0F5]=5E,SPIWrite [0F5]=5E
1140,0f400,0f400,SPIWrite [0F4]=00,SPIWrite [0F4]=00
1141,0f400,0f400,SPIWrite [0F4]=00,SPIWrite [0F4]=00
1142,0f038,0f038,SPIWrite [0F0]=38,SPIWrite [0F0]=38
1143,0f100,0f100,SPIWrite [0F1]=00,SPIWrite [0F1]=00
1144,0f200,0f200,SPIWrite [0F2]=00,SPIWrite [0F2]=00
1145,0f55e,0f55e,SPIWrite [0F5]=5E,SPIWrite [0F5]=5E
1146,0f400,0f400,SPIWrite [0F4]=00,SPIWrite [0F4]=00
1147,0f400,0f400,SPIWrite [0F4]=00,SPIWrite [0F4]=00
1148,0f039,0f039,SPIWrite [0F0]=39,SPIWrite [0F0]=39
1149,0f100,0f100,SPIWrite [0F1]=00,SPIWrite [0F1]=00
1150,0f200,0f200,SPIWrite [0F2]=00,SPIWrite [0F2]=00
1151,0f55e,0f55e,SPIWrite [0F5]=5E,SPIWrite [0F5]=5E
1152,0f400,0f400,SPIWrite [0F4]=00,SPIWrite [0F4]=00
1153,0f400,0f400,SPIWrite [0F4]=00,SPIWrite [0F4]=00
1154,0f03a,0f03a,SPIWrite [0F0]=3A,SPIWrite [0F0]=3A
1155,0f100,0f100,SPIWrite [0F1]=00,SPIWrite [0F1]=00
1156,0f200,0f200,SPIWrite [0F2]=00,SPIWrite [0F2]=00
1157,0f55e,0f55e,SPIWrite [0F5]=5E,SPIWrite [0F5]=5E
1158,0f400,0f400,SPIWrite [0F4]=00,SPIWrite [0F4]=00
1159,0f400,0f400,SPIWrite [0F4]=00,SPIWrite [0F4]=00
1160,0f03b,0f03b,SPIWrite [0F0]=3B,SPIWrite [0F0]=3B
1161,0f100,0f100,SPIWrite [0F1]=00,SPIWrite [0F1]=00
1162,0f200,0f200,SPIWrite [0F2]=00,SPIWrite [0F2]=00
1163,0f55e,0f55e,SPIWrite [0F5]=5E,SPIWrite [0F5]=5E
1164,0f400,0f400,SPIWrite [0F4]=00,SPIWrite [0F4]=00
1165,0f400,0f400,SPIWrite [0F4]=00,SPIWrite [0F4]=00
1166,0f03c,0f03c,SPIWrite [0F0]=3C,SPIWrite [0F0]=3C
1167,0f100,0f100,SPIWrite [0F1]=00,SPIWrite [0F1]=00
1168,0f200,0f200,SPIWrite [0F2]=00,SPIWrite [0F2]=00
1169,0f55e,0f55e,SPIWrite [0F5]=5E,SPIWrite [0F5]=5E
1170,0f400,0f400,SPIWrite [0F4]=00,SPIWrite [0F4]=00
1171,0f400,0f400,SPIWrite [0F4]=00,SPIWrite [0F4]=00
1172,0f03d,0f03d,SPIWrite [0F0]=3D,SPIWrite [0F0]=3D
1173,0f100,0f100,SPIWrite [0F1]=00,SPIWrite [0F1]=00
1174,0f200,0f200,SPIWrite [0F2]=00,SPIWrite [0F2]=00
1175,0f55e,0f55e,SPIWrite [0F5]=5E,SPIWrite [0F5]=5E
1176,0f400,0f400,SPIWrite [0F4]=00,SPIWrite [0F4]=00
1177,0f400,0f400,SPIWrite [0F4]=00,SPIWrite [0F4]=00
1178,0f03e,0f03e,SPIWrite [0F0]=3E,SPIWrite [0F0]=3E
1179,0f100,0f100,SPIWrite [0F1]=00,SPIWrite [0F1]=00
1180,0f200,0f200,SPIWrite [0F2]=00,SPIWrite [0F2]=00
1181,0f55e,0f55e,SPIWrite [0F5]=5E,SPIWrite [0F5]=5E
1182,0f400,0f400,SPIWrite [0F4]=00,SPIWrite [0F4]=00
1183,0f400,0f400,SPIWrite [0F4]=00,SPIWrite [0F4]=00
1184,0f03f,0f03f,SPIWrite [0F0]=3F,SPIWrite [0F0]=3F
1185,0f100,0f100,SPIWrite [0F1]=00,SPIWrite [0F1]=00
1186,0f200,0f200,SPIWrite [0F2]=00,SPIWrite [0F2]=00
1187,0f55e,0f55e,SPIWrite [0F5]=5E,SPIWrite [0F5]=5E
1188,0f400,0f400,SPIWrite [0F4]=00,SPIWrite [0F4]=00
1189,0f400,0f400,SPIWrite [0F4]=00,SPIWrite [0F4]=00
1190,0f040,0f040,SPIWrite [0F0]=40,SPIWrite [0F0]=40
1191,0f100,0f100,SPIWrite [0F1]=00,SPIWrite [0F1]=00
1192,0f200,0f200,SPIWrite [0F2]=00,SPIWrite [0F2]=00
1193,0f55e,0f55e,SPIWrite [0F5]=5E,SPIWrite [0F5]=5E
1194,0f400,0f400,SPIWrite [0F4]=00,SPIWrite [0F4]=00
1195,0f400,0f400,SPIWrite [0F4]=00,SPIWrite [0F4]=00
1196,0f041,0f041,SPIWrite [0F0]=41,SPIWrite [0F0]=41
1197,0f100,0f100,SPIWrite [0F1]=00,SPIWrite [0F1]=00
1198,0f200,0f200,SPIWrite [0F2]=00,SPIWrite [0F2]=00
1199,0f55e,0f55e,SPIWrite [0F5]=5E,SPIWrite [0F5]=5E
1200,0f400,0f400,SPIWrite [0F4]=00,SPIWrite [0F4]=00
1201,0f400,0f400,SPIWrite [0F4]=00,SPIWrite [0F4]=00
1202,0f042,0f042,SPIWrite [0F0]=42,SPIWrite [0F0]=42
1203,0f100,0f100,SPIWrite [0F1]=00,SPIWrite [0F1]=00
1204,0f200,0f200,SPIWrite [0F2]=00,SPIWrite [0F2]=00
1205,0f55e,0f55e,SPIWrite [0F5]=5E,SPIWrite [0F5]=5E
1206,0f400,0f400,SPIWrite [0F4]=00,SPIWrite [0F4]=00
1207,0f400,0f400,SPIWrite [0F4]=00,SPIWrite [0F4]=00
1208,0f043,0f043,SPIWrite [0F0]=43,SPIWrite [0F0]=43
1209,0f100,0f100,SPIWrite [0F1]=00,SPIWrite [0F1]=00
1210,0f200,0f200,SPIWrite [0F2]=00,SPIWrite [0F2]=00
1211,0f55e,0f55e,SPIWrite [0F5]=5E,SPIWrite [0F5]=5E
1212,0f400,0f400,SPIWrite [0F4]=00,SPIWrite [0F4]=00
1213,0f400,0f400,SPIWrite [0F4]=00,SPIWrite [0F4]=00
1214,0f044,0f044,SPIWrite [0F0]=44,SPIWrite [0F0]=44
1215,0f100,0f100,SPIWrite [0F1]=00,SPIWrite [0F1]=00
1216,0f200,0f200,SPIWrite [0F2]=00,SPIWrite [0F2]=00
1217,0f55e,0f55e,SPIWrite [0F5]=5E,SPIWrite [0F5]=5E
1218,0f400,0f400,SPIWrite [0F4]=00,SPIWrite [0F4]=00
1219,0f400,0f400,SPIWrite [0F4]=00,SPIWrite [0F4]=00
1220,0f045,0f045,SPIWrite [0F0]=45,SPIWrite [0F0]=45
1221,0f100,0f100,SPIWrite [0F1]=00,SPIWrite [0F1]=00
1222,0f200,0f200,SPIWrite [0F2]=00,SPIWrite [0F2]=00
1223,0f55e,0f55e,SPIWrite [0F5]=5E,SPIWrite [0F5]=5E
1224,0f400,0f400,SPIWrite [0F4]=00,SPIWrite [0F4]=00
1225,0f400,0f400,SPIWrite [0F4]=00,SPIWrite [0F4]=00
1226,0f046,0f046,SPIWrite [0F0]=46,SPIWrite [0F0]=46
1227,0f100,0f100,SPIWrite [0F1]=00,SPIWrite [0F1]=00
1228,0f200,0f200,SPIWrite [0F2]=00,SPIWrite [0F2]=00
1229,0f55e,0f55e,SPIWrite [0F5]=5E,SPIWrite [0F5]=5E
1230,0f400,0f400,SPIWrite [0F4]=00,SPIWrite [0F4]=00
1231,0f400,0f400,SPIWrite [0F4]=00,SPIWrite [0F4]=00
1232,0f047,0f047,SPIWrite [0F0]=47,SPIWrite [0F0]=47
1233,0f100,0f100,SPIWrite [0F1]=00,SPIWrite [0F1]=00
1234,0f200,0f200,SPIWrite [0F2]=00,SPIWrite [0F2]=00
1235,0f55e,0f55e,SPIWrite [0F5]=5E,SPIWrite [0F5]=5E
1236,0f400,0f400,SPIWrite [0F4]=00,SPIWrite [0F4]=00
1237,0f400,0f400,SPIWrite [0F4]=00,SPIWrite [0F4]=00
1238,0f048,0f048,SPIWrite [0F0]=48,SPIWrite [0F0]=48
1239,0f100,0f100,SPIWrite [0F1]=00,SPIWrite [0F1]=00
1240,0f200,0f200,SPIWrite [0F2]=00,SPIWrite [0F2]=00
1241,0f55e,0f55e,SPIWrite [0F5]=5E,SPIWrite [0F5]=5E
1242,0f400,0f400,SPIWrite [0F4]=00,SPIWrite [0F4]=00
1243,0f400,0f400,SPIWrite [0F4]=00,SPIWrite [0F4]=00
1244,0f049,0f049,SPIWrite [0F0]=49,SPIWrite [0F0]=49
1245,0f100,0f100,SPIWrite [0F1]=00,SPIWrite [0F1]=00
1246,0f200,0f200,SPIWrite [0F2]=00,SPIWrite [0F2]=00
1247,0f55e,0f55e,SPIWrite [0F5]=5E,SPIWrite [0F5]=5E
1248,0f400,0f400,SPIWrite [0F4]=00,SPIWrite [0F4]=00
1249,0f400,0f400,SPIWrite [0F4]=00,SPIWrite [0F4]=00
1250,0f04a,0f04a,SPIWrite [0F0]=4A,SPIWrite [0F0]=4A
1251,0f100,0f100,SPIWrite [0F1]=00,SPIWrite [0F1]=00
1252,0f200,0f200,SPIWrite [0F2]=00,SPIWrite [0F2]=00
1253,0f55e,0f55e,SPIWrite [0F5]=5E,SPIWrite [0F5]=5E
1254,0f400,0f400,SPIWrite [0F4]=00,SPIWrite [0F4]=00
1255,0f400,0f400,SPIWrite [0F4]=00,SPIWrite [0F4]=00
1256,0f04b,0f04b,SPIWrite [0F0]=4B,SPIWrite [0F0]=4B
1257,0f100,0f100,SPIWrite [0F1]=00,SPIWrite [0F1]=00
1258,0f200,0f200,SPIWrite [0F2]=00,SPIWrite [0F2]=00
1259,0f55e,0f55e,SPIWrite [0F5]=5E,SPIWrite [0F5]=5E
1260,0f400,0f400,SPIWrite [0F4]=00,SPIWrite [0F4]=00
1261,0f400,0f400,SPIWrite [0F4]=00,SPIWrite [0F4]=00
1262,0f04c,0f04c,SPIWrite [0F0]=4C,SPIWrite [0F0]=4C
1263,0f100,0f100,SPIWrite [0F1]=00,SPIWrite [0F1]=00
1264,0f200,0f200,SPIWrite [0F2]=00,SPIWrite [0F2]=00
1265,0f55e,0f55e,SPIWrite [0F5]=5E,SPIWrite [0F5]=5E
1266,0f400,0f400,SPIWrite [0F4]=00,SPIWrite [0F4]=00
1267,0f400,0f400,SPIWrite [0F4]=00,SPIWrite [0F4]=00
1268,0f04d,0f04d,SPIWrite [0F0]=4D,SPIWrite [0F0]=4D
1269,0f100,0f100,SPIWrite [0F1]=00,SPIWrite [0F1]=00
1270,0f200,0f200,SPIWrite [0F2]=00,SPIWrite [0F2]=00
1271,0f55e,0f55e,SPIWrite [0F5]=5E,SPIWrite [0F5]=5E
1272,0f400,0f400,SPIWrite [0F4]=00,SPIWrite [0F4]=00
1273,0f400,0f400,SPIWrite [0F4]=00,SPIWrite [0F4]=00
1274,0f04e,0f04e,SPIWrite [0F0]=4E,SPIWrite [0F0]=4E
1275,0f100,0f100,SPIWrite [0F1]=00,SPIWrite [0F1]=00
1276,0f200,0f200,SPIWrite [0F2]=00,SPIWrite [0F2]=00
1277,0f55e,0f55e,SPIWrite [0F5]=5E,SPIWrite [0F5]=5E
1278,0f400,0f400,SPIWrite [0F4]=00,SPIWrite [0F4]=00
1279,0f400,0f400,SPIWrite [0F4]=00,SPIWrite [0F4]=00
1280,0f04f,0f04f,SPIWrite [0F0]=4F,SPIWrite [0F0]=4F
1281,0f100,0f100,SPIWrite [0F1]=00,SPIWrite [0F1]=00
1282,0f200,0f200,SPIWrite [0F2]=00,SPIWrite [0F2]=00
1283,0f55e,0f55e,SPIWrite [0F5]=5E,SPIWrite [0F5]=5E
1284,0f400,0f400,SPIWrite [0F4]=00,SPIWrite [0F4]=00
1285,0f400,0f400,SPIWrite [0F4]=00,SPIWrite [0F4]=00
1286,0f050,0f050,SPIWrite [0F0]=50,SPIWrite [0F0]=50
1287,0f100,0f100,SPIWrite [0F1]=00,SPIWrite [0F1]=00
1288,0f200,0f200,SPIWrite [0F2]=00,SPIWrite [0F2]=00
1289,0f55e,0f55e,SPIWrite [0F5]=5E,SPIWrite [0F5]=5E
1290,0f400,0f400,SPIWrite [0F4]=00,SPIWrite [0F4]=00
1291,0f400,0f400,SPIWrite [0F4]=00,SPIWrite [0F4]=00
1292,0f051,0f051,SPIWrite [0F0]=51,SPIWrite [0F0]=51
1293,0f100,0f100,SPIWrite [0F1]=00,SPIWrite [0F1]=00
1294,0f200,0f200,SPIWrite [0F2]=00,SPIWrite [0F2]=00
1295,0f55e,0f55e,SPIWrite [0F5]=5E,SPIWrite [0F5]=5E
1296,0f400,0f400,SPIWrite [0F4]=00,SPIWrite [0F4]=00
1297,0f400,0f400,SPIWrite [0F4]=00,SPIWrite [0F4]=00
1298,0f052,0f052,SPIWrite [0F0]=52,SPIWrite [0F0]=52
1299,0f100,0f100,SPIWrite [0F1]=00,SPIWrite [0F1]=00
1300,0f200,0f200,SPIWrite [0F2]=00,SPIWrite [0F2]=00
1301,0f55e,0f55e,SPIWrite [0F5]=5E,SPIWrite [0F5]=5E
1302,0f400,0f400,SPIWrite [0F4]=00,SPIWrite [0F4]=00
1303,0f400,0f400,SPIWrite [0F4]=00,SPIWrite [0F4]=00
1304,0f053,0f053,SPIWrite [0F0]=53,SPIWrite [0F0]=53
1305,0f100,0f100,SPIWrite [0F1]=00,SPIWrite [0F1]=00
1306,0f200,0f200,SPIWrite [0F2]=00,SPIWrite [0F2]=00
1307,0f55e,0f55e,SPIWrite [0F5]=5E,SPIWrite [0F5]=5E
1308,0f400,0f400,SPIWrite [0F4]=00,SPIWrite [0F4]=00
1309,0f400,0f400,SPIWrite [0F4]=00,SPIWrite [0F4]=00
1310,0f054,0f054,SPIWrite [0F0]=54,SPIWrite [0F0]=54
1311,0f100,0f100,SPIWrite [0F1]=00,SPIWrite [0F1]=00
1312,0f200,0f200,SPIWrite [0F2]=00,SPIWrite [0F2]=00
1313,0f55e,0f55e,SPIWrite [0F5]=5E,SPIWrite [0F5]=5E
1314,0f400,0f400,SPIWrite [0F4]=00,SPIWrite [0F4]=00
1315,0f400,0f400,SPIWrite [0F4]=00,SPIWrite [0F4]=00
1316,0f055,0f055,SPIWrite [0F0]=55,SPIWrite [0F0]=55
1317,0f100,0f100,SPIWrite [0F1]=00,SPIWrite [0F1]=00
1318,0f200,0f200,SPIWrite [0F2]=00,SPIWrite [0F2]=00
1319,0f55e,0f55e,SPIWrite [0F5]=5E,SPIWrite [0F5]=5E
1320,0f400,0f400,SPIWrite [0F4]=00,SPIWrite [0F4]=00
1321,0f400,0f400,SPIWrite [0F4]=00,SPIWrite [0F4]=00
1322,0f056,0f056,SPIWrite [0F0]=56,SPIWrite [0F0]=56
1323,0f100,0f100,SPIWrite [0F1]=00,SPIWrite [0F1]=00
1324,0f200,0f200,SPIWrite [0F2]=00,SPIWrite [0F2]=00
1325,0f55e,0f55e,SPIWrite [0F5]=5E,SPIWrite [0F5]=5E
1326,0f400,0f400,SPIWrite [0F4]=00,SPIWrite [0F4]=00
1327,0f400,0f400,SPIWrite [0F4]=00,SPIWrite [0F4]=00
1328,0f057,0f057,SPIWrite [0F0]=57,SPIWrite [0F0]=57
1329,0f100,0f100,SPIWrite [0F1]=00,SPIWrite [0F1]=00
1330,0f200,0f200,SPIWrite [0F2]=00,SPIWrite [0F2]=00
1331,0f55e,0f55e,SPIWrite [0F5]=5E,SPIWrite [0F5]=5E
1332,0f400,0f400,SPIWrite [0F4]=00,SPIWrite [0F4]=00
1333,0f400,0f400,SPIWrite [0F4]=00,SPIWrite [0F4]=00
1334,0f058,0f058,SPIWrite [0F0]=58,SPIWrite [0F0]=58
1335,0f100,0f100,SPIWrite [0F1]=00,SPIWrite [0F1]=00
1336,0f200,0f200,SPIWrite [0F2]=00,SPIWrite [0F2]=00
1337,0f55e,0f55e,SPIWrite [0F5]=5E,SPIWrite [0F5]=5E
1338,0f400,0f400,SPIWrite [0F4]=00,SPIWrite [0F4]=00
1339,0f400,0f400,SPIWrite [0F4]=00,SPIWrite [0F4]=00
1340,0f059,0f059,SPIWrite [0F0]=59,SPIWrite [0F0]=59
1341,0f100,0f100,SPIWrite [0F1]=00,SPIWrite [0F1]=00
1342,0f200,0f200,SPIWrite [0F2]=00,SPIWrite [0F2]=00
1343,0f55e,0f55e,SPIWrite [0F5]=5E,SPIWrite [0F5]=5E
1344,0f400,0f400,SPIWrite [0F4]=00,SPIWrite [0F4]=00
1345,0f400,0f400,SPIWrite [0F4]=00,SPIWrite [0F4]=00
1346,0f05a,0f05a,SPIWrite [0F0]=5A,SPIWrite [0F0]=5A
1347,0f100,0f100,SPIWrite [0F1]=00,SPIWrite [0F1]=00
1348,0f200,0f200,SPIWrite [0F2]=00,SPIWrite [0F2]=00
1349,0f55e,0f55e,SPIWrite [0F5]=5E,SPIWrite [0F5]=5E
1350,0f400,0f400,SPIWrite [0F4]=00,SPIWrite [0F4]=00
1351,0f400,0f400,SPIWrite [0F4]=00,SPIWrite [0F4]=00
1352,0f05b,0f05b,SPIWrite [0F0]=5B,SPIWrite [0F0]=5B
1353,0f100,0f100,SPIWrite [0F1]=00,SPIWrite [0F1]=00
1354,0f200,0f200,SPIWrite [0F2]=00,SPIWrite [0F2]=00
1355,0f55e,0f55e,SPIWrite [0F5]=5E,SPIWrite [0F5]=5E
1356,0f400,0f400,SPIWrite [0F4]=00,SPIWrite [0F4]=00
1357,0f400,0f400,SPIWrite [0F4]=00,SPIWrite [0F4]=00
1358,0f05c,0f05c,SPIWrite [0F0]=5C,SPIWrite [0F0]=5C
1359,0f100,0f100,SPIWrite [0F1]=00,SPIWrite [0F1]=00
1360,0f200,0f200,SPIWrite [0F2]=00,SPIWrite [0F2]=00
1361,0f55e,0f55e,SPIWrite [0F5]=5E,SPIWrite [0F5]=5E
1362,0f400,0f400,SPIWrite [0F4]=00,SPIWrite [0F4]=00
1363,0f400,0f400,SPIWrite [0F4]=00,SPIWrite [0F4]=00
1364,0f05d,0f05d,SPIWrite [0F0]=5D,SPIWrite [0F0]=5D
1365,0f100,0f100,SPIWrite [0F1]=00,SPIWrite [0F1]=00
1366,0f200,0f200,SPIWrite [0F2]=00,SPIWrite [0F2]=00
1367,0f55e,0f55e,SPIWrite [0F5]=5E,SPIWrite [0F5]=5E
1368,0f400,0f400,SPIWrite [0F4]=00,SPIWrite [0F4]=00
1369,0f400,0f400,SPIWrite [0F4]=00,SPIWrite [0F4]=00
1370,0f05e,0f05e,SPIWrite [0F0]=5E,SPIWrite [0F0]=5E
1371,0f100,0f100,SPIWrite [0F1]=00,SPIWrite [0F1]=00
1372,0f200,0f200,SPIWrite [0F2]=00,SPIWrite [0F2]=00
1373,0f55e,0f55e,SPIWrite [0F5]=5E,SPIWrite [0F5]=5E
1374,0f400,0f400,SPIWrite [0F4]=00,SPIWrite [0F4]=00
1375,0f400,0f400,SPIWrite [0F4]=00,SPIWrite [0F4]=00
1376,0f05f,0f05f,SPIWrite [0F0]=5F,SPIWrite [0F0]=5F
1377,0f100,0f100,SPIWrite [0F1]=00,SPIWrite [0F1]=00
1378,0f200,0f200,SPIWrite [0F2]=00,SPIWrite [0F2]=00
1379,0f55e,0f55e,SPIWrite [0F5]=5E,SPIWrite [0F5]=5E
1380,0f400,0f400,SPIWrite [0F4]=00,SPIWrite [0F4]=00
1381,0f400,0f400,SPIWrite [0F4]=00,SPIWrite [0F4]=00
1382,0f060,0f060,SPIWrite [0F0]=60,SPIWrite [0F0]=60
1383,0f100,0f100,SPIWrite [0F1]=00,SPIWrite [0F1]=00
1384,0f200,0f200,SPIWrite [0F2]=00,SPIWrite [0F2]=00
1385,0f55e,0f55e,SPIWrite [0F5]=5E,SPIWrite [0F5]=5E
1386,0f400,0f400,SPIWrite [0F4]=00,SPIWrite [0F4]=00
1387,0f400,0f400,SPIWrite [0F4]=00,SPIWrite [0F4]=00
1388,0f061,0f061,SPIWrite [0F0]=61,SPIWrite [0F0]=61
1389,0f100,0f100,SPIWrite [0F1]=00,SPIWrite [0F1]=00
1390,0f200,0f200,SPIWrite [0F2]=00,SPIWrite [0F2]=00
1391,0f55e,0f55e,SPIWrite [0F5]=5E,SPIWrite [0F5]=5E
1392,0f400,0f400,SPIWrite [0F4]=00,SPIWrite [0F4]=00
1393,0f400,0f400,SPIWrite [0F4]=00,SPIWrite [0F4]=00
1394,0f062,0f062,SPIWrite [0F0]=62,SPIWrite [0F0]=62
1395,0f100,0f100,SPIWrite [0F1]=00,SPIWrite [0F1]=00
1396,0f200,0f200,SPIWrite [0F2]=00,SPIWrite [0F2]=00
1397,0f55e,0f55e,SPIWrite [0F5]=5E,SPIWrite [0F5]=5E
1398,0f400,0f400,SPIWrite [0F4]=00,SPIWrite [0F4]=00
1399,0f400,0f400,SPIWrite [0F4]=00,SPIWrite [0F4]=00
1400,0f063,0f063,SPIWrite [0F0]=63,SPIWrite [0F0]=63
1401,0f100,0f100,SPIWrite [0F1]=00,SPIWrite [0F1]=00
1402,0f200,0f200,SPIWrite [0F2]=00,SPIWrite [0F2]=00
1403,0f55e,0f55e,SPIWrite [0F5]=5E,SPIWrite [0F5]=5E
1404,0f400,0f400,SPIWrite [0F4]=00,SPIWrite [0F4]=00
1405,0f400,0f400,SPIWrite [0F4]=00,SPIWrite [0F4]=00
1406,0f064,0f064,SPIWrite [0F0]=64,SPIWrite [0F0]=64
1407,0f100,0f100,SPIWrite [0F1]=00,SPIWrite [0F1]=00
1408,0f200,0f200,SPIWrite [0F2]=00,SPIWrite [0F2]=00
1409,0f55e,0f55e,SPIWrite [0F5]=5E,SPIWrite [0F5]=5E
1410,0f400,0f400,SPIWrite [0F4]=00,SPIWrite [0F4]=00
1411,0f400,0f400,SPIWrite [0F4]=00,SPIWrite [0F4]=00
1412,0f065,0f065,SPIWrite [0F0]=65,SPIWrite [0F0]=65
1413,0f100,0f100,SPIWrite [0F1]=00,SPIWrite [0F1]=00
1414,0f200,0f200,SPIWrite [0F2]=00,SPIWrite [0F2]=00
1415,0f55e,0f55e,SPIWrite [0F5]=5E,SPIWrite [0F5]=5E
1416,0f400,0f400,SPIWrite [0F4]=00,SPIWrite [0F4]=00
1417,0f400,0f400,SPIWrite [0F4]=00,SPIWrite [0F4]=00
1418,0f066,0f066,SPIWrite [0F0]=66,SPIWrite [0F0]=66
1419,0f100,0f100,SPIWrite [0F1]=00,SPIWrite [0F1]=00
1420,0f200,0f200,SPIWrite [0F2]=00,SPIWrite [0F2]=00
1421,0f55e,0f55e,SPIWrite [0F5]=5E,SPIWrite [0F5]=5E
1422,0f400,0f400,SPIWrite [0F4]=00,SPIWrite [0F4]=00
1423,0f400,0f400,SPIWrite [0F4]=00,SPIWrite [0F4]=00
1424,0f067,0f067,SPIWrite [0F0]=67,SPIWrite [0F0]=67
1425,0f100,0f100,SPIWrite [0F1]=00,SPIWrite [0F1]=00
1426,0f200,0f200,SPIWrite [0F2]=00,SPIWrite [0F2]=00
1427,0f55e,0f55e,SPIWrite [0F5]=5E,SPIWrite [0F5]=5E
1428,0f400,0f400,SPIWrite [0F4]=00,SPIWrite [0F4]=00
1429,0f400,0f400,SPIWrite [0F4]=00,SPIWrite [0F4]=00
1430,0f068,0f068,SPIWrite [0F0]=68,SPIWrite [0F0]=68
1431,0f100,0f100,SPIWrite [0F1]=00,SPIWrite [0F1]=00
1432,0f200,0f200,SPIWrite [0F2]=00,SPIWrite [0F2]=00
1433,0f55e,0f55e,SPIWrite [0F5]=5E,SPIWrite [0F5]=5E
1434,0f400,0f400,SPIWrite [0F4]=00,SPIWrite [0F4]=00
1435,0f400,0f400,SPIWrite [0F4]=00,SPIWrite [0F4]=00
1436,0f069,0f069,SPIWrite [0F0]=69,SPIWrite [0F0]=69
1437,0f100,0f100,SPIWrite [0F1]=00,SPIWrite [0F1]=00
1438,0f200,0f200,SPIWrite [0F2]=00,SPIWrite [0F2]=00
1439,0f55e,0f55e,SPIWrite [0F5]=5E,SPIWrite [0F5]=5E
1440,0f400,0f400,SPIWrite [0F4]=00,SPIWrite [0F4]=00
1441,0f400,0f400,SPIWrite [0F4]=00,SPIWrite [0F4]=00
1442,0f06a,0f06a,SPIWrite [0F0]=6A,SPIWrite [0F0]=6A
1443,0f100,0f100,SPIWrite [0F1]=00,SPIWrite [0F1]=00
1444,0f200,0f200,SPIWrite [0F2]=00,SPIWrite [0F2]=00
1445,0f55e,0f55e,SPIWrite [0F5]=5E,SPIWrite [0F5]=5E
1446,0f400,0f400,SPIWrite [0F4]=00,SPIWrite [0F4]=00
1447,0f400,0f400,SPIWrite [0F4]=00,SPIWrite [0F4]=00
1448,0f06b,0f06b,SPIWrite [0F0]=6B,SPIWrite [0F0]=6B
1449,0f100,0f100,SPIWrite [0F1]=00,SPIWrite [0F1]=00
1450,0f200,0f200,SPIWrite [0F2]=00,SPIWrite [0F2]=00
1451,0f55e,0f55e,SPIWrite [0F5]=5E,SPIWrite [0F5]=5E
1452,0f400,0f400,SPIWrite [0F4]=00,SPIWrite [0F4]=00
1453,0f400,0f400,SPIWrite [0F4]=00,SPIWrite [0F4]=00
1454,0f06c,0f06c,SPIWrite [0F0]=6C,SPIWrite [0F0]=6C
1455,0f100,0f100,SPIWrite [0F1]=00,SPIWrite [0F1]=00
1456,0f200,0f200,SPIWrite [0F2]=00,SPIWrite [0F2]=00
1457,0f55e,0f55e,SPIWrite [0F5]=5E,SPIWrite [0F5]=5E
1458,0f400,0f400,SPIWrite [0F4]=00,SPIWrite [0F4]=00
1459,0f400,0f400,SPIWrite [0F4]=00,SPIWrite [0F4]=00
1460,0f06d,0f06d,SPIWrite [0F0]=6D,SPIWrite [0F0]=6D
1461,0f100,0f100,SPIWrite [0F1]=00,SPIWrite [0F1]=00
1462,0f200,0f200,SPIWrite [0F2]=00,SPIWrite [0F2]=00
1463,0f55e,0f55e,SPIWrite [0F5]=5E,SPIWrite [0F5]=5E
1464,0f400,0f400,SPIWrite [0F4]=00,SPIWrite [0F4]=00
1465,0f400,0f400,SPIWrite [0F4]=00,SPIWrite [0F4]=00
1466,0f06e,0f06e,SPIWrite [0F0]=6E,SPIWrite [0F0]=6E
1467,0f100,0f100,SPIWrite [0F1]=00,SPIWrite [0F1]=00
1468,0f200,0f200,SPIWrite [0F2]=00,SPIWrite [0F2]=00
1469,0f55e,0f55e,SPIWrite [0F5]=5E,SPIWrite [0F5]=5E
1470,0f400,0f400,SPIWrite [0F4]=00,SPIWrite [0F4]=00
1471,0f400,0f400,SPIWrite [0F4]=00,SPIWrite [0F4]=00
1472,0f06f,0f06f,SPIWrite [0F0]=6F,SPIWrite [0F0]=6F
1473,0f100,0f100,SPIWrite [0F1]=00,SPIWrite [0F1]=00
1474,0f200,0f200,SPIWrite [0F2]=00,SPIWrite [0F2]=00
1475,0f55e,0f55e,SPIWrite [0F5]=5E,SPIWrite [0F5]=5E
1476,0f400,0f400,SPIWrite [0F4]=00,SPIWrite [0F4]=00
1477,0f400,0f400,SPIWrite [0F4]=00,SPIWrite [0F4]=00
1478,0f070,0f070,SPIWrite [0F0]=70,SPIWrite [0F0]=70
1479,0f100,0f100,SPIWrite [0F1]=00,SPIWrite [0F1]=00
1480,0f200,0f200,SPIWrite [0F2]=00,SPIWrite [0F2]=00
1481,0f55e,0f55e,SPIWrite [0F5]=5E,SPIWrite [0F5]=5E
1482,0f400,0f400,SPIWrite [0F4]=00,SPIWrite [0F4]=00
1483,0f400,0f400,SPIWrite [0F4]=00,SPIWrite [0F4]=00
1484,0f071,0f071,SPIWrite [0F0]=71,SPIWrite [0F0]=71
1485,0f100,0f100,SPIWrite [0F1]=00,SPIWrite [0F1]=00
1486,0f200,0f200,SPIWrite [0F2]=00,SPIWrite [0F2]=00
1487,0f55e,0f55e,SPIWrite [0F5]=5E,SPIWrite [0F5]=5E
1488,0f400,0f400,SPIWrite [0F4]=00,SPIWrite [0F4]=00
1489,0f400,0f400,SPIWrite [0F4]=00,SPIWrite [0F4]=00
1490,0f072,0f072,SPIWrite [0F0]=72,SPIWrite [0F0]=72
1491,0f100,0f100,SPIWrite [0F1]=00,SPIWrite [0F1]=00
1492,0f200,0f200,SPIWrite [0F2]=00,SPIWrite [0F2]=00
1493,0f55e,0f55e,SPIWrite [0F5]=5E,SPIWrite [0F5]=5E
1494,0f400,0f400,SPIWrite [0F4]=00,SPIWrite [0F4]=00
1495,0f400,0f400,SPIWrite [0F4]=00,SPIWrite [0F4]=00
1496,0f073,0f073,SPIWrite [0F0]=73,SPIWrite [0F0]=73
1497,0f100,0f100,SPIWrite [0F1]=00,SPIWrite [0F1]=00
1498,0f200,0f200,SPIWrite [0F2]=00,SPIWrite [0F2]=00
1499,0f55e,0f55e,SPIWrite [0F5]=5E,SPIWrite [0F5]=5E
1500,0f400,0f400,SPIWrite [0F4]=00,SPIWrite [0F4]=00
1501,0f400,0f400,SPIWrite [0F4]=00,SPIWrite [0F4]=00
1502,0f074,0f074,SPIWrite [0F0]=74,SPIWrite [0F0]=74
1503,0f100,0f100,SPIWrite [0F1]=00,SPIWrite [0F1]=00
1504,0f200,0f200,SPIWrite [0F2]=00,SPIWrite [0F2]=00
1505,0f55e,0f55e,SPIWrite [0F5]=5E,SPIWrite [0F5]=5E
1506,0f400,0f400,SPIWrite [0F4]=00,SPIWrite [0F4]=00
1507,0f400,0f400,SPIWrite [0F4]=00,SPIWrite [0F4]=00
1508,0f075,0f075,SPIWrite [0F0]=75,SPIWrite [0F0]=75
1509,0f100,0f100,SPIWrite [0F1]=00,SPIWrite [0F1]=00
1510,0f200,0f200,SPIWrite [0F2]=00,SPIWrite [0F2]=00
1511,0f55e,0f55e,SPIWrite [0F5]=5E,SPIWrite [0F5]=5E
1512,0f400,0f400,SPIWrite [0F4]=00,SPIWrite [0F4]=00
1513,0f400,0f400,SPIWrite [0F4]=00,SPIWrite [0F4]=00
1514,0f076,0f076,SPIWrite [0F0]=76,SPIWrite [0F0]=76
1515,0f100,0f100,SPIWrite [0F1]=00,SPIWrite [0F1]=00
1516,0f200,0f200,SPIWrite [0F2]=00,SPIWrite [0F2]=00
1517,0f55e,0f55e,SPIWrite [0F5]=5E,SPIWrite [0F5]=5E
1518,0f400,0f400,SPIWrite [0F4]=00,SPIWrite [0F4]=00
1519,0f400,0f400,SPIWrite [0F4]=00,SPIWrite [0F4]=00
1520,0f077,0f077,SPIWrite [0F0]=77,SPIWrite [0F0]=77
1521,0f100,0f100,SPIWrite [0F1]=00,SPIWrite [0F1]=00
1522,0f200,0f200,SPIWrite [0F2]=00,SPIWrite [0F2]=00
1523,0f55e,0f55e,SPIWrite [0F5]=5E,SPIWrite [0F5]=5E
1524,0f400,0f400,SPIWrite [0F4]=00,SPIWrite [0F4]=00
1525,0f400,0f400,SPIWrite [0F4]=00,SPIWrite [0F4]=00
1526,0f078,0f078,SPIWrite [0F0]=78,SPIWrite [0F0]=78
1527,0f100,0f100,SPIWrite [0F1]=00,SPIWrite [0F1]=00
1528,0f200,0f200,SPIWrite [0F2]=00,SPIWrite [0F2]=00
1529,0f55e,0f55e,SPIWrite [0F5]=5E,SPIWrite [0F5]=5E
1530,0f400,0f400,SPIWrite [0F4]=00,SPIWrite [0F4]=00
1531,0f400,0f400,SPIWrite [0F4]=00,SPIWrite [0F4]=00
1532,0f079,0f079,SPIWrite [0F0]=79,SPIWrite [0F0]=79
1533,0f100,0f100,SPIWrite [0F1]=00,SPIWrite [0F1]=00
1534,0f200,0f200,SPIWrite [0F2]=00,SPIWrite [0F2]=00
1535,0f55e,0f55e,SPIWrite [0F5]=5E,SPIWrite [0F5]=5E
1536,0f400,0f400,SPIWrite [0F4]=00,SPIWrite [0F4]=00
1537,0f400,0f400,SPIWrite [0F4]=00,SPIWrite [0F4]=00
1538,0f07a,0f07a,SPIWrite [0F0]=7A,SPIWrite [0F0]=7A
1539,0f100,0f100,SPIWrite [0F1]=00,SPIWrite [0F1]=00
1540,0f200,0f200,SPIWrite [0F2]=00,SPIWrite [0F2]=00
1541,0f55e,0f55e,SPIWrite [0F5]=5E,SPIWrite [0F5]=5E
1542,0f400,0f400,SPIWrite [0F4]=00,SPIWrite [0F4]=00
1543,0f400,0f400,SPIWrite [0F4]=00,SPIWrite [0F4]=00
1544,0f07b,0f07b,SPIWrite [0F0]=7B,SPIWrite [0F0]=7B
1545,0f100,0f100,SPIWrite [0F1]=00,SPIWrite [0F1]=00
1546,0f200,0f200,SPIWrite [0F2]=00,SPIWrite [0F2]=00
1547,0f55e,0f55e,SPIWrite [0F5]=5E,SPIWrite [0F5]=5E
1548,0f400,0f400,SPIWrite [0F4]=00,SPIWrite [0F4]=00
1549,0f400,0f400,SPIWrite [0F4]=00,SPIWrite [0F4]=00
1550,0f07c,0f07c,SPIWrite [0F0]=7C,SPIWrite [0F0]=7C
1551,0f100,0f100,SPIWrite [0F1]=00,SPIWrite [0F1]=00
1552,0f200,0f200,SPIWrite [0F2]=00,SPIWrite [0F2]=00
1553,0f55e,0f55e,SPIWrite [0F5]=5E,SPIWrite [0F5]=5E
1554,0f400,0f400,SPIWrite [0F4]=00,SPIWrite [0F4]=00
1555,0f400,0f400,SPIWrite [0F4]=00,SPIWrite [0F4]=00
1556,0f07d,0f07d,SPIWrite [0F0]=7D,SPIWrite [0F0]=7D
1557,0f100,0f100,SPIWrite [0F1]=00,SPIWrite [0F1]=00
1558,0f200,0f200,SPIWrite [0F2]=00,SPIWrite [0F2]=00
1559,0f55e,0f55e,SPIWrite [0F5]=5E,SPIWrite [0F5]=5E
1560,0f400,0f400,SPIWrite [0F4]=00,SPIWrite [0F4]=00
1561,0f400,0f400,SPIWrite [0F4]=00,SPIWrite [0F4]=00
1562,0f07e,0f07e,SPIWrite [0F0]=7E,SPIWrite [0F0]=7E
1563,0f100,0f100,SPIWrite [0F1]=00,SPIWrite [0F1]=00
1564,0f200,0f200,SPIWrite [0F2]=00,SPIWrite [0F2]=00
1565,0f55e,0f55e,SPIWrite [0F5]=5E,SPIWrite [0F5]=5E
1566,0f400,0f400,SPIWrite [0F4]=00,SPIWrite [0F4]=00
1567,0f400,0f400,SPIWrite [0F4]=00,SPIWrite [0F4]=00
1568,0f07f,0f07f,SPIWrite [0F0]=7F,SPIWrite [0F0]=7F
1569,0f100,0f100,SPIWrite [0F1]=00,SPIWrite [0F1]=00
1570,0f200,0f200,SPIWrite [0F2]=00,SPIWrite [0F2]=00
1571,0f55e,0f55e,SPIWrite [0F5]=5E,SPIWrite [0F5]=5E
1572,0f400,0f400,SPIWrite [0F4]=00,SPIWrite [0F4]=00
1573,0f400,0f400,SPIWrite [0F4]=00,SPIWrite [0F4]=00
1574,0f558,0f558,"SPIWrite [0F5]=58, Disable clock to Rx Filter","SPIWrite [0F5]=58, Disable clock to Rx Filter"
1575,010c8,010c8,"SPIWrite [010]=C8, PPORT Config 1","SPIWrite [010]=C8, PPORT Config 1"
1576,01100,01100,"SPIWrite [011]=00, PPORT Config 2","SPIWrite [011]=00, PPORT Config 2"
1577,01210,01210,"SPIWrite [012]=10, PPORT Config 3","SPIWrite [012]=10, PPORT Config 3"
1578,0060f,0060f,"SPIWrite [006]=0F, PPORT Rx Delay (adjusts Tco Dataclk->Data)","SPIWrite [006]=0F, PPORT Rx Delay (adjusts Tco Dataclk->Data)"
1579,00700,00700,"SPIWrite [007]=00, PPORT TX Delay (adjusts setup/hold FBCLK->Data)","SPIWrite [007]=00, PPORT TX Delay (adjusts setup/hold FBCLK->Data)"
1580,03c21,03c21,"SPIWrite [03C]=21, LVDS Settings","SPIWrite [03C]=21, LVDS Settings"
1581,03d00,03d00,"SPIWrite [03D]=00, LVDS polarity invert","SPIWrite [03D]=00, LVDS polarity invert"
1582,03e00,03e00,"SPIWrite [03E]=00, LVDS polarity invert","SPIWrite [03E]=00, LVDS polarity invert"
1583,01800,01800,"SPIWrite [018]=00, AuxDAC1 Word[9:2]","SPIWrite [018]=00, AuxDAC1 Word[9:2]"
1584,01900,01900,"SPIWrite [019]=00, AuxDAC2 Word[9:2]","SPIWrite [019]=00, AuxDAC2 Word[9:2]"
1585,01a00,01a00,"SPIWrite [01A]=00, AuxDAC1 Config and Word[1:0]","SPIWrite [01A]=00, AuxDAC1 Config and Word[1:0]"
1586,01b00,01b00,"SPIWrite [01B]=00, AuxDAC2 Config and Word[1:0]","SPIWrite [01B]=00, AuxDAC2 Config and Word[1:0]"
1587,023ff,023ff,"SPIWrite [023]=FF, AuxDAC Manaul/Auto Control","SPIWrite [023]=FF, AuxDAC Manaul/Auto Control"
1588,02600,02600,"SPIWrite [026]=00, AuxDAC Manual Select Bit/GPO Manual Select","SPIWrite [026]=00, AuxDAC Manual Select Bit/GPO Manual Select"
1589,03000,03000,"SPIWrite [030]=00, AuxDAC1 Rx Delay","SPIWrite [030]=00, AuxDAC1 Rx Delay"
1590,03100,03100,"SPIWrite [031]=00, AuxDAC1 Tx Delay","SPIWrite [031]=00, AuxDAC1 Tx Delay"
1591,03200,03200,"SPIWrite [032]=00, AuxDAC2 Rx Delay","SPIWrite [032]=00, AuxDAC2 Rx Delay"
1592,03300,03300,"SPIWrite [033]=00, AuxDAC2 Tx Delay","SPIWrite [033]=00, AuxDAC2 Tx Delay"
1593,00b00,00b00,"SPIWrite [00B]=00, Temp Sensor Setup (Offset)","SPIWrite [00B]=00, Temp Sensor Setup (Offset)"
1594,00c00,00c00,"SPIWrite [00C]=00, Temp Sensor Setup (Temp Window)","SPIWrite [00C]=00, Temp Sensor Setup (Temp Window)"
1595,00d03,00d03,"SPIWrite [00D]=03, Temp Sensor Setup (Periodic Measure)","SPIWrite [00D]=03, Temp Sensor Setup (Periodic Measure)"
1596,00f04,00f04,"SPIWrite [00F]=04, Temp Sensor Setup (Decimation)","SPIWrite [00F]=04, Temp Sensor Setup (Decimation)"
1597,01c10,01c10,"SPIWrite [01C]=10, AuxADC Setup (Clock Div)","SPIWrite [01C]=10, AuxADC Setup (Clock Div)"
1598,01d01,01d01,"SPIWrite [01D]=01, AuxADC Setup (Decimation/Enable)","SPIWrite [01D]=01, AuxADC Setup (Decimation/Enable)"
1599,03500,03500,"SPIWrite [035]=00, Ctrl Out index","SPIWrite [035]=00, Ctrl Out index"
1600,036ff,036ff,"SPIWrite [036]=FF, Ctrl Out [7:0] output enable","SPIWrite [036]=FF, Ctrl Out [7:0] output enable"
1601,03a27,03a27,"SPIWrite [03A]=27, Set number of REFCLK cycles for 1us delay timer","SPIWrite [03A]=27, Set number of REFCLK cycles for 1us delay timer"
1602,02000,02000,"SPIWrite [020]=00, GPO Auto Enable Setup in RX and TX","SPIWrite [020]=00, GPO Auto Enable Setup in RX and TX"
1603,02703,02703,"SPIWrite [027]=03, GPO Manual and GPO auto value in ALERT","SPIWrite [027]=03, GPO Manual and GPO auto value in ALERT"
1604,02800,02800,"SPIWrite [028]=00, GPO_0 RX Delay","SPIWrite [028]=00, GPO_0 RX Delay"
1605,02900,02900,"SPIWrite [029]=00, GPO_1 RX Delay","SPIWrite [029]=00, GPO_1 RX Delay"
1606,02a00,02a00,"SPIWrite [02A]=00, GPO_2 RX Delay","SPIWrite [02A]=00, GPO_2 RX Delay"
1607,02b00,02b00,"SPIWrite [02B]=00, GPO_3 RX Delay","SPIWrite [02B]=00, GPO_3 RX Delay"
1608,02c00,02c00,"SPIWrite [02C]=00, GPO_0 TX Delay","SPIWrite [02C]=00, GPO_0 TX Delay"
1609,02d00,02d00,"SPIWrite [02D]=00, GPO_1 TX Delay","SPIWrite [02D]=00, GPO_1 TX Delay"
1610,02e00,02e00,"SPIWrite [02E]=00, GPO_2 TX Delay","SPIWrite [02E]=00, GPO_2 TX Delay"
1611,02f00,02f00,"SPIWrite [02F]=00, GPO_3 TX Delay","SPIWrite [02F]=00, GPO_3 TX Delay"
1612,26100,26100,"SPIWrite [261]=00, Set Rx LO Power mode","SPIWrite [261]=00, Set Rx LO Power mode"
1613,2a100,2a100,"SPIWrite [2A1]=00, Set Tx LO Power mode","SPIWrite [2A1]=00, Set Tx LO Power mode"
1614,2480b,2480b,"SPIWrite [248]=0B, Enable Rx VCO LDO","SPIWrite [248]=0B, Enable Rx VCO LDO"
1615,2880b,2880b,"SPIWrite [288]=0B, Enable Tx VCO LDO","SPIWrite [288]=0B, Enable Tx VCO LDO"
1616,24602,24602,"SPIWrite [246]=02, Set VCO Power down TCF bits","SPIWrite [246]=02, Set VCO Power down TCF bits"
1617,28602,28602,"SPIWrite [286]=02, Set VCO Power down TCF bits","SPIWrite [286]=02, Set VCO Power down TCF bits"
1618,2498e,2498e,"SPIWrite [249]=8E, Set VCO cal length","SPIWrite [249]=8E, Set VCO cal length"
1619,2898e,2898e,"SPIWrite [289]=8E, Set VCO cal length","SPIWrite [289]=8E, Set VCO cal length"
1620,23b80,23b80,"SPIWrite [23B]=80, Enable Rx VCO cal","SPIWrite [23B]=80, Enable Rx VCO cal"
1621,27b80,27b80,"SPIWrite [27B]=80, Enable Tx VCO cal","SPIWrite [27B]=80, Enable Tx VCO cal"
1622,2430d,2430d,"SPIWrite [243]=0D, Set Rx prescaler bias","SPIWrite [243]=0D, Set Rx prescaler bias"
1623,2830d,2830d,"SPIWrite [283]=0D, Set Tx prescaler bias","SPIWrite [283]=0D, Set Tx prescaler bias"
1624,23d00,23d00,"SPIWrite [23D]=00, Clear Half VCO cal clock setting","SPIWrite [23D]=00, Clear Half VCO cal clock setting"
1625,27d00,27d00,"SPIWrite [27D]=00, Clear Half VCO cal clock setting","SPIWrite [27D]=00, Clear Half VCO cal clock setting"
1626,01504,01504,"SPIWrite [015]=04, Set Dual Synth mode bit","SPIWrite [015]=04, Set Dual Synth mode bit"
1627,01405,01405,"SPIWrite [014]=05, Set Force ALERT State bit","SPIWrite [014]=05, Set Force ALERT State bit"
1628,01301,01301,"SPIWrite [013]=01, Set ENSM FDD mode","SPIWrite [013]=01, Set ENSM FDD mode"
1629,40000,40000,"WAIT 1 ms, waits 1 ms","WAIT 1 ms, waits 1 ms"
1630,23d04,23d04,"SPIWrite [23D]=04, Start RX CP cal","SPIWrite [23D]=04, Start RX CP cal"
1631,40000,40000,"WAIT 20 ms, WAIT_CALDONE	RXCP,100	, Wait for CP cal to complete, Max RXCP Cal time: 460.800 (us)(Done when 0x244[7]==1)","WAIT 20 ms, WAIT_CALDONE	RXCP,100	, Wait for CP cal to complete, Max RXCP Cal time: 460.800 (us)(Done when 0x244[7]==1)"
1632,27d04,27d04,"SPIWrite [27D]=04, Start TX CP cal","SPIWrite [27D]=04, Start TX CP cal"
1633,40000,40000,"WAIT 20 ms, WAIT_CALDONE	TXCP,100	, Wait for CP cal to complete, Max TXCP Cal time: 460.800 (us)(Done when 0x284[7]==1)","WAIT 20 ms, WAIT_CALDONE	TXCP,100	, Wait for CP cal to complete, Max TXCP Cal time: 460.800 (us)(Done when 0x284[7]==1)"
1634,23a4a,23a4a,"SPIWrite [23A]=4A, Set VCO Output level[3:0]","SPIWrite [23A]=4A, Set VCO Output level[3:0]"
1635,239c3,239c3,"SPIWrite [239]=C3, Set Init ALC Value[3:0] and VCO Varactor[3:0]","SPIWrite [239]=C3, Set Init ALC Value[3:0] and VCO Varactor[3:0]"
1636,2421f,2421f,"SPIWrite [242]=1F, Set VCO Bias Tcf[1:0] and VCO Bias Ref[2:0]","SPIWrite [242]=1F, Set VCO Bias Tcf[1:0] and VCO Bias Ref[2:0]"
1637,23878,23878,"SPIWrite [238]=78, Set VCO Cal Offset[3:0]","SPIWrite [238]=78, Set VCO Cal Offset[3:0]"
1638,24500,24500,"SPIWrite [245]=00, Set VCO Cal Ref Tcf[2:0]","SPIWrite [245]=00, Set VCO Cal Ref Tcf[2:0]"
1639,2510c,2510c,"SPIWrite [251]=0C, Set VCO Varactor Reference[3:0]","SPIWrite [251]=0C, Set VCO Varactor Reference[3:0]"
1640,25070,25070,"SPIWrite [250]=70, Set VCO Varactor Ref Tcf[2:0] and VCO Varactor Offset[3:0]","SPIWrite [250]=70, Set VCO Varactor Ref Tcf[2:0] and VCO Varactor Offset[3:0]"
1641,23b92,23b92,"SPIWrite [23B]=92, Set Synth Loop Filter charge pump current (Icp)","SPIWrite [23B]=92, Set Synth Loop Filter charge pump current (Icp)"
1642,23ed4,23ed4,"SPIWrite [23E]=D4, Set Synth Loop Filter C2 and C1","SPIWrite [23E]=D4, Set Synth Loop Filter C2 and C1"
1643,23fdf,23fdf,"SPIWrite [23F]=DF, Set Synth Loop Filter  R1 and C3","SPIWrite [23F]=DF, Set Synth Loop Filter  R1 and C3"
1644,24009,24009,"SPIWrite [240]=09, Set Synth Loop Filter R3","SPIWrite [240]=09, Set Synth Loop Filter R3"
1645,27a4a,27a4a,"SPIWrite [27A]=4A, Set VCO Output level[3:0]","SPIWrite [27A]=4A, Set VCO Output level[3:0]"
1646,279c1,279c1,"SPIWrite [279]=C1, Set Init ALC Value[3:0] and VCO Varactor[3:0]","SPIWrite [279]=C1, Set Init ALC Value[3:0] and VCO Varactor[3:0]"
1647,28217,28217,"SPIWrite [282]=17, Set VCO Bias Tcf[1:0] and VCO Bias Ref[2:0]","SPIWrite [282]=17, Set VCO Bias Tcf[1:0] and VCO Bias Ref[2:0]"
1648,27878,27878,"SPIWrite [278]=78, Set VCO Cal Offset[3:0]","SPIWrite [278]=78, Set VCO Cal Offset[3:0]"
1649,28500,28500,"SPIWrite [285]=00, Set VCO Cal Ref Tcf[2:0]","SPIWrite [285]=00, Set VCO Cal Ref Tcf[2:0]"
1650,2910e,2910e,"SPIWrite [291]=0E, Set VCO Varactor Reference[3:0]","SPIWrite [291]=0E, Set VCO Varactor Reference[3:0]"
1651,29070,29070,"SPIWrite [290]=70, Set VCO Varactor Ref Tcf[2:0] and VCO Varactor Offset[3:0]","SPIWrite [290]=70, Set VCO Varactor Ref Tcf[2:0] and VCO Varactor Offset[3:0]"
1652,27b98,27b98,"SPIWrite [27B]=98, Set Synth Loop Filter charge pump current (Icp)","SPIWrite [27B]=98, Set Synth Loop Filter charge pump current (Icp)"
1653,27ed4,27ed4,"SPIWrite [27E]=D4, Set Synth Loop Filter C2 and C1","SPIWrite [27E]=D4, Set Synth Loop Filter C2 and C1"
1654,27fdf,27fdf,"SPIWrite [27F]=DF, Set Synth Loop Filter  R1 and C3","SPIWrite [27F]=DF, Set Synth Loop Filter  R1 and C3"
1655,28009,28009,"SPIWrite [280]=09, Set Synth Loop Filter R3","SPIWrite [280]=09, Set Synth Loop Filter R3"
1656,23300,23300,"SPIWrite [233]=00, Write Rx Synth Fractional Freq Word[7:0]","SPIWrite [233]=00, Write Rx Synth Fractional Freq Word[7:0]"
1657,23400,23400,"SPIWrite [234]=00, Write Rx Synth Fractional Freq Word[15:8]","SPIWrite [234]=00, Write Rx Synth Fractional Freq Word[15:8]"
1658,23500,23500,"SPIWrite [235]=00, Write Rx Synth Fractional Freq Word[22:16]","SPIWrite [235]=00, Write Rx Synth Fractional Freq Word[22:16]"
1659,23200,23200,"SPIWrite [232]=00, Write Rx Synth Integer Freq Word[10:8]","SPIWrite [232]=00, Write Rx Synth Integer Freq Word[10:8]"
1660,23150,23150,"SPIWrite [231]=50, Write Rx Synth Integer Freq Word[7:0]","SPIWrite [231]=50, Write Rx Synth Integer Freq Word[7:0]"
1661,00522,00522,"SPIWrite [005]=22, Set LO divider setting","SPIWrite [005]=22, Set LO divider setting"
1662,27300,27300,"SPIWrite [273]=00, Write Tx Synth Fractional Freq Word[7:0]","SPIWrite [273]=00, Write Tx Synth Fractional Freq Word[7:0]"
1663,27400,27400,"SPIWrite [274]=00, Write Tx Synth Fractional Freq Word[15:8]","SPIWrite [274]=00, Write Tx Synth Fractional Freq Word[15:8]"
1664,27500,27500,"SPIWrite [275]=00, Write Tx Synth Fractional Freq Word[22:16]","SPIWrite [275]=00, Write Tx Synth Fractional Freq Word[22:16]"
1665,27200,27200,"SPIWrite [272]=00, Write Tx Synth Integer Freq Word[10:8]","SPIWrite [272]=00, Write Tx Synth Integer Freq Word[10:8]"
1666,27150,27155,"SPIWrite [271]=50, Write Tx Synth Integer Freq Word[7:0] (starts VCO cal)","SPIWrite [271]=55, Write Tx Synth Integer Freq Word[7:0] (starts VCO cal)"
1667,00522,00522,"SPIWrite [005]=22, Set LO divider setting","SPIWrite [005]=22, Set LO divider setting"
1668,13f02,13f02,"SPIWrite [13F]=02, Start Clock","SPIWrite [13F]=02, Start Clock"
1669,1380f,1380f,"SPIWrite [138]=0F, Addr Table Index","SPIWrite [138]=0F, Addr Table Index"
1670,13978,13978,"SPIWrite [139]=78, Gain","SPIWrite [139]=78, Gain"
1671,13a00,13a00,"SPIWrite [13A]=00, Bias","SPIWrite [13A]=00, Bias"
1672,13b00,13b00,"SPIWrite [13B]=00, GM","SPIWrite [13B]=00, GM"
1673,13f06,13f06,"SPIWrite [13F]=06, Write Words","SPIWrite [13F]=06, Write Words"
1674,13c00,13c00,"SPIWrite [13C]=00, Delay for 3 ADCCLK/16 clock cycles (Dummy Write)","SPIWrite [13C]=00, Delay for 3 ADCCLK/16 clock cycles (Dummy Write)"
1675,13c00,13c00,"SPIWrite [13C]=00, Delay ~1us (Dummy Write)","SPIWrite [13C]=00, Delay ~1us (Dummy Write)"
1676,1380e,1380e,"SPIWrite [138]=0E, Addr Table Index","SPIWrite [138]=0E, Addr Table Index"
1677,13974,13974,"SPIWrite [139]=74, Gain","SPIWrite [139]=74, Gain"
1678,13a00,13a00,"SPIWrite [13A]=00, Bias","SPIWrite [13A]=00, Bias"
1679,13b0d,13b0d,"SPIWrite [13B]=0D, GM","SPIWrite [13B]=0D, GM"
1680,13f06,13f06,"SPIWrite [13F]=06, Write Words","SPIWrite [13F]=06, Write Words"
1681,13c00,13c00,"SPIWrite [13C]=00, Delay for 3 ADCCLK/16 clock cycles (Dummy Write)","SPIWrite [13C]=00, Delay for 3 ADCCLK/16 clock cycles (Dummy Write)"
1682,13c00,13c00,"SPIWrite [13C]=00, Delay ~1us (Dummy Write)","SPIWrite [13C]=00, Delay ~1us (Dummy Write)"
1683,1380d,1380d,"SPIWrite [138]=0D, Addr Table Index","SPIWrite [138]=0D, Addr Table Index"
1684,13970,13970,"SPIWrite [139]=70, Gain","SPIWrite [139]=70, Gain"
1685,13a00,13a00,"SPIWrite [13A]=00, Bias","SPIWrite [13A]=00, Bias"
1686,13b15,13b15,"SPIWrite [13B]=15, GM","SPIWrite [13B]=15, GM"
1687,13f06,13f06,"SPIWrite [13F]=06, Write Words","SPIWrite [13F]=06, Write Words"
1688,13c00,13c00,"SPIWrite [13C]=00, Delay for 3 ADCCLK/16 clock cycles (Dummy Write)","SPIWrite [13C]=00, Delay for 3 ADCCLK/16 clock cycles (Dummy Write)"
1689,13c00,13c00,"SPIWrite [13C]=00, Delay ~1us (Dummy Write)","SPIWrite [13C]=00, Delay ~1us (Dummy Write)"
1690,1380c,1380c,"SPIWrite [138]=0C, Addr Table Index","SPIWrite [138]=0C, Addr Table Index"
1691,1396c,1396c,"SPIWrite [139]=6C, Gain","SPIWrite [139]=6C, Gain"
1692,13a00,13a00,"SPIWrite [13A]=00, Bias","SPIWrite [13A]=00, Bias"
1693,13b1b,13b1b,"SPIWrite [13B]=1B, GM","SPIWrite [13B]=1B, GM"
1694,13f06,13f06,"SPIWrite [13F]=06, Write Words","SPIWrite [13F]=06, Write Words"
1695,13c00,13c00,"SPIWrite [13C]=00, Delay for 3 ADCCLK/16 clock cycles (Dummy Write)","SPIWrite [13C]=00, Delay for 3 ADCCLK/16 clock cycles (Dummy Write)"
1696,13c00,13c00,"SPIWrite [13C]=00, Delay ~1us (Dummy Write)","SPIWrite [13C]=00, Delay ~1us (Dummy Write)"
1697,1380b,1380b,"SPIWrite [138]=0B, Addr Table Index","SPIWrite [138]=0B, Addr Table Index"
1698,13968,13968,"SPIWrite [139]=68, Gain","SPIWrite [139]=68, Gain"
1699,13a00,13a00,"SPIWrite [13A]=00, Bias","SPIWrite [13A]=00, Bias"
1700,13b21,13b21,"SPIWrite [13B]=21, GM","SPIWrite [13B]=21, GM"
1701,13f06,13f06,"SPIWrite [13F]=06, Write Words","SPIWrite [13F]=06, Write Words"
1702,13c00,13c00,"SPIWrite [13C]=00, Delay for 3 ADCCLK/16 clock cycles (Dummy Write)","SPIWrite [13C]=00, Delay for 3 ADCCLK/16 clock cycles (Dummy Write)"
1703,13c00,13c00,"SPIWrite [13C]=00, Delay ~1us (Dummy Write)","SPIWrite [13C]=00, Delay ~1us (Dummy Write)"
1704,1380a,1380a,"SPIWrite [138]=0A, Addr Table Index","SPIWrite [138]=0A, Addr Table Index"
1705,13964,13964,"SPIWrite [139]=64, Gain","SPIWrite [139]=64, Gain"
1706,13a00,13a00,"SPIWrite [13A]=00, Bias","SPIWrite [13A]=00, Bias"
1707,13b25,13b25,"SPIWrite [13B]=25, GM","SPIWrite [13B]=25, GM"
1708,13f06,13f06,"SPIWrite [13F]=06, Write Words","SPIWrite [13F]=06, Write Words"
1709,13c00,13c00,"SPIWrite [13C]=00, Delay for 3 ADCCLK/16 clock cycles (Dummy Write)","SPIWrite [13C]=00, Delay for 3 ADCCLK/16 clock cycles (Dummy Write)"
1710,13c00,13c00,"SPIWrite [13C]=00, Delay ~1us (Dummy Write)","SPIWrite [13C]=00, Delay ~1us (Dummy Write)"
1711,13809,13809,"SPIWrite [138]=09, Addr Table Index","SPIWrite [138]=09, Addr Table Index"
1712,13960,13960,"SPIWrite [139]=60, Gain","SPIWrite [139]=60, Gain"
1713,13a00,13a00,"SPIWrite [13A]=00, Bias","SPIWrite [13A]=00, Bias"
1714,13b29,13b29,"SPIWrite [13B]=29, GM","SPIWrite [13B]=29, GM"
1715,13f06,13f06,"SPIWrite [13F]=06, Write Words","SPIWrite [13F]=06, Write Words"
1716,13c00,13c00,"SPIWrite [13C]=00, Delay for 3 ADCCLK/16 clock cycles (Dummy Write)","SPIWrite [13C]=00, Delay for 3 ADCCLK/16 clock cycles (Dummy Write)"
1717,13c00,13c00,"SPIWrite [13C]=00, Delay ~1us (Dummy Write)","SPIWrite [13C]=00, Delay ~1us (Dummy Write)"
1718,13808,13808,"SPIWrite [138]=08, Addr Table Index","SPIWrite [138]=08, Addr Table Index"
1719,1395c,1395c,"SPIWrite [139]=5C, Gain","SPIWrite [139]=5C, Gain"
1720,13a00,13a00,"SPIWrite [13A]=00, Bias","SPIWrite [13A]=00, Bias"
1721,13b2c,13b2c,"SPIWrite [13B]=2C, GM","SPIWrite [13B]=2C, GM"
1722,13f06,13f06,"SPIWrite [13F]=06, Write Words","SPIWrite [13F]=06, Write Words"
1723,13c00,13c00,"SPIWrite [13C]=00, Delay for 3 ADCCLK/16 clock cycles (Dummy Write)","SPIWrite [13C]=00, Delay for 3 ADCCLK/16 clock cycles (Dummy Write)"
1724,13c00,13c00,"SPIWrite [13C]=00, Delay ~1us (Dummy Write)","SPIWrite [13C]=00, Delay ~1us (Dummy Write)"
1725,13807,13807,"SPIWrite [138]=07, Addr Table Index","SPIWrite [138]=07, Addr Table Index"
1726,13958,13958,"SPIWrite [139]=58, Gain","SPIWrite [139]=58, Gain"
1727,13a00,13a00,"SPIWrite [13A]=00, Bias","SPIWrite [13A]=00, Bias"
1728,13b2f,13b2f,"SPIWrite [13B]=2F, GM","SPIWrite [13B]=2F, GM"
1729,13f06,13f06,"SPIWrite [13F]=06, Write Words","SPIWrite [13F]=06, Write Words"
1730,13c00,13c00,"SPIWrite [13C]=00, Delay for 3 ADCCLK/16 clock cycles (Dummy Write)","SPIWrite [13C]=00, Delay for 3 ADCCLK/16 clock cycles (Dummy Write)"
1731,13c00,13c00,"SPIWrite [13C]=00, Delay ~1us (Dummy Write)","SPIWrite [13C]=00, Delay ~1us (Dummy Write)"
1732,13806,13806,"SPIWrite [138]=06, Addr Table Index","SPIWrite [138]=06, Addr Table Index"
1733,13954,13954,"SPIWrite [139]=54, Gain","SPIWrite [139]=54, Gain"
1734,13a00,13a00,"SPIWrite [13A]=00, Bias","SPIWrite [13A]=00, Bias"
1735,13b31,13b31,"SPIWrite [13B]=31, GM","SPIWrite [13B]=31, GM"
1736,13f06,13f06,"SPIWrite [13F]=06, Write Words","SPIWrite [13F]=06, Write Words"
1737,13c00,13c00,"SPIWrite [13C]=00, Delay for 3 ADCCLK/16 clock cycles (Dummy Write)","SPIWrite [13C]=00, Delay for 3 ADCCLK/16 clock cycles (Dummy Write)"
1738,13c00,13c00,"SPIWrite [13C]=00, Delay ~1us (Dummy Write)","SPIWrite [13C]=00, Delay ~1us (Dummy Write)"
1739,13805,13805,"SPIWrite [138]=05, Addr Table Index","SPIWrite [138]=05, Addr Table Index"
1740,13950,13950,"SPIWrite [139]=50, Gain","SPIWrite [139]=50, Gain"
1741,13a00,13a00,"SPIWrite [13A]=00, Bias","SPIWrite [13A]=00, Bias"
1742,13b33,13b33,"SPIWrite [13B]=33, GM","SPIWrite [13B]=33, GM"
1743,13f06,13f06,"SPIWrite [13F]=06, Write Words","SPIWrite [13F]=06, Write Words"
1744,13c00,13c00,"SPIWrite [13C]=00, Delay for 3 ADCCLK/16 clock cycles (Dummy Write)","SPIWrite [13C]=00, Delay for 3 ADCCLK/16 clock cycles (Dummy Write)"
1745,13c00,13c00,"SPIWrite [13C]=00, Delay ~1us (Dummy Write)","SPIWrite [13C]=00, Delay ~1us (Dummy Write)"
1746,13804,13804,"SPIWrite [138]=04, Addr Table Index","SPIWrite [138]=04, Addr Table Index"
1747,1394c,1394c,"SPIWrite [139]=4C, Gain","SPIWrite [139]=4C, Gain"
1748,13a00,13a00,"SPIWrite [13A]=00, Bias","SPIWrite [13A]=00, Bias"
1749,13b34,13b34,"SPIWrite [13B]=34, GM","SPIWrite [13B]=34, GM"
1750,13f06,13f06,"SPIWrite [13F]=06, Write Words","SPIWrite [13F]=06, Write Words"
1751,13c00,13c00,"SPIWrite [13C]=00, Delay for 3 ADCCLK/16 clock cycles (Dummy Write)","SPIWrite [13C]=00, Delay for 3 ADCCLK/16 clock cycles (Dummy Write)"
1752,13c00,13c00,"SPIWrite [13C]=00, Delay ~1us (Dummy Write)","SPIWrite [13C]=00, Delay ~1us (Dummy Write)"
1753,13803,13803,"SPIWrite [138]=03, Addr Table Index","SPIWrite [138]=03, Addr Table Index"
1754,13948,13948,"SPIWrite [139]=48, Gain","SPIWrite [139]=48, Gain"
1755,13a00,13a00,"SPIWrite [13A]=00, Bias","SPIWrite [13A]=00, Bias"
1756,13b35,13b35,"SPIWrite [13B]=35, GM","SPIWrite [13B]=35, GM"
1757,13f06,13f06,"SPIWrite [13F]=06, Write Words","SPIWrite [13F]=06, Write Words"
1758,13c00,13c00,"SPIWrite [13C]=00, Delay for 3 ADCCLK/16 clock cycles (Dummy Write)","SPIWrite [13C]=00, Delay for 3 ADCCLK/16 clock cycles (Dummy Write)"
1759,13c00,13c00,"SPIWrite [13C]=00, Delay ~1us (Dummy Write)","SPIWrite [13C]=00, Delay ~1us (Dummy Write)"
1760,13802,13802,"SPIWrite [138]=02, Addr Table Index","SPIWrite [138]=02, Addr Table Index"
1761,13930,13930,"SPIWrite [139]=30, Gain","SPIWrite [139]=30, Gain"
1762,13a00,13a00,"SPIWrite [13A]=00, Bias","SPIWrite [13A]=00, Bias"
1763,13b3a,13b3a,"SPIWrite [13B]=3A, GM","SPIWrite [13B]=3A, GM"
1764,13f06,13f06,"SPIWrite [13F]=06, Write Words","SPIWrite [13F]=06, Write Words"
1765,13c00,13c00,"SPIWrite [13C]=00, Delay for 3 ADCCLK/16 clock cycles (Dummy Write)","SPIWrite [13C]=00, Delay for 3 ADCCLK/16 clock cycles (Dummy Write)"
1766,13c00,13c00,"SPIWrite [13C]=00, Delay ~1us (Dummy Write)","SPIWrite [13C]=00, Delay ~1us (Dummy Write)"
1767,13801,13801,"SPIWrite [138]=01, Addr Table Index","SPIWrite [138]=01, Addr Table Index"
1768,13918,13918,"SPIWrite [139]=18, Gain","SPIWrite [139]=18, Gain"
1769,13a00,13a00,"SPIWrite [13A]=00, Bias","SPIWrite [13A]=00, Bias"
1770,13b3d,13b3d,"SPIWrite [13B]=3D, GM","SPIWrite [13B]=3D, GM"
1771,13f06,13f06,"SPIWrite [13F]=06, Write Words","SPIWrite [13F]=06, Write Words"
1772,13c00,13c00,"SPIWrite [13C]=00, Delay for 3 ADCCLK/16 clock cycles (Dummy Write)","SPIWrite [13C]=00, Delay for 3 ADCCLK/16 clock cycles (Dummy Write)"
1773,13c00,13c00,"SPIWrite [13C]=00, Delay ~1us (Dummy Write)","SPIWrite [13C]=00, Delay ~1us (Dummy Write)"
1774,13800,13800,"SPIWrite [138]=00, Addr Table Index","SPIWrite [138]=00, Addr Table Index"
1775,13900,13900,"SPIWrite [139]=00, Gain","SPIWrite [139]=00, Gain"
1776,13a00,13a00,"SPIWrite [13A]=00, Bias","SPIWrite [13A]=00, Bias"
1777,13b3e,13b3e,"SPIWrite [13B]=3E, GM","SPIWrite [13B]=3E, GM"
1778,13f06,13f06,"SPIWrite [13F]=06, Write Words","SPIWrite [13F]=06, Write Words"
1779,13c00,13c00,"SPIWrite [13C]=00, Delay for 3 ADCCLK/16 clock cycles (Dummy Write)","SPIWrite [13C]=00, Delay for 3 ADCCLK/16 clock cycles (Dummy Write)"
1780,13c00,13c00,"SPIWrite [13C]=00, Delay ~1us (Dummy Write)","SPIWrite [13C]=00, Delay ~1us (Dummy Write)"
1781,13f02,13f02,"SPIWrite [13F]=02, Clear Write Bit","SPIWrite [13F]=02, Clear Write Bit"
1782,13c00,13c00,"SPIWrite [13C]=00, Delay for 3 ADCCLK/16 clock cycles (Dummy Write)","SPIWrite [13C]=00, Delay for 3 ADCCLK/16 clock cycles (Dummy Write)"
1783,13c00,13c00,"SPIWrite [13C]=00, Delay ~1us (Dummy Write)","SPIWrite [13C]=00, Delay ~1us (Dummy Write)"
1784,13f00,13f00,"SPIWrite [13F]=00, Stop Clock","SPIWrite [13F]=00, Stop Clock"
1785,1371a,1371a,"SPIWrite [137]=1A, Start Gain Table Clock","SPIWrite [137]=1A, Start Gain Table Clock"
1786,13000,13000,"SPIWrite [130]=00, Gain Table Index","SPIWrite [130]=00, Gain Table Index"
1787,13100,13100,"SPIWrite [131]=00, Ext LNA, Int LNA, & Mixer Gain Word","SPIWrite [131]=00, Ext LNA, Int LNA, & Mixer Gain Word"
1788,13200,13200,"SPIWrite [132]=00, TIA & LPF Word","SPIWrite [132]=00, TIA & LPF Word"
1789,13320,13320,"SPIWrite [133]=20, DC Cal bit & Dig Gain Word","SPIWrite [133]=20, DC Cal bit & Dig Gain Word"
1790,1371e,1371e,"SPIWrite [137]=1E, Write Words","SPIWrite [137]=1E, Write Words"
1791,13400,13400,"SPIWrite [134]=00, Dummy Write to delay 3 ADCCLK/16 cycles","SPIWrite [134]=00, Dummy Write to delay 3 ADCCLK/16 cycles"
1792,13400,13400,"SPIWrite [134]=00, Dummy Write to delay ~1us","SPIWrite [134]=00, Dummy Write to delay ~1us"
1793,13001,13001,"SPIWrite [130]=01, Gain Table Index","SPIWrite [130]=01, Gain Table Index"
1794,13100,13100,"SPIWrite [131]=00, Ext LNA, Int LNA, & Mixer Gain Word","SPIWrite [131]=00, Ext LNA, Int LNA, & Mixer Gain Word"
1795,13200,13200,"SPIWrite [132]=00, TIA & LPF Word","SPIWrite [132]=00, TIA & LPF Word"
1796,13300,13300,"SPIWrite [133]=00, DC Cal bit & Dig Gain Word","SPIWrite [133]=00, DC Cal bit & Dig Gain Word"
1797,1371e,1371e,"SPIWrite [137]=1E, Write Words","SPIWrite [137]=1E, Write Words"
1798,13400,13400,"SPIWrite [134]=00, Dummy Write to delay 3 ADCCLK/16 cycles","SPIWrite [134]=00, Dummy Write to delay 3 ADCCLK/16 cycles"
1799,13400,13400,"SPIWrite [134]=00, Dummy Write to delay ~1us","SPIWrite [134]=00, Dummy Write to delay ~1us"
1800,13002,13002,"SPIWrite [130]=02, Gain Table Index","SPIWrite [130]=02, Gain Table Index"
1801,13100,13100,"SPIWrite [131]=00, Ext LNA, Int LNA, & Mixer Gain Word","SPIWrite [131]=00, Ext LNA, Int LNA, & Mixer Gain Word"
1802,13200,13200,"SPIWrite [132]=00, TIA & LPF Word","SPIWrite [132]=00, TIA & LPF Word"
1803,13300,13300,"SPIWrite [133]=00, DC Cal bit & Dig Gain Word","SPIWrite [133]=00, DC Cal bit & Dig Gain Word"
1804,1371e,1371e,"SPIWrite [137]=1E, Write Words","SPIWrite [137]=1E, Write Words"
1805,13400,13400,"SPIWrite [134]=00, Dummy Write to delay 3 ADCCLK/16 cycles","SPIWrite [134]=00, Dummy Write to delay 3 ADCCLK/16 cycles"
1806,13400,13400,"SPIWrite [134]=00, Dummy Write to delay ~1us","SPIWrite [134]=00, Dummy Write to delay ~1us"
1807,13003,13003,"SPIWrite [130]=03, Gain Table Index","SPIWrite [130]=03, Gain Table Index"
1808,13100,13100,"SPIWrite [131]=00, Ext LNA, Int LNA, & Mixer Gain Word","SPIWrite [131]=00, Ext LNA, Int LNA, & Mixer Gain Word"
1809,13201,13201,"SPIWrite [132]=01, TIA & LPF Word","SPIWrite [132]=01, TIA & LPF Word"
1810,13300,13300,"SPIWrite [133]=00, DC Cal bit & Dig Gain Word","SPIWrite [133]=00, DC Cal bit & Dig Gain Word"
1811,1371e,1371e,"SPIWrite [137]=1E, Write Words","SPIWrite [137]=1E, Write Words"
1812,13400,13400,"SPIWrite [134]=00, Dummy Write to delay 3 ADCCLK/16 cycles","SPIWrite [134]=00, Dummy Write to delay 3 ADCCLK/16 cycles"
1813,13400,13400,"SPIWrite [134]=00, Dummy Write to delay ~1us","SPIWrite [134]=00, Dummy Write to delay ~1us"
1814,13004,13004,"SPIWrite [130]=04, Gain Table Index","SPIWrite [130]=04, Gain Table Index"
1815,13100,13100,"SPIWrite [131]=00, Ext LNA, Int LNA, & Mixer Gain Word","SPIWrite [131]=00, Ext LNA, Int LNA, & Mixer Gain Word"
1816,13202,13202,"SPIWrite [132]=02, TIA & LPF Word","SPIWrite [132]=02, TIA & LPF Word"
1817,13300,13300,"SPIWrite [133]=00, DC Cal bit & Dig Gain Word","SPIWrite [133]=00, DC Cal bit & Dig Gain Word"
1818,1371e,1371e,"SPIWrite [137]=1E, Write Words","SPIWrite [137]=1E, Write Words"
1819,13400,13400,"SPIWrite [134]=00, Dummy Write to delay 3 ADCCLK/16 cycles","SPIWrite [134]=00, Dummy Write to delay 3 ADCCLK/16 cycles"
1820,13400,13400,"SPIWrite [134]=00, Dummy Write to delay ~1us","SPIWrite [134]=00, Dummy Write to delay ~1us"
1821,13005,13005,"SPIWrite [130]=05, Gain Table Index","SPIWrite [130]=05, Gain Table Index"
1822,13100,13100,"SPIWrite [131]=00, Ext LNA, Int LNA, & Mixer Gain Word","SPIWrite [131]=00, Ext LNA, Int LNA, & Mixer Gain Word"
1823,13203,13203,"SPIWrite [132]=03, TIA & LPF Word","SPIWrite [132]=03, TIA & LPF Word"
1824,13300,13300,"SPIWrite [133]=00, DC Cal bit & Dig Gain Word","SPIWrite [133]=00, DC Cal bit & Dig Gain Word"
1825,1371e,1371e,"SPIWrite [137]=1E, Write Words","SPIWrite [137]=1E, Write Words"
1826,13400,13400,"SPIWrite [134]=00, Dummy Write to delay 3 ADCCLK/16 cycles","SPIWrite [134]=00, Dummy Write to delay 3 ADCCLK/16 cycles"
1827,13400,13400,"SPIWrite [134]=00, Dummy Write to delay ~1us","SPIWrite [134]=00, Dummy Write to delay ~1us"
1828,13006,13006,"SPIWrite [130]=06, Gain Table Index","SPIWrite [130]=06, Gain Table Index"
1829,13100,13100,"SPIWrite [131]=00, Ext LNA, Int LNA, & Mixer Gain Word","SPIWrite [131]=00, Ext LNA, Int LNA, & Mixer Gain Word"
1830,13204,13204,"SPIWrite [132]=04, TIA & LPF Word","SPIWrite [132]=04, TIA & LPF Word"
1831,13300,13300,"SPIWrite [133]=00, DC Cal bit & Dig Gain Word","SPIWrite [133]=00, DC Cal bit & Dig Gain Word"
1832,1371e,1371e,"SPIWrite [137]=1E, Write Words","SPIWrite [137]=1E, Write Words"
1833,13400,13400,"SPIWrite [134]=00, Dummy Write to delay 3 ADCCLK/16 cycles","SPIWrite [134]=00, Dummy Write to delay 3 ADCCLK/16 cycles"
1834,13400,13400,"SPIWrite [134]=00, Dummy Write to delay ~1us","SPIWrite [134]=00, Dummy Write to delay ~1us"
1835,13007,13007,"SPIWrite [130]=07, Gain Table Index","SPIWrite [130]=07, Gain Table Index"
1836,13100,13100,"SPIWrite [131]=00, Ext LNA, Int LNA, & Mixer Gain Word","SPIWrite [131]=00, Ext LNA, Int LNA, & Mixer Gain Word"
1837,13205,13205,"SPIWrite [132]=05, TIA & LPF Word","SPIWrite [132]=05, TIA & LPF Word"
1838,13300,13300,"SPIWrite [133]=00, DC Cal bit & Dig Gain Word","SPIWrite [133]=00, DC Cal bit & Dig Gain Word"
1839,1371e,1371e,"SPIWrite [137]=1E, Write Words","SPIWrite [137]=1E, Write Words"
1840,13400,13400,"SPIWrite [134]=00, Dummy Write to delay 3 ADCCLK/16 cycles","SPIWrite [134]=00, Dummy Write to delay 3 ADCCLK/16 cycles"
1841,13400,13400,"SPIWrite [134]=00, Dummy Write to delay ~1us","SPIWrite [134]=00, Dummy Write to delay ~1us"
1842,13008,13008,"SPIWrite [130]=08, Gain Table Index","SPIWrite [130]=08, Gain Table Index"
1843,13101,13101,"SPIWrite [131]=01, Ext LNA, Int LNA, & Mixer Gain Word","SPIWrite [131]=01, Ext LNA, Int LNA, & Mixer Gain Word"
1844,13203,13203,"SPIWrite [132]=03, TIA & LPF Word","SPIWrite [132]=03, TIA & LPF Word"
1845,13320,13320,"SPIWrite [133]=20, DC Cal bit & Dig Gain Word","SPIWrite [133]=20, DC Cal bit & Dig Gain Word"
1846,1371e,1371e,"SPIWrite [137]=1E, Write Words","SPIWrite [137]=1E, Write Words"
1847,13400,13400,"SPIWrite [134]=00, Dummy Write to delay 3 ADCCLK/16 cycles","SPIWrite [134]=00, Dummy Write to delay 3 ADCCLK/16 cycles"
1848,13400,13400,"SPIWrite [134]=00, Dummy Write to delay ~1us","SPIWrite [134]=00, Dummy Write to delay ~1us"
1849,13009,13009,"SPIWrite [130]=09, Gain Table Index","SPIWrite [130]=09, Gain Table Index"
1850,13101,13101,"SPIWrite [131]=01, Ext LNA, Int LNA, & Mixer Gain Word","SPIWrite [131]=01, Ext LNA, Int LNA, & Mixer Gain Word"
1851,13204,13204,"SPIWrite [132]=04, TIA & LPF Word","SPIWrite [132]=04, TIA & LPF Word"
1852,13300,13300,"SPIWrite [133]=00, DC Cal bit & Dig Gain Word","SPIWrite [133]=00, DC Cal bit & Dig Gain Word"
1853,1371e,1371e,"SPIWrite [137]=1E, Write Words","SPIWrite [137]=1E, Write Words"
1854,13400,13400,"SPIWrite [134]=00, Dummy Write to delay 3 ADCCLK/16 cycles","SPIWrite [134]=00, Dummy Write to delay 3 ADCCLK/16 cycles"
1855,13400,13400,"SPIWrite [134]=00, Dummy Write to delay ~1us","SPIWrite [134]=00, Dummy Write to delay ~1us"
1856,1300a,1300a,"SPIWrite [130]=0A, Gain Table Index","SPIWrite [130]=0A, Gain Table Index"
1857,13101,13101,"SPIWrite [131]=01, Ext LNA, Int LNA, & Mixer Gain Word","SPIWrite [131]=01, Ext LNA, Int LNA, & Mixer Gain Word"
1858,13205,13205,"SPIWrite [132]=05, TIA & LPF Word","SPIWrite [132]=05, TIA & LPF Word"
1859,13300,13300,"SPIWrite [133]=00, DC Cal bit & Dig Gain Word","SPIWrite [133]=00, DC Cal bit & Dig Gain Word"
1860,1371e,1371e,"SPIWrite [137]=1E, Write Words","SPIWrite [137]=1E, Write Words"
1861,13400,13400,"SPIWrite [134]=00, Dummy Write to delay 3 ADCCLK/16 cycles","SPIWrite [134]=00, Dummy Write to delay 3 ADCCLK/16 cycles"
1862,13400,13400,"SPIWrite [134]=00, Dummy Write to delay ~1us","SPIWrite [134]=00, Dummy Write to delay ~1us"
1863,1300b,1300b,"SPIWrite [130]=0B, Gain Table Index","SPIWrite [130]=0B, Gain Table Index"
1864,13101,13101,"SPIWrite [131]=01, Ext LNA, Int LNA, & Mixer Gain Word","SPIWrite [131]=01, Ext LNA, Int LNA, & Mixer Gain Word"
1865,13206,13206,"SPIWrite [132]=06, TIA & LPF Word","SPIWrite [132]=06, TIA & LPF Word"
1866,13300,13300,"SPIWrite [133]=00, DC Cal bit & Dig Gain Word","SPIWrite [133]=00, DC Cal bit & Dig Gain Word"
1867,1371e,1371e,"SPIWrite [137]=1E, Write Words","SPIWrite [137]=1E, Write Words"
1868,13400,13400,"SPIWrite [134]=00, Dummy Write to delay 3 ADCCLK/16 cycles","SPIWrite [134]=00, Dummy Write to delay 3 ADCCLK/16 cycles"
1869,13400,13400,"SPIWrite [134]=00, Dummy Write to delay ~1us","SPIWrite [134]=00, Dummy Write to delay ~1us"
1870,1300c,1300c,"SPIWrite [130]=0C, Gain Table Index","SPIWrite [130]=0C, Gain Table Index"
1871,13101,13101,"SPIWrite [131]=01, Ext LNA, Int LNA, & Mixer Gain Word","SPIWrite [131]=01, Ext LNA, Int LNA, & Mixer Gain Word"
1872,13207,13207,"SPIWrite [132]=07, TIA & LPF Word","SPIWrite [132]=07, TIA & LPF Word"
1873,13300,13300,"SPIWrite [133]=00, DC Cal bit & Dig Gain Word","SPIWrite [133]=00, DC Cal bit & Dig Gain Word"
1874,1371e,1371e,"SPIWrite [137]=1E, Write Words","SPIWrite [137]=1E, Write Words"
1875,13400,13400,"SPIWrite [134]=00, Dummy Write to delay 3 ADCCLK/16 cycles","SPIWrite [134]=00, Dummy Write to delay 3 ADCCLK/16 cycles"
1876,13400,13400,"SPIWrite [134]=00, Dummy Write to delay ~1us","SPIWrite [134]=00, Dummy Write to delay ~1us"
1877,1300d,1300d,"SPIWrite [130]=0D, Gain Table Index","SPIWrite [130]=0D, Gain Table Index"
1878,13101,13101,"SPIWrite [131]=01, Ext LNA, Int LNA, & Mixer Gain Word","SPIWrite [131]=01, Ext LNA, Int LNA, & Mixer Gain Word"
1879,13208,13208,"SPIWrite [132]=08, TIA & LPF Word","SPIWrite [132]=08, TIA & LPF Word"
1880,13300,13300,"SPIWrite [133]=00, DC Cal bit & Dig Gain Word","SPIWrite [133]=00, DC Cal bit & Dig Gain Word"
1881,1371e,1371e,"SPIWrite [137]=1E, Write Words","SPIWrite [137]=1E, Write Words"
1882,13400,13400,"SPIWrite [134]=00, Dummy Write to delay 3 ADCCLK/16 cycles","SPIWrite [134]=00, Dummy Write to delay 3 ADCCLK/16 cycles"
1883,13400,13400,"SPIWrite [134]=00, Dummy Write to delay ~1us","SPIWrite [134]=00, Dummy Write to delay ~1us"
1884,1300e,1300e,"SPIWrite [130]=0E, Gain Table Index","SPIWrite [130]=0E, Gain Table Index"
1885,13101,13101,"SPIWrite [131]=01, Ext LNA, Int LNA, & Mixer Gain Word","SPIWrite [131]=01, Ext LNA, Int LNA, & Mixer Gain Word"
1886,13209,13209,"SPIWrite [132]=09, TIA & LPF Word","SPIWrite [132]=09, TIA & LPF Word"
1887,13300,13300,"SPIWrite [133]=00, DC Cal bit & Dig Gain Word","SPIWrite [133]=00, DC Cal bit & Dig Gain Word"
1888,1371e,1371e,"SPIWrite [137]=1E, Write Words","SPIWrite [137]=1E, Write Words"
1889,13400,13400,"SPIWrite [134]=00, Dummy Write to delay 3 ADCCLK/16 cycles","SPIWrite [134]=00, Dummy Write to delay 3 ADCCLK/16 cycles"
1890,13400,13400,"SPIWrite [134]=00, Dummy Write to delay ~1us","SPIWrite [134]=00, Dummy Write to delay ~1us"
1891,1300f,1300f,"SPIWrite [130]=0F, Gain Table Index","SPIWrite [130]=0F, Gain Table Index"
1892,13101,13101,"SPIWrite [131]=01, Ext LNA, Int LNA, & Mixer Gain Word","SPIWrite [131]=01, Ext LNA, Int LNA, & Mixer Gain Word"
1893,1320a,1320a,"SPIWrite [132]=0A, TIA & LPF Word","SPIWrite [132]=0A, TIA & LPF Word"
1894,13300,13300,"SPIWrite [133]=00, DC Cal bit & Dig Gain Word","SPIWrite [133]=00, DC Cal bit & Dig Gain Word"
1895,1371e,1371e,"SPIWrite [137]=1E, Write Words","SPIWrite [137]=1E, Write Words"
1896,13400,13400,"SPIWrite [134]=00, Dummy Write to delay 3 ADCCLK/16 cycles","SPIWrite [134]=00, Dummy Write to delay 3 ADCCLK/16 cycles"
1897,13400,13400,"SPIWrite [134]=00, Dummy Write to delay ~1us","SPIWrite [134]=00, Dummy Write to delay ~1us"
1898,13010,13010,"SPIWrite [130]=10, Gain Table Index","SPIWrite [130]=10, Gain Table Index"
1899,13101,13101,"SPIWrite [131]=01, Ext LNA, Int LNA, & Mixer Gain Word","SPIWrite [131]=01, Ext LNA, Int LNA, & Mixer Gain Word"
1900,1320b,1320b,"SPIWrite [132]=0B, TIA & LPF Word","SPIWrite [132]=0B, TIA & LPF Word"
1901,13300,13300,"SPIWrite [133]=00, DC Cal bit & Dig Gain Word","SPIWrite [133]=00, DC Cal bit & Dig Gain Word"
1902,1371e,1371e,"SPIWrite [137]=1E, Write Words","SPIWrite [137]=1E, Write Words"
1903,13400,13400,"SPIWrite [134]=00, Dummy Write to delay 3 ADCCLK/16 cycles","SPIWrite [134]=00, Dummy Write to delay 3 ADCCLK/16 cycles"
1904,13400,13400,"SPIWrite [134]=00, Dummy Write to delay ~1us","SPIWrite [134]=00, Dummy Write to delay ~1us"
1905,13011,13011,"SPIWrite [130]=11, Gain Table Index","SPIWrite [130]=11, Gain Table Index"
1906,13101,13101,"SPIWrite [131]=01, Ext LNA, Int LNA, & Mixer Gain Word","SPIWrite [131]=01, Ext LNA, Int LNA, & Mixer Gain Word"
1907,1320c,1320c,"SPIWrite [132]=0C, TIA & LPF Word","SPIWrite [132]=0C, TIA & LPF Word"
1908,13300,13300,"SPIWrite [133]=00, DC Cal bit & Dig Gain Word","SPIWrite [133]=00, DC Cal bit & Dig Gain Word"
1909,1371e,1371e,"SPIWrite [137]=1E, Write Words","SPIWrite [137]=1E, Write Words"
1910,13400,13400,"SPIWrite [134]=00, Dummy Write to delay 3 ADCCLK/16 cycles","SPIWrite [134]=00, Dummy Write to delay 3 ADCCLK/16 cycles"
1911,13400,13400,"SPIWrite [134]=00, Dummy Write to delay ~1us","SPIWrite [134]=00, Dummy Write to delay ~1us"
1912,13012,13012,"SPIWrite [130]=12, Gain Table Index","SPIWrite [130]=12, Gain Table Index"
1913,13101,13101,"SPIWrite [131]=01, Ext LNA, Int LNA, & Mixer Gain Word","SPIWrite [131]=01, Ext LNA, Int LNA, & Mixer Gain Word"
1914,1320d,1320d,"SPIWrite [132]=0D, TIA & LPF Word","SPIWrite [132]=0D, TIA & LPF Word"
1915,13300,13300,"SPIWrite [133]=00, DC Cal bit & Dig Gain Word","SPIWrite [133]=00, DC Cal bit & Dig Gain Word"
1916,1371e,1371e,"SPIWrite [137]=1E, Write Words","SPIWrite [137]=1E, Write Words"
1917,13400,13400,"SPIWrite [134]=00, Dummy Write to delay 3 ADCCLK/16 cycles","SPIWrite [134]=00, Dummy Write to delay 3 ADCCLK/16 cycles"
1918,13400,13400,"SPIWrite [134]=00, Dummy Write to delay ~1us","SPIWrite [134]=00, Dummy Write to delay ~1us"
1919,13013,13013,"SPIWrite [130]=13, Gain Table Index","SPIWrite [130]=13, Gain Table Index"
1920,13101,13101,"SPIWrite [131]=01, Ext LNA, Int LNA, & Mixer Gain Word","SPIWrite [131]=01, Ext LNA, Int LNA, & Mixer Gain Word"
1921,1320e,1320e,"SPIWrite [132]=0E, TIA & LPF Word","SPIWrite [132]=0E, TIA & LPF Word"
1922,13300,13300,"SPIWrite [133]=00, DC Cal bit & Dig Gain Word","SPIWrite [133]=00, DC Cal bit & Dig Gain Word"
1923,1371e,1371e,"SPIWrite [137]=1E, Write Words","SPIWrite [137]=1E, Write Words"
1924,13400,13400,"SPIWrite [134]=00, Dummy Write to delay 3 ADCCLK/16 cycles","SPIWrite [134]=00, Dummy Write to delay 3 ADCCLK/16 cycles"
1925,13400,13400,"SPIWrite [134]=00, Dummy Write to delay ~1us","SPIWrite [134]=00, Dummy Write to delay ~1us"
1926,13014,13014,"SPIWrite [130]=14, Gain Table Index","SPIWrite [130]=14, Gain Table Index"
1927,13102,13102,"SPIWrite [131]=02, Ext LNA, Int LNA, & Mixer Gain Word","SPIWrite [131]=02, Ext LNA, Int LNA, & Mixer Gain Word"
1928,13209,13209,"SPIWrite [132]=09, TIA & LPF Word","SPIWrite [132]=09, TIA & LPF Word"
1929,13320,13320,"SPIWrite [133]=20, DC Cal bit & Dig Gain Word","SPIWrite [133]=20, DC Cal bit & Dig Gain Word"
1930,1371e,1371e,"SPIWrite [137]=1E, Write Words","SPIWrite [137]=1E, Write Words"
1931,13400,13400,"SPIWrite [134]=00, Dummy Write to delay 3 ADCCLK/16 cycles","SPIWrite [134]=00, Dummy Write to delay 3 ADCCLK/16 cycles"
1932,13400,13400,"SPIWrite [134]=00, Dummy Write to delay ~1us","SPIWrite [134]=00, Dummy Write to delay ~1us"
1933,13015,13015,"SPIWrite [130]=15, Gain Table Index","SPIWrite [130]=15, Gain Table Index"
1934,13102,13102,"SPIWrite [131]=02, Ext LNA, Int LNA, & Mixer Gain Word","SPIWrite [131]=02, Ext LNA, Int LNA, & Mixer Gain Word"
1935,1320a,1320a,"SPIWrite [132]=0A, TIA & LPF Word","SPIWrite [132]=0A, TIA & LPF Word"
1936,13300,13300,"SPIWrite [133]=00, DC Cal bit & Dig Gain Word","SPIWrite [133]=00, DC Cal bit & Dig Gain Word"
1937,1371e,1371e,"SPIWrite [137]=1E, Write Words","SPIWrite [137]=1E, Write Words"
1938,13400,13400,"SPIWrite [134]=00, Dummy Write to delay 3 ADCCLK/16 cycles","SPIWrite [134]=00, Dummy Write to delay 3 ADCCLK/16 cycles"
1939,13400,13400,"SPIWrite [134]=00, Dummy Write to delay ~1us","SPIWrite [134]=00, Dummy Write to delay ~1us"
1940,13016,13016,"SPIWrite [130]=16, Gain Table Index","SPIWrite [130]=16, Gain Table Index"
1941,13102,13102,"SPIWrite [131]=02, Ext LNA, Int LNA, & Mixer Gain Word","SPIWrite [131]=02, Ext LNA, Int LNA, & Mixer Gain Word"
1942,1320b,1320b,"SPIWrite [132]=0B, TIA & LPF Word","SPIWrite [132]=0B, TIA & LPF Word"
1943,13300,13300,"SPIWrite [133]=00, DC Cal bit & Dig Gain Word","SPIWrite [133]=00, DC Cal bit & Dig Gain Word"
1944,1371e,1371e,"SPIWrite [137]=1E, Write Words","SPIWrite [137]=1E, Write Words"
1945,13400,13400,"SPIWrite [134]=00, Dummy Write to delay 3 ADCCLK/16 cycles","SPIWrite [134]=00, Dummy Write to delay 3 ADCCLK/16 cycles"
1946,13400,13400,"SPIWrite [134]=00, Dummy Write to delay ~1us","SPIWrite [134]=00, Dummy Write to delay ~1us"
1947,13017,13017,"SPIWrite [130]=17, Gain Table Index","SPIWrite [130]=17, Gain Table Index"
1948,13102,13102,"SPIWrite [131]=02, Ext LNA, Int LNA, & Mixer Gain Word","SPIWrite [131]=02, Ext LNA, Int LNA, & Mixer Gain Word"
1949,1320c,1320c,"SPIWrite [132]=0C, TIA & LPF Word","SPIWrite [132]=0C, TIA & LPF Word"
1950,13300,13300,"SPIWrite [133]=00, DC Cal bit & Dig Gain Word","SPIWrite [133]=00, DC Cal bit & Dig Gain Word"
1951,1371e,1371e,"SPIWrite [137]=1E, Write Words","SPIWrite [137]=1E, Write Words"
1952,13400,13400,"SPIWrite [134]=00, Dummy Write to delay 3 ADCCLK/16 cycles","SPIWrite [134]=00, Dummy Write to delay 3 ADCCLK/16 cycles"
1953,13400,13400,"SPIWrite [134]=00, Dummy Write to delay ~1us","SPIWrite [134]=00, Dummy Write to delay ~1us"
1954,13018,13018,"SPIWrite [130]=18, Gain Table Index","SPIWrite [130]=18, Gain Table Index"
1955,13102,13102,"SPIWrite [131]=02, Ext LNA, Int LNA, & Mixer Gain Word","SPIWrite [131]=02, Ext LNA, Int LNA, & Mixer Gain Word"
1956,1320d,1320d,"SPIWrite [132]=0D, TIA & LPF Word","SPIWrite [132]=0D, TIA & LPF Word"
1957,13300,13300,"SPIWrite [133]=00, DC Cal bit & Dig Gain Word","SPIWrite [133]=00, DC Cal bit & Dig Gain Word"
1958,1371e,1371e,"SPIWrite [137]=1E, Write Words","SPIWrite [137]=1E, Write Words"
1959,13400,13400,"SPIWrite [134]=00, Dummy Write to delay 3 ADCCLK/16 cycles","SPIWrite [134]=00, Dummy Write to delay 3 ADCCLK/16 cycles"
1960,13400,13400,"SPIWrite [134]=00, Dummy Write to delay ~1us","SPIWrite [134]=00, Dummy Write to delay ~1us"
1961,13019,13019,"SPIWrite [130]=19, Gain Table Index","SPIWrite [130]=19, Gain Table Index"
1962,13102,13102,"SPIWrite [131]=02, Ext LNA, Int LNA, & Mixer Gain Word","SPIWrite [131]=02, Ext LNA, Int LNA, & Mixer Gain Word"
1963,1320e,1320e,"SPIWrite [132]=0E, TIA & LPF Word","SPIWrite [132]=0E, TIA & LPF Word"
1964,13300,13300,"SPIWrite [133]=00, DC Cal bit & Dig Gain Word","SPIWrite [133]=00, DC Cal bit & Dig Gain Word"
1965,1371e,1371e,"SPIWrite [137]=1E, Write Words","SPIWrite [137]=1E, Write Words"
1966,13400,13400,"SPIWrite [134]=00, Dummy Write to delay 3 ADCCLK/16 cycles","SPIWrite [134]=00, Dummy Write to delay 3 ADCCLK/16 cycles"
1967,13400,13400,"SPIWrite [134]=00, Dummy Write to delay ~1us","SPIWrite [134]=00, Dummy Write to delay ~1us"
1968,1301a,1301a,"SPIWrite [130]=1A, Gain Table Index","SPIWrite [130]=1A, Gain Table Index"
1969,13102,13102,"SPIWrite [131]=02, Ext LNA, Int LNA, & Mixer Gain Word","SPIWrite [131]=02, Ext LNA, Int LNA, & Mixer Gain Word"
1970,1320f,1320f,"SPIWrite [132]=0F, TIA & LPF Word","SPIWrite [132]=0F, TIA & LPF Word"
1971,13300,13300,"SPIWrite [133]=00, DC Cal bit & Dig Gain Word","SPIWrite [133]=00, DC Cal bit & Dig Gain Word"
1972,1371e,1371e,"SPIWrite [137]=1E, Write Words","SPIWrite [137]=1E, Write Words"
1973,13400,13400,"SPIWrite [134]=00, Dummy Write to delay 3 ADCCLK/16 cycles","SPIWrite [134]=00, Dummy Write to delay 3 ADCCLK/16 cycles"
1974,13400,13400,"SPIWrite [134]=00, Dummy Write to delay ~1us","SPIWrite [134]=00, Dummy Write to delay ~1us"
1975,1301b,1301b,"SPIWrite [130]=1B, Gain Table Index","SPIWrite [130]=1B, Gain Table Index"
1976,13102,13102,"SPIWrite [131]=02, Ext LNA, Int LNA, & Mixer Gain Word","SPIWrite [131]=02, Ext LNA, Int LNA, & Mixer Gain Word"
1977,13210,13210,"SPIWrite [132]=10, TIA & LPF Word","SPIWrite [132]=10, TIA & LPF Word"
1978,13300,13300,"SPIWrite [133]=00, DC Cal bit & Dig Gain Word","SPIWrite [133]=00, DC Cal bit & Dig Gain Word"
1979,1371e,1371e,"SPIWrite [137]=1E, Write Words","SPIWrite [137]=1E, Write Words"
1980,13400,13400,"SPIWrite [134]=00, Dummy Write to delay 3 ADCCLK/16 cycles","SPIWrite [134]=00, Dummy Write to delay 3 ADCCLK/16 cycles"
1981,13400,13400,"SPIWrite [134]=00, Dummy Write to delay ~1us","SPIWrite [134]=00, Dummy Write to delay ~1us"
1982,1301c,1301c,"SPIWrite [130]=1C, Gain Table Index","SPIWrite [130]=1C, Gain Table Index"
1983,13102,13102,"SPIWrite [131]=02, Ext LNA, Int LNA, & Mixer Gain Word","SPIWrite [131]=02, Ext LNA, Int LNA, & Mixer Gain Word"
1984,1322b,1322b,"SPIWrite [132]=2B, TIA & LPF Word","SPIWrite [132]=2B, TIA & LPF Word"
1985,13320,13320,"SPIWrite [133]=20, DC Cal bit & Dig Gain Word","SPIWrite [133]=20, DC Cal bit & Dig Gain Word"
1986,1371e,1371e,"SPIWrite [137]=1E, Write Words","SPIWrite [137]=1E, Write Words"
1987,13400,13400,"SPIWrite [134]=00, Dummy Write to delay 3 ADCCLK/16 cycles","SPIWrite [134]=00, Dummy Write to delay 3 ADCCLK/16 cycles"
1988,13400,13400,"SPIWrite [134]=00, Dummy Write to delay ~1us","SPIWrite [134]=00, Dummy Write to delay ~1us"
1989,1301d,1301d,"SPIWrite [130]=1D, Gain Table Index","SPIWrite [130]=1D, Gain Table Index"
1990,13102,13102,"SPIWrite [131]=02, Ext LNA, Int LNA, & Mixer Gain Word","SPIWrite [131]=02, Ext LNA, Int LNA, & Mixer Gain Word"
1991,1322c,1322c,"SPIWrite [132]=2C, TIA & LPF Word","SPIWrite [132]=2C, TIA & LPF Word"
1992,13300,13300,"SPIWrite [133]=00, DC Cal bit & Dig Gain Word","SPIWrite [133]=00, DC Cal bit & Dig Gain Word"
1993,1371e,1371e,"SPIWrite [137]=1E, Write Words","SPIWrite [137]=1E, Write Words"
1994,13400,13400,"SPIWrite [134]=00, Dummy Write to delay 3 ADCCLK/16 cycles","SPIWrite [134]=00, Dummy Write to delay 3 ADCCLK/16 cycles"
1995,13400,13400,"SPIWrite [134]=00, Dummy Write to delay ~1us","SPIWrite [134]=00, Dummy Write to delay ~1us"
1996,1301e,1301e,"SPIWrite [130]=1E, Gain Table Index","SPIWrite [130]=1E, Gain Table Index"
1997,13104,13104,"SPIWrite [131]=04, Ext LNA, Int LNA, & Mixer Gain Word","SPIWrite [131]=04, Ext LNA, Int LNA, & Mixer Gain Word"
1998,13227,13227,"SPIWrite [132]=27, TIA & LPF Word","SPIWrite [132]=27, TIA & LPF Word"
1999,13320,13320,"SPIWrite [133]=20, DC Cal bit & Dig Gain Word","SPIWrite [133]=20, DC Cal bit & Dig Gain Word"
2000,1371e,1371e,"SPIWrite [137]=1E, Write Words","SPIWrite [137]=1E, Write Words"
2001,13400,13400,"SPIWrite [134]=00, Dummy Write to delay 3 ADCCLK/16 cycles","SPIWrite [134]=00, Dummy Write to delay 3 ADCCLK/16 cycles"
2002,13400,13400,"SPIWrite [134]=00, Dummy Write to delay ~1us","SPIWrite [134]=00, Dummy Write to delay ~1us"
2003,1301f,1301f,"SPIWrite [130]=1F, Gain Table Index","SPIWrite [130]=1F, Gain Table Index"
2004,13104,13104,"SPIWrite [131]=04, Ext LNA, Int LNA, & Mixer Gain Word","SPIWrite [131]=04, Ext LNA, Int LNA, & Mixer Gain Word"
2005,13228,13228,"SPIWrite [132]=28, TIA & LPF Word","SPIWrite [132]=28, TIA & LPF Word"
2006,13300,13300,"SPIWrite [133]=00, DC Cal bit & Dig Gain Word","SPIWrite [133]=00, DC Cal bit & Dig Gain Word"
2007,1371e,1371e,"SPIWrite [137]=1E, Write Words","SPIWrite [137]=1E, Write Words"
2008,13400,13400,"SPIWrite [134]=00, Dummy Write to delay 3 ADCCLK/16 cycles","SPIWrite [134]=00, Dummy Write to delay 3 ADCCLK/16 cycles"
2009,13400,13400,"SPIWrite [134]=00, Dummy Write to delay ~1us","SPIWrite [134]=00, Dummy Write to delay ~1us"
2010,13020,13020,"SPIWrite [130]=20, Gain Table Index","SPIWrite [130]=20, Gain Table Index"
2011,13104,13104,"SPIWrite [131]=04, Ext LNA, Int LNA, & Mixer Gain Word","SPIWrite [131]=04, Ext LNA, Int LNA, & Mixer Gain Word"
2012,13229,13229,"SPIWrite [132]=29, TIA & LPF Word","SPIWrite [132]=29, TIA & LPF Word"
2013,13300,13300,"SPIWrite [133]=00, DC Cal bit & Dig Gain Word","SPIWrite [133]=00, DC Cal bit & Dig Gain Word"
2014,1371e,1371e,"SPIWrite [137]=1E, Write Words","SPIWrite [137]=1E, Write Words"
2015,13400,13400,"SPIWrite [134]=00, Dummy Write to delay 3 ADCCLK/16 cycles","SPIWrite [134]=00, Dummy Write to delay 3 ADCCLK/16 cycles"
2016,13400,13400,"SPIWrite [134]=00, Dummy Write to delay ~1us","SPIWrite [134]=00, Dummy Write to delay ~1us"
2017,13021,13021,"SPIWrite [130]=21, Gain Table Index","SPIWrite [130]=21, Gain Table Index"
2018,13104,13104,"SPIWrite [131]=04, Ext LNA, Int LNA, & Mixer Gain Word","SPIWrite [131]=04, Ext LNA, Int LNA, & Mixer Gain Word"
2019,1322a,1322a,"SPIWrite [132]=2A, TIA & LPF Word","SPIWrite [132]=2A, TIA & LPF Word"
2020,13300,13300,"SPIWrite [133]=00, DC Cal bit & Dig Gain Word","SPIWrite [133]=00, DC Cal bit & Dig Gain Word"
2021,1371e,1371e,"SPIWrite [137]=1E, Write Words","SPIWrite [137]=1E, Write Words"
2022,13400,13400,"SPIWrite [134]=00, Dummy Write to delay 3 ADCCLK/16 cycles","SPIWrite [134]=00, Dummy Write to delay 3 ADCCLK/16 cycles"
2023,13400,13400,"SPIWrite [134]=00, Dummy Write to delay ~1us","SPIWrite [134]=00, Dummy Write to delay ~1us"
2024,13022,13022,"SPIWrite [130]=22, Gain Table Index","SPIWrite [130]=22, Gain Table Index"
2025,13104,13104,"SPIWrite [131]=04, Ext LNA, Int LNA, & Mixer Gain Word","SPIWrite [131]=04, Ext LNA, Int LNA, & Mixer Gain Word"
2026,1322b,1322b,"SPIWrite [132]=2B, TIA & LPF Word","SPIWrite [132]=2B, TIA & LPF Word"
2027,13300,13300,"SPIWrite [133]=00, DC Cal bit & Dig Gain Word","SPIWrite [133]=00, DC Cal bit & Dig Gain Word"
2028,1371e,1371e,"SPIWrite [137]=1E, Write Words","SPIWrite [137]=1E, Write Words"
2029,13400,13400,"SPIWrite [134]=00, Dummy Write to delay 3 ADCCLK/16 cycles","SPIWrite [134]=00, Dummy Write to delay 3 ADCCLK/16 cycles"
2030,13400,13400,"SPIWrite [134]=00, Dummy Write to delay ~1us","SPIWrite [134]=00, Dummy Write to delay ~1us"
2031,13023,13023,"SPIWrite [130]=23, Gain Table Index","SPIWrite [130]=23, Gain Table Index"
2032,13124,13124,"SPIWrite [131]=24, Ext LNA, Int LNA, & Mixer Gain Word","SPIWrite [131]=24, Ext LNA, Int LNA, & Mixer Gain Word"
2033,13221,13221,"SPIWrite [132]=21, TIA & LPF Word","SPIWrite [132]=21, TIA & LPF Word"
2034,13320,13320,"SPIWrite [133]=20, DC Cal bit & Dig Gain Word","SPIWrite [133]=20, DC Cal bit & Dig Gain Word"
2035,1371e,1371e,"SPIWrite [137]=1E, Write Words","SPIWrite [137]=1E, Write Words"
2036,13400,13400,"SPIWrite [134]=00, Dummy Write to delay 3 ADCCLK/16 cycles","SPIWrite [134]=00, Dummy Write to delay 3 ADCCLK/16 cycles"
2037,13400,13400,"SPIWrite [134]=00, Dummy Write to delay ~1us","SPIWrite [134]=00, Dummy Write to delay ~1us"
2038,13024,13024,"SPIWrite [130]=24, Gain Table Index","SPIWrite [130]=24, Gain Table Index"
2039,13124,13124,"SPIWrite [131]=24, Ext LNA, Int LNA, & Mixer Gain Word","SPIWrite [131]=24, Ext LNA, Int LNA, & Mixer Gain Word"
2040,13222,13222,"SPIWrite [132]=22, TIA & LPF Word","SPIWrite [132]=22, TIA & LPF Word"
2041,13300,13300,"SPIWrite [133]=00, DC Cal bit & Dig Gain Word","SPIWrite [133]=00, DC Cal bit & Dig Gain Word"
2042,1371e,1371e,"SPIWrite [137]=1E, Write Words","SPIWrite [137]=1E, Write Words"
2043,13400,13400,"SPIWrite [134]=00, Dummy Write to delay 3 ADCCLK/16 cycles","SPIWrite [134]=00, Dummy Write to delay 3 ADCCLK/16 cycles"
2044,13400,13400,"SPIWrite [134]=00, Dummy Write to delay ~1us","SPIWrite [134]=00, Dummy Write to delay ~1us"
2045,13025,13025,"SPIWrite [130]=25, Gain Table Index","SPIWrite [130]=25, Gain Table Index"
2046,13144,13144,"SPIWrite [131]=44, Ext LNA, Int LNA, & Mixer Gain Word","SPIWrite [131]=44, Ext LNA, Int LNA, & Mixer Gain Word"
2047,13220,13220,"SPIWrite [132]=20, TIA & LPF Word","SPIWrite [132]=20, TIA & LPF Word"
2048,13320,13320,"SPIWrite [133]=20, DC Cal bit & Dig Gain Word","SPIWrite [133]=20, DC Cal bit & Dig Gain Word"
2049,1371e,1371e,"SPIWrite [137]=1E, Write Words","SPIWrite [137]=1E, Write Words"
2050,13400,13400,"SPIWrite [134]=00, Dummy Write to delay 3 ADCCLK/16 cycles","SPIWrite [134]=00, Dummy Write to delay 3 ADCCLK/16 cycles"
2051,13400,13400,"SPIWrite [134]=00, Dummy Write to delay ~1us","SPIWrite [134]=00, Dummy Write to delay ~1us"
2052,13026,13026,"SPIWrite [130]=26, Gain Table Index","SPIWrite [130]=26, Gain Table Index"
2053,13144,13144,"SPIWrite [131]=44, Ext LNA, Int LNA, & Mixer Gain Word","SPIWrite [131]=44, Ext LNA, Int LNA, & Mixer Gain Word"
2054,13221,13221,"SPIWrite [132]=21, TIA & LPF Word","SPIWrite [132]=21, TIA & LPF Word"
2055,13300,13300,"SPIWrite [133]=00, DC Cal bit & Dig Gain Word","SPIWrite [133]=00, DC Cal bit & Dig Gain Word"
2056,1371e,1371e,"SPIWrite [137]=1E, Write Words","SPIWrite [137]=1E, Write Words"
2057,13400,13400,"SPIWrite [134]=00, Dummy Write to delay 3 ADCCLK/16 cycles","SPIWrite [134]=00, Dummy Write to delay 3 ADCCLK/16 cycles"
2058,13400,13400,"SPIWrite [134]=00, Dummy Write to delay ~1us","SPIWrite [134]=00, Dummy Write to delay ~1us"
2059,13027,13027,"SPIWrite [130]=27, Gain Table Index","SPIWrite [130]=27, Gain Table Index"
2060,13144,13144,"SPIWrite [131]=44, Ext LNA, Int LNA, & Mixer Gain Word","SPIWrite [131]=44, Ext LNA, Int LNA, & Mixer Gain Word"
2061,13222,13222,"SPIWrite [132]=22, TIA & LPF Word","SPIWrite [132]=22, TIA & LPF Word"
2062,13300,13300,"SPIWrite [133]=00, DC Cal bit & Dig Gain Word","SPIWrite [133]=00, DC Cal bit & Dig Gain Word"
2063,1371e,1371e,"SPIWrite [137]=1E, Write Words","SPIWrite [137]=1E, Write Words"
2064,13400,13400,"SPIWrite [134]=00, Dummy Write to delay 3 ADCCLK/16 cycles","SPIWrite [134]=00, Dummy Write to delay 3 ADCCLK/16 cycles"
2065,13400,13400,"SPIWrite [134]=00, Dummy Write to delay ~1us","SPIWrite [134]=00, Dummy Write to delay ~1us"
2066,13028,13028,"SPIWrite [130]=28, Gain Table Index","SPIWrite [130]=28, Gain Table Index"
2067,13144,13144,"SPIWrite [131]=44, Ext LNA, Int LNA, & Mixer Gain Word","SPIWrite [131]=44, Ext LNA, Int LNA, & Mixer Gain Word"
2068,13223,13223,"SPIWrite [132]=23, TIA & LPF Word","SPIWrite [132]=23, TIA & LPF Word"
2069,13300,13300,"SPIWrite [133]=00, DC Cal bit & Dig Gain Word","SPIWrite [133]=00, DC Cal bit & Dig Gain Word"
2070,1371e,1371e,"SPIWrite [137]=1E, Write Words","SPIWrite [137]=1E, Write Words"
2071,13400,13400,"SPIWrite [134]=00, Dummy Write to delay 3 ADCCLK/16 cycles","SPIWrite [134]=00, Dummy Write to delay 3 ADCCLK/16 cycles"
2072,13400,13400,"SPIWrite [134]=00, Dummy Write to delay ~1us","SPIWrite [134]=00, Dummy Write to delay ~1us"
2073,13029,13029,"SPIWrite [130]=29, Gain Table Index","SPIWrite [130]=29, Gain Table Index"
2074,13144,13144,"SPIWrite [131]=44, Ext LNA, Int LNA, & Mixer Gain Word","SPIWrite [131]=44, Ext LNA, Int LNA, & Mixer Gain Word"
2075,13224,13224,"SPIWrite [132]=24, TIA & LPF Word","SPIWrite [132]=24, TIA & LPF Word"
2076,13300,13300,"SPIWrite [133]=00, DC Cal bit & Dig Gain Word","SPIWrite [133]=00, DC Cal bit & Dig Gain Word"
2077,1371e,1371e,"SPIWrite [137]=1E, Write Words","SPIWrite [137]=1E, Write Words"
2078,13400,13400,"SPIWrite [134]=00, Dummy Write to delay 3 ADCCLK/16 cycles","SPIWrite [134]=00, Dummy Write to delay 3 ADCCLK/16 cycles"
2079,13400,13400,"SPIWrite [134]=00, Dummy Write to delay ~1us","SPIWrite [134]=00, Dummy Write to delay ~1us"
2080,1302a,1302a,"SPIWrite [130]=2A, Gain Table Index","SPIWrite [130]=2A, Gain Table Index"
2081,13144,13144,"SPIWrite [131]=44, Ext LNA, Int LNA, & Mixer Gain Word","SPIWrite [131]=44, Ext LNA, Int LNA, & Mixer Gain Word"
2082,13225,13225,"SPIWrite [132]=25, TIA & LPF Word","SPIWrite [132]=25, TIA & LPF Word"
2083,13300,13300,"SPIWrite [133]=00, DC Cal bit & Dig Gain Word","SPIWrite [133]=00, DC Cal bit & Dig Gain Word"
2084,1371e,1371e,"SPIWrite [137]=1E, Write Words","SPIWrite [137]=1E, Write Words"
2085,13400,13400,"SPIWrite [134]=00, Dummy Write to delay 3 ADCCLK/16 cycles","SPIWrite [134]=00, Dummy Write to delay 3 ADCCLK/16 cycles"
2086,13400,13400,"SPIWrite [134]=00, Dummy Write to delay ~1us","SPIWrite [134]=00, Dummy Write to delay ~1us"
2087,1302b,1302b,"SPIWrite [130]=2B, Gain Table Index","SPIWrite [130]=2B, Gain Table Index"
2088,13144,13144,"SPIWrite [131]=44, Ext LNA, Int LNA, & Mixer Gain Word","SPIWrite [131]=44, Ext LNA, Int LNA, & Mixer Gain Word"
2089,13226,13226,"SPIWrite [132]=26, TIA & LPF Word","SPIWrite [132]=26, TIA & LPF Word"
2090,13300,13300,"SPIWrite [133]=00, DC Cal bit & Dig Gain Word","SPIWrite [133]=00, DC Cal bit & Dig Gain Word"
2091,1371e,1371e,"SPIWrite [137]=1E, Write Words","SPIWrite [137]=1E, Write Words"
2092,13400,13400,"SPIWrite [134]=00, Dummy Write to delay 3 ADCCLK/16 cycles","SPIWrite [134]=00, Dummy Write to delay 3 ADCCLK/16 cycles"
2093,13400,13400,"SPIWrite [134]=00, Dummy Write to delay ~1us","SPIWrite [134]=00, Dummy Write to delay ~1us"
2094,1302c,1302c,"SPIWrite [130]=2C, Gain Table Index","SPIWrite [130]=2C, Gain Table Index"
2095,13144,13144,"SPIWrite [131]=44, Ext LNA, Int LNA, & Mixer Gain Word","SPIWrite [131]=44, Ext LNA, Int LNA, & Mixer Gain Word"
2096,13227,13227,"SPIWrite [132]=27, TIA & LPF Word","SPIWrite [132]=27, TIA & LPF Word"
2097,13300,13300,"SPIWrite [133]=00, DC Cal bit & Dig Gain Word","SPIWrite [133]=00, DC Cal bit & Dig Gain Word"
2098,1371e,1371e,"SPIWrite [137]=1E, Write Words","SPIWrite [137]=1E, Write Words"
2099,13400,13400,"SPIWrite [134]=00, Dummy Write to delay 3 ADCCLK/16 cycles","SPIWrite [134]=00, Dummy Write to delay 3 ADCCLK/16 cycles"
2100,13400,13400,"SPIWrite [134]=00, Dummy Write to delay ~1us","SPIWrite [134]=00, Dummy Write to delay ~1us"
2101,1302d,1302d,"SPIWrite [130]=2D, Gain Table Index","SPIWrite [130]=2D, Gain Table Index"
2102,13144,13144,"SPIWrite [131]=44, Ext LNA, Int LNA, & Mixer Gain Word","SPIWrite [131]=44, Ext LNA, Int LNA, & Mixer Gain Word"
2103,13228,13228,"SPIWrite [132]=28, TIA & LPF Word","SPIWrite [132]=28, TIA & LPF Word"
2104,13300,13300,"SPIWrite [133]=00, DC Cal bit & Dig Gain Word","SPIWrite [133]=00, DC Cal bit & Dig Gain Word"
2105,1371e,1371e,"SPIWrite [137]=1E, Write Words","SPIWrite [137]=1E, Write Words"
2106,13400,13400,"SPIWrite [134]=00, Dummy Write to delay 3 ADCCLK/16 cycles","SPIWrite [134]=00, Dummy Write to delay 3 ADCCLK/16 cycles"
2107,13400,13400,"SPIWrite [134]=00, Dummy Write to delay ~1us","SPIWrite [134]=00, Dummy Write to delay ~1us"
2108,1302e,1302e,"SPIWrite [130]=2E, Gain Table Index","SPIWrite [130]=2E, Gain Table Index"
2109,13144,13144,"SPIWrite [131]=44, Ext LNA, Int LNA, & Mixer Gain Word","SPIWrite [131]=44, Ext LNA, Int LNA, & Mixer Gain Word"
2110,13229,13229,"SPIWrite [132]=29, TIA & LPF Word","SPIWrite [132]=29, TIA & LPF Word"
2111,13300,13300,"SPIWrite [133]=00, DC Cal bit & Dig Gain Word","SPIWrite [133]=00, DC Cal bit & Dig Gain Word"
2112,1371e,1371e,"SPIWrite [137]=1E, Write Words","SPIWrite [137]=1E, Write Words"
2113,13400,13400,"SPIWrite [134]=00, Dummy Write to delay 3 ADCCLK/16 cycles","SPIWrite [134]=00, Dummy Write to delay 3 ADCCLK/16 cycles"
2114,13400,13400,"SPIWrite [134]=00, Dummy Write to delay ~1us","SPIWrite [134]=00, Dummy Write to delay ~1us"
2115,1302f,1302f,"SPIWrite [130]=2F, Gain Table Index","SPIWrite [130]=2F, Gain Table Index"
2116,13144,13144,"SPIWrite [131]=44, Ext LNA, Int LNA, & Mixer Gain Word","SPIWrite [131]=44, Ext LNA, Int LNA, & Mixer Gain Word"
2117,1322a,1322a,"SPIWrite [132]=2A, TIA & LPF Word","SPIWrite [132]=2A, TIA & LPF Word"
2118,13300,13300,"SPIWrite [133]=00, DC Cal bit & Dig Gain Word","SPIWrite [133]=00, DC Cal bit & Dig Gain Word"
2119,1371e,1371e,"SPIWrite [137]=1E, Write Words","SPIWrite [137]=1E, Write Words"
2120,13400,13400,"SPIWrite [134]=00, Dummy Write to delay 3 ADCCLK/16 cycles","SPIWrite [134]=00, Dummy Write to delay 3 ADCCLK/16 cycles"
2121,13400,13400,"SPIWrite [134]=00, Dummy Write to delay ~1us","SPIWrite [134]=00, Dummy Write to delay ~1us"
2122,13030,13030,"SPIWrite [130]=30, Gain Table Index","SPIWrite [130]=30, Gain Table Index"
2123,13144,13144,"SPIWrite [131]=44, Ext LNA, Int LNA, & Mixer Gain Word","SPIWrite [131]=44, Ext LNA, Int LNA, & Mixer Gain Word"
2124,1322b,1322b,"SPIWrite [132]=2B, TIA & LPF Word","SPIWrite [132]=2B, TIA & LPF Word"
2125,13300,13300,"SPIWrite [133]=00, DC Cal bit & Dig Gain Word","SPIWrite [133]=00, DC Cal bit & Dig Gain Word"
2126,1371e,1371e,"SPIWrite [137]=1E, Write Words","SPIWrite [137]=1E, Write Words"
2127,13400,13400,"SPIWrite [134]=00, Dummy Write to delay 3 ADCCLK/16 cycles","SPIWrite [134]=00, Dummy Write to delay 3 ADCCLK/16 cycles"
2128,13400,13400,"SPIWrite [134]=00, Dummy Write to delay ~1us","SPIWrite [134]=00, Dummy Write to delay ~1us"
2129,13031,13031,"SPIWrite [130]=31, Gain Table Index","SPIWrite [130]=31, Gain Table Index"
2130,13144,13144,"SPIWrite [131]=44, Ext LNA, Int LNA, & Mixer Gain Word","SPIWrite [131]=44, Ext LNA, Int LNA, & Mixer Gain Word"
2131,1322c,1322c,"SPIWrite [132]=2C, TIA & LPF Word","SPIWrite [132]=2C, TIA & LPF Word"
2132,13300,13300,"SPIWrite [133]=00, DC Cal bit & Dig Gain Word","SPIWrite [133]=00, DC Cal bit & Dig Gain Word"
2133,1371e,1371e,"SPIWrite [137]=1E, Write Words","SPIWrite [137]=1E, Write Words"
2134,13400,13400,"SPIWrite [134]=00, Dummy Write to delay 3 ADCCLK/16 cycles","SPIWrite [134]=00, Dummy Write to delay 3 ADCCLK/16 cycles"
2135,13400,13400,"SPIWrite [134]=00, Dummy Write to delay ~1us","SPIWrite [134]=00, Dummy Write to delay ~1us"
2136,13032,13032,"SPIWrite [130]=32, Gain Table Index","SPIWrite [130]=32, Gain Table Index"
2137,13144,13144,"SPIWrite [131]=44, Ext LNA, Int LNA, & Mixer Gain Word","SPIWrite [131]=44, Ext LNA, Int LNA, & Mixer Gain Word"
2138,1322d,1322d,"SPIWrite [132]=2D, TIA & LPF Word","SPIWrite [132]=2D, TIA & LPF Word"
2139,13300,13300,"SPIWrite [133]=00, DC Cal bit & Dig Gain Word","SPIWrite [133]=00, DC Cal bit & Dig Gain Word"
2140,1371e,1371e,"SPIWrite [137]=1E, Write Words","SPIWrite [137]=1E, Write Words"
2141,13400,13400,"SPIWrite [134]=00, Dummy Write to delay 3 ADCCLK/16 cycles","SPIWrite [134]=00, Dummy Write to delay 3 ADCCLK/16 cycles"
2142,13400,13400,"SPIWrite [134]=00, Dummy Write to delay ~1us","SPIWrite [134]=00, Dummy Write to delay ~1us"
2143,13033,13033,"SPIWrite [130]=33, Gain Table Index","SPIWrite [130]=33, Gain Table Index"
2144,13144,13144,"SPIWrite [131]=44, Ext LNA, Int LNA, & Mixer Gain Word","SPIWrite [131]=44, Ext LNA, Int LNA, & Mixer Gain Word"
2145,1322e,1322e,"SPIWrite [132]=2E, TIA & LPF Word","SPIWrite [132]=2E, TIA & LPF Word"
2146,13300,13300,"SPIWrite [133]=00, DC Cal bit & Dig Gain Word","SPIWrite [133]=00, DC Cal bit & Dig Gain Word"
2147,1371e,1371e,"SPIWrite [137]=1E, Write Words","SPIWrite [137]=1E, Write Words"
2148,13400,13400,"SPIWrite [134]=00, Dummy Write to delay 3 ADCCLK/16 cycles","SPIWrite [134]=00, Dummy Write to delay 3 ADCCLK/16 cycles"
2149,13400,13400,"SPIWrite [134]=00, Dummy Write to delay ~1us","SPIWrite [134]=00, Dummy Write to delay ~1us"
2150,13034,13034,"SPIWrite [130]=34, Gain Table Index","SPIWrite [130]=34, Gain Table Index"
2151,13144,13144,"SPIWrite [131]=44, Ext LNA, Int LNA, & Mixer Gain Word","SPIWrite [131]=44, Ext LNA, Int LNA, & Mixer Gain Word"
2152,1322f,1322f,"SPIWrite [132]=2F, TIA & LPF Word","SPIWrite [132]=2F, TIA & LPF Word"
2153,13300,13300,"SPIWrite [133]=00, DC Cal bit & Dig Gain Word","SPIWrite [133]=00, DC Cal bit & Dig Gain Word"
2154,1371e,1371e,"SPIWrite [137]=1E, Write Words","SPIWrite [137]=1E, Write Words"
2155,13400,13400,"SPIWrite [134]=00, Dummy Write to delay 3 ADCCLK/16 cycles","SPIWrite [134]=00, Dummy Write to delay 3 ADCCLK/16 cycles"
2156,13400,13400,"SPIWrite [134]=00, Dummy Write to delay ~1us","SPIWrite [134]=00, Dummy Write to delay ~1us"
2157,13035,13035,"SPIWrite [130]=35, Gain Table Index","SPIWrite [130]=35, Gain Table Index"
2158,13144,13144,"SPIWrite [131]=44, Ext LNA, Int LNA, & Mixer Gain Word","SPIWrite [131]=44, Ext LNA, Int LNA, & Mixer Gain Word"
2159,13230,13230,"SPIWrite [132]=30, TIA & LPF Word","SPIWrite [132]=30, TIA & LPF Word"
2160,13300,13300,"SPIWrite [133]=00, DC Cal bit & Dig Gain Word","SPIWrite [133]=00, DC Cal bit & Dig Gain Word"
2161,1371e,1371e,"SPIWrite [137]=1E, Write Words","SPIWrite [137]=1E, Write Words"
2162,13400,13400,"SPIWrite [134]=00, Dummy Write to delay 3 ADCCLK/16 cycles","SPIWrite [134]=00, Dummy Write to delay 3 ADCCLK/16 cycles"
2163,13400,13400,"SPIWrite [134]=00, Dummy Write to delay ~1us","SPIWrite [134]=00, Dummy Write to delay ~1us"
2164,13036,13036,"SPIWrite [130]=36, Gain Table Index","SPIWrite [130]=36, Gain Table Index"
2165,13144,13144,"SPIWrite [131]=44, Ext LNA, Int LNA, & Mixer Gain Word","SPIWrite [131]=44, Ext LNA, Int LNA, & Mixer Gain Word"
2166,13231,13231,"SPIWrite [132]=31, TIA & LPF Word","SPIWrite [132]=31, TIA & LPF Word"
2167,13300,13300,"SPIWrite [133]=00, DC Cal bit & Dig Gain Word","SPIWrite [133]=00, DC Cal bit & Dig Gain Word"
2168,1371e,1371e,"SPIWrite [137]=1E, Write Words","SPIWrite [137]=1E, Write Words"
2169,13400,13400,"SPIWrite [134]=00, Dummy Write to delay 3 ADCCLK/16 cycles","SPIWrite [134]=00, Dummy Write to delay 3 ADCCLK/16 cycles"
2170,13400,13400,"SPIWrite [134]=00, Dummy Write to delay ~1us","SPIWrite [134]=00, Dummy Write to delay ~1us"
2171,13037,13037,"SPIWrite [130]=37, Gain Table Index","SPIWrite [130]=37, Gain Table Index"
2172,13164,13164,"SPIWrite [131]=64, Ext LNA, Int LNA, & Mixer Gain Word","SPIWrite [131]=64, Ext LNA, Int LNA, & Mixer Gain Word"
2173,1322e,1322e,"SPIWrite [132]=2E, TIA & LPF Word","SPIWrite [132]=2E, TIA & LPF Word"
2174,13320,13320,"SPIWrite [133]=20, DC Cal bit & Dig Gain Word","SPIWrite [133]=20, DC Cal bit & Dig Gain Word"
2175,1371e,1371e,"SPIWrite [137]=1E, Write Words","SPIWrite [137]=1E, Write Words"
2176,13400,13400,"SPIWrite [134]=00, Dummy Write to delay 3 ADCCLK/16 cycles","SPIWrite [134]=00, Dummy Write to delay 3 ADCCLK/16 cycles"
2177,13400,13400,"SPIWrite [134]=00, Dummy Write to delay ~1us","SPIWrite [134]=00, Dummy Write to delay ~1us"
2178,13038,13038,"SPIWrite [130]=38, Gain Table Index","SPIWrite [130]=38, Gain Table Index"
2179,13164,13164,"SPIWrite [131]=64, Ext LNA, Int LNA, & Mixer Gain Word","SPIWrite [131]=64, Ext LNA, Int LNA, & Mixer Gain Word"
2180,1322f,1322f,"SPIWrite [132]=2F, TIA & LPF Word","SPIWrite [132]=2F, TIA & LPF Word"
2181,13300,13300,"SPIWrite [133]=00, DC Cal bit & Dig Gain Word","SPIWrite [133]=00, DC Cal bit & Dig Gain Word"
2182,1371e,1371e,"SPIWrite [137]=1E, Write Words","SPIWrite [137]=1E, Write Words"
2183,13400,13400,"SPIWrite [134]=00, Dummy Write to delay 3 ADCCLK/16 cycles","SPIWrite [134]=00, Dummy Write to delay 3 ADCCLK/16 cycles"
2184,13400,13400,"SPIWrite [134]=00, Dummy Write to delay ~1us","SPIWrite [134]=00, Dummy Write to delay ~1us"
2185,13039,13039,"SPIWrite [130]=39, Gain Table Index","SPIWrite [130]=39, Gain Table Index"
2186,13164,13164,"SPIWrite [131]=64, Ext LNA, Int LNA, & Mixer Gain Word","SPIWrite [131]=64, Ext LNA, Int LNA, & Mixer Gain Word"
2187,13230,13230,"SPIWrite [132]=30, TIA & LPF Word","SPIWrite [132]=30, TIA & LPF Word"
2188,13300,13300,"SPIWrite [133]=00, DC Cal bit & Dig Gain Word","SPIWrite [133]=00, DC Cal bit & Dig Gain Word"
2189,1371e,1371e,"SPIWrite [137]=1E, Write Words","SPIWrite [137]=1E, Write Words"
2190,13400,13400,"SPIWrite [134]=00, Dummy Write to delay 3 ADCCLK/16 cycles","SPIWrite [134]=00, Dummy Write to delay 3 ADCCLK/16 cycles"
2191,13400,13400,"SPIWrite [134]=00, Dummy Write to delay ~1us","SPIWrite [134]=00, Dummy Write to delay ~1us"
2192,1303a,1303a,"SPIWrite [130]=3A, Gain Table Index","SPIWrite [130]=3A, Gain Table Index"
2193,13164,13164,"SPIWrite [131]=64, Ext LNA, Int LNA, & Mixer Gain Word","SPIWrite [131]=64, Ext LNA, Int LNA, & Mixer Gain Word"
2194,13231,13231,"SPIWrite [132]=31, TIA & LPF Word","SPIWrite [132]=31, TIA & LPF Word"
2195,13300,13300,"SPIWrite [133]=00, DC Cal bit & Dig Gain Word","SPIWrite [133]=00, DC Cal bit & Dig Gain Word"
2196,1371e,1371e,"SPIWrite [137]=1E, Write Words","SPIWrite [137]=1E, Write Words"
2197,13400,13400,"SPIWrite [134]=00, Dummy Write to delay 3 ADCCLK/16 cycles","SPIWrite [134]=00, Dummy Write to delay 3 ADCCLK/16 cycles"
2198,13400,13400,"SPIWrite [134]=00, Dummy Write to delay ~1us","SPIWrite [134]=00, Dummy Write to delay ~1us"
2199,1303b,1303b,"SPIWrite [130]=3B, Gain Table Index","SPIWrite [130]=3B, Gain Table Index"
2200,13164,13164,"SPIWrite [131]=64, Ext LNA, Int LNA, & Mixer Gain Word","SPIWrite [131]=64, Ext LNA, Int LNA, & Mixer Gain Word"
2201,13232,13232,"SPIWrite [132]=32, TIA & LPF Word","SPIWrite [132]=32, TIA & LPF Word"
2202,13300,13300,"SPIWrite [133]=00, DC Cal bit & Dig Gain Word","SPIWrite [133]=00, DC Cal bit & Dig Gain Word"
2203,1371e,1371e,"SPIWrite [137]=1E, Write Words","SPIWrite [137]=1E, Write Words"
2204,13400,13400,"SPIWrite [134]=00, Dummy Write to delay 3 ADCCLK/16 cycles","SPIWrite [134]=00, Dummy Write to delay 3 ADCCLK/16 cycles"
2205,13400,13400,"SPIWrite [134]=00, Dummy Write to delay ~1us","SPIWrite [134]=00, Dummy Write to delay ~1us"
2206,1303c,1303c,"SPIWrite [130]=3C, Gain Table Index","SPIWrite [130]=3C, Gain Table Index"
2207,13164,13164,"SPIWrite [131]=64, Ext LNA, Int LNA, & Mixer Gain Word","SPIWrite [131]=64, Ext LNA, Int LNA, & Mixer Gain Word"
2208,13233,13233,"SPIWrite [132]=33, TIA & LPF Word","SPIWrite [132]=33, TIA & LPF Word"
2209,13300,13300,"SPIWrite [133]=00, DC Cal bit & Dig Gain Word","SPIWrite [133]=00, DC Cal bit & Dig Gain Word"
2210,1371e,1371e,"SPIWrite [137]=1E, Write Words","SPIWrite [137]=1E, Write Words"
2211,13400,13400,"SPIWrite [134]=00, Dummy Write to delay 3 ADCCLK/16 cycles","SPIWrite [134]=00, Dummy Write to delay 3 ADCCLK/16 cycles"
2212,13400,13400,"SPIWrite [134]=00, Dummy Write to delay ~1us","SPIWrite [134]=00, Dummy Write to delay ~1us"
2213,1303d,1303d,"SPIWrite [130]=3D, Gain Table Index","SPIWrite [130]=3D, Gain Table Index"
2214,13164,13164,"SPIWrite [131]=64, Ext LNA, Int LNA, & Mixer Gain Word","SPIWrite [131]=64, Ext LNA, Int LNA, & Mixer Gain Word"
2215,13234,13234,"SPIWrite [132]=34, TIA & LPF Word","SPIWrite [132]=34, TIA & LPF Word"
2216,13300,13300,"SPIWrite [133]=00, DC Cal bit & Dig Gain Word","SPIWrite [133]=00, DC Cal bit & Dig Gain Word"
2217,1371e,1371e,"SPIWrite [137]=1E, Write Words","SPIWrite [137]=1E, Write Words"
2218,13400,13400,"SPIWrite [134]=00, Dummy Write to delay 3 ADCCLK/16 cycles","SPIWrite [134]=00, Dummy Write to delay 3 ADCCLK/16 cycles"
2219,13400,13400,"SPIWrite [134]=00, Dummy Write to delay ~1us","SPIWrite [134]=00, Dummy Write to delay ~1us"
2220,1303e,1303e,"SPIWrite [130]=3E, Gain Table Index","SPIWrite [130]=3E, Gain Table Index"
2221,13164,13164,"SPIWrite [131]=64, Ext LNA, Int LNA, & Mixer Gain Word","SPIWrite [131]=64, Ext LNA, Int LNA, & Mixer Gain Word"
2222,13235,13235,"SPIWrite [132]=35, TIA & LPF Word","SPIWrite [132]=35, TIA & LPF Word"
2223,13300,13300,"SPIWrite [133]=00, DC Cal bit & Dig Gain Word","SPIWrite [133]=00, DC Cal bit & Dig Gain Word"
2224,1371e,1371e,"SPIWrite [137]=1E, Write Words","SPIWrite [137]=1E, Write Words"
2225,13400,13400,"SPIWrite [134]=00, Dummy Write to delay 3 ADCCLK/16 cycles","SPIWrite [134]=00, Dummy Write to delay 3 ADCCLK/16 cycles"
2226,13400,13400,"SPIWrite [134]=00, Dummy Write to delay ~1us","SPIWrite [134]=00, Dummy Write to delay ~1us"
2227,1303f,1303f,"SPIWrite [130]=3F, Gain Table Index","SPIWrite [130]=3F, Gain Table Index"
2228,13164,13164,"SPIWrite [131]=64, Ext LNA, Int LNA, & Mixer Gain Word","SPIWrite [131]=64, Ext LNA, Int LNA, & Mixer Gain Word"
2229,13236,13236,"SPIWrite [132]=36, TIA & LPF Word","SPIWrite [132]=36, TIA & LPF Word"
2230,13300,13300,"SPIWrite [133]=00, DC Cal bit & Dig Gain Word","SPIWrite [133]=00, DC Cal bit & Dig Gain Word"
2231,1371e,1371e,"SPIWrite [137]=1E, Write Words","SPIWrite [137]=1E, Write Words"
2232,13400,13400,"SPIWrite [134]=00, Dummy Write to delay 3 ADCCLK/16 cycles","SPIWrite [134]=00, Dummy Write to delay 3 ADCCLK/16 cycles"
2233,13400,13400,"SPIWrite [134]=00, Dummy Write to delay ~1us","SPIWrite [134]=00, Dummy Write to delay ~1us"
2234,13040,13040,"SPIWrite [130]=40, Gain Table Index","SPIWrite [130]=40, Gain Table Index"
2235,13164,13164,"SPIWrite [131]=64, Ext LNA, Int LNA, & Mixer Gain Word","SPIWrite [131]=64, Ext LNA, Int LNA, & Mixer Gain Word"
2236,13237,13237,"SPIWrite [132]=37, TIA & LPF Word","SPIWrite [132]=37, TIA & LPF Word"
2237,13300,13300,"SPIWrite [133]=00, DC Cal bit & Dig Gain Word","SPIWrite [133]=00, DC Cal bit & Dig Gain Word"
2238,1371e,1371e,"SPIWrite [137]=1E, Write Words","SPIWrite [137]=1E, Write Words"
2239,13400,13400,"SPIWrite [134]=00, Dummy Write to delay 3 ADCCLK/16 cycles","SPIWrite [134]=00, Dummy Write to delay 3 ADCCLK/16 cycles"
2240,13400,13400,"SPIWrite [134]=00, Dummy Write to delay ~1us","SPIWrite [134]=00, Dummy Write to delay ~1us"
2241,13041,13041,"SPIWrite [130]=41, Gain Table Index","SPIWrite [130]=41, Gain Table Index"
2242,13164,13164,"SPIWrite [131]=64, Ext LNA, Int LNA, & Mixer Gain Word","SPIWrite [131]=64, Ext LNA, Int LNA, & Mixer Gain Word"
2243,13238,13238,"SPIWrite [132]=38, TIA & LPF Word","SPIWrite [132]=38, TIA & LPF Word"
2244,13300,13300,"SPIWrite [133]=00, DC Cal bit & Dig Gain Word","SPIWrite [133]=00, DC Cal bit & Dig Gain Word"
2245,1371e,1371e,"SPIWrite [137]=1E, Write Words","SPIWrite [137]=1E, Write Words"
2246,13400,13400,"SPIWrite [134]=00, Dummy Write to delay 3 ADCCLK/16 cycles","SPIWrite [134]=00, Dummy Write to delay 3 ADCCLK/16 cycles"
2247,13400,13400,"SPIWrite [134]=00, Dummy Write to delay ~1us","SPIWrite [134]=00, Dummy Write to delay ~1us"
2248,13042,13042,"SPIWrite [130]=42, Gain Table Index","SPIWrite [130]=42, Gain Table Index"
2249,13165,13165,"SPIWrite [131]=65, Ext LNA, Int LNA, & Mixer Gain Word","SPIWrite [131]=65, Ext LNA, Int LNA, & Mixer Gain Word"
2250,13238,13238,"SPIWrite [132]=38, TIA & LPF Word","SPIWrite [132]=38, TIA & LPF Word"
2251,13320,13320,"SPIWrite [133]=20, DC Cal bit & Dig Gain Word","SPIWrite [133]=20, DC Cal bit & Dig Gain Word"
2252,1371e,1371e,"SPIWrite [137]=1E, Write Words","SPIWrite [137]=1E, Write Words"
2253,13400,13400,"SPIWrite [134]=00, Dummy Write to delay 3 ADCCLK/16 cycles","SPIWrite [134]=00, Dummy Write to delay 3 ADCCLK/16 cycles"
2254,13400,13400,"SPIWrite [134]=00, Dummy Write to delay ~1us","SPIWrite [134]=00, Dummy Write to delay ~1us"
2255,13043,13043,"SPIWrite [130]=43, Gain Table Index","SPIWrite [130]=43, Gain Table Index"
2256,13166,13166,"SPIWrite [131]=66, Ext LNA, Int LNA, & Mixer Gain Word","SPIWrite [131]=66, Ext LNA, Int LNA, & Mixer Gain Word"
2257,13238,13238,"SPIWrite [132]=38, TIA & LPF Word","SPIWrite [132]=38, TIA & LPF Word"
2258,13320,13320,"SPIWrite [133]=20, DC Cal bit & Dig Gain Word","SPIWrite [133]=20, DC Cal bit & Dig Gain Word"
2259,1371e,1371e,"SPIWrite [137]=1E, Write Words","SPIWrite [137]=1E, Write Words"
2260,13400,13400,"SPIWrite [134]=00, Dummy Write to delay 3 ADCCLK/16 cycles","SPIWrite [134]=00, Dummy Write to delay 3 ADCCLK/16 cycles"
2261,13400,13400,"SPIWrite [134]=00, Dummy Write to delay ~1us","SPIWrite [134]=00, Dummy Write to delay ~1us"
2262,13044,13044,"SPIWrite [130]=44, Gain Table Index","SPIWrite [130]=44, Gain Table Index"
2263,13167,13167,"SPIWrite [131]=67, Ext LNA, Int LNA, & Mixer Gain Word","SPIWrite [131]=67, Ext LNA, Int LNA, & Mixer Gain Word"
2264,13238,13238,"SPIWrite [132]=38, TIA & LPF Word","SPIWrite [132]=38, TIA & LPF Word"
2265,13320,13320,"SPIWrite [133]=20, DC Cal bit & Dig Gain Word","SPIWrite [133]=20, DC Cal bit & Dig Gain Word"
2266,1371e,1371e,"SPIWrite [137]=1E, Write Words","SPIWrite [137]=1E, Write Words"
2267,13400,13400,"SPIWrite [134]=00, Dummy Write to delay 3 ADCCLK/16 cycles","SPIWrite [134]=00, Dummy Write to delay 3 ADCCLK/16 cycles"
2268,13400,13400,"SPIWrite [134]=00, Dummy Write to delay ~1us","SPIWrite [134]=00, Dummy Write to delay ~1us"
2269,13045,13045,"SPIWrite [130]=45, Gain Table Index","SPIWrite [130]=45, Gain Table Index"
2270,13168,13168,"SPIWrite [131]=68, Ext LNA, Int LNA, & Mixer Gain Word","SPIWrite [131]=68, Ext LNA, Int LNA, & Mixer Gain Word"
2271,13238,13238,"SPIWrite [132]=38, TIA & LPF Word","SPIWrite [132]=38, TIA & LPF Word"
2272,13320,13320,"SPIWrite [133]=20, DC Cal bit & Dig Gain Word","SPIWrite [133]=20, DC Cal bit & Dig Gain Word"
2273,1371e,1371e,"SPIWrite [137]=1E, Write Words","SPIWrite [137]=1E, Write Words"
2274,13400,13400,"SPIWrite [134]=00, Dummy Write to delay 3 ADCCLK/16 cycles","SPIWrite [134]=00, Dummy Write to delay 3 ADCCLK/16 cycles"
2275,13400,13400,"SPIWrite [134]=00, Dummy Write to delay ~1us","SPIWrite [134]=00, Dummy Write to delay ~1us"
2276,13046,13046,"SPIWrite [130]=46, Gain Table Index","SPIWrite [130]=46, Gain Table Index"
2277,13169,13169,"SPIWrite [131]=69, Ext LNA, Int LNA, & Mixer Gain Word","SPIWrite [131]=69, Ext LNA, Int LNA, & Mixer Gain Word"
2278,13238,13238,"SPIWrite [132]=38, TIA & LPF Word","SPIWrite [132]=38, TIA & LPF Word"
2279,13320,13320,"SPIWrite [133]=20, DC Cal bit & Dig Gain Word","SPIWrite [133]=20, DC Cal bit & Dig Gain Word"
2280,1371e,1371e,"SPIWrite [137]=1E, Write Words","SPIWrite [137]=1E, Write Words"
2281,13400,13400,"SPIWrite [134]=00, Dummy Write to delay 3 ADCCLK/16 cycles","SPIWrite [134]=00, Dummy Write to delay 3 ADCCLK/16 cycles"
2282,13400,13400,"SPIWrite [134]=00, Dummy Write to delay ~1us","SPIWrite [134]=00, Dummy Write to delay ~1us"
2283,13047,13047,"SPIWrite [130]=47, Gain Table Index","SPIWrite [130]=47, Gain Table Index"
2284,1316a,1316a,"SPIWrite [131]=6A, Ext LNA, Int LNA, & Mixer Gain Word","SPIWrite [131]=6A, Ext LNA, Int LNA, & Mixer Gain Word"
2285,13238,13238,"SPIWrite [132]=38, TIA & LPF Word","SPIWrite [132]=38, TIA & LPF Word"
2286,13320,13320,"SPIWrite [133]=20, DC Cal bit & Dig Gain Word","SPIWrite [133]=20, DC Cal bit & Dig Gain Word"
2287,1371e,1371e,"SPIWrite [137]=1E, Write Words","SPIWrite [137]=1E, Write Words"
2288,13400,13400,"SPIWrite [134]=00, Dummy Write to delay 3 ADCCLK/16 cycles","SPIWrite [134]=00, Dummy Write to delay 3 ADCCLK/16 cycles"
2289,13400,13400,"SPIWrite [134]=00, Dummy Write to delay ~1us","SPIWrite [134]=00, Dummy Write to delay ~1us"
2290,13048,13048,"SPIWrite [130]=48, Gain Table Index","SPIWrite [130]=48, Gain Table Index"
2291,1316b,1316b,"SPIWrite [131]=6B, Ext LNA, Int LNA, & Mixer Gain Word","SPIWrite [131]=6B, Ext LNA, Int LNA, & Mixer Gain Word"
2292,13238,13238,"SPIWrite [132]=38, TIA & LPF Word","SPIWrite [132]=38, TIA & LPF Word"
2293,13320,13320,"SPIWrite [133]=20, DC Cal bit & Dig Gain Word","SPIWrite [133]=20, DC Cal bit & Dig Gain Word"
2294,1371e,1371e,"SPIWrite [137]=1E, Write Words","SPIWrite [137]=1E, Write Words"
2295,13400,13400,"SPIWrite [134]=00, Dummy Write to delay 3 ADCCLK/16 cycles","SPIWrite [134]=00, Dummy Write to delay 3 ADCCLK/16 cycles"
2296,13400,13400,"SPIWrite [134]=00, Dummy Write to delay ~1us","SPIWrite [134]=00, Dummy Write to delay ~1us"
2297,13049,13049,"SPIWrite [130]=49, Gain Table Index","SPIWrite [130]=49, Gain Table Index"
2298,1316c,1316c,"SPIWrite [131]=6C, Ext LNA, Int LNA, & Mixer Gain Word","SPIWrite [131]=6C, Ext LNA, Int LNA, & Mixer Gain Word"
2299,13238,13238,"SPIWrite [132]=38, TIA & LPF Word","SPIWrite [132]=38, TIA & LPF Word"
2300,13320,13320,"SPIWrite [133]=20, DC Cal bit & Dig Gain Word","SPIWrite [133]=20, DC Cal bit & Dig Gain Word"
2301,1371e,1371e,"SPIWrite [137]=1E, Write Words","SPIWrite [137]=1E, Write Words"
2302,13400,13400,"SPIWrite [134]=00, Dummy Write to delay 3 ADCCLK/16 cycles","SPIWrite [134]=00, Dummy Write to delay 3 ADCCLK/16 cycles"
2303,13400,13400,"SPIWrite [134]=00, Dummy Write to delay ~1us","SPIWrite [134]=00, Dummy Write to delay ~1us"
2304,1304a,1304a,"SPIWrite [130]=4A, Gain Table Index","SPIWrite [130]=4A, Gain Table Index"
2305,1316d,1316d,"SPIWrite [131]=6D, Ext LNA, Int LNA, & Mixer Gain Word","SPIWrite [131]=6D, Ext LNA, Int LNA, & Mixer Gain Word"
2306,13238,13238,"SPIWrite [132]=38, TIA & LPF Word","SPIWrite [132]=38, TIA & LPF Word"
2307,13320,13320,"SPIWrite [133]=20, DC Cal bit & Dig Gain Word","SPIWrite [133]=20, DC Cal bit & Dig Gain Word"
2308,1371e,1371e,"SPIWrite [137]=1E, Write Words","SPIWrite [137]=1E, Write Words"
2309,13400,13400,"SPIWrite [134]=00, Dummy Write to delay 3 ADCCLK/16 cycles","SPIWrite [134]=00, Dummy Write to delay 3 ADCCLK/16 cycles"
2310,13400,13400,"SPIWrite [134]=00, Dummy Write to delay ~1us","SPIWrite [134]=00, Dummy Write to delay ~1us"
2311,1304b,1304b,"SPIWrite [130]=4B, Gain Table Index","SPIWrite [130]=4B, Gain Table Index"
2312,1316e,1316e,"SPIWrite [131]=6E, Ext LNA, Int LNA, & Mixer Gain Word","SPIWrite [131]=6E, Ext LNA, Int LNA, & Mixer Gain Word"
2313,13238,13238,"SPIWrite [132]=38, TIA & LPF Word","SPIWrite [132]=38, TIA & LPF Word"
2314,13320,13320,"SPIWrite [133]=20, DC Cal bit & Dig Gain Word","SPIWrite [133]=20, DC Cal bit & Dig Gain Word"
2315,1371e,1371e,"SPIWrite [137]=1E, Write Words","SPIWrite [137]=1E, Write Words"
2316,13400,13400,"SPIWrite [134]=00, Dummy Write to delay 3 ADCCLK/16 cycles","SPIWrite [134]=00, Dummy Write to delay 3 ADCCLK/16 cycles"
2317,13400,13400,"SPIWrite [134]=00, Dummy Write to delay ~1us","SPIWrite [134]=00, Dummy Write to delay ~1us"
2318,1304c,1304c,"SPIWrite [130]=4C, Gain Table Index","SPIWrite [130]=4C, Gain Table Index"
2319,1316f,1316f,"SPIWrite [131]=6F, Ext LNA, Int LNA, & Mixer Gain Word","SPIWrite [131]=6F, Ext LNA, Int LNA, & Mixer Gain Word"
2320,13238,13238,"SPIWrite [132]=38, TIA & LPF Word","SPIWrite [132]=38, TIA & LPF Word"
2321,13320,13320,"SPIWrite [133]=20, DC Cal bit & Dig Gain Word","SPIWrite [133]=20, DC Cal bit & Dig Gain Word"
2322,1371e,1371e,"SPIWrite [137]=1E, Write Words","SPIWrite [137]=1E, Write Words"
2323,13400,13400,"SPIWrite [134]=00, Dummy Write to delay 3 ADCCLK/16 cycles","SPIWrite [134]=00, Dummy Write to delay 3 ADCCLK/16 cycles"
2324,13400,13400,"SPIWrite [134]=00, Dummy Write to delay ~1us","SPIWrite [134]=00, Dummy Write to delay ~1us"
2325,1304d,1304d,"SPIWrite [130]=4D, Gain Table Index","SPIWrite [130]=4D, Gain Table Index"
2326,13100,13100,"SPIWrite [131]=00, Ext LNA, Int LNA, & Mixer Gain Word","SPIWrite [131]=00, Ext LNA, Int LNA, & Mixer Gain Word"
2327,13200,13200,"SPIWrite [132]=00, TIA & LPF Word","SPIWrite [132]=00, TIA & LPF Word"
2328,13300,13300,"SPIWrite [133]=00, DC Cal bit & Dig Gain Word","SPIWrite [133]=00, DC Cal bit & Dig Gain Word"
2329,1371e,1371e,"SPIWrite [137]=1E, Write Words","SPIWrite [137]=1E, Write Words"
2330,13400,13400,"SPIWrite [134]=00, Dummy Write to delay 3 ADCCLK/16 cycles","SPIWrite [134]=00, Dummy Write to delay 3 ADCCLK/16 cycles"
2331,13400,13400,"SPIWrite [134]=00, Dummy Write to delay ~1us","SPIWrite [134]=00, Dummy Write to delay ~1us"
2332,1304e,1304e,"SPIWrite [130]=4E, Gain Table Index","SPIWrite [130]=4E, Gain Table Index"
2333,13100,13100,"SPIWrite [131]=00, Ext LNA, Int LNA, & Mixer Gain Word","SPIWrite [131]=00, Ext LNA, Int LNA, & Mixer Gain Word"
2334,13200,13200,"SPIWrite [132]=00, TIA & LPF Word","SPIWrite [132]=00, TIA & LPF Word"
2335,13300,13300,"SPIWrite [133]=00, DC Cal bit & Dig Gain Word","SPIWrite [133]=00, DC Cal bit & Dig Gain Word"
2336,1371e,1371e,"SPIWrite [137]=1E, Write Words","SPIWrite [137]=1E, Write Words"
2337,13400,13400,"SPIWrite [134]=00, Dummy Write to delay 3 ADCCLK/16 cycles","SPIWrite [134]=00, Dummy Write to delay 3 ADCCLK/16 cycles"
2338,13400,13400,"SPIWrite [134]=00, Dummy Write to delay ~1us","SPIWrite [134]=00, Dummy Write to delay ~1us"
2339,1304f,1304f,"SPIWrite [130]=4F, Gain Table Index","SPIWrite [130]=4F, Gain Table Index"
2340,13100,13100,"SPIWrite [131]=00, Ext LNA, Int LNA, & Mixer Gain Word","SPIWrite [131]=00, Ext LNA, Int LNA, & Mixer Gain Word"
2341,13200,13200,"SPIWrite [132]=00, TIA & LPF Word","SPIWrite [132]=00, TIA & LPF Word"
2342,13300,13300,"SPIWrite [133]=00, DC Cal bit & Dig Gain Word","SPIWrite [133]=00, DC Cal bit & Dig Gain Word"
2343,1371e,1371e,"SPIWrite [137]=1E, Write Words","SPIWrite [137]=1E, Write Words"
2344,13400,13400,"SPIWrite [134]=00, Dummy Write to delay 3 ADCCLK/16 cycles","SPIWrite [134]=00, Dummy Write to delay 3 ADCCLK/16 cycles"
2345,13400,13400,"SPIWrite [134]=00, Dummy Write to delay ~1us","SPIWrite [134]=00, Dummy Write to delay ~1us"
2346,13050,13050,"SPIWrite [130]=50, Gain Table Index","SPIWrite [130]=50, Gain Table Index"
2347,13100,13100,"SPIWrite [131]=00, Ext LNA, Int LNA, & Mixer Gain Word","SPIWrite [131]=00, Ext LNA, Int LNA, & Mixer Gain Word"
2348,13200,13200,"SPIWrite [132]=00, TIA & LPF Word","SPIWrite [132]=00, TIA & LPF Word"
2349,13300,13300,"SPIWrite [133]=00, DC Cal bit & Dig Gain Word","SPIWrite [133]=00, DC Cal bit & Dig Gain Word"
2350,1371e,1371e,"SPIWrite [137]=1E, Write Words","SPIWrite [137]=1E, Write Words"
2351,13400,13400,"SPIWrite [134]=00, Dummy Write to delay 3 ADCCLK/16 cycles","SPIWrite [134]=00, Dummy Write to delay 3 ADCCLK/16 cycles"
2352,13400,13400,"SPIWrite [134]=00, Dummy Write to delay ~1us","SPIWrite [134]=00, Dummy Write to delay ~1us"
2353,13051,13051,"SPIWrite [130]=51, Gain Table Index","SPIWrite [130]=51, Gain Table Index"
2354,13100,13100,"SPIWrite [131]=00, Ext LNA, Int LNA, & Mixer Gain Word","SPIWrite [131]=00, Ext LNA, Int LNA, & Mixer Gain Word"
2355,13200,13200,"SPIWrite [132]=00, TIA & LPF Word","SPIWrite [132]=00, TIA & LPF Word"
2356,13300,13300,"SPIWrite [133]=00, DC Cal bit & Dig Gain Word","SPIWrite [133]=00, DC Cal bit & Dig Gain Word"
2357,1371e,1371e,"SPIWrite [137]=1E, Write Words","SPIWrite [137]=1E, Write Words"
2358,13400,13400,"SPIWrite [134]=00, Dummy Write to delay 3 ADCCLK/16 cycles","SPIWrite [134]=00, Dummy Write to delay 3 ADCCLK/16 cycles"
2359,13400,13400,"SPIWrite [134]=00, Dummy Write to delay ~1us","SPIWrite [134]=00, Dummy Write to delay ~1us"
2360,13052,13052,"SPIWrite [130]=52, Gain Table Index","SPIWrite [130]=52, Gain Table Index"
2361,13100,13100,"SPIWrite [131]=00, Ext LNA, Int LNA, & Mixer Gain Word","SPIWrite [131]=00, Ext LNA, Int LNA, & Mixer Gain Word"
2362,13200,13200,"SPIWrite [132]=00, TIA & LPF Word","SPIWrite [132]=00, TIA & LPF Word"
2363,13300,13300,"SPIWrite [133]=00, DC Cal bit & Dig Gain Word","SPIWrite [133]=00, DC Cal bit & Dig Gain Word"
2364,1371e,1371e,"SPIWrite [137]=1E, Write Words","SPIWrite [137]=1E, Write Words"
2365,13400,13400,"SPIWrite [134]=00, Dummy Write to delay 3 ADCCLK/16 cycles","SPIWrite [134]=00, Dummy Write to delay 3 ADCCLK/16 cycles"
2366,13400,13400,"SPIWrite [134]=00, Dummy Write to delay ~1us","SPIWrite [134]=00, Dummy Write to delay ~1us"
2367,13053,13053,"SPIWrite [130]=53, Gain Table Index","SPIWrite [130]=53, Gain Table Index"
2368,13100,13100,"SPIWrite [131]=00, Ext LNA, Int LNA, & Mixer Gain Word","SPIWrite [131]=00, Ext LNA, Int LNA, & Mixer Gain Word"
2369,13200,13200,"SPIWrite [132]=00, TIA & LPF Word","SPIWrite [132]=00, TIA & LPF Word"
2370,13300,13300,"SPIWrite [133]=00, DC Cal bit & Dig Gain Word","SPIWrite [133]=00, DC Cal bit & Dig Gain Word"
2371,1371e,1371e,"SPIWrite [137]=1E, Write Words","SPIWrite [137]=1E, Write Words"
2372,13400,13400,"SPIWrite [134]=00, Dummy Write to delay 3 ADCCLK/16 cycles","SPIWrite [134]=00, Dummy Write to delay 3 ADCCLK/16 cycles"
2373,13400,13400,"SPIWrite [134]=00, Dummy Write to delay ~1us","SPIWrite [134]=00, Dummy Write to delay ~1us"
2374,13054,13054,"SPIWrite [130]=54, Gain Table Index","SPIWrite [130]=54, Gain Table Index"
2375,13100,13100,"SPIWrite [131]=00, Ext LNA, Int LNA, & Mixer Gain Word","SPIWrite [131]=00, Ext LNA, Int LNA, & Mixer Gain Word"
2376,13200,13200,"SPIWrite [132]=00, TIA & LPF Word","SPIWrite [132]=00, TIA & LPF Word"
2377,13300,13300,"SPIWrite [133]=00, DC Cal bit & Dig Gain Word","SPIWrite [133]=00, DC Cal bit & Dig Gain Word"
2378,1371e,1371e,"SPIWrite [137]=1E, Write Words","SPIWrite [137]=1E, Write Words"
2379,13400,13400,"SPIWrite [134]=00, Dummy Write to delay 3 ADCCLK/16 cycles","SPIWrite [134]=00, Dummy Write to delay 3 ADCCLK/16 cycles"
2380,13400,13400,"SPIWrite [134]=00, Dummy Write to delay ~1us","SPIWrite [134]=00, Dummy Write to delay ~1us"
2381,13055,13055,"SPIWrite [130]=55, Gain Table Index","SPIWrite [130]=55, Gain Table Index"
2382,13100,13100,"SPIWrite [131]=00, Ext LNA, Int LNA, & Mixer Gain Word","SPIWrite [131]=00, Ext LNA, Int LNA, & Mixer Gain Word"
2383,13200,13200,"SPIWrite [132]=00, TIA & LPF Word","SPIWrite [132]=00, TIA & LPF Word"
2384,13300,13300,"SPIWrite [133]=00, DC Cal bit & Dig Gain Word","SPIWrite [133]=00, DC Cal bit & Dig Gain Word"
2385,1371e,1371e,"SPIWrite [137]=1E, Write Words","SPIWrite [137]=1E, Write Words"
2386,13400,13400,"SPIWrite [134]=00, Dummy Write to delay 3 ADCCLK/16 cycles","SPIWrite [134]=00, Dummy Write to delay 3 ADCCLK/16 cycles"
2387,13400,13400,"SPIWrite [134]=00, Dummy Write to delay ~1us","SPIWrite [134]=00, Dummy Write to delay ~1us"
2388,13056,13056,"SPIWrite [130]=56, Gain Table Index","SPIWrite [130]=56, Gain Table Index"
2389,13100,13100,"SPIWrite [131]=00, Ext LNA, Int LNA, & Mixer Gain Word","SPIWrite [131]=00, Ext LNA, Int LNA, & Mixer Gain Word"
2390,13200,13200,"SPIWrite [132]=00, TIA & LPF Word","SPIWrite [132]=00, TIA & LPF Word"
2391,13300,13300,"SPIWrite [133]=00, DC Cal bit & Dig Gain Word","SPIWrite [133]=00, DC Cal bit & Dig Gain Word"
2392,1371e,1371e,"SPIWrite [137]=1E, Write Words","SPIWrite [137]=1E, Write Words"
2393,13400,13400,"SPIWrite [134]=00, Dummy Write to delay 3 ADCCLK/16 cycles","SPIWrite [134]=00, Dummy Write to delay 3 ADCCLK/16 cycles"
2394,13400,13400,"SPIWrite [134]=00, Dummy Write to delay ~1us","SPIWrite [134]=00, Dummy Write to delay ~1us"
2395,13057,13057,"SPIWrite [130]=57, Gain Table Index","SPIWrite [130]=57, Gain Table Index"
2396,13100,13100,"SPIWrite [131]=00, Ext LNA, Int LNA, & Mixer Gain Word","SPIWrite [131]=00, Ext LNA, Int LNA, & Mixer Gain Word"
2397,13200,13200,"SPIWrite [132]=00, TIA & LPF Word","SPIWrite [132]=00, TIA & LPF Word"
2398,13300,13300,"SPIWrite [133]=00, DC Cal bit & Dig Gain Word","SPIWrite [133]=00, DC Cal bit & Dig Gain Word"
2399,1371e,1371e,"SPIWrite [137]=1E, Write Words","SPIWrite [137]=1E, Write Words"
2400,13400,13400,"SPIWrite [134]=00, Dummy Write to delay 3 ADCCLK/16 cycles","SPIWrite [134]=00, Dummy Write to delay 3 ADCCLK/16 cycles"
2401,13400,13400,"SPIWrite [134]=00, Dummy Write to delay ~1us","SPIWrite [134]=00, Dummy Write to delay ~1us"
2402,13058,13058,"SPIWrite [130]=58, Gain Table Index","SPIWrite [130]=58, Gain Table Index"
2403,13100,13100,"SPIWrite [131]=00, Ext LNA, Int LNA, & Mixer Gain Word","SPIWrite [131]=00, Ext LNA, Int LNA, & Mixer Gain Word"
2404,13200,13200,"SPIWrite [132]=00, TIA & LPF Word","SPIWrite [132]=00, TIA & LPF Word"
2405,13300,13300,"SPIWrite [133]=00, DC Cal bit & Dig Gain Word","SPIWrite [133]=00, DC Cal bit & Dig Gain Word"
2406,1371e,1371e,"SPIWrite [137]=1E, Write Words","SPIWrite [137]=1E, Write Words"
2407,13400,13400,"SPIWrite [134]=00, Dummy Write to delay 3 ADCCLK/16 cycles","SPIWrite [134]=00, Dummy Write to delay 3 ADCCLK/16 cycles"
2408,13400,13400,"SPIWrite [134]=00, Dummy Write to delay ~1us","SPIWrite [134]=00, Dummy Write to delay ~1us"
2409,13059,13059,"SPIWrite [130]=59, Gain Table Index","SPIWrite [130]=59, Gain Table Index"
2410,13100,13100,"SPIWrite [131]=00, Ext LNA, Int LNA, & Mixer Gain Word","SPIWrite [131]=00, Ext LNA, Int LNA, & Mixer Gain Word"
2411,13200,13200,"SPIWrite [132]=00, TIA & LPF Word","SPIWrite [132]=00, TIA & LPF Word"
2412,13300,13300,"SPIWrite [133]=00, DC Cal bit & Dig Gain Word","SPIWrite [133]=00, DC Cal bit & Dig Gain Word"
2413,1371e,1371e,"SPIWrite [137]=1E, Write Words","SPIWrite [137]=1E, Write Words"
2414,13400,13400,"SPIWrite [134]=00, Dummy Write to delay 3 ADCCLK/16 cycles","SPIWrite [134]=00, Dummy Write to delay 3 ADCCLK/16 cycles"
2415,13400,13400,"SPIWrite [134]=00, Dummy Write to delay ~1us","SPIWrite [134]=00, Dummy Write to delay ~1us"
2416,1305a,1305a,"SPIWrite [130]=5A, Gain Table Index","SPIWrite [130]=5A, Gain Table Index"
2417,13100,13100,"SPIWrite [131]=00, Ext LNA, Int LNA, & Mixer Gain Word","SPIWrite [131]=00, Ext LNA, Int LNA, & Mixer Gain Word"
2418,13200,13200,"SPIWrite [132]=00, TIA & LPF Word","SPIWrite [132]=00, TIA & LPF Word"
2419,13300,13300,"SPIWrite [133]=00, DC Cal bit & Dig Gain Word","SPIWrite [133]=00, DC Cal bit & Dig Gain Word"
2420,1371e,1371e,"SPIWrite [137]=1E, Write Words","SPIWrite [137]=1E, Write Words"
2421,13400,13400,"SPIWrite [134]=00, Dummy Write to delay 3 ADCCLK/16 cycles","SPIWrite [134]=00, Dummy Write to delay 3 ADCCLK/16 cycles"
2422,13400,13400,"SPIWrite [134]=00, Dummy Write to delay ~1us","SPIWrite [134]=00, Dummy Write to delay ~1us"
2423,1371a,1371a,"SPIWrite [137]=1A, Clear Write Bit","SPIWrite [137]=1A, Clear Write Bit"
2424,13400,13400,"SPIWrite [134]=00, Dummy Write to delay ~1us","SPIWrite [134]=00, Dummy Write to delay ~1us"
2425,13400,13400,"SPIWrite [134]=00, Dummy Write to delay ~1us","SPIWrite [134]=00, Dummy Write to delay ~1us"
2426,13700,13700,"SPIWrite [137]=00, Stop Gain Table Clock","SPIWrite [137]=00, Stop Gain Table Clock"
2427,0faea,0220a,"SPIWrite [0FA]=EA, Gain Control Mode Select","SPIWrite [022]=0A, AGC Fast Attack Gain Lock Delay"
2428,0fb08,0fae5,"SPIWrite [0FB]=08, Full Table/Digital Gain Select","SPIWrite [0FA]=E5, Gain Control Mode Select"
2429,0fc03,0fb08,"SPIWrite [0FC]=03, ADC Overrange Sample Size","SPIWrite [0FB]=08, Gain Control Config"
2430,0fd4c,0fc03,"SPIWrite [0FD]=4C, Max Full/LMT Gain Table Index","SPIWrite [0FC]=03, ADC Overrange Sample Size"
2431,0fe48,0fd4c,"SPIWrite [0FE]=48, Peak Overload Wait Time","SPIWrite [0FD]=4C, Max Full/LMT Gain Table Index"
2432,1008f,0fe44,"SPIWrite [100]=8F, Max Digital Gain","SPIWrite [0FE]=44, Peak Overload Wait Time"
2433,1010a,1006f,"SPIWrite [101]=0A, AGC Inner High Threshold","SPIWrite [100]=6F, Dig Gain: Step Size & Max"
2434,10308,1010a,"SPIWrite [103]=08, Large LMT Step Size","SPIWrite [101]=0A, AGC Lock Level"
2435,1042f,10308,"SPIWrite [104]=2F, ADC Small Overload Threshold","SPIWrite [103]=08, Large LMT or Step 3 Size"
2436,1053a,1042f,"SPIWrite [105]=3A, ADC Large Overload Threshold","SPIWrite [104]=2F, ADC Small Overload Threshold"
2437,10622,1053a,"SPIWrite [106]=22, ADC Overload Step Sizes","SPIWrite [105]=3A, ADC Large Overload Threshold"
2438,10731,10645,"SPIWrite [107]=31, Large LMT Overload Threshold","SPIWrite [106]=45, Overload Step Sizes"
2439,10839,10731,"SPIWrite [108]=39, Small LMT Overload Threshold","SPIWrite [107]=31, Small LMT Overload Threshold"
2440,1110a,10839,"SPIWrite [111]=0A, Settling Delay","SPIWrite [108]=39, Large LMT Overload Threshold"
2441,11a27,1094c,"SPIWrite [11A]=27, Initial LMT Gain Limit","SPIWrite [109]=4C, State 5 Power Measurement MSB"
2442,1200c,10a58,"SPIWrite [120]=0C, Prevent Inc & AGC Inner Low Thresh","SPIWrite [10A]=58, State 5 Power Measurement LSBs"
2443,121aa,10b00,"SPIWrite [121]=AA, LMT Overload Exceeded Counters","SPIWrite [10B]=00, Rx1 Force Digital Gain"
2444,122aa,10e00,"SPIWrite [122]=AA, ADC Overload Exceeded Counters","SPIWrite [10E]=00, Rx2 Force Digital Gain"
2445,12311,11000,"SPIWrite [123]=11, AGC Inner High & Low Step Sizes","SPIWrite [110]=00, AGC Fast Attack Config"
2446,124f5,1114a,"SPIWrite [124]=F5, Gain Update Counter<7:0>","SPIWrite [111]=4A, Settling Delay & AGC Config"
2447,1253b,1124a,"SPIWrite [125]=3B, Gain Update Counter<15:8>","SPIWrite [112]=4A, Post Lock Step & Energy Lost Thresh"
2448,12803,1134a,"SPIWrite [128]=03, Digital Sat Exceeded Counter","SPIWrite [113]=4A, Post Lock Step & Strong Sig Thresh"
2449,12956,11430,"SPIWrite [129]=56, AGC Outer High & Low Thresholds","SPIWrite [114]=30, Low Power Threshold & ADC Ovr Ld"
2450,12a22,11500,"SPIWrite [12A]=22, AGC Outer High & Low Step Sizes","SPIWrite [115]=00, Stronger Signal Unlock Control"
2451,1fb10,11665,"SPIWrite [1FB]=10, RX Freq Corner (MHz)","SPIWrite [116]=65, Final Overrange and Opt Gain Offset"
2452,1fc00,11708,"SPIWrite [1FC]=00, RX Freq Corner (Khz)","SPIWrite [117]=08, Gain Inc Step & Energy Detect Cnt"
2453,1f804,11805,"SPIWrite [1F8]=04, Rx BBF Tune Divider[7:0]","SPIWrite [118]=05, Lock Level GAin Incr Upper Limit"
2454,1f91e,11908,"SPIWrite [1F9]=1E, RX BBF Tune Divider[8]","SPIWrite [119]=08, Gain Lock Exit Count"
2455,1d53f,11a27,"SPIWrite [1D5]=3F, Set Rx Mix LO CM","SPIWrite [11A]=27, Initial LMT Gain Limit"
2456,1c003,11b0a,"SPIWrite [1C0]=03, Set GM common mode","SPIWrite [11B]=0A, Increment Time"
2457,1e202,1fb08,"SPIWrite [1E2]=02, Enable Rx1 Filter Tuner","SPIWrite [1FB]=08, RX Freq Corner (MHz)"
2458,1e302,1fc00,"SPIWrite [1E3]=02, Enable Rx2 Filter Tuner","SPIWrite [1FC]=00, RX Freq Corner (Khz)"
2459,01680,1f808,"SPIWrite [016]=80, Start RX Filter Tune","SPIWrite [1F8]=08, Rx BBF Tune Divider[7:0]"
2460,40000,1f91e,"WAIT 20 ms, WAIT_CALDONE	RXFILTER,2000	, Wait for RX filter to tune, Max Cal Time: 3.309 us (Done when 0x016[7]==0)","SPIWrite [1F9]=1E, RX BBF Tune Divider[8]"
2461,1e203,1d53f,"SPIWrite [1E2]=03, Disable Rx Filter Tuner (Rx1)","SPIWrite [1D5]=3F, Set Rx Mix LO CM"
2462,1e303,1c003,"SPIWrite [1E3]=03, Disable Rx Filter Tuner (Rx2)","SPIWrite [1C0]=03, Set GM common mode"
2463,0d604,1e202,"SPIWrite [0D6]=04, TX BBF Tune Divier[7:0]","SPIWrite [1E2]=02, Enable Rx1 Filter Tuner"
2464,0d71e,1e302,"SPIWrite [0D7]=1E, TX BBF Tune Divider[8]","SPIWrite [1E3]=02, Enable Rx2 Filter Tuner"
2465,0ca22,01680,"SPIWrite [0CA]=22, Enable Tx Filter Tuner","SPIWrite [016]=80, Start RX Filter Tune"
2466,01640,40000,"SPIWrite [016]=40, Start Tx Filter Tune","WAIT 20 ms, WAIT_CALDONE	RXFILTER,2000	, Wait for RX filter to tune, Max Cal Time: 6.619 us (Done when 0x016[7]==0)"
2467,40000,1e203,"WAIT 20 ms, WAIT_CALDONE	TXFILTER,2000	, Wait for TX filter to tune, Max Cal Time: 1.926 us (Done when 0x016[6]==0)","SPIWrite [1E2]=03, Disable Rx Filter Tuner (Rx1)"
2468,0ca26,1e303,"SPIWrite [0CA]=26, Disable Tx Filter Tuner (Both Channels)","SPIWrite [1E3]=03, Disable Rx Filter Tuner (Rx2)"
2469,1db20,0d607,"SPIWrite [1DB]=20, Set TIA selcc[2:0]","SPIWrite [0D6]=07, TX BBF Tune Divier[7:0]"
2470,1dd00,0d71e,"SPIWrite [1DD]=00, Set RX TIA1 C MSB[6:0]","SPIWrite [0D7]=1E, TX BBF Tune Divider[8]"
2471,1df00,0ca22,"SPIWrite [1DF]=00, Set RX TIA2 C MSB[6:0]","SPIWrite [0CA]=22, Enable Tx Filter Tuner"
2472,1dc52,01640,"SPIWrite [1DC]=52, Set RX TIA1 C LSB[5:0]","SPIWrite [016]=40, Start Tx Filter Tune"
2473,1de52,40000,"SPIWrite [1DE]=52, Set RX TIA2 C LSB[5:0]","WAIT 20 ms, WAIT_CALDONE	TXFILTER,2000	, Wait for TX filter to tune, Max Cal Time: 3.370 us (Done when 0x016[6]==0)"
2474,0d208,0ca26,"SPIWrite [0D2]=08, TX Secondary Filter PDF Cap cal[5:0]","SPIWrite [0CA]=26, Disable Tx Filter Tuner (Both Channels)"
2475,0d10c,1db60,"SPIWrite [0D1]=0C, TX Secondary Filter PDF Res cal[3:0]","SPIWrite [1DB]=60, Set TIA selcc[2:0]"
2476,0d057,1dd00,"SPIWrite [0D0]=57, Pdampbias","SPIWrite [1DD]=00, Set RX TIA1 C MSB[6:0]"
2477,20000,1df00,SPIWrite [200]=00,"SPIWrite [1DF]=00, Set RX TIA2 C MSB[6:0]"
2478,20100,1dc6e,SPIWrite [201]=00,"SPIWrite [1DC]=6E, Set RX TIA1 C LSB[5:0]"
2479,20200,1de6e,SPIWrite [202]=00,"SPIWrite [1DE]=6E, Set RX TIA2 C LSB[5:0]"
2480,20324,0d21c,SPIWrite [203]=24,"SPIWrite [0D2]=1C, TX Secondary Filter PDF Cap cal[5:0]"
2481,20424,0d10c,SPIWrite [204]=24,"SPIWrite [0D1]=0C, TX Secondary Filter PDF Res cal[3:0]"
2482,20500,0d056,SPIWrite [205]=00,"SPIWrite [0D0]=56, Pdampbias"
2483,20600,20000,SPIWrite [206]=00,SPIWrite [200]=00
2484,2077a,20100,SPIWrite [207]=7A,SPIWrite [201]=00
2485,20839,20200,SPIWrite [208]=39,SPIWrite [202]=00
2486,2093a,20324,SPIWrite [209]=3A,SPIWrite [203]=24
2487,20a49,20424,SPIWrite [20A]=49,SPIWrite [204]=24
2488,20b23,20500,SPIWrite [20B]=23,SPIWrite [205]=00
2489,20c4c,20600,SPIWrite [20C]=4C,SPIWrite [206]=00
2490,20d21,2077b,SPIWrite [20D]=21,SPIWrite [207]=7B
2491,20e00,20838,SPIWrite [20E]=00,SPIWrite [208]=38
2492,20f7d,2093b,SPIWrite [20F]=7D,SPIWrite [209]=3B
2493,2107c,20a4a,SPIWrite [210]=7C,SPIWrite [20A]=4A
2494,2117d,20b23,SPIWrite [211]=7D,SPIWrite [20B]=23
2495,21247,20c4d,SPIWrite [212]=47,SPIWrite [20C]=4D
2496,21346,20d21,SPIWrite [213]=46,SPIWrite [20D]=21
2497,21447,20e00,SPIWrite [214]=47,SPIWrite [20E]=00
2498,2154a,20f7e,SPIWrite [215]=4A,SPIWrite [20F]=7E
2499,21649,2107d,SPIWrite [216]=49,SPIWrite [210]=7D
2500,2174a,2117e,SPIWrite [217]=4A,SPIWrite [211]=7E
2501,2182e,21248,SPIWrite [218]=2E,SPIWrite [212]=48
2502,219a4,21347,SPIWrite [219]=A4,SPIWrite [213]=47
2503,21a26,21448,SPIWrite [21A]=26,SPIWrite [214]=48
2504,21b18,2154b,SPIWrite [21B]=18,SPIWrite [215]=4B
2505,21ca4,2164a,SPIWrite [21C]=A4,SPIWrite [216]=4A
2506,21d26,2174b,SPIWrite [21D]=26,SPIWrite [217]=4B
2507,21e18,2182e,SPIWrite [21E]=18,SPIWrite [218]=2E
2508,21fa4,219a4,SPIWrite [21F]=A4,SPIWrite [219]=A4
2509,22026,21a26,SPIWrite [220]=26,SPIWrite [21A]=26
2510,2212f,21b18,SPIWrite [221]=2F,SPIWrite [21B]=18
2511,22230,21ca4,SPIWrite [222]=30,SPIWrite [21C]=A4
2512,22340,21d26,SPIWrite [223]=40,SPIWrite [21D]=26
2513,22440,21e18,SPIWrite [224]=40,SPIWrite [21E]=18
2514,2252c,21fa4,SPIWrite [225]=2C,SPIWrite [21F]=A4
2515,22600,22026,SPIWrite [226]=00,SPIWrite [220]=26
2516,22700,2212f,SPIWrite [227]=00,SPIWrite [221]=2F
2517,0a03a,22230,"SPIWrite [0A0]=3A, Set TxQuadcal NCO frequency",SPIWrite [222]=30
2518,0a340,22340,"SPIWrite [0A3]=40, Set TxQuadcal NCO frequency (Only update bits [7:6])",SPIWrite [223]=40
2519,0a17b,22440,"SPIWrite [0A1]=7B, Set TxQuadcal M[1:0]",SPIWrite [224]=40
2520,0a9ff,2252c,"SPIWrite [0A9]=FF, Set Tx Quad Cal Count",SPIWrite [225]=2C
2521,0a27f,22600,"SPIWrite [0A2]=7F, Set Tx Quad Cal Kexp",SPIWrite [226]=00
2522,0a501,22700,"SPIWrite [0A5]=01, Set Tx Quad Cal Magnitude Threshhold",SPIWrite [227]=00
2523,0a601,0a015,"SPIWrite [0A6]=01, Set Tx Quad Cal Magnitude Threshhold","SPIWrite [0A0]=15, Set TxQuadcal NCO frequency"
2524,0aa25,0a300,"SPIWrite [0AA]=25, Set Tx Quad Cal Gain Table index","SPIWrite [0A3]=00, Set TxQuadcal NCO frequency (Only update bits [7:6])"
2525,0a4f0,0a17b,"SPIWrite [0A4]=F0, Set Tx Quad Cal Setting Count","SPIWrite [0A1]=7B, Set TxQuadcal M[1:0]"
2526,0ae00,0a9ff,"SPIWrite [0AE]=00, Set Tx Quad Cal LPF Gain index incase Split table mode used","SPIWrite [0A9]=FF, Set Tx Quad Cal Count"
2527,1933f,0a27f,"SPIWrite [193]=3F, BBDC Cal setting","SPIWrite [0A2]=7F, Set Tx Quad Cal Kexp"
2528,1900f,0a501,"SPIWrite [190]=0F, Set BBDC tracking shift M value, only applies when BB DC tracking enabled","SPIWrite [0A5]=01, Set Tx Quad Cal Magnitude Threshhold"
2529,19401,0a601,"SPIWrite [194]=01, BBDC Cal setting","SPIWrite [0A6]=01, Set Tx Quad Cal Magnitude Threshhold"
2530,01601,0aa25,"SPIWrite [016]=01, Start BBDC offset cal","SPIWrite [0AA]=25, Set Tx Quad Cal Gain Table index"
2531,40000,0a4f0,"WAIT 20 ms, WAIT_CALDONE	BBDC,2000	, BBDC Max Cal Time: 3287.760 us. Cal done when 0x016[0]==0","SPIWrite [0A4]=F0, Set Tx Quad Cal Setting Count"
2532,18520,0ae00,"SPIWrite [185]=20, Set RF DC offset Wait Count","SPIWrite [0AE]=00, Set Tx Quad Cal LPF Gain index incase Split table mode used"
2533,18632,1933f,"SPIWrite [186]=32, Set RF DC Offset Count[7:0]","SPIWrite [193]=3F, BBDC Cal setting"
2534,18724,1900f,"SPIWrite [187]=24, Settings for RF DC cal","SPIWrite [190]=0F, Set BBDC tracking shift M value, only applies when BB DC tracking enabled"
2535,18b83,19401,"SPIWrite [18B]=83, Settings for RF DC cal","SPIWrite [194]=01, BBDC Cal setting"
2536,18805,01601,"SPIWrite [188]=05, Settings for RF DC cal","SPIWrite [016]=01, Start BBDC offset cal"
2537,18930,40000,"SPIWrite [189]=30, Settings for RF DC cal","WAIT 20 ms, WAIT_CALDONE	BBDC,2000	, BBDC Max Cal Time: 3287.760 us. Cal done when 0x016[0]==0"
2538,01602,18520,"SPIWrite [016]=02, RFDC Max Cal Time: 14980.957 us","SPIWrite [185]=20, Set RF DC offset Wait Count"
2539,40000,18632,"WAIT 20 ms, WAIT_CALDONE	RFDC,2000	, Wait for cal to complete (Done when 0x016[1]==0)","SPIWrite [186]=32, Set RF DC Offset Count[7:0]"
2540,01610,18724,"SPIWrite [016]=10, TXQuad Max Cal Time: 1537.500 us","SPIWrite [187]=24, Settings for RF DC cal"
2541,40000,18b83,"WAIT 20 ms, WAIT_CALDONE	TXQUAD,2000	, Wait for cal to complete (Done when 0x016[4]==0)","SPIWrite [18B]=83, Settings for RF DC cal"
2542,16803,18805,"SPIWrite [168]=03, Set RX Quadcal Tone Level","SPIWrite [188]=05, Settings for RF DC cal"
2543,16e25,18930,"SPIWrite [16E]=25, Set Rx Gain index to use during RX Quadcal","SPIWrite [189]=30, Settings for RF DC cal"
2544,16a75,01602,"SPIWrite [16A]=75, Set Kexp Phase","SPIWrite [016]=02, RFDC Max Cal Time: 14980.957 us"
2545,16b15,40000,"SPIWrite [16B]=15, Set Kexp Amplitude","WAIT 20 ms, WAIT_CALDONE	RFDC,2000	, Wait for cal to complete (Done when 0x016[1]==0)"
2546,169cf,01610,SPIWrite [169]=CF,"SPIWrite [016]=10, TXQuad Max Cal Time: 1537.500 us"
2547,18bad,40000,SPIWrite [18B]=AD,"WAIT 20 ms, WAIT_CALDONE	TXQUAD,2000	, Wait for cal to complete (Done when 0x016[4]==0)"
2548,01210,16803,"SPIWrite [012]=10, Cals done, Set PPORT Config","SPIWrite [168]=03, Set RX Quadcal Tone Level"
2549,01301,16e25,"SPIWrite [013]=01, Set ENSM FDD/TDD bit","SPIWrite [16E]=25, Set Rx Gain index to use during RX Quadcal"
2550,01584,16a75,"SPIWrite [015]=84, Set Dual Synth Mode, FDD External Control bits properly","SPIWrite [16A]=75, Set Kexp Phase"
2551,07328,16b15,SPIWrite [073]=28,"SPIWrite [16B]=15, Set Kexp Amplitude"
2552,07400,169cf,SPIWrite [074]=00,SPIWrite [169]=CF
2553,07528,18bad,SPIWrite [075]=28,SPIWrite [18B]=AD
2554,07600,01210,SPIWrite [076]=00,"SPIWrite [012]=10, Cals done, Set PPORT Config"
2555,1500b,01301,"SPIWrite [150]=0B, RSSI Measurement Duration 0, 1","SPIWrite [013]=01, Set ENSM FDD/TDD bit"
2556,15100,01584,"SPIWrite [151]=00, RSSI Measurement Duration 2, 3","SPIWrite [015]=84, Set Dual Synth Mode, FDD External Control bits properly"
2557,152ff,07328,"SPIWrite [152]=FF, RSSI Weighted Multiplier 0",SPIWrite [073]=28
2558,15300,07400,"SPIWrite [153]=00, RSSI Weighted Multiplier 1",SPIWrite [074]=00
2559,15400,07528,"SPIWrite [154]=00, RSSI Weighted Multiplier 2",SPIWrite [075]=28
2560,15500,07600,"SPIWrite [155]=00, RSSI Weighted Multiplier 3",SPIWrite [076]=00
2561,15600,15008,"SPIWrite [156]=00, RSSI Delay","SPIWrite [150]=08, RSSI Measurement Duration 0, 1"
2562,15700,15100,"SPIWrite [157]=00, RSSI Wait","SPIWrite [151]=00, RSSI Measurement Duration 2, 3"
2563,1580d,152ff,"SPIWrite [158]=0D, RSSI Mode Select","SPIWrite [152]=FF, RSSI Weighted Multiplier 0"
2564,15c69,15300,"SPIWrite [15C]=69, Power Measurement Duration","SPIWrite [153]=00, RSSI Weighted Multiplier 1"
2565,00261,15400,"SPIWrite [002]=61, Set # transmitters enabled","SPIWrite [154]=00, RSSI Weighted Multiplier 2"
2566,00362,15500,"SPIWrite [003]=62, Set # receivers enabled","SPIWrite [155]=00, RSSI Weighted Multiplier 3"
2567,09f01,15600,,"SPIWrite [156]=00, RSSI Delay"
2568,08e00,15700,,"SPIWrite [157]=00, RSSI Wait"
2569,08f00,15801,,"SPIWrite [158]=01, RSSI Mode Select"
2570,18201,15c62,,"SPIWrite [15C]=62, Power Measurement Duration"
2571,17000,00261,,"SPIWrite [002]=61, Set # transmitters enabled"
2572,17100,00362,,"SPIWrite [003]=62, Set # receivers enabled"
2573,01407,09f01,"SPIWrite [014]=07, State Machine Set",
2574,01423,08e00,"SPIWrite [014]=23, State Machine Set",
2575,80000,08f00,INIT_END,
2576,,18201,,
2577,,17000,,
2578,,17100,,
2579,,01407,,"SPIWrite [014]=07, State Machine Set"
2580,,01423,,"SPIWrite [014]=23, State Machine Set"
2581,,80000,,INIT_END
