$date
	Thu Oct 09 15:07:48 2025
$end
$version
	Icarus Verilog
$end
$timescale
	100ps
$end
$scope module Cordic_tb $end
$var wire 3 ! phase_high [2:0] $end
$var wire 11 " phase [10:0] $end
$var wire 12 # out_q [11:0] $end
$var wire 12 $ out_i [11:0] $end
$var parameter 32 % DATA_W $end
$var parameter 32 & N $end
$var reg 1 ' clk $end
$var reg 12 ( in_i [11:0] $end
$var reg 12 ) in_q [11:0] $end
$var reg 1 * rst_n $end
$var integer 32 + i [31:0] $end
$scope module u_Cordic $end
$var wire 1 ' clk $end
$var wire 12 , in_i [11:0] $end
$var wire 12 - in_q [11:0] $end
$var wire 1 * rst_n $end
$var wire 12 . sin [11:0] $end
$var wire 10 / phase_inc_delta [9:0] $end
$var wire 11 0 phase [10:0] $end
$var wire 12 1 out_q [11:0] $end
$var wire 12 2 out_i [11:0] $end
$var wire 8 3 error [7:0] $end
$var wire 12 4 cos [11:0] $end
$var parameter 32 5 DATA_DDS_W $end
$var parameter 32 6 DATA_W $end
$var parameter 32 7 ERROR_W $end
$var parameter 32 8 PHASE_W $end
$scope module u_ComplexMul $end
$var wire 12 9 a_i [11:0] $end
$var wire 12 : a_q [11:0] $end
$var wire 10 ; b_i [9:0] $end
$var wire 10 < b_q [9:0] $end
$var wire 1 ' clk $end
$var wire 1 * rst_n $end
$var wire 22 = out_q_l [21:0] $end
$var wire 22 > out_i_l [21:0] $end
$var parameter 32 ? DATA_A_W $end
$var parameter 32 @ DATA_B_W $end
$var parameter 33 A DATA_LONG_W $end
$var parameter 32 B DATA_OUT_W $end
$var reg 12 C out_i [11:0] $end
$var reg 12 D out_q [11:0] $end
$upscope $end
$scope module u_CordicError8 $end
$var wire 1 ' clk $end
$var wire 1 * rst_n $end
$var wire 12 E x_in [11:0] $end
$var wire 12 F y_in [11:0] $end
$var wire 11 G y_moved [10:0] $end
$var wire 4 H y_lz [3:0] $end
$var wire 11 I y_abs [10:0] $end
$var wire 11 J x_moved [10:0] $end
$var wire 4 K x_lz [3:0] $end
$var wire 11 L x_abs [10:0] $end
$var wire 8 M rom_data [7:0] $end
$var wire 16 N rom_addr [15:0] $end
$var wire 4 O lz [3:0] $end
$var wire 1 P bigger $end
$var parameter 32 Q ADDR_W $end
$var parameter 32 R DATA_W $end
$var parameter 32 S ERROR_W $end
$var reg 1 T bigger_d $end
$var reg 8 U error_out [7:0] $end
$var reg 11 V phase_out [10:0] $end
$var reg 1 W x_sign $end
$var reg 1 X y_sign $end
$scope function get_leading_0s $end
$var reg 11 Y data_in [10:0] $end
$var reg 1 Z found_one $end
$var integer 32 [ i [31:0] $end
$upscope $end
$scope module atan_rom $end
$var wire 15 \ addr [14:0] $end
$var wire 1 ' clk $end
$var wire 1 * rst_n $end
$var parameter 65 ] ADDR_W $end
$var parameter 32 ^ DATA_W $end
$var parameter 96 _ INIT_FILE $end
$var parameter 32 ` MEM_DEPTH $end
$var reg 8 a data_out [7:0] $end
$upscope $end
$upscope $end
$scope module u_DDS $end
$var wire 1 ' clk $end
$var wire 1 * rst_n $end
$var wire 9 b sin_ori [8:0] $end
$var wire 2 c quarter [1:0] $end
$var wire 10 d phase_inc_delta [9:0] $end
$var wire 9 e cos_ori [8:0] $end
$var parameter 32 f DATA_W $end
$var parameter 32 g PHASE_W $end
$var parameter 41 h ROM_ADDR_MAX $end
$var parameter 32 i ROM_ADDR_W $end
$var parameter 32 j phase_inc_base $end
$var reg 10 k cos [9:0] $end
$var reg 8 l cos_addr [7:0] $end
$var reg 10 m phase [9:0] $end
$var reg 2 n quarter_d [1:0] $end
$var reg 10 o sin [9:0] $end
$var reg 8 p sin_addr [7:0] $end
$scope module sin_rom $end
$var wire 8 q addr1 [7:0] $end
$var wire 8 r addr2 [7:0] $end
$var wire 1 ' clk $end
$var wire 1 * rst_n $end
$var parameter 32 s ADDR_W $end
$var parameter 33 t DATA_W $end
$var parameter 96 u INIT_FILE $end
$var parameter 32 v MEM_DEPTH $end
$var reg 9 w data_out1 [8:0] $end
$var reg 9 x data_out2 [8:0] $end
$upscope $end
$upscope $end
$scope module u_PID $end
$var wire 1 ' clk $end
$var wire 8 y data_in [7:0] $end
$var wire 1 * rst_n $end
$var wire 16 z kp_long [15:0] $end
$var parameter 32 { DATA_IN_W $end
$var parameter 32 | DATA_OUT_W $end
$var parameter 32 } KI $end
$var parameter 32 ~ KI_W $end
$var parameter 32 !" KP $end
$var parameter 32 "" KP_W $end
$var reg 22 #" data_in_int [21:0] $end
$var reg 10 $" data_out [9:0] $end
$upscope $end
$upscope $end
$upscope $end
$enddefinitions $end
$comment Show the parameter values. $end
$dumpall
b110 ""
b1 !"
b1100 ~
b1 }
b1010 |
b1000 {
b100000000 v
b11100110110100101101110011001010101111101110010011011110110110100101110011101000111100001110100 u
b1001 t
b1000 s
b0 j
b1000 i
b11111111 h
b1010 g
b1010 f
b1000000000000000 `
b11000010111010001100001011011100101111101110010011011110110110100101110011101000111100001110100 _
b1000 ^
b1111 ]
b1000 S
b1100 R
b1000 Q
b1100 B
b10110 A
b1010 @
b1100 ?
b1010 8
b1000 7
b1100 6
b1010 5
b1001110001000 &
b1100 %
$end
#0
$dumpvars
b0 $"
b0 #"
b0 z
b0 y
b0 x
b0 w
b11111111 r
b0 q
b0 p
b0 o
b0 n
b0 m
b11111111 l
b0 k
b0 e
b0 d
b0 c
b0 b
b0 a
b0 \
b11111111111111111111111111111111 [
0Z
b0 Y
xX
xW
bx V
b0 U
xT
1P
b1011 O
b0 N
b0 M
b0 L
b1011 K
b0 J
b0 I
b1011 H
b0 G
b0 F
b0 E
b0 D
b0 C
b0 >
b0 =
b0 <
b0 ;
b1001000010 :
b110110111110 9
b0 4
b0 3
b0 2
b0 1
bx 0
b0 /
b0 .
b1001000010 -
b110110111110 ,
b0 +
0*
b1001000010 )
b110110111110 (
1'
b0 $
b0 #
bx "
bx !
$end
#5
0'
#10
b10 !
b1000000000 "
b1000000000 0
b1000000000 V
bx M
bx a
bx e
bx x
bx b
bx w
0X
0W
1T
1'
b110110111100 (
b110110111100 ,
b110110111100 9
b1001000001 )
b1001000001 -
b1001000001 :
b1 +
1*
#15
0'
#20
b0 !
bx z
b0xxxxxxxx "
b0xxxxxxxx 0
b0xxxxxxxx V
bx 3
bx U
bx y
b0xxxxxxxxx ;
bx >
bx =
b0xxxxxxxxx <
b0xxxxxxxxx 4
b0xxxxxxxxx k
b0xxxxxxxxx .
b0xxxxxxxxx o
1'
b110110111011 (
b110110111011 ,
b110110111011 9
b1000111111 )
b1000111111 -
b1000111111 :
b10 +
#25
0'
#30
bx \
bx N
b0xxxxxxxx J
b0xxxxxxxx G
b0 O
b0 H
b0 K
1Z
b11111111111111111111111111111111 [
bx Y
bx I
xP
bx L
bx /
bx d
bx $"
bx #"
bx #
bx 1
bx D
bx F
bx $
bx 2
bx C
bx E
1'
b1001000111 (
b1001000111 ,
b1001000111 9
b110111000010 )
b110111000010 -
b110111000010 :
b11 +
#35
0'
#40
bx l
bx r
bx p
bx q
bx c
bx m
xX
xW
xT
1'
b1001001001 (
b1001001001 ,
b1001001001 9
b110111000100 )
b110111000100 -
b110111000100 :
b100 +
#45
0'
#50
bx !
bx "
bx 0
bx V
bx n
1'
b1001001010 (
b1001001010 ,
b1001001010 9
b110111000101 )
b110111000101 -
b110111000101 :
b101 +
#55
0'
#60
bx <
bx .
bx o
1'
b110111000111 (
b110111000111 ,
b110111000111 9
b110110110101 )
b110110110101 -
b110110110101 :
b110 +
#65
0'
#70
1'
b110111001000 (
b110111001000 ,
b110111001000 9
b110110110011 )
b110110110011 -
b110110110011 :
b111 +
#75
0'
#80
1'
b110111001010 (
b110111001010 ,
b110111001010 9
b110110110010 )
b110110110010 -
b110110110010 :
b1000 +
#85
0'
#90
1'
b111111101101 (
b111111101101 ,
b111111101101 9
b1100110010 )
b1100110010 -
b1100110010 :
b1001 +
#95
0'
#100
1'
b111111101011 (
b111111101011 ,
b111111101011 9
b1010 +
#105
0'
#110
1'
b111111101001 (
b111111101001 ,
b111111101001 9
b1011 +
#115
0'
#120
1'
b11001 (
b11001 ,
b11001 9
b110011001110 )
b110011001110 -
b110011001110 :
b1100 +
#125
0'
#130
1'
b11011 (
b11011 ,
b11011 9
b1101 +
#135
0'
#140
1'
b11101 (
b11101 ,
b11101 9
b1110 +
#145
0'
#150
1'
b110110100111 (
b110110100111 ,
b110110100111 9
b1000101011 )
b1000101011 -
b1000101011 :
b1111 +
#155
0'
#160
1'
b110110100110 (
b110110100110 ,
b110110100110 9
b1000101010 )
b1000101010 -
b1000101010 :
b10000 +
#165
0'
#170
1'
b110110100100 (
b110110100100 ,
b110110100100 9
b1000101000 )
b1000101000 -
b1000101000 :
b10001 +
#175
0'
#180
1'
b110111011001 (
b110111011001 ,
b110111011001 9
b110110100011 )
b110110100011 -
b110110100011 :
b10010 +
#185
0'
#190
1'
b110111011011 (
b110111011011 ,
b110111011011 9
b110110100001 )
b110110100001 -
b110110100001 :
b10011 +
#195
0'
#200
1'
b110111011101 (
b110111011101 ,
b110111011101 9
b110110100000 )
b110110100000 -
b110110100000 :
b10100 +
#205
0'
#210
1'
b1001100001 (
b1001100001 ,
b1001100001 9
b110111011110 )
b110111011110 -
b110111011110 :
b10101 +
#215
0'
#220
1'
b1001100011 (
b1001100011 ,
b1001100011 9
b110111100000 )
b110111100000 -
b110111100000 :
b10110 +
#225
0'
#230
1'
b1001100100 (
b1001100100 ,
b1001100100 9
b110111100001 )
b110111100001 -
b110111100001 :
b10111 +
#235
0'
#240
1'
b1001100110 (
b1001100110 ,
b1001100110 9
b110111100011 )
b110111100011 -
b110111100011 :
b11000 +
#245
0'
#250
1'
b1001100111 (
b1001100111 ,
b1001100111 9
b110111100101 )
b110111100101 -
b110111100101 :
b11001 +
#255
0'
#260
1'
b1001101000 (
b1001101000 ,
b1001101000 9
b110111100110 )
b110111100110 -
b110111100110 :
b11010 +
#265
0'
#270
1'
b1000011000 (
b1000011000 ,
b1000011000 9
b1001101010 )
b1001101010 -
b1001101010 :
b11011 +
#275
0'
#280
1'
b1000010111 (
b1000010111 ,
b1000010111 9
b1001101011 )
b1001101011 -
b1001101011 :
b11100 +
#285
0'
#290
1'
b1000010101 (
b1000010101 ,
b1000010101 9
b1001101101 )
b1001101101 -
b1001101101 :
b11101 +
#295
0'
#300
1'
b1001101110 (
b1001101110 ,
b1001101110 9
b110111101101 )
b110111101101 -
b110111101101 :
b11110 +
#305
0'
#310
1'
b1001101111 (
b1001101111 ,
b1001101111 9
b110111101110 )
b110111101110 -
b110111101110 :
b11111 +
#315
0'
#320
1'
b1001110001 (
b1001110001 ,
b1001110001 9
b110111110000 )
b110111110000 -
b110111110000 :
b100000 +
#325
0'
#330
1'
b1000110 (
b1000110 ,
b1000110 9
b110011010001 )
b110011010001 -
b110011010001 :
b100001 +
#335
0'
#340
1'
b1001000 (
b1001000 ,
b1001000 9
b100010 +
#345
0'
#350
1'
b1001010 (
b1001010 ,
b1001010 9
b100011 +
#355
0'
#360
1'
b1100101111 (
b1100101111 ,
b1100101111 9
b1001100 )
b1001100 -
b1001100 :
b100100 +
#365
0'
#370
1'
b1100101110 (
b1100101110 ,
b1100101110 9
b1001111 )
b1001111 -
b1001111 :
b100101 +
#375
0'
#380
1'
b1010001 )
b1010001 -
b1010001 :
b100110 +
#385
0'
#390
1'
b1010011 (
b1010011 ,
b1010011 9
b110011010010 )
b110011010010 -
b110011010010 :
b100111 +
#395
0'
#400
1'
b1010101 (
b1010101 ,
b1010101 9
b101000 +
#405
0'
#410
1'
b1010111 (
b1010111 ,
b1010111 9
b101001 +
#415
0'
#420
1'
b111110100111 (
b111110100111 ,
b111110100111 9
b1100101101 )
b1100101101 -
b1100101101 :
b101010 +
#425
0'
#430
1'
b111110100101 (
b111110100101 ,
b111110100101 9
b101011 +
#435
0'
#440
1'
b111110100011 (
b111110100011 ,
b111110100011 9
b101100 +
#445
0'
#450
1'
b111000000101 (
b111000000101 ,
b111000000101 9
b110101111110 )
b110101111110 -
b110101111110 :
b101101 +
#455
0'
#460
1'
b111000000111 (
b111000000111 ,
b111000000111 9
b110101111100 )
b110101111100 -
b110101111100 :
b101110 +
#465
0'
#470
1'
b111000001001 (
b111000001001 ,
b111000001001 9
b110101111011 )
b110101111011 -
b110101111011 :
b101111 +
#475
0'
#480
1'
b111110011010 (
b111110011010 ,
b111110011010 9
b1100101100 )
b1100101100 -
b1100101100 :
b110000 +
#485
0'
#490
1'
b111110011000 (
b111110011000 ,
b111110011000 9
b110001 +
#495
0'
#500
1'
b111110010110 (
b111110010110 ,
b111110010110 9
b1100101011 )
b1100101011 -
b1100101011 :
b110010 +
#505
0'
#510
1'
b1100101011 (
b1100101011 ,
b1100101011 9
b1101100 )
b1101100 -
b1101100 :
b110011 +
#515
0'
#520
1'
b1101110 )
b1101110 -
b1101110 :
b110100 +
#525
0'
#530
1'
b1100101010 (
b1100101010 ,
b1100101010 9
b1110001 )
b1110001 -
b1110001 :
b110101 +
#535
0'
#540
1'
b1010001110 (
b1010001110 ,
b1010001110 9
b111000010101 )
b111000010101 -
b111000010101 :
b110110 +
#545
0'
#550
1'
b1010001111 (
b1010001111 ,
b1010001111 9
b111000010110 )
b111000010110 -
b111000010110 :
b110111 +
#555
0'
#560
1'
b1010010001 (
b1010010001 ,
b1010010001 9
b111000011000 )
b111000011000 -
b111000011000 :
b111000 +
#565
0'
#570
1'
b111100110 (
b111100110 ,
b111100110 9
b1010010010 )
b1010010010 -
b1010010010 :
b111001 +
#575
0'
#580
1'
b111100100 (
b111100100 ,
b111100100 9
b1010010011 )
b1010010011 -
b1010010011 :
b111010 +
#585
0'
#590
1'
b111100011 (
b111100011 ,
b111100011 9
b1010010101 )
b1010010101 -
b1010010101 :
b111011 +
#595
0'
#600
1'
b111000011111 (
b111000011111 ,
b111000011111 9
b110101101010 )
b110101101010 -
b110101101010 :
b111100 +
#605
0'
#610
1'
b111000100001 (
b111000100001 ,
b111000100001 9
b110101101001 )
b110101101001 -
b110101101001 :
b111101 +
#615
0'
#620
1'
b111000100011 (
b111000100011 ,
b111000100011 9
b110101101000 )
b110101101000 -
b110101101000 :
b111110 +
#625
0'
#630
1'
b110011011001 (
b110011011001 ,
b110011011001 9
b111101111010 )
b111101111010 -
b111101111010 :
b111111 +
#635
0'
#640
1'
b111101111000 )
b111101111000 -
b111101111000 :
b1000000 +
#645
0'
#650
1'
b111101110110 )
b111101110110 -
b111101110110 :
b1000001 +
#655
0'
#660
1'
b111101110100 (
b111101110100 ,
b111101110100 9
b1100100110 )
b1100100110 -
b1100100110 :
b1000010 +
#665
0'
#670
1'
b111101110010 (
b111101110010 ,
b111101110010 9
b1000011 +
#675
0'
#680
1'
b111101110000 (
b111101110000 ,
b111101110000 9
b1100100101 )
b1100100101 -
b1100100101 :
b1000100 +
#685
0'
#690
1'
b110101011111 (
b110101011111 ,
b110101011111 9
b111010001 )
b111010001 -
b111010001 :
b1000101 +
#695
0'
#700
1'
b110101011110 (
b110101011110 ,
b110101011110 9
b111001111 )
b111001111 -
b111001111 :
b1000110 +
#705
0'
#710
1'
b110101011101 (
b110101011101 ,
b110101011101 9
b111001110 )
b111001110 -
b111001110 :
b1000111 +
#715
0'
#720
1'
b110011011100 (
b110011011100 ,
b110011011100 9
b111101100111 )
b111101100111 -
b111101100111 :
b1001000 +
#725
0'
#730
1'
b110011011101 (
b110011011101 ,
b110011011101 9
b111101100101 )
b111101100101 -
b111101100101 :
b1001001 +
#735
0'
#740
1'
b111101100011 )
b111101100011 -
b111101100011 :
b1001010 +
#745
0'
#750
1'
b10011111 (
b10011111 ,
b10011111 9
b110011011101 )
b110011011101 -
b110011011101 :
b1001011 +
#755
0'
#760
1'
b10100001 (
b10100001 ,
b10100001 9
b110011011110 )
b110011011110 -
b110011011110 :
b1001100 +
#765
0'
#770
1'
b10100011 (
b10100011 ,
b10100011 9
b1001101 +
#775
0'
#780
1'
b1010101100 (
b1010101100 ,
b1010101100 9
b111000111111 )
b111000111111 -
b111000111111 :
b1001110 +
#785
0'
#790
1'
b1010101101 (
b1010101101 ,
b1010101101 9
b111001000001 )
b111001000001 -
b111001000001 :
b1001111 +
#795
0'
#800
1'
b1010101110 (
b1010101110 ,
b1010101110 9
b111001000010 )
b111001000010 -
b111001000010 :
b1010000 +
#805
0'
#810
1'
b111001000100 (
b111001000100 ,
b111001000100 9
b110101010001 )
b110101010001 -
b110101010001 :
b1010001 +
#815
0'
#820
1'
b111001000110 (
b111001000110 ,
b111001000110 9
b110101010000 )
b110101010000 -
b110101010000 :
b1010010 +
#825
0'
#830
1'
b111001001000 (
b111001001000 ,
b111001001000 9
b110101001110 )
b110101001110 -
b110101001110 :
b1010011 +
#835
0'
#840
1'
b1010110011 (
b1010110011 ,
b1010110011 9
b111001001010 )
b111001001010 -
b111001001010 :
b1010100 +
#845
0'
#850
1'
b1010110100 (
b1010110100 ,
b1010110100 9
b111001001011 )
b111001001011 -
b111001001011 :
b1010101 +
#855
0'
#860
1'
b1010110101 (
b1010110101 ,
b1010110101 9
b111001001101 )
b111001001101 -
b111001001101 :
b1010110 +
#865
0'
#870
1'
b10111000 (
b10111000 ,
b10111000 9
b110011100011 )
b110011100011 -
b110011100011 :
b1010111 +
#875
0'
#880
1'
b10111010 (
b10111010 ,
b10111010 9
b1011000 +
#885
0'
#890
1'
b10111100 (
b10111100 ,
b10111100 9
b110011100100 )
b110011100100 -
b110011100100 :
b1011001 +
#895
0'
#900
1'
b111001010100 (
b111001010100 ,
b111001010100 9
b110101000111 )
b110101000111 -
b110101000111 :
b1011010 +
#905
0'
#910
1'
b111001010110 (
b111001010110 ,
b111001010110 9
b110101000101 )
b110101000101 -
b110101000101 :
b1011011 +
#915
0'
#920
1'
b111001011000 (
b111001011000 ,
b111001011000 9
b110101000100 )
b110101000100 -
b110101000100 :
b1011100 +
#925
0'
#930
1'
b111001011010 (
b111001011010 ,
b111001011010 9
b110101000011 )
b110101000011 -
b110101000011 :
b1011101 +
#935
0'
#940
1'
b111001011100 (
b111001011100 ,
b111001011100 9
b110101000010 )
b110101000010 -
b110101000010 :
b1011110 +
#945
0'
#950
1'
b111001011110 (
b111001011110 ,
b111001011110 9
b110101000001 )
b110101000001 -
b110101000001 :
b1011111 +
#955
0'
#960
1'
b110100001 (
b110100001 ,
b110100001 9
b1011000000 )
b1011000000 -
b1011000000 :
b1100000 +
#965
0'
#970
1'
b110011111 (
b110011111 ,
b110011111 9
b1011000001 )
b1011000001 -
b1011000001 :
b1100001 +
#975
0'
#980
1'
b110011101 (
b110011101 ,
b110011101 9
b1011000010 )
b1011000010 -
b1011000010 :
b1100010 +
#985
0'
#990
1'
b111001100101 (
b111001100101 ,
b111001100101 9
b110100111101 )
b110100111101 -
b110100111101 :
b1100011 +
#995
0'
#1000
1'
b111001100111 (
b111001100111 ,
b111001100111 9
b110100111100 )
b110100111100 -
b110100111100 :
b1100100 +
#1005
0'
#1010
1'
b111001101001 (
b111001101001 ,
b111001101001 9
b110100111011 )
b110100111011 -
b110100111011 :
b1100101 +
#1015
0'
#1020
1'
b1011000111 (
b1011000111 ,
b1011000111 9
b111001101011 )
b111001101011 -
b111001101011 :
b1100110 +
#1025
0'
#1030
1'
b1011001000 (
b1011001000 ,
b1011001000 9
b111001101100 )
b111001101100 -
b111001101100 :
b1100111 +
#1035
0'
#1040
1'
b1011001001 (
b1011001001 ,
b1011001001 9
b111001101110 )
b111001101110 -
b111001101110 :
b1101000 +
#1045
0'
#1050
1'
b110010000 (
b110010000 ,
b110010000 9
b1011001010 )
b1011001010 -
b1011001010 :
b1101001 +
#1055
0'
#1060
1'
b110001110 (
b110001110 ,
b110001110 9
b1011001011 )
b1011001011 -
b1011001011 :
b1101010 +
#1065
0'
#1070
1'
b110001100 (
b110001100 ,
b110001100 9
b1011001100 )
b1011001100 -
b1011001100 :
b1101011 +
#1075
0'
#1080
1'
b110011101110 (
b110011101110 ,
b110011101110 9
b111100011100 )
b111100011100 -
b111100011100 :
b1101100 +
#1085
0'
#1090
1'
b110011101111 (
b110011101111 ,
b110011101111 9
b111100011010 )
b111100011010 -
b111100011010 :
b1101101 +
#1095
0'
#1100
1'
b111100011000 )
b111100011000 -
b111100011000 :
b1101110 +
#1105
0'
#1110
1'
b110000101 (
b110000101 ,
b110000101 9
b1011010000 )
b1011010000 -
b1011010000 :
b1101111 +
#1115
0'
#1120
1'
b110000011 (
b110000011 ,
b110000011 9
b1011010001 )
b1011010001 -
b1011010001 :
b1110000 +
#1125
0'
#1130
1'
b110000001 (
b110000001 ,
b110000001 9
b1011010010 )
b1011010010 -
b1011010010 :
b1110001 +
#1135
0'
#1140
1'
b101111111 (
b101111111 ,
b101111111 9
b1011010011 )
b1011010011 -
b1011010011 :
b1110010 +
#1145
0'
#1150
1'
b101111101 (
b101111101 ,
b101111101 9
b1011010100 )
b1011010100 -
b1011010100 :
b1110011 +
#1155
0'
#1160
1'
b101111011 (
b101111011 ,
b101111011 9
b1011010101 )
b1011010101 -
b1011010101 :
b1110100 +
#1165
0'
#1170
1'
b1011010110 (
b1011010110 ,
b1011010110 9
b111010000111 )
b111010000111 -
b111010000111 :
b1110101 +
#1175
0'
#1180
1'
b1011010111 (
b1011010111 ,
b1011010111 9
b111010001001 )
b111010001001 -
b111010001001 :
b1110110 +
#1185
0'
#1190
1'
b1011011000 (
b1011011000 ,
b1011011000 9
b111010001011 )
b111010001011 -
b111010001011 :
b1110111 +
#1195
0'
#1200
1'
b1100001010 (
b1100001010 ,
b1100001010 9
b11111100 )
b11111100 -
b11111100 :
b1111000 +
#1205
0'
#1210
1'
b11111110 )
b11111110 -
b11111110 :
b1111001 +
#1215
0'
#1220
1'
b1100001001 (
b1100001001 ,
b1100001001 9
b100000000 )
b100000000 -
b100000000 :
b1111010 +
#1225
0'
#1230
1'
b100000010 (
b100000010 ,
b100000010 9
b110011111000 )
b110011111000 -
b110011111000 :
b1111011 +
#1235
0'
#1240
1'
b100000100 (
b100000100 ,
b100000100 9
b1111100 +
#1245
0'
#1250
1'
b100000110 (
b100000110 ,
b100000110 9
b110011111001 )
b110011111001 -
b110011111001 :
b1111101 +
#1255
0'
#1260
1'
b110011111010 (
b110011111010 ,
b110011111010 9
b111011111000 )
b111011111000 -
b111011111000 :
b1111110 +
#1265
0'
#1270
1'
b111011110110 )
b111011110110 -
b111011110110 :
b1111111 +
#1275
0'
#1280
1'
b110011111011 (
b110011111011 ,
b110011111011 9
b111011110100 )
b111011110100 -
b111011110100 :
b10000000 +
#1285
0'
#1290
1'
b111010011110 (
b111010011110 ,
b111010011110 9
b110100011111 )
b110100011111 -
b110100011111 :
b10000001 +
#1295
0'
#1300
1'
b111010100000 (
b111010100000 ,
b111010100000 9
b110100011110 )
b110100011110 -
b110100011110 :
b10000010 +
#1305
0'
#1310
1'
b111010100010 (
b111010100010 ,
b111010100010 9
b110100011101 )
b110100011101 -
b110100011101 :
b10000011 +
#1315
0'
#1320
1'
b101011101 (
b101011101 ,
b101011101 9
b1011100100 )
b1011100100 -
b1011100100 :
b10000100 +
#1325
0'
#1330
1'
b101011011 (
b101011011 ,
b101011011 9
b1011100101 )
b1011100101 -
b1011100101 :
b10000101 +
#1335
0'
#1340
1'
b101011001 (
b101011001 ,
b101011001 9
b1011100110 )
b1011100110 -
b1011100110 :
b10000110 +
#1345
0'
#1350
1'
b110100000000 (
b110100000000 ,
b110100000000 9
b111011100110 )
b111011100110 -
b111011100110 :
b10000111 +
#1355
0'
#1360
1'
b110100000001 (
b110100000001 ,
b110100000001 9
b111011100100 )
b111011100100 -
b111011100100 :
b10001000 +
#1365
0'
#1370
1'
b110100000010 (
b110100000010 ,
b110100000010 9
b111011100010 )
b111011100010 -
b111011100010 :
b10001001 +
#1375
0'
#1380
1'
b1011111110 (
b1011111110 ,
b1011111110 9
b100100000 )
b100100000 -
b100100000 :
b10001010 +
#1385
0'
#1390
1'
b1011111101 (
b1011111101 ,
b1011111101 9
b100100010 )
b100100010 -
b100100010 :
b10001011 +
#1395
0'
#1400
1'
b1011111100 (
b1011111100 ,
b1011111100 9
b100100100 )
b100100100 -
b100100100 :
b10001100 +
#1405
0'
#1410
1'
b111011011010 (
b111011011010 ,
b111011011010 9
b1011111011 )
b1011111011 -
b1011111011 :
b10001101 +
#1415
0'
#1420
1'
b111011011000 (
b111011011000 ,
b111011011000 9
b10001110 +
#1425
0'
#1430
1'
b111011010110 (
b111011010110 ,
b111011010110 9
b1011111010 )
b1011111010 -
b1011111010 :
b10001111 +
#1435
0'
#1440
1'
b110100010001 (
b110100010001 ,
b110100010001 9
b101000101 )
b101000101 -
b101000101 :
b10010000 +
#1445
0'
#1450
1'
b110100010000 (
b110100010000 ,
b110100010000 9
b101000011 )
b101000011 -
b101000011 :
b10010001 +
#1455
0'
#1460
1'
b101000001 )
b101000001 -
b101000001 :
b10010010 +
#1465
0'
#1470
1'
b100110010 (
b100110010 ,
b100110010 9
b110100001001 )
b110100001001 -
b110100001001 :
b10010011 +
#1475
0'
#1480
1'
b100110100 (
b100110100 ,
b100110100 9
b110100001010 )
b110100001010 -
b110100001010 :
b10010100 +
#1485
0'
#1490
1'
b100110110 (
b100110110 ,
b100110110 9
b110100001011 )
b110100001011 -
b110100001011 :
b10010101 +
#1495
0'
#1500
1'
b111011001000 (
b111011001000 ,
b111011001000 9
b1011110100 )
b1011110100 -
b1011110100 :
b10010110 +
#1505
0'
#1510
1'
b111011000110 (
b111011000110 ,
b111011000110 9
b1011110011 )
b1011110011 -
b1011110011 :
b10010111 +
#1515
0'
#1520
1'
b111011000100 (
b111011000100 ,
b111011000100 9
b10011000 +
#1525
0'
#1530
1'
b111011001101 (
b111011001101 ,
b111011001101 9
b110100001010 )
b110100001010 -
b110100001010 :
b10011001 +
#1535
0'
#1540
1'
b111011001111 (
b111011001111 ,
b111011001111 9
b110100001001 )
b110100001001 -
b110100001001 :
b10011010 +
#1545
0'
#1550
1'
b111011010001 (
b111011010001 ,
b111011010001 9
b110100001000 )
b110100001000 -
b110100001000 :
b10011011 +
#1555
0'
#1560
1'
b110100010001 (
b110100010001 ,
b110100010001 9
b111010111100 )
b111010111100 -
b111010111100 :
b10011100 +
#1565
0'
#1570
1'
b110100010010 (
b110100010010 ,
b110100010010 9
b111010111010 )
b111010111010 -
b111010111010 :
b10011101 +
#1575
0'
#1580
1'
b110100010011 (
b110100010011 ,
b110100010011 9
b111010111000 )
b111010111000 -
b111010111000 :
b10011110 +
#1585
0'
#1590
1'
b100100111 (
b100100111 ,
b100100111 9
b1011111011 )
b1011111011 -
b1011111011 :
b10011111 +
#1595
0'
#1600
1'
b100100101 (
b100100101 ,
b100100101 9
b1011111100 )
b1011111100 -
b1011111100 :
b10100000 +
#1605
0'
#1610
1'
b100100011 (
b100100011 ,
b100100011 9
b10100001 +
#1615
0'
#1620
1'
b111011011111 (
b111011011111 ,
b111011011111 9
b110100000011 )
b110100000011 -
b110100000011 :
b10100010 +
#1625
0'
#1630
1'
b111011100001 (
b111011100001 ,
b111011100001 9
b110100000010 )
b110100000010 -
b110100000010 :
b10100011 +
#1635
0'
#1640
1'
b111011100011 (
b111011100011 ,
b111011100011 9
b110100000001 )
b110100000001 -
b110100000001 :
b10100100 +
#1645
0'
#1650
1'
b111010101010 (
b111010101010 ,
b111010101010 9
b1011100111 )
b1011100111 -
b1011100111 :
b10100101 +
#1655
0'
#1660
1'
b111010101000 (
b111010101000 ,
b111010101000 9
b1011100110 )
b1011100110 -
b1011100110 :
b10100110 +
#1665
0'
#1670
1'
b111010100110 (
b111010100110 ,
b111010100110 9
b10100111 +
#1675
0'
#1680
1'
b100010101 (
b100010101 ,
b100010101 9
b1100000010 )
b1100000010 -
b1100000010 :
b10101000 +
#1685
0'
#1690
1'
b100010011 (
b100010011 ,
b100010011 9
b10101001 +
#1695
0'
#1700
1'
b100010001 (
b100010001 ,
b100010001 9
b1100000011 )
b1100000011 -
b1100000011 :
b10101010 +
#1705
0'
#1710
1'
b101100001 (
b101100001 ,
b101100001 9
b110100011110 )
b110100011110 -
b110100011110 :
b10101011 +
#1715
0'
#1720
1'
b101100011 (
b101100011 ,
b101100011 9
b110100011111 )
b110100011111 -
b110100011111 :
b10101100 +
#1725
0'
#1730
1'
b101100101 (
b101100101 ,
b101100101 9
b110100100000 )
b110100100000 -
b110100100000 :
b10101101 +
#1735
0'
#1740
1'
b111011110111 (
b111011110111 ,
b111011110111 9
b110011111010 )
b110011111010 -
b110011111010 :
b10101110 +
#1745
0'
#1750
1'
b111011111001 (
b111011111001 ,
b111011111001 9
b110011111001 )
b110011111001 -
b110011111001 :
b10101111 +
#1755
0'
#1760
1'
b111011111011 (
b111011111011 ,
b111011111011 9
b10110000 +
#1765
0'
#1770
1'
b1100001000 (
b1100001000 ,
b1100001000 9
b111011111101 )
b111011111101 -
b111011111101 :
b10110001 +
#1775
0'
#1780
1'
b1100001001 (
b1100001001 ,
b1100001001 9
b111011111111 )
b111011111111 -
b111011111111 :
b10110010 +
#1785
0'
#1790
1'
b111100000001 )
b111100000001 -
b111100000001 :
b10110011 +
#1795
0'
#1800
1'
b110011110110 (
b110011110110 ,
b110011110110 9
b11111101 )
b11111101 -
b11111101 :
b10110100 +
#1805
0'
#1810
1'
b110011110101 (
b110011110101 ,
b110011110101 9
b11111011 )
b11111011 -
b11111011 :
b10110101 +
#1815
0'
#1820
1'
b11111001 )
b11111001 -
b11111001 :
b10110110 +
#1825
0'
#1830
1'
b101111000 (
b101111000 ,
b101111000 9
b110100101010 )
b110100101010 -
b110100101010 :
b10110111 +
#1835
0'
#1840
1'
b101111010 (
b101111010 ,
b101111010 9
b110100101011 )
b110100101011 -
b110100101011 :
b10111000 +
#1845
0'
#1850
1'
b101111100 (
b101111100 ,
b101111100 9
b110100101100 )
b110100101100 -
b110100101100 :
b10111001 +
#1855
0'
#1860
1'
b1011010011 (
b1011010011 ,
b1011010011 9
b101111110 )
b101111110 -
b101111110 :
b10111010 +
#1865
0'
#1870
1'
b1011010010 (
b1011010010 ,
b1011010010 9
b110000000 )
b110000000 -
b110000000 :
b10111011 +
#1875
0'
#1880
1'
b1011010001 (
b1011010001 ,
b1011010001 9
b110000010 )
b110000010 -
b110000010 :
b10111100 +
#1885
0'
#1890
1'
b110100110000 (
b110100110000 ,
b110100110000 9
b111001111100 )
b111001111100 -
b111001111100 :
b10111101 +
#1895
0'
#1900
1'
b110100110001 (
b110100110001 ,
b110100110001 9
b111001111010 )
b111001111010 -
b111001111010 :
b10111110 +
#1905
0'
#1910
1'
b110100110010 (
b110100110010 ,
b110100110010 9
b111001111000 )
b111001111000 -
b111001111000 :
b10111111 +
#1915
0'
#1920
1'
b111001110111 (
b111001110111 ,
b111001110111 9
b1011001101 )
b1011001101 -
b1011001101 :
b11000000 +
#1925
0'
#1930
1'
b111001110101 (
b111001110101 ,
b111001110101 9
b1011001100 )
b1011001100 -
b1011001100 :
b11000001 +
#1935
0'
#1940
1'
b111001110011 (
b111001110011 ,
b111001110011 9
b1011001011 )
b1011001011 -
b1011001011 :
b11000010 +
#1945
0'
#1950
1'
b1100010011 (
b1100010011 ,
b1100010011 9
b111100100010 )
b111100100010 -
b111100100010 :
b11000011 +
#1955
0'
#1960
1'
b1100010100 (
b1100010100 ,
b1100010100 9
b111100100100 )
b111100100100 -
b111100100100 :
b11000100 +
#1965
0'
#1970
1'
b1100010101 (
b1100010101 ,
b1100010101 9
b111100100110 )
b111100100110 -
b111100100110 :
b11000101 +
#1975
0'
#1980
1'
b111100101000 )
b111100101000 -
b111100101000 :
b11000110 +
#1985
0'
#1990
1'
b1100010110 (
b1100010110 ,
b1100010110 9
b111100101010 )
b111100101010 -
b111100101010 :
b11000111 +
#1995
0'
#2000
1'
b111100101100 )
b111100101100 -
b111100101100 :
b11001000 +
#2005
0'
#2010
1'
b110011101001 (
b110011101001 ,
b110011101001 9
b11010010 )
b11010010 -
b11010010 :
b11001001 +
#2015
0'
#2020
1'
b11010000 )
b11010000 -
b11010000 :
b11001010 +
#2025
0'
#2030
1'
b110011101000 (
b110011101000 ,
b110011101000 9
b11001110 )
b11001110 -
b11001110 :
b11001011 +
#2035
0'
#2040
1'
b1011000001 (
b1011000001 ,
b1011000001 9
b110100000 )
b110100000 -
b110100000 :
b11001100 +
#2045
0'
#2050
1'
b1011000000 (
b1011000000 ,
b1011000000 9
b110100010 )
b110100010 -
b110100010 :
b11001101 +
#2055
0'
#2060
1'
b1010111110 (
b1010111110 ,
b1010111110 9
b110100011 )
b110100011 -
b110100011 :
b11001110 +
#2065
0'
#2070
1'
b111001011011 (
b111001011011 ,
b111001011011 9
b1010111101 )
b1010111101 -
b1010111101 :
b11001111 +
#2075
0'
#2080
1'
b111001011001 (
b111001011001 ,
b111001011001 9
b1010111100 )
b1010111100 -
b1010111100 :
b11010000 +
#2085
0'
#2090
1'
b111001010111 (
b111001010111 ,
b111001010111 9
b1010111011 )
b1010111011 -
b1010111011 :
b11010001 +
#2095
0'
#2100
1'
b110011100100 (
b110011100100 ,
b110011100100 9
b10111111 )
b10111111 -
b10111111 :
b11010010 +
#2105
0'
#2110
1'
b10111101 )
b10111101 -
b10111101 :
b11010011 +
#2115
0'
#2120
1'
b110011100011 (
b110011100011 ,
b110011100011 9
b10111011 )
b10111011 -
b10111011 :
b11010100 +
#2125
0'
#2130
1'
b10111001 (
b10111001 ,
b10111001 9
b1100011101 )
b1100011101 -
b1100011101 :
b11010101 +
#2135
0'
#2140
1'
b10110111 (
b10110111 ,
b10110111 9
b11010110 +
#2145
0'
#2150
1'
b10110101 (
b10110101 ,
b10110101 9
b1100011110 )
b1100011110 -
b1100011110 :
b11010111 +
#2155
0'
#2160
1'
b1100011110 (
b1100011110 ,
b1100011110 9
b111101001101 )
b111101001101 -
b111101001101 :
b11011000 +
#2165
0'
#2170
1'
b1100011111 (
b1100011111 ,
b1100011111 9
b111101001111 )
b111101001111 -
b111101001111 :
b11011001 +
#2175
0'
#2180
1'
b111101010001 )
b111101010001 -
b111101010001 :
b11011010 +
#2185
0'
#2190
1'
b111001000101 (
b111001000101 ,
b111001000101 9
b1010110000 )
b1010110000 -
b1010110000 :
b11011011 +
#2195
0'
#2200
1'
b111001000011 (
b111001000011 ,
b111001000011 9
b1010101111 )
b1010101111 -
b1010101111 :
b11011100 +
#2205
0'
#2210
1'
b111001000001 (
b111001000001 ,
b111001000001 9
b1010101101 )
b1010101101 -
b1010101101 :
b11011101 +
#2215
0'
#2220
1'
b10100110 (
b10100110 ,
b10100110 9
b1100100001 )
b1100100001 -
b1100100001 :
b11011110 +
#2225
0'
#2230
1'
b10100100 (
b10100100 ,
b10100100 9
b1100100010 )
b1100100010 -
b1100100010 :
b11011111 +
#2235
0'
#2240
1'
b10100010 (
b10100010 ,
b10100010 9
b11100000 +
#2245
0'
#2250
1'
b10100000 (
b10100000 ,
b10100000 9
b11100001 +
#2255
0'
#2260
1'
b10011110 (
b10011110 ,
b10011110 9
b1100100011 )
b1100100011 -
b1100100011 :
b11100010 +
#2265
0'
#2270
1'
b10011100 (
b10011100 ,
b10011100 9
b11100011 +
#2275
0'
#2280
1'
b111000110101 (
b111000110101 ,
b111000110101 9
b1010100101 )
b1010100101 -
b1010100101 :
b11100100 +
#2285
0'
#2290
1'
b111000110011 (
b111000110011 ,
b111000110011 9
b1010100100 )
b1010100100 -
b1010100100 :
b11100101 +
#2295
0'
#2300
1'
b111000110001 (
b111000110001 ,
b111000110001 9
b1010100011 )
b1010100011 -
b1010100011 :
b11100110 +
#2305
0'
#2310
1'
b111010000 (
b111010000 ,
b111010000 9
b110101011110 )
b110101011110 -
b110101011110 :
b11100111 +
#2315
0'
#2320
1'
b111010010 (
b111010010 ,
b111010010 9
b110101100000 )
b110101100000 -
b110101100000 :
b11101000 +
#2325
0'
#2330
1'
b111010100 (
b111010100 ,
b111010100 9
b110101100001 )
b110101100001 -
b110101100001 :
b11101001 +
#2335
0'
#2340
1'
b1100100110 (
b1100100110 ,
b1100100110 9
b111101110011 )
b111101110011 -
b111101110011 :
b11101010 +
#2345
0'
#2350
1'
b111101110101 )
b111101110101 -
b111101110101 :
b11101011 +
#2355
0'
#2360
1'
b1100100111 (
b1100100111 ,
b1100100111 9
b111101110111 )
b111101110111 -
b111101110111 :
b11101100 +
#2365
0'
#2370
1'
b111101111001 (
b111101111001 ,
b111101111001 9
b110011011001 )
b110011011001 -
b110011011001 :
b11101101 +
#2375
0'
#2380
1'
b111101111011 (
b111101111011 ,
b111101111011 9
b11101110 +
#2385
0'
#2390
1'
b111101111101 (
b111101111101 ,
b111101111101 9
b110011011000 )
b110011011000 -
b110011011000 :
b11101111 +
#2395
0'
#2400
1'
b1100101000 (
b1100101000 ,
b1100101000 9
b111110000000 )
b111110000000 -
b111110000000 :
b11110000 +
#2405
0'
#2410
1'
b111110000010 )
b111110000010 -
b111110000010 :
b11110001 +
#2415
0'
#2420
1'
b1100101001 (
b1100101001 ,
b1100101001 9
b111110000100 )
b111110000100 -
b111110000100 :
b11110010 +
#2425
0'
#2430
1'
b1010010011 (
b1010010011 ,
b1010010011 9
b111100101 )
b111100101 -
b111100101 :
b11110011 +
#2435
0'
#2440
1'
b1010010001 (
b1010010001 ,
b1010010001 9
b111100111 )
b111100111 -
b111100111 :
b11110100 +
#2445
0'
#2450
1'
b1010010000 (
b1010010000 ,
b1010010000 9
b111101001 )
b111101001 -
b111101001 :
b11110101 +
#2455
0'
#2460
1'
b1110100 (
b1110100 ,
b1110100 9
b1100101010 )
b1100101010 -
b1100101010 :
b11110110 +
#2465
0'
#2470
1'
b1110010 (
b1110010 ,
b1110010 9
b11110111 +
#2475
0'
#2480
1'
b1101111 (
b1101111 ,
b1101111 9
b1100101011 )
b1100101011 -
b1100101011 :
b11111000 +
#2485
0'
#2490
1'
b1100101011 (
b1100101011 ,
b1100101011 9
b111110010011 )
b111110010011 -
b111110010011 :
b11111001 +
#2495
0'
#2500
1'
b111110010101 )
b111110010101 -
b111110010101 :
b11111010 +
#2505
0'
#2510
1'
b111110010111 )
b111110010111 -
b111110010111 :
b11111011 +
#2515
0'
#2520
1'
b1100101100 (
b1100101100 ,
b1100101100 9
b111110011001 )
b111110011001 -
b111110011001 :
b11111100 +
#2525
0'
#2530
1'
b111110011011 )
b111110011011 -
b111110011011 :
b11111101 +
#2535
0'
#2540
1'
b111110011101 )
b111110011101 -
b111110011101 :
b11111110 +
#2545
0'
#2550
1'
b1010000011 (
b1010000011 ,
b1010000011 9
b111111010 )
b111111010 -
b111111010 :
b11111111 +
#2555
0'
#2560
1'
b1010000010 (
b1010000010 ,
b1010000010 9
b111111011 )
b111111011 -
b111111011 :
b100000000 +
#2565
0'
#2570
1'
b1010000000 (
b1010000000 ,
b1010000000 9
b111111101 )
b111111101 -
b111111101 :
b100000001 +
#2575
0'
#2580
1'
b111110100110 (
b111110100110 ,
b111110100110 9
b110011010011 )
b110011010011 -
b110011010011 :
b100000010 +
#2585
0'
#2590
1'
b111110101000 (
b111110101000 ,
b111110101000 9
b100000011 +
#2595
0'
#2600
1'
b111110101010 (
b111110101010 ,
b111110101010 9
b110011010010 )
b110011010010 -
b110011010010 :
b100000100 +
#2605
0'
#2610
1'
b1001111011 (
b1001111011 ,
b1001111011 9
b1000000100 )
b1000000100 -
b1000000100 :
b100000101 +
#2615
0'
#2620
1'
b1001111010 (
b1001111010 ,
b1001111010 9
b1000000101 )
b1000000101 -
b1000000101 :
b100000110 +
#2625
0'
#2630
1'
b1001111000 (
b1001111000 ,
b1001111000 9
b1000000111 )
b1000000111 -
b1000000111 :
b100000111 +
#2635
0'
#2640
1'
b1000001001 (
b1000001001 ,
b1000001001 9
b110110001001 )
b110110001001 -
b110110001001 :
b100001000 +
#2645
0'
#2650
1'
b1000001010 (
b1000001010 ,
b1000001010 9
b110110001010 )
b110110001010 -
b110110001010 :
b100001001 +
#2655
0'
#2660
1'
b1000001100 (
b1000001100 ,
b1000001100 9
b110110001100 )
b110110001100 -
b110110001100 :
b100001010 +
#2665
0'
#2670
1'
b1001110011 (
b1001110011 ,
b1001110011 9
b1000001110 )
b1000001110 -
b1000001110 :
b100001011 +
#2675
0'
#2680
1'
b1001110001 (
b1001110001 ,
b1001110001 9
b1000001111 )
b1000001111 -
b1000001111 :
b100001100 +
#2685
0'
#2690
1'
b1001110000 (
b1001110000 ,
b1001110000 9
b1000010001 )
b1000010001 -
b1000010001 :
b100001101 +
#2695
0'
#2700
1'
b1001101111 (
b1001101111 ,
b1001101111 9
b1000010011 )
b1000010011 -
b1000010011 :
b100001110 +
#2705
0'
#2710
1'
b1001101101 (
b1001101101 ,
b1001101101 9
b1000010100 )
b1000010100 -
b1000010100 :
b100001111 +
#2715
0'
#2720
1'
b1001101100 (
b1001101100 ,
b1001101100 9
b1000010110 )
b1000010110 -
b1000010110 :
b100010000 +
#2725
0'
#2730
1'
b110111101001 (
b110111101001 ,
b110111101001 9
b1001101011 )
b1001101011 -
b1001101011 :
b100010001 +
#2735
0'
#2740
1'
b110111100111 (
b110111100111 ,
b110111100111 9
b1001101001 )
b1001101001 -
b1001101001 :
b100010010 +
#2745
0'
#2750
1'
b110111100101 (
b110111100101 ,
b110111100101 9
b1001101000 )
b1001101000 -
b1001101000 :
b100010011 +
#2755
0'
#2760
1'
b110100 (
b110100 ,
b110100 9
b1100110001 )
b1100110001 -
b1100110001 :
b100010100 +
#2765
0'
#2770
1'
b110010 (
b110010 ,
b110010 9
b100010101 +
#2775
0'
#2780
1'
b110000 (
b110000 ,
b110000 9
b100010110 +
#2785
0'
#2790
1'
b1100110001 (
b1100110001 ,
b1100110001 9
b111111010011 )
b111111010011 -
b111111010011 :
b100010111 +
#2795
0'
#2800
1'
b111111010101 )
b111111010101 -
b111111010101 :
b100011000 +
#2805
0'
#2810
1'
b111111010111 )
b111111010111 -
b111111010111 :
b100011001 +
#2815
0'
#2820
1'
b110110100010 (
b110110100010 ,
b110110100010 9
b110111011010 )
b110111011010 -
b110111011010 :
b100011010 +
#2825
0'
#2830
1'
b110110100100 (
b110110100100 ,
b110110100100 9
b110111011001 )
b110111011001 -
b110111011001 :
b100011011 +
#2835
0'
#2840
1'
b110110100101 (
b110110100101 ,
b110110100101 9
b110111010111 )
b110111010111 -
b110111010111 :
b100011100 +
#2845
0'
#2850
1'
b110011001110 (
b110011001110 ,
b110011001110 9
b100001 )
b100001 -
b100001 :
b100011101 +
#2855
0'
#2860
1'
b11110 )
b11110 -
b11110 :
b100011110 +
#2865
0'
#2870
1'
b11100 )
b11100 -
b11100 :
b100011111 +
#2875
0'
#2880
1'
b1000101111 (
b1000101111 ,
b1000101111 9
b110110101011 )
b110110101011 -
b110110101011 :
b100100000 +
#2885
0'
#2890
1'
b1000110001 (
b1000110001 ,
b1000110001 9
b110110101100 )
b110110101100 -
b110110101100 :
b100100001 +
#2895
0'
#2900
1'
b1000110010 (
b1000110010 ,
b1000110010 9
b110110101110 )
b110110101110 -
b110110101110 :
b100100010 +
#2905
0'
#2910
1'
b1001010001 (
b1001010001 ,
b1001010001 9
b1000110100 )
b1000110100 -
b1000110100 :
b100100011 +
#2915
0'
#2920
1'
b1001001111 (
b1001001111 ,
b1001001111 9
b1000110110 )
b1000110110 -
b1000110110 :
b100100100 +
#2925
0'
#2930
1'
b1001001110 (
b1001001110 ,
b1001001110 9
b1000110111 )
b1000110111 -
b1000110111 :
b100100101 +
#2935
0'
#2940
1'
b111111110011 (
b111111110011 ,
b111111110011 9
b110011001110 )
b110011001110 -
b110011001110 :
b100100110 +
#2945
0'
#2950
1'
b111111110101 (
b111111110101 ,
b111111110101 9
b100100111 +
#2955
0'
#2960
1'
b111111110111 (
b111111110111 ,
b111111110111 9
b100101000 +
#2965
0'
#2970
1'
b1100110010 (
b1100110010 ,
b1100110010 9
b111111111001 )
b111111111001 -
b111111111001 :
b100101001 +
#2975
0'
#2980
1'
b111111111011 )
b111111111011 -
b111111111011 :
b100101010 +
#2985
0'
#2990
1'
b111111111101 )
b111111111101 -
b111111111101 :
b100101011 +
#2995
0'
#3000
1'
b1001000010 (
b1001000010 ,
b1001000010 9
b110110111101 )
b110110111101 -
b110110111101 :
b100101100 +
#3005
0'
#3010
1'
b1001000011 (
b1001000011 ,
b1001000011 9
b110110111110 )
b110110111110 -
b110110111110 :
b100101101 +
#3015
0'
#3020
1'
b1001000101 (
b1001000101 ,
b1001000101 9
b110111000000 )
b110111000000 -
b110111000000 :
b100101110 +
#3025
0'
#3030
1'
b101 (
b101 ,
b101 9
b110011001110 )
b110011001110 -
b110011001110 :
b100101111 +
#3035
0'
#3040
1'
b111 (
b111 ,
b111 9
b100110000 +
#3045
0'
#3050
1'
b1001 (
b1001 ,
b1001 9
b100110001 +
#3055
0'
#3060
1'
b110110110101 (
b110110110101 ,
b110110110101 9
b1000111010 )
b1000111010 -
b1000111010 :
b100110010 +
#3065
0'
#3070
1'
b110110110100 (
b110110110100 ,
b110110110100 9
b1000111001 )
b1000111001 -
b1000111001 :
b100110011 +
#3075
0'
#3080
1'
b110110110010 (
b110110110010 ,
b110110110010 9
b1000110111 )
b1000110111 -
b1000110111 :
b100110100 +
#3085
0'
#3090
1'
b1000110101 (
b1000110101 ,
b1000110101 9
b1001001111 )
b1001001111 -
b1001001111 :
b100110101 +
#3095
0'
#3100
1'
b1000110100 (
b1000110100 ,
b1000110100 9
b1001010001 )
b1001010001 -
b1001010001 :
b100110110 +
#3105
0'
#3110
1'
b1000110010 (
b1000110010 ,
b1000110010 9
b1001010010 )
b1001010010 -
b1001010010 :
b100110111 +
#3115
0'
#3120
1'
b1001010100 (
b1001010100 ,
b1001010100 9
b110111001111 )
b110111001111 -
b110111001111 :
b100111000 +
#3125
0'
#3130
1'
b1001010101 (
b1001010101 ,
b1001010101 9
b110111010001 )
b110111010001 -
b110111010001 :
b100111001 +
#3135
0'
#3140
1'
b1001010111 (
b1001010111 ,
b1001010111 9
b110111010010 )
b110111010010 -
b110111010010 :
b100111010 +
#3145
0'
#3150
1'
b1100110010 (
b1100110010 ,
b1100110010 9
b11111 )
b11111 -
b11111 :
b100111011 +
#3155
0'
#3160
1'
b100001 )
b100001 -
b100001 :
b100111100 +
#3165
0'
#3170
1'
b100011 )
b100011 -
b100011 :
b100111101 +
#3175
0'
#3180
1'
b1000100111 (
b1000100111 ,
b1000100111 9
b1001011100 )
b1001011100 -
b1001011100 :
b100111110 +
#3185
0'
#3190
1'
b1000100110 (
b1000100110 ,
b1000100110 9
b1001011110 )
b1001011110 -
b1001011110 :
b100111111 +
#3195
0'
#3200
1'
b1000100100 (
b1000100100 ,
b1000100100 9
b1001011111 )
b1001011111 -
b1001011111 :
b101000000 +
#3205
0'
#3210
1'
b110011001111 (
b110011001111 ,
b110011001111 9
b111111010101 )
b111111010101 -
b111111010101 :
b101000001 +
#3215
0'
#3220
1'
b111111010010 )
b111111010010 -
b111111010010 :
b101000010 +
#3225
0'
#3230
1'
b111111010000 )
b111111010000 -
b111111010000 :
b101000011 +
#3235
0'
#3240
1'
b111111001110 )
b111111001110 -
b111111001110 :
b101000100 +
#3245
0'
#3250
1'
b111111001100 )
b111111001100 -
b111111001100 :
b101000101 +
#3255
0'
#3260
1'
b110011010000 (
b110011010000 ,
b110011010000 9
b111111001010 )
b111111001010 -
b111111001010 :
b101000110 +
#3265
0'
#3270
1'
b111111001000 (
b111111001000 ,
b111111001000 9
b1100110000 )
b1100110000 -
b1100110000 :
b101000111 +
#3275
0'
#3280
1'
b111111000110 (
b111111000110 ,
b111111000110 9
b101001000 +
#3285
0'
#3290
1'
b111111000100 (
b111111000100 ,
b111111000100 9
b101001001 +
#3295
0'
#3300
1'
b1000010100 (
b1000010100 ,
b1000010100 9
b1001101101 )
b1001101101 -
b1001101101 :
b101001010 +
#3305
0'
#3310
1'
b1000010011 (
b1000010011 ,
b1000010011 9
b1001101111 )
b1001101111 -
b1001101111 :
b101001011 +
#3315
0'
#3320
1'
b1000010001 (
b1000010001 ,
b1000010001 9
b1001110000 )
b1001110000 -
b1001110000 :
b101001100 +
#3325
0'
#3330
1'
b110111110001 (
b110111110001 ,
b110111110001 9
b110110001110 )
b110110001110 -
b110110001110 :
b101001101 +
#3335
0'
#3340
1'
b110111110010 (
b110111110010 ,
b110111110010 9
b110110001101 )
b110110001101 -
b110110001101 :
b101001110 +
#3345
0'
#3350
1'
b110111110100 (
b110111110100 ,
b110111110100 9
b110110001100 )
b110110001100 -
b110110001100 :
b101001111 +
#3355
0'
#3360
1'
b111110110101 (
b111110110101 ,
b111110110101 9
b1100101111 )
b1100101111 -
b1100101111 :
b101010000 +
#3365
0'
#3370
1'
b111110110010 (
b111110110010 ,
b111110110010 9
b101010001 +
#3375
0'
#3380
1'
b111110110000 (
b111110110000 ,
b111110110000 9
b1100101110 )
b1100101110 -
b1100101110 :
b101010010 +
#3385
0'
#3390
1'
b1010010 (
b1010010 ,
b1010010 9
b110011010010 )
b110011010010 -
b110011010010 :
b101010011 +
#3395
0'
#3400
1'
b1010100 (
b1010100 ,
b1010100 9
b101010100 +
#3405
0'
#3410
1'
b1010110 (
b1010110 ,
b1010110 9
b101010101 +
#3415
0'
#3420
1'
b1000000000 (
b1000000000 ,
b1000000000 9
b1001111110 )
b1001111110 -
b1001111110 :
b101010110 +
#3425
0'
#3430
1'
b111111111 (
b111111111 ,
b111111111 9
b1001111111 )
b1001111111 -
b1001111111 :
b101010111 +
#3435
0'
#3440
1'
b111111101 (
b111111101 ,
b111111101 9
b1010000000 )
b1010000000 -
b1010000000 :
b101011000 +
#3445
0'
#3450
1'
b1100101101 (
b1100101101 ,
b1100101101 9
b1011111 )
b1011111 -
b1011111 :
b101011001 +
#3455
0'
#3460
1'
b1100001 )
b1100001 -
b1100001 :
b101011010 +
#3465
0'
#3470
1'
b1100101100 (
b1100101100 ,
b1100101100 9
b1100011 )
b1100011 -
b1100011 :
b101011011 +
#3475
0'
#3480
1'
b110011010100 (
b110011010100 ,
b110011010100 9
b111110011011 )
b111110011011 -
b111110011011 :
b101011100 +
#3485
0'
#3490
1'
b111110011001 )
b111110011001 -
b111110011001 :
b101011101 +
#3495
0'
#3500
1'
b110011010101 (
b110011010101 ,
b110011010101 9
b111110010111 )
b111110010111 -
b111110010111 :
b101011110 +
#3505
0'
#3510
1'
b1100101011 (
b1100101011 ,
b1100101011 9
b1101011 )
b1101011 -
b1101011 :
b101011111 +
#3515
0'
#3520
1'
b1101101 )
b1101101 -
b1101101 :
b101100000 +
#3525
0'
#3530
1'
b1110000 )
b1110000 -
b1110000 :
b101100001 +
#3535
0'
#3540
1'
b1010001110 (
b1010001110 ,
b1010001110 9
b111000010100 )
b111000010100 -
b111000010100 :
b101100010 +
#3545
0'
#3550
1'
b1010001111 (
b1010001111 ,
b1010001111 9
b111000010110 )
b111000010110 -
b111000010110 :
b101100011 +
#3555
0'
#3560
1'
b1010010000 (
b1010010000 ,
b1010010000 9
b111000010111 )
b111000010111 -
b111000010111 :
b101100100 +
#3565
0'
#3570
1'
b1010010001 (
b1010010001 ,
b1010010001 9
b111000011001 )
b111000011001 -
b111000011001 :
b101100101 +
#3575
0'
#3580
1'
b1010010011 (
b1010010011 ,
b1010010011 9
b111000011011 )
b111000011011 -
b111000011011 :
b101100110 +
#3585
0'
#3590
1'
b1010010100 (
b1010010100 ,
b1010010100 9
b111000011100 )
b111000011100 -
b111000011100 :
b101100111 +
#3595
0'
#3600
1'
b110011011000 (
b110011011000 ,
b110011011000 9
b111110000010 )
b111110000010 -
b111110000010 :
b101101000 +
#3605
0'
#3610
1'
b111110000000 )
b111110000000 -
b111110000000 :
b101101001 +
#3615
0'
#3620
1'
b111101111101 )
b111101111101 -
b111101111101 :
b101101010 +
#3625
0'
#3630
1'
b111011101 (
b111011101 ,
b111011101 9
b1010011001 )
b1010011001 -
b1010011001 :
b101101011 +
#3635
0'
#3640
1'
b111011011 (
b111011011 ,
b111011011 9
b1010011010 )
b1010011010 -
b1010011010 :
b101101100 +
#3645
0'
#3650
1'
b111011001 (
b111011001 ,
b111011001 9
b1010011011 )
b1010011011 -
b1010011011 :
b101101101 +
#3655
0'
#3660
1'
b1010011101 (
b1010011101 ,
b1010011101 9
b111000101001 )
b111000101001 -
b111000101001 :
b101101110 +
#3665
0'
#3670
1'
b1010011110 (
b1010011110 ,
b1010011110 9
b111000101010 )
b111000101010 -
b111000101010 :
b101101111 +
#3675
0'
#3680
1'
b1010011111 (
b1010011111 ,
b1010011111 9
b111000101100 )
b111000101100 -
b111000101100 :
b101110000 +
#3685
0'
#3690
1'
b110011011011 (
b110011011011 ,
b110011011011 9
b111101101111 )
b111101101111 -
b111101101111 :
b101110001 +
#3695
0'
#3700
1'
b111101101101 )
b111101101101 -
b111101101101 :
b101110010 +
#3705
0'
#3710
1'
b110011011100 (
b110011011100 ,
b110011011100 9
b111101101010 )
b111101101010 -
b111101101010 :
b101110011 +
#3715
0'
#3720
1'
b111101101000 (
b111101101000 ,
b111101101000 9
b1100100100 )
b1100100100 -
b1100100100 :
b101110100 +
#3725
0'
#3730
1'
b111101100110 (
b111101100110 ,
b111101100110 9
b101110101 +
#3735
0'
#3740
1'
b111101100100 (
b111101100100 ,
b111101100100 9
b1100100011 )
b1100100011 -
b1100100011 :
b101110110 +
#3745
0'
#3750
1'
b1010101000 (
b1010101000 ,
b1010101000 9
b111000111001 )
b111000111001 -
b111000111001 :
b101110111 +
#3755
0'
#3760
1'
b1010101001 (
b1010101001 ,
b1010101001 9
b111000111010 )
b111000111010 -
b111000111010 :
b101111000 +
#3765
0'
#3770
1'
b1010101010 (
b1010101010 ,
b1010101010 9
b111000111100 )
b111000111100 -
b111000111100 :
b101111001 +
#3775
0'
#3780
1'
b110101010101 (
b110101010101 ,
b110101010101 9
b111000010 )
b111000010 -
b111000010 :
b101111010 +
#3785
0'
#3790
1'
b110101010100 (
b110101010100 ,
b110101010100 9
b111000000 )
b111000000 -
b111000000 :
b101111011 +
#3795
0'
#3800
1'
b110101010011 (
b110101010011 ,
b110101010011 9
b110111111 )
b110111111 -
b110111111 :
b101111100 +
#3805
0'
#3810
1'
b1100100000 (
b1100100000 ,
b1100100000 9
b10101011 )
b10101011 -
b10101011 :
b101111101 +
#3815
0'
#3820
1'
b10101101 )
b10101101 -
b10101101 :
b101111110 +
#3825
0'
#3830
1'
b1100011111 (
b1100011111 ,
b1100011111 9
b10101111 )
b10101111 -
b10101111 :
b101111111 +
#3835
0'
#3840
1'
b110101001110 (
b110101001110 ,
b110101001110 9
b110110111 )
b110110111 -
b110110111 :
b110000000 +
#3845
0'
#3850
1'
b110101001101 (
b110101001101 ,
b110101001101 9
b110110110 )
b110110110 -
b110110110 :
b110000001 +
#3855
0'
#3860
1'
b110101001100 (
b110101001100 ,
b110101001100 9
b110110100 )
b110110100 -
b110110100 :
b110000010 +
#3865
0'
#3870
1'
b1010110110 (
b1010110110 ,
b1010110110 9
b111001001110 )
b111001001110 -
b111001001110 :
b110000011 +
#3875
0'
#3880
1'
b1010110111 (
b1010110111 ,
b1010110111 9
b111001010000 )
b111001010000 -
b111001010000 :
b110000100 +
#3885
0'
#3890
1'
b1010111000 (
b1010111000 ,
b1010111000 9
b111001010010 )
b111001010010 -
b111001010010 :
b110000101 +
#3895
0'
#3900
1'
b111101000011 (
b111101000011 ,
b111101000011 9
b1100011100 )
b1100011100 -
b1100011100 :
b110000110 +
#3905
0'
#3910
1'
b111101000001 (
b111101000001 ,
b111101000001 9
b1100011011 )
b1100011011 -
b1100011011 :
b110000111 +
#3915
0'
#3920
1'
b111100111110 (
b111100111110 ,
b111100111110 9
b110001000 +
#3925
0'
#3930
1'
b111100111100 (
b111100111100 ,
b111100111100 9
b1100011010 )
b1100011010 -
b1100011010 :
b110001001 +
#3935
0'
#3940
1'
b111100111010 (
b111100111010 ,
b111100111010 9
b110001010 +
#3945
0'
#3950
1'
b111100111000 (
b111100111000 ,
b111100111000 9
b1100011001 )
b1100011001 -
b1100011001 :
b110001011 +
#3955
0'
#3960
1'
b1100011001 (
b1100011001 ,
b1100011001 9
b11001010 )
b11001010 -
b11001010 :
b110001100 +
#3965
0'
#3970
1'
b1100011000 (
b1100011000 ,
b1100011000 9
b11001100 )
b11001100 -
b11001100 :
b110001101 +
#3975
0'
#3980
1'
b11001110 )
b11001110 -
b11001110 :
b110001110 +
#3985
0'
#3990
1'
b110011101001 (
b110011101001 ,
b110011101001 9
b111100110000 )
b111100110000 -
b111100110000 :
b110001111 +
#3995
0'
#4000
1'
b111100101110 )
b111100101110 -
b111100101110 :
b110010000 +
#4005
0'
#4010
1'
b110011101010 (
b110011101010 ,
b110011101010 9
b111100101100 )
b111100101100 -
b111100101100 :
b110010001 +
#4015
0'
#4020
1'
b1100010110 (
b1100010110 ,
b1100010110 9
b11010110 )
b11010110 -
b11010110 :
b110010010 +
#4025
0'
#4030
1'
b1100010101 (
b1100010101 ,
b1100010101 9
b11011000 )
b11011000 -
b11011000 :
b110010011 +
#4035
0'
#4040
1'
b11011010 )
b11011010 -
b11011010 :
b110010100 +
#4045
0'
#4050
1'
b1011001001 (
b1011001001 ,
b1011001001 9
b111001101111 )
b111001101111 -
b111001101111 :
b110010101 +
#4055
0'
#4060
1'
b1011001010 (
b1011001010 ,
b1011001010 9
b111001110001 )
b111001110001 -
b111001110001 :
b110010110 +
#4065
0'
#4070
1'
b1011001011 (
b1011001011 ,
b1011001011 9
b111001110011 )
b111001110011 -
b111001110011 :
b110010111 +
#4075
0'
#4080
1'
b1011001100 (
b1011001100 ,
b1011001100 9
b111001110101 )
b111001110101 -
b111001110101 :
b110011000 +
#4085
0'
#4090
1'
b1011001101 (
b1011001101 ,
b1011001101 9
b111001110111 )
b111001110111 -
b111001110111 :
b110011001 +
#4095
0'
#4100
1'
b1011001110 (
b1011001110 ,
b1011001110 9
b111001111001 )
b111001111001 -
b111001111001 :
b110011010 +
#4105
0'
#4110
1'
b111100010111 (
b111100010111 ,
b111100010111 9
b1100010000 )
b1100010000 -
b1100010000 :
b110011011 +
#4115
0'
#4120
1'
b111100010101 (
b111100010101 ,
b111100010101 9
b110011100 +
#4125
0'
#4130
1'
b111100010011 (
b111100010011 ,
b111100010011 9
b1100001111 )
b1100001111 -
b1100001111 :
b110011101 +
#4135
0'
#4140
1'
b11101111 (
b11101111 ,
b11101111 9
b110011110001 )
b110011110001 -
b110011110001 :
b110011110 +
#4145
0'
#4150
1'
b11110001 (
b11110001 ,
b11110001 9
b110011110010 )
b110011110010 -
b110011110010 :
b110011111 +
#4155
0'
#4160
1'
b11110011 (
b11110011 ,
b11110011 9
b110011110011 )
b110011110011 -
b110011110011 :
b110100000 +
#4165
0'
#4170
1'
b101111010 (
b101111010 ,
b101111010 9
b1011010101 )
b1011010101 -
b1011010101 :
b110100001 +
#4175
0'
#4180
1'
b101111000 (
b101111000 ,
b101111000 9
b1011010110 )
b1011010110 -
b1011010110 :
b110100010 +
#4185
0'
#4190
1'
b101110110 (
b101110110 ,
b101110110 9
b1011010111 )
b1011010111 -
b1011010111 :
b110100011 +
#4195
0'
#4200
1'
b1100001011 (
b1100001011 ,
b1100001011 9
b11111011 )
b11111011 -
b11111011 :
b110100100 +
#4205
0'
#4210
1'
b1100001010 (
b1100001010 ,
b1100001010 9
b11111101 )
b11111101 -
b11111101 :
b110100101 +
#4215
0'
#4220
1'
b1100001001 (
b1100001001 ,
b1100001001 9
b11111111 )
b11111111 -
b11111111 :
b110100110 +
#4225
0'
#4230
1'
b100000001 )
b100000001 -
b100000001 :
b110100111 +
#4235
0'
#4240
1'
b1100001000 (
b1100001000 ,
b1100001000 9
b100000011 )
b100000011 -
b100000011 :
b110101000 +
#4245
0'
#4250
1'
b1100000111 (
b1100000111 ,
b1100000111 9
b100000101 )
b100000101 -
b100000101 :
b110101001 +
#4255
0'
#4260
1'
b111011111001 (
b111011111001 ,
b111011111001 9
b1100000111 )
b1100000111 -
b1100000111 :
b110101010 +
#4265
0'
#4270
1'
b111011110111 (
b111011110111 ,
b111011110111 9
b1100000110 )
b1100000110 -
b1100000110 :
b110101011 +
#4275
0'
#4280
1'
b111011110101 (
b111011110101 ,
b111011110101 9
b1100000101 )
b1100000101 -
b1100000101 :
b110101100 +
#4285
0'
#4290
1'
b110011111011 (
b110011111011 ,
b110011111011 9
b111011110011 )
b111011110011 -
b111011110011 :
b110101101 +
#4295
0'
#4300
1'
b110011111100 (
b110011111100 ,
b110011111100 9
b111011110001 )
b111011110001 -
b111011110001 :
b110101110 +
#4305
0'
#4310
1'
b110011111101 (
b110011111101 ,
b110011111101 9
b111011101111 )
b111011101111 -
b111011101111 :
b110101111 +
#4315
0'
#4320
1'
b1011100100 (
b1011100100 ,
b1011100100 9
b111010100011 )
b111010100011 -
b111010100011 :
b110110000 +
#4325
0'
#4330
1'
b1011100101 (
b1011100101 ,
b1011100101 9
b111010100100 )
b111010100100 -
b111010100100 :
b110110001 +
#4335
0'
#4340
1'
b1011100110 (
b1011100110 ,
b1011100110 9
b111010100110 )
b111010100110 -
b111010100110 :
b110110010 +
#4345
0'
#4350
1'
b110100000000 (
b110100000000 ,
b110100000000 9
b111011100110 )
b111011100110 -
b111011100110 :
b110110011 +
#4355
0'
#4360
1'
b110100000001 (
b110100000001 ,
b110100000001 9
b111011100100 )
b111011100100 -
b111011100100 :
b110110100 +
#4365
0'
#4370
1'
b111011100010 )
b111011100010 -
b111011100010 :
b110110101 +
#4375
0'
#4380
1'
b110100000010 (
b110100000010 ,
b110100000010 9
b111011100000 )
b111011100000 -
b111011100000 :
b110110110 +
#4385
0'
#4390
1'
b110100000011 (
b110100000011 ,
b110100000011 9
b111011011110 )
b111011011110 -
b111011011110 :
b110110111 +
#4395
0'
#4400
1'
b110100000100 (
b110100000100 ,
b110100000100 9
b111011011100 )
b111011011100 -
b111011011100 :
b110111000 +
#4405
0'
#4410
1'
b101001100 (
b101001100 ,
b101001100 9
b1011101100 )
b1011101100 -
b1011101100 :
b110111001 +
#4415
0'
#4420
1'
b101001010 (
b101001010 ,
b101001010 9
b1011101101 )
b1011101101 -
b1011101101 :
b110111010 +
#4425
0'
#4430
1'
b101001000 (
b101001000 ,
b101001000 9
b110111011 +
#4435
0'
#4440
1'
b101000110 (
b101000110 ,
b101000110 9
b1011101110 )
b1011101110 -
b1011101110 :
b110111100 +
#4445
0'
#4450
1'
b101000100 (
b101000100 ,
b101000100 9
b1011101111 )
b1011101111 -
b1011101111 :
b110111101 +
#4455
0'
#4460
1'
b101000010 (
b101000010 ,
b101000010 9
b1011110000 )
b1011110000 -
b1011110000 :
b110111110 +
#4465
0'
#4470
1'
b110100001001 (
b110100001001 ,
b110100001001 9
b111011001111 )
b111011001111 -
b111011001111 :
b110111111 +
#4475
0'
#4480
1'
b110100001010 (
b110100001010 ,
b110100001010 9
b111011001101 )
b111011001101 -
b111011001101 :
b111000000 +
#4485
0'
#4490
1'
b110100001011 (
b110100001011 ,
b110100001011 9
b111011001011 )
b111011001011 -
b111011001011 :
b111000001 +
#4495
0'
#4500
1'
b100110111 (
b100110111 ,
b100110111 9
b110100001011 )
b110100001011 -
b110100001011 :
b111000010 +
#4505
0'
#4510
1'
b100111001 (
b100111001 ,
b100111001 9
b110100001100 )
b110100001100 -
b110100001100 :
b111000011 +
#4515
0'
#4520
1'
b100111011 (
b100111011 ,
b100111011 9
b110100001101 )
b110100001101 -
b110100001101 :
b111000100 +
#4525
0'
#4530
1'
b111011000011 (
b111011000011 ,
b111011000011 9
b1011110010 )
b1011110010 -
b1011110010 :
b111000101 +
#4535
0'
#4540
1'
b111011000001 (
b111011000001 ,
b111011000001 9
b1011110001 )
b1011110001 -
b1011110001 :
b111000110 +
#4545
0'
#4550
1'
b111010111111 (
b111010111111 ,
b111010111111 9
b1011110000 )
b1011110000 -
b1011110000 :
b111000111 +
#4555
0'
#4560
1'
b110100001000 (
b110100001000 ,
b110100001000 9
b100101110 )
b100101110 -
b100101110 :
b111001000 +
#4565
0'
#4570
1'
b110100000111 (
b110100000111 ,
b110100000111 9
b100101100 )
b100101100 -
b100101100 :
b111001001 +
#4575
0'
#4580
1'
b110100000110 (
b110100000110 ,
b110100000110 9
b100101010 )
b100101010 -
b100101010 :
b111001010 +
#4585
0'
#4590
1'
b101001001 (
b101001001 ,
b101001001 9
b110100010011 )
b110100010011 -
b110100010011 :
b111001011 +
#4595
0'
#4600
1'
b101001011 (
b101001011 ,
b101001011 9
b110100010100 )
b110100010100 -
b110100010100 :
b111001100 +
#4605
0'
#4610
1'
b101001101 (
b101001101 ,
b101001101 9
b110100010101 )
b110100010101 -
b110100010101 :
b111001101 +
#4615
0'
#4620
1'
b111010110001 (
b111010110001 ,
b111010110001 9
b1011101010 )
b1011101010 -
b1011101010 :
b111001110 +
#4625
0'
#4630
1'
b111010101111 (
b111010101111 ,
b111010101111 9
b111001111 +
#4635
0'
#4640
1'
b111010101101 (
b111010101101 ,
b111010101101 9
b1011101001 )
b1011101001 -
b1011101001 :
b111010000 +
#4645
0'
#4650
1'
b110100011000 (
b110100011000 ,
b110100011000 9
b111010101011 )
b111010101011 -
b111010101011 :
b111010001 +
#4655
0'
#4660
1'
b110100011001 (
b110100011001 ,
b110100011001 9
b111010101001 )
b111010101001 -
b111010101001 :
b111010010 +
#4665
0'
#4670
1'
b110100011010 (
b110100011010 ,
b110100011010 9
b111010100111 )
b111010100111 -
b111010100111 :
b111010011 +
#4675
0'
#4680
1'
b110100011011 (
b110100011011 ,
b110100011011 9
b111010100101 )
b111010100101 -
b111010100101 :
b111010100 +
#4685
0'
#4690
1'
b110100011100 (
b110100011100 ,
b110100011100 9
b111010100011 )
b111010100011 -
b111010100011 :
b111010101 +
#4695
0'
#4700
1'
b110100011101 (
b110100011101 ,
b110100011101 9
b111010100001 )
b111010100001 -
b111010100001 :
b111010110 +
#4705
0'
#4710
1'
b110011111100 (
b110011111100 ,
b110011111100 9
b100010000 )
b100010000 -
b100010000 :
b111010111 +
#4715
0'
#4720
1'
b100001110 )
b100001110 -
b100001110 :
b111011000 +
#4725
0'
#4730
1'
b110011111011 (
b110011111011 ,
b110011111011 9
b100001100 )
b100001100 -
b100001100 :
b111011001 +
#4735
0'
#4740
1'
b110100100000 (
b110100100000 ,
b110100100000 9
b111010011010 )
b111010011010 -
b111010011010 :
b111011010 +
#4745
0'
#4750
1'
b110100100001 (
b110100100001 ,
b110100100001 9
b111010011000 )
b111010011000 -
b111010011000 :
b111011011 +
#4755
0'
#4760
1'
b110100100010 (
b110100100010 ,
b110100100010 9
b111010010110 )
b111010010110 -
b111010010110 :
b111011100 +
#4765
0'
#4770
1'
b101101100 (
b101101100 ,
b101101100 9
b110100100011 )
b110100100011 -
b110100100011 :
b111011101 +
#4775
0'
#4780
1'
b101101110 (
b101101110 ,
b101101110 9
b110100100100 )
b110100100100 -
b110100100100 :
b111011110 +
#4785
0'
#4790
1'
b101110000 (
b101110000 ,
b101110000 9
b110100100101 )
b110100100101 -
b110100100101 :
b111011111 +
#4795
0'
#4800
1'
b110011110110 (
b110011110110 ,
b110011110110 9
b11111110 )
b11111110 -
b11111110 :
b111100000 +
#4805
0'
#4810
1'
b11111100 )
b11111100 -
b11111100 :
b111100001 +
#4815
0'
#4820
1'
b110011110101 (
b110011110101 ,
b110011110101 9
b11111010 )
b11111010 -
b11111010 :
b111100010 +
#4825
0'
#4830
1'
b110011110100 (
b110011110100 ,
b110011110100 9
b11111000 )
b11111000 -
b11111000 :
b111100011 +
#4835
0'
#4840
1'
b11110110 )
b11110110 -
b11110110 :
b111100100 +
#4845
0'
#4850
1'
b110011110011 (
b110011110011 ,
b110011110011 9
b11110100 )
b11110100 -
b11110100 :
b111100101 +
#4855
0'
#4860
1'
b110100101100 (
b110100101100 ,
b110100101100 9
b111010000011 )
b111010000011 -
b111010000011 :
b111100110 +
#4865
0'
#4870
1'
b110100101101 (
b110100101101 ,
b110100101101 9
b111010000001 )
b111010000001 -
b111010000001 :
b111100111 +
#4875
0'
#4880
1'
b110100101110 (
b110100101110 ,
b110100101110 9
b111001111111 )
b111001111111 -
b111001111111 :
b111101000 +
#4885
0'
#4890
1'
b110100101111 (
b110100101111 ,
b110100101111 9
b111001111101 )
b111001111101 -
b111001111101 :
b111101001 +
#4895
0'
#4900
1'
b110100110000 (
b110100110000 ,
b110100110000 9
b111001111011 )
b111001111011 -
b111001111011 :
b111101010 +
#4905
0'
#4910
1'
b110100110001 (
b110100110001 ,
b110100110001 9
b111001111001 )
b111001111001 -
b111001111001 :
b111101011 +
#4915
0'
#4920
1'
b111100011010 (
b111100011010 ,
b111100011010 9
b110011101111 )
b110011101111 -
b110011101111 :
b111101100 +
#4925
0'
#4930
1'
b111100011100 (
b111100011100 ,
b111100011100 9
b110011101110 )
b110011101110 -
b110011101110 :
b111101101 +
#4935
0'
#4940
1'
b111100011111 (
b111100011111 ,
b111100011111 9
b110011101101 )
b110011101101 -
b110011101101 :
b111101110 +
#4945
0'
#4950
1'
b110100110101 (
b110100110101 ,
b110100110101 9
b111001110010 )
b111001110010 -
b111001110010 :
b111101111 +
#4955
0'
#4960
1'
b110100110110 (
b110100110110 ,
b110100110110 9
b111001110000 )
b111001110000 -
b111001110000 :
b111110000 +
#4965
0'
#4970
1'
b110100110111 (
b110100110111 ,
b110100110111 9
b111001101110 )
b111001101110 -
b111001101110 :
b111110001 +
#4975
0'
#4980
1'
b110100111000 (
b110100111000 ,
b110100111000 9
b111001101100 )
b111001101100 -
b111001101100 :
b111110010 +
#4985
0'
#4990
1'
b110100111001 (
b110100111001 ,
b110100111001 9
b111001101010 )
b111001101010 -
b111001101010 :
b111110011 +
#4995
0'
#5000
1'
b110100111011 (
b110100111011 ,
b110100111011 9
b111001101001 )
b111001101001 -
b111001101001 :
b111110100 +
#5005
0'
#5010
1'
b1011000100 (
b1011000100 ,
b1011000100 9
b110011001 )
b110011001 -
b110011001 :
b111110101 +
#5015
0'
#5020
1'
b1011000011 (
b1011000011 ,
b1011000011 9
b110011011 )
b110011011 -
b110011011 :
b111110110 +
#5025
0'
#5030
1'
b1011000010 (
b1011000010 ,
b1011000010 9
b110011101 )
b110011101 -
b110011101 :
b111110111 +
#5035
0'
#5040
1'
b1011000001 (
b1011000001 ,
b1011000001 9
b110011111 )
b110011111 -
b110011111 :
b111111000 +
#5045
0'
#5050
1'
b1011000000 (
b1011000000 ,
b1011000000 9
b110100001 )
b110100001 -
b110100001 :
b111111001 +
#5055
0'
#5060
1'
b1010111111 (
b1010111111 ,
b1010111111 9
b110100010 )
b110100010 -
b110100010 :
b111111010 +
#5065
0'
#5070
1'
b111100111001 (
b111100111001 ,
b111100111001 9
b110011100110 )
b110011100110 -
b110011100110 :
b111111011 +
#5075
0'
#5080
1'
b111100111011 (
b111100111011 ,
b111100111011 9
b111111100 +
#5085
0'
#5090
1'
b111100111110 (
b111100111110 ,
b111100111110 9
b110011100101 )
b110011100101 -
b110011100101 :
b111111101 +
#5095
0'
#5100
1'
b11000000 (
b11000000 ,
b11000000 9
b1100011011 )
b1100011011 -
b1100011011 :
b111111110 +
#5105
0'
#5110
1'
b10111110 (
b10111110 ,
b10111110 9
b1100011100 )
b1100011100 -
b1100011100 :
b111111111 +
#5115
0'
#5120
1'
b10111100 (
b10111100 ,
b10111100 9
b1000000000 +
#5125
0'
#5130
1'
b111101000110 (
b111101000110 ,
b111101000110 9
b110011100011 )
b110011100011 -
b110011100011 :
b1000000001 +
#5135
0'
#5140
1'
b111101001000 (
b111101001000 ,
b111101001000 9
b1000000010 +
#5145
0'
#5150
1'
b111101001010 (
b111101001010 ,
b111101001010 9
b110011100010 )
b110011100010 -
b110011100010 :
b1000000011 +
#5155
0'
#5160
1'
b111001001011 (
b111001001011 ,
b111001001011 9
b1010110100 )
b1010110100 -
b1010110100 :
b1000000100 +
#5165
0'
#5170
1'
b111001001001 (
b111001001001 ,
b111001001001 9
b1010110011 )
b1010110011 -
b1010110011 :
b1000000101 +
#5175
0'
#5180
1'
b111001001000 (
b111001001000 ,
b111001001000 9
b1010110001 )
b1010110001 -
b1010110001 :
b1000000110 +
#5185
0'
#5190
1'
b10101110 (
b10101110 ,
b10101110 9
b1100100000 )
b1100100000 -
b1100100000 :
b1000000111 +
#5195
0'
#5200
1'
b10101011 (
b10101011 ,
b10101011 9
b1000001000 +
#5205
0'
#5210
1'
b10101001 (
b10101001 ,
b10101001 9
b1000001001 +
#5215
0'
#5220
1'
b1100100001 (
b1100100001 ,
b1100100001 9
b111101011001 )
b111101011001 -
b111101011001 :
b1000001010 +
#5225
0'
#5230
1'
b111101011011 )
b111101011011 -
b111101011011 :
b1000001011 +
#5235
0'
#5240
1'
b1100100010 (
b1100100010 ,
b1100100010 9
b111101011101 )
b111101011101 -
b111101011101 :
b1000001100 +
#5245
0'
#5250
1'
b111101011111 (
b111101011111 ,
b111101011111 9
b110011011110 )
b110011011110 -
b110011011110 :
b1000001101 +
#5255
0'
#5260
1'
b111101100001 (
b111101100001 ,
b111101100001 9
b110011011101 )
b110011011101 -
b110011011101 :
b1000001110 +
#5265
0'
#5270
1'
b111101100011 (
b111101100011 ,
b111101100011 9
b1000001111 +
#5275
0'
#5280
1'
b1100100011 (
b1100100011 ,
b1100100011 9
b111101100101 )
b111101100101 -
b111101100101 :
b1000010000 +
#5285
0'
#5290
1'
b1100100100 (
b1100100100 ,
b1100100100 9
b111101100111 )
b111101100111 -
b111101100111 :
b1000010001 +
#5295
0'
#5300
1'
b111101101001 )
b111101101001 -
b111101101001 :
b1000010010 +
#5305
0'
#5310
1'
b1100100101 (
b1100100101 ,
b1100100101 9
b111101101100 )
b111101101100 -
b111101101100 :
b1000010011 +
#5315
0'
#5320
1'
b111101101110 )
b111101101110 -
b111101101110 :
b1000010100 +
#5325
0'
#5330
1'
b111101110000 )
b111101110000 -
b111101110000 :
b1000010101 +
#5335
0'
#5340
1'
b110011011010 (
b110011011010 ,
b110011011010 9
b10001110 )
b10001110 -
b10001110 :
b1000010110 +
#5345
0'
#5350
1'
b10001100 )
b10001100 -
b10001100 :
b1000010111 +
#5355
0'
#5360
1'
b110011011001 (
b110011011001 ,
b110011011001 9
b10001010 )
b10001010 -
b10001010 :
b1000011000 +
#5365
0'
#5370
1'
b111011010 (
b111011010 ,
b111011010 9
b110101100101 )
b110101100101 -
b110101100101 :
b1000011001 +
#5375
0'
#5380
1'
b111011100 (
b111011100 ,
b111011100 9
b110101100110 )
b110101100110 -
b110101100110 :
b1000011010 +
#5385
0'
#5390
1'
b111011110 (
b111011110 ,
b111011110 9
b110101101000 )
b110101101000 -
b110101101000 :
b1000011011 +
#5395
0'
#5400
1'
b1010010111 (
b1010010111 ,
b1010010111 9
b111011111 )
b111011111 -
b111011111 :
b1000011100 +
#5405
0'
#5410
1'
b1010010110 (
b1010010110 ,
b1010010110 9
b111100001 )
b111100001 -
b111100001 :
b1000011101 +
#5415
0'
#5420
1'
b1010010100 (
b1010010100 ,
b1010010100 9
b111100011 )
b111100011 -
b111100011 :
b1000011110 +
#5425
0'
#5430
1'
b111110000101 (
b111110000101 ,
b111110000101 9
b110011010111 )
b110011010111 -
b110011010111 :
b1000011111 +
#5435
0'
#5440
1'
b111110000111 (
b111110000111 ,
b111110000111 9
b1000100000 +
#5445
0'
#5450
1'
b111110001001 (
b111110001001 ,
b111110001001 9
b110011010110 )
b110011010110 -
b110011010110 :
b1000100001 +
#5455
0'
#5460
1'
b111101010 (
b111101010 ,
b111101010 9
b110101110001 )
b110101110001 -
b110101110001 :
b1000100010 +
#5465
0'
#5470
1'
b111101011 (
b111101011 ,
b111101011 9
b110101110010 )
b110101110010 -
b110101110010 :
b1000100011 +
#5475
0'
#5480
1'
b111101101 (
b111101101 ,
b111101101 9
b110101110011 )
b110101110011 -
b110101110011 :
b1000100100 +
#5485
0'
#5490
1'
b110011010101 (
b110011010101 ,
b110011010101 9
b1101110 )
b1101110 -
b1101110 :
b1000100101 +
#5495
0'
#5500
1'
b1101100 )
b1101100 -
b1101100 :
b1000100110 +
#5505
0'
#5510
1'
b1101010 )
b1101010 -
b1101010 :
b1000100111 +
#5515
0'
#5520
1'
b111110011000 (
b111110011000 ,
b111110011000 9
b110011010100 )
b110011010100 -
b110011010100 :
b1000101000 +
#5525
0'
#5530
1'
b111110011010 (
b111110011010 ,
b111110011010 9
b1000101001 +
#5535
0'
#5540
1'
b111110011100 (
b111110011100 ,
b111110011100 9
b1000101010 +
#5545
0'
#5550
1'
b110101111100 (
b110101111100 ,
b110101111100 9
b111000000111 )
b111000000111 -
b111000000111 :
b1000101011 +
#5555
0'
#5560
1'
b110101111110 (
b110101111110 ,
b110101111110 9
b111000000101 )
b111000000101 -
b111000000101 :
b1000101100 +
#5565
0'
#5570
1'
b110101111111 (
b110101111111 ,
b110101111111 9
b111000000100 )
b111000000100 -
b111000000100 :
b1000101101 +
#5575
0'
#5580
1'
b1010000000 (
b1010000000 ,
b1010000000 9
b111111110 )
b111111110 -
b111111110 :
b1000101110 +
#5585
0'
#5590
1'
b1001111110 (
b1001111110 ,
b1001111110 9
b1000000000 )
b1000000000 -
b1000000000 :
b1000101111 +
#5595
0'
#5600
1'
b1001111101 (
b1001111101 ,
b1001111101 9
b1000000001 )
b1000000001 -
b1000000001 :
b1000110000 +
#5605
0'
#5610
1'
b1000000011 (
b1000000011 ,
b1000000011 9
b110110000100 )
b110110000100 -
b110110000100 :
b1000110001 +
#5615
0'
#5620
1'
b1000000101 (
b1000000101 ,
b1000000101 9
b110110000110 )
b110110000110 -
b110110000110 :
b1000110010 +
#5625
0'
#5630
1'
b1000000110 (
b1000000110 ,
b1000000110 9
b110110000111 )
b110110000111 -
b110110000111 :
b1000110011 +
#5635
0'
#5640
1'
b1100101110 (
b1100101110 ,
b1100101110 9
b111110110010 )
b111110110010 -
b111110110010 :
b1000110100 +
#5645
0'
#5650
1'
b1100101111 (
b1100101111 ,
b1100101111 9
b111110110100 )
b111110110100 -
b111110110100 :
b1000110101 +
#5655
0'
#5660
1'
b111110110110 )
b111110110110 -
b111110110110 :
b1000110110 +
#5665
0'
#5670
1'
b111110111000 (
b111110111000 ,
b111110111000 9
b110011010001 )
b110011010001 -
b110011010001 :
b1000110111 +
#5675
0'
#5680
1'
b111110111010 (
b111110111010 ,
b111110111010 9
b1000111000 +
#5685
0'
#5690
1'
b111110111100 (
b111110111100 ,
b111110111100 9
b1000111001 +
#5695
0'
#5700
1'
b1000010 (
b1000010 ,
b1000010 9
b1100110000 )
b1100110000 -
b1100110000 :
b1000111010 +
#5705
0'
#5710
1'
b1000000 (
b1000000 ,
b1000000 9
b1000111011 +
#5715
0'
#5720
1'
b111101 (
b111101 ,
b111101 9
b1000111100 +
#5725
0'
#5730
1'
b110110010101 (
b110110010101 ,
b110110010101 9
b110111101001 )
b110111101001 -
b110111101001 :
b1000111101 +
#5735
0'
#5740
1'
b110110010110 (
b110110010110 ,
b110110010110 9
b110111101000 )
b110111101000 -
b110111101000 :
b1000111110 +
#5745
0'
#5750
1'
b110110011000 (
b110110011000 ,
b110110011000 9
b110111100110 )
b110111100110 -
b110111100110 :
b1000111111 +
#5755
0'
#5760
1'
b110011001111 (
b110011001111 ,
b110011001111 9
b110101 )
b110101 -
b110101 :
b1001000000 +
#5765
0'
#5770
1'
b110011 )
b110011 -
b110011 :
b1001000001 +
#5775
0'
#5780
1'
b110001 )
b110001 -
b110001 :
b1001000010 +
#5785
0'
#5790
1'
b110110011101 (
b110110011101 ,
b110110011101 9
b110111100000 )
b110111100000 -
b110111100000 :
b1001000011 +
#5795
0'
#5800
1'
b110110011111 (
b110110011111 ,
b110110011111 9
b110111011110 )
b110111011110 -
b110111011110 :
b1001000100 +
#5805
0'
#5810
1'
b110110100000 (
b110110100000 ,
b110110100000 9
b110111011101 )
b110111011101 -
b110111011101 :
b1001000101 +
#5815
0'
#5820
1'
b111111011000 (
b111111011000 ,
b111111011000 9
b110011001111 )
b110011001111 -
b110011001111 :
b1001000110 +
#5825
0'
#5830
1'
b111111011010 (
b111111011010 ,
b111111011010 9
b1001000111 +
#5835
0'
#5840
1'
b111111011100 (
b111111011100 ,
b111111011100 9
b1001001000 +
#5845
0'
#5850
1'
b110110100110 (
b110110100110 ,
b110110100110 9
b110111010110 )
b110111010110 -
b110111010110 :
b1001001001 +
#5855
0'
#5860
1'
b110110100111 (
b110110100111 ,
b110110100111 9
b110111010101 )
b110111010101 -
b110111010101 :
b1001001010 +
#5865
0'
#5870
1'
b110110101001 (
b110110101001 ,
b110110101001 9
b110111010011 )
b110111010011 -
b110111010011 :
b1001001011 +
#5875
0'
#5880
1'
b1001010110 (
b1001010110 ,
b1001010110 9
b1000101111 )
b1000101111 -
b1000101111 :
b1001001100 +
#5885
0'
#5890
1'
b1001010100 (
b1001010100 ,
b1001010100 9
b1000110000 )
b1000110000 -
b1000110000 :
b1001001101 +
#5895
0'
#5900
1'
b1001010011 (
b1001010011 ,
b1001010011 9
b1000110010 )
b1000110010 -
b1000110010 :
b1001001110 +
#5905
0'
#5910
1'
b1000110011 (
b1000110011 ,
b1000110011 9
b110110101111 )
b110110101111 -
b110110101111 :
b1001001111 +
#5915
0'
#5920
1'
b1000110101 (
b1000110101 ,
b1000110101 9
b110110110000 )
b110110110000 -
b110110110000 :
b1001010000 +
#5925
0'
#5930
1'
b1000110110 (
b1000110110 ,
b1000110110 9
b110110110010 )
b110110110010 -
b110110110010 :
b1001010001 +
#5935
0'
#5940
1'
b110110110011 (
b110110110011 ,
b110110110011 9
b110111001000 )
b110111001000 -
b110111001000 :
b1001010010 +
#5945
0'
#5950
1'
b110110110101 (
b110110110101 ,
b110110110101 9
b110111000111 )
b110111000111 -
b110111000111 :
b1001010011 +
#5955
0'
#5960
1'
b110110110110 (
b110110110110 ,
b110110110110 9
b110111000101 )
b110111000101 -
b110111000101 :
b1001010100 +
#5965
0'
#5970
1'
b110011001110 (
b110011001110 ,
b110011001110 9
b1000 )
b1000 -
b1000 :
b1001010101 +
#5975
0'
#5980
1'
b110 )
b110 -
b110 :
b1001010110 +
#5985
0'
#5990
1'
b100 )
b100 -
b100 :
b1001010111 +
#5995
0'
#6000
1'
b1001000001 (
b1001000001 ,
b1001000001 9
b110110111100 )
b110110111100 -
b110110111100 :
b1001011000 +
#6005
0'
#6010
1'
b1001000011 (
b1001000011 ,
b1001000011 9
b110110111110 )
b110110111110 -
b110110111110 :
b1001011001 +
#6015
0'
#6020
1'
b1001000100 (
b1001000100 ,
b1001000100 9
b110110111111 )
b110110111111 -
b110110111111 :
b1001011010 +
#6025
0'
#6030
1'
b1100110010 (
b1100110010 ,
b1100110010 9
b100 )
b100 -
b100 :
b1001011011 +
#6035
0'
#6040
1'
b110 )
b110 -
b110 :
b1001011100 +
#6045
0'
#6050
1'
b1000 )
b1000 -
b1000 :
b1001011101 +
#6055
0'
#6060
1'
b110111000101 (
b110111000101 ,
b110111000101 9
b110110110110 )
b110110110110 -
b110110110110 :
b1001011110 +
#6065
0'
#6070
1'
b110111000111 (
b110111000111 ,
b110111000111 9
b110110110100 )
b110110110100 -
b110110110100 :
b1001011111 +
#6075
0'
#6080
1'
b110111001000 (
b110111001000 ,
b110111001000 9
b110110110011 )
b110110110011 -
b110110110011 :
b1001100000 +
#6085
0'
#6090
1'
b1000110110 (
b1000110110 ,
b1000110110 9
b1001001111 )
b1001001111 -
b1001001111 :
b1001100001 +
#6095
0'
#6100
1'
b1000110101 (
b1000110101 ,
b1000110101 9
b1001010000 )
b1001010000 -
b1001010000 :
b1001100010 +
#6105
0'
#6110
1'
b1000110011 (
b1000110011 ,
b1000110011 9
b1001010001 )
b1001010001 -
b1001010001 :
b1001100011 +
#6115
0'
#6120
1'
b1100110010 (
b1100110010 ,
b1100110010 9
b10111 )
b10111 -
b10111 :
b1001100100 +
#6125
0'
#6130
1'
b11001 )
b11001 -
b11001 :
b1001100101 +
#6135
0'
#6140
1'
b11011 )
b11011 -
b11011 :
b1001100110 +
#6145
0'
#6150
1'
b110111010011 (
b110111010011 ,
b110111010011 9
b110110101001 )
b110110101001 -
b110110101001 :
b1001100111 +
#6155
0'
#6160
1'
b110111010101 (
b110111010101 ,
b110111010101 9
b110110100111 )
b110110100111 -
b110110100111 :
b1001101000 +
#6165
0'
#6170
1'
b110111010110 (
b110111010110 ,
b110111010110 9
b110110100110 )
b110110100110 -
b110110100110 :
b1001101001 +
#6175
0'
#6180
1'
b100100 (
b100100 ,
b100100 9
b110011001111 )
b110011001111 -
b110011001111 :
b1001101010 +
#6185
0'
#6190
1'
b100110 (
b100110 ,
b100110 9
b1001101011 +
#6195
0'
#6200
1'
b101000 (
b101000 ,
b101000 9
b1001101100 +
#6205
0'
#6210
1'
b110110100000 (
b110110100000 ,
b110110100000 9
b1000100011 )
b1000100011 -
b1000100011 :
b1001101101 +
#6215
0'
#6220
1'
b110110011111 (
b110110011111 ,
b110110011111 9
b1000100010 )
b1000100010 -
b1000100010 :
b1001101110 +
#6225
0'
#6230
1'
b110110011101 (
b110110011101 ,
b110110011101 9
b1000100000 )
b1000100000 -
b1000100000 :
b1001101111 +
#6235
0'
#6240
1'
b111111001111 (
b111111001111 ,
b111111001111 9
b1100110001 )
b1100110001 -
b1100110001 :
b1001110000 +
#6245
0'
#6250
1'
b111111001101 (
b111111001101 ,
b111111001101 9
b1001110001 +
#6255
0'
#6260
1'
b111111001011 (
b111111001011 ,
b111111001011 9
b1001110010 +
#6265
0'
#6270
1'
b1001101001 (
b1001101001 ,
b1001101001 9
b110111100110 )
b110111100110 -
b110111100110 :
b1001110011 +
#6275
0'
#6280
1'
b1001101010 (
b1001101010 ,
b1001101010 9
b110111101000 )
b110111101000 -
b110111101000 :
b1001110100 +
#6285
0'
#6290
1'
b1001101011 (
b1001101011 ,
b1001101011 9
b110111101001 )
b110111101001 -
b110111101001 :
b1001110101 +
#6295
0'
#6300
1'
b1001101101 (
b1001101101 ,
b1001101101 9
b110111101011 )
b110111101011 -
b110111101011 :
b1001110110 +
#6305
0'
#6310
1'
b1001101110 (
b1001101110 ,
b1001101110 9
b110111101101 )
b110111101101 -
b110111101101 :
b1001110111 +
#6315
0'
#6320
1'
b1001101111 (
b1001101111 ,
b1001101111 9
b110111101110 )
b110111101110 -
b110111101110 :
b1001111000 +
#6325
0'
#6330
1'
b1100101111 (
b1100101111 ,
b1100101111 9
b1000100 )
b1000100 -
b1000100 :
b1001111001 +
#6335
0'
#6340
1'
b1000110 )
b1000110 -
b1000110 :
b1001111010 +
#6345
0'
#6350
1'
b1001000 )
b1001000 -
b1001000 :
b1001111011 +
#6355
0'
#6360
1'
b1001110101 (
b1001110101 ,
b1001110101 9
b110111110101 )
b110111110101 -
b110111110101 :
b1001111100 +
#6365
0'
#6370
1'
b1001110110 (
b1001110110 ,
b1001110110 9
b110111110111 )
b110111110111 -
b110111110111 :
b1001111101 +
#6375
0'
#6380
1'
b1001111000 (
b1001111000 ,
b1001111000 9
b110111111000 )
b110111111000 -
b110111111000 :
b1001111110 +
#6385
0'
#6390
1'
b1100101110 (
b1100101110 ,
b1100101110 9
b1010001 )
b1010001 -
b1010001 :
b1001111111 +
#6395
0'
#6400
1'
b1010011 )
b1010011 -
b1010011 :
b1010000000 +
#6405
0'
#6410
1'
b1010101 )
b1010101 -
b1010101 :
b1010000001 +
#6415
0'
#6420
1'
b111110101001 (
b111110101001 ,
b111110101001 9
b1100101110 )
b1100101110 -
b1100101110 :
b1010000010 +
#6425
0'
#6430
1'
b111110100111 (
b111110100111 ,
b111110100111 9
b1100101101 )
b1100101101 -
b1100101101 :
b1010000011 +
#6435
0'
#6440
1'
b111110100101 (
b111110100101 ,
b111110100101 9
b1010000100 +
#6445
0'
#6450
1'
b111111100 (
b111111100 ,
b111111100 9
b1010000001 )
b1010000001 -
b1010000001 :
b1010000101 +
#6455
0'
#6460
1'
b111111010 (
b111111010 ,
b111111010 9
b1010000010 )
b1010000010 -
b1010000010 :
b1010000110 +
#6465
0'
#6470
1'
b111111001 (
b111111001 ,
b111111001 9
b1010000100 )
b1010000100 -
b1010000100 :
b1010000111 +
#6475
0'
#6480
1'
b111000001001 (
b111000001001 ,
b111000001001 9
b110101111011 )
b110101111011 -
b110101111011 :
b1010001000 +
#6485
0'
#6490
1'
b111000001011 (
b111000001011 ,
b111000001011 9
b110101111010 )
b110101111010 -
b110101111010 :
b1010001001 +
#6495
0'
#6500
1'
b111000001100 (
b111000001100 ,
b111000001100 9
b110101111000 )
b110101111000 -
b110101111000 :
b1010001010 +
#6505
0'
#6510
1'
b110011010101 (
b110011010101 ,
b110011010101 9
b111110010110 )
b111110010110 -
b111110010110 :
b1010001011 +
#6515
0'
#6520
1'
b111110010100 )
b111110010100 -
b111110010100 :
b1010001100 +
#6525
0'
#6530
1'
b111110010001 )
b111110010001 -
b111110010001 :
b1010001101 +
#6535
0'
#6540
1'
b111101101 (
b111101101 ,
b111101101 9
b1010001101 )
b1010001101 -
b1010001101 :
b1010001110 +
#6545
0'
#6550
1'
b111101011 (
b111101011 ,
b111101011 9
b1010001110 )
b1010001110 -
b1010001110 :
b1010001111 +
#6555
0'
#6560
1'
b111101001 (
b111101001 ,
b111101001 9
b1010010000 )
b1010010000 -
b1010010000 :
b1010010000 +
#6565
0'
#6570
1'
b110101101111 (
b110101101111 ,
b110101101111 9
b111101000 )
b111101000 -
b111101000 :
b1010010001 +
#6575
0'
#6580
1'
b110101101110 (
b110101101110 ,
b110101101110 9
b111100110 )
b111100110 -
b111100110 :
b1010010010 +
#6585
0'
#6590
1'
b110101101101 (
b110101101101 ,
b110101101101 9
b111100100 )
b111100100 -
b111100100 :
b1010010011 +
#6595
0'
#6600
1'
b111110000011 (
b111110000011 ,
b111110000011 9
b1100101001 )
b1100101001 -
b1100101001 :
b1010010100 +
#6605
0'
#6610
1'
b111110000001 (
b111110000001 ,
b111110000001 9
b1100101000 )
b1100101000 -
b1100101000 :
b1010010101 +
#6615
0'
#6620
1'
b111101111110 (
b111101111110 ,
b111101111110 9
b1010010110 +
#6625
0'
#6630
1'
b1010011000 (
b1010011000 ,
b1010011000 9
b111000100011 )
b111000100011 -
b111000100011 :
b1010010111 +
#6635
0'
#6640
1'
b1010011010 (
b1010011010 ,
b1010011010 9
b111000100100 )
b111000100100 -
b111000100100 :
b1010011000 +
#6645
0'
#6650
1'
b1010011011 (
b1010011011 ,
b1010011011 9
b111000100110 )
b111000100110 -
b111000100110 :
b1010011001 +
#6655
0'
#6660
1'
b111000101000 (
b111000101000 ,
b111000101000 9
b110101100100 )
b110101100100 -
b110101100100 :
b1010011010 +
#6665
0'
#6670
1'
b111000101010 (
b111000101010 ,
b111000101010 9
b110101100011 )
b110101100011 -
b110101100011 :
b1010011011 +
#6675
0'
#6680
1'
b111000101011 (
b111000101011 ,
b111000101011 9
b110101100001 )
b110101100001 -
b110101100001 :
b1010011100 +
#6685
0'
#6690
1'
b110101100000 (
b110101100000 ,
b110101100000 9
b111010011 )
b111010011 -
b111010011 :
b1010011101 +
#6695
0'
#6700
1'
b110101011111 (
b110101011111 ,
b110101011111 9
b111010001 )
b111010001 -
b111010001 :
b1010011110 +
#6705
0'
#6710
1'
b110101011110 (
b110101011110 ,
b110101011110 9
b111001111 )
b111001111 -
b111001111 :
b1010011111 +
#6715
0'
#6720
1'
b1100100100 (
b1100100100 ,
b1100100100 9
b10010111 )
b10010111 -
b10010111 :
b1010100000 +
#6725
0'
#6730
1'
b10011001 )
b10011001 -
b10011001 :
b1010100001 +
#6735
0'
#6740
1'
b1100100011 (
b1100100011 ,
b1100100011 9
b10011011 )
b10011011 -
b10011011 :
b1010100010 +
#6745
0'
#6750
1'
b111000111000 (
b111000111000 ,
b111000111000 9
b110101011001 )
b110101011001 -
b110101011001 :
b1010100011 +
#6755
0'
#6760
1'
b111000111001 (
b111000111001 ,
b111000111001 9
b110101011000 )
b110101011000 -
b110101011000 :
b1010100100 +
#6765
0'
#6770
1'
b111000111011 (
b111000111011 ,
b111000111011 9
b110101010111 )
b110101010111 -
b110101010111 :
b1010100101 +
#6775
0'
#6780
1'
b10100011 (
b10100011 ,
b10100011 9
b110011011110 )
b110011011110 -
b110011011110 :
b1010100110 +
#6785
0'
#6790
1'
b10100101 (
b10100101 ,
b10100101 9
b110011011111 )
b110011011111 -
b110011011111 :
b1010100111 +
#6795
0'
#6800
1'
b10100111 (
b10100111 ,
b10100111 9
b1010101000 +
#6805
0'
#6810
1'
b111101010110 (
b111101010110 ,
b111101010110 9
b1100100000 )
b1100100000 -
b1100100000 :
b1010101001 +
#6815
0'
#6820
1'
b111101010100 (
b111101010100 ,
b111101010100 9
b1010101010 +
#6825
0'
#6830
1'
b111101010010 (
b111101010010 ,
b111101010010 9
b1010101011 +
#6835
0'
#6840
1'
b110111000 (
b110111000 ,
b110111000 9
b1010110010 )
b1010110010 -
b1010110010 :
b1010101100 +
#6845
0'
#6850
1'
b110110110 (
b110110110 ,
b110110110 9
b1010110011 )
b1010110011 -
b1010110011 :
b1010101101 +
#6855
0'
#6860
1'
b110110101 (
b110110101 ,
b110110101 9
b1010110100 )
b1010110100 -
b1010110100 :
b1010101110 +
#6865
0'
#6870
1'
b111001001101 (
b111001001101 ,
b111001001101 9
b110101001011 )
b110101001011 -
b110101001011 :
b1010101111 +
#6875
0'
#6880
1'
b111001001111 (
b111001001111 ,
b111001001111 9
b110101001010 )
b110101001010 -
b110101001010 :
b1010110000 +
#6885
0'
#6890
1'
b111001010001 (
b111001010001 ,
b111001010001 9
b110101001001 )
b110101001001 -
b110101001001 :
b1010110001 +
#6895
0'
#6900
1'
b110011100100 (
b110011100100 ,
b110011100100 9
b111101000100 )
b111101000100 -
b111101000100 :
b1010110010 +
#6905
0'
#6910
1'
b111101000010 )
b111101000010 -
b111101000010 :
b1010110011 +
#6915
0'
#6920
1'
b110011100101 (
b110011100101 ,
b110011100101 9
b111100111111 )
b111100111111 -
b111100111111 :
b1010110100 +
#6925
0'
#6930
1'
b110101000 (
b110101000 ,
b110101000 9
b1010111100 )
b1010111100 -
b1010111100 :
b1010110101 +
#6935
0'
#6940
1'
b110100110 (
b110100110 ,
b110100110 9
b1010111101 )
b1010111101 -
b1010111101 :
b1010110110 +
#6945
0'
#6950
1'
b110100100 (
b110100100 ,
b110100100 9
b1010111110 )
b1010111110 -
b1010111110 :
b1010110111 +
#6955
0'
#6960
1'
b111001011110 (
b111001011110 ,
b111001011110 9
b110101000001 )
b110101000001 -
b110101000001 :
b1010111000 +
#6965
0'
#6970
1'
b111001011111 (
b111001011111 ,
b111001011111 9
b110101000000 )
b110101000000 -
b110101000000 :
b1010111001 +
#6975
0'
#6980
1'
b111001100001 (
b111001100001 ,
b111001100001 9
b110100111111 )
b110100111111 -
b110100111111 :
b1010111010 +
#6985
0'
#6990
1'
b1100011000 (
b1100011000 ,
b1100011000 9
b11001111 )
b11001111 -
b11001111 :
b1010111011 +
#6995
0'
#7000
1'
b1100010111 (
b1100010111 ,
b1100010111 9
b11010001 )
b11010001 -
b11010001 :
b1010111100 +
#7005
0'
#7010
1'
b1100010110 (
b1100010110 ,
b1100010110 9
b11010011 )
b11010011 -
b11010011 :
b1010111101 +
#7015
0'
#7020
1'
b110011101010 (
b110011101010 ,
b110011101010 9
b111100101011 )
b111100101011 -
b111100101011 :
b1010111110 +
#7025
0'
#7030
1'
b110011101011 (
b110011101011 ,
b110011101011 9
b111100101001 )
b111100101001 -
b111100101001 :
b1010111111 +
#7035
0'
#7040
1'
b111100100111 )
b111100100111 -
b111100100111 :
b1011000000 +
#7045
0'
#7050
1'
b110100110111 (
b110100110111 ,
b110100110111 9
b110010010 )
b110010010 -
b110010010 :
b1011000001 +
#7055
0'
#7060
1'
b110100110110 (
b110100110110 ,
b110100110110 9
b110010000 )
b110010000 -
b110010000 :
b1011000010 +
#7065
0'
#7070
1'
b110100110101 (
b110100110101 ,
b110100110101 9
b110001110 )
b110001110 -
b110001110 :
b1011000011 +
#7075
0'
#7080
1'
b110100110100 (
b110100110100 ,
b110100110100 9
b110001100 )
b110001100 -
b110001100 :
b1011000100 +
#7085
0'
#7090
1'
b110100110011 (
b110100110011 ,
b110100110011 9
b110001010 )
b110001010 -
b110001010 :
b1011000101 +
#7095
0'
#7100
1'
b110100110010 (
b110100110010 ,
b110100110010 9
b110001000 )
b110001000 -
b110001000 :
b1011000110 +
#7105
0'
#7110
1'
b1011001111 (
b1011001111 ,
b1011001111 9
b111001111010 )
b111001111010 -
b111001111010 :
b1011000111 +
#7115
0'
#7120
1'
b1011010000 (
b1011010000 ,
b1011010000 9
b111001111011 )
b111001111011 -
b111001111011 :
b1011001000 +
#7125
0'
#7130
1'
b1011010001 (
b1011010001 ,
b1011010001 9
b111001111101 )
b111001111101 -
b111001111101 :
b1011001001 +
#7135
0'
#7140
1'
b110100101110 (
b110100101110 ,
b110100101110 9
b110000001 )
b110000001 -
b110000001 :
b1011001010 +
#7145
0'
#7150
1'
b110100101101 (
b110100101101 ,
b110100101101 9
b101111111 )
b101111111 -
b101111111 :
b1011001011 +
#7155
0'
#7160
1'
b110100101100 (
b110100101100 ,
b110100101100 9
b101111101 )
b101111101 -
b101111101 :
b1011001100 +
#7165
0'
#7170
1'
b110100101011 (
b110100101011 ,
b110100101011 9
b101111011 )
b101111011 -
b101111011 :
b1011001101 +
#7175
0'
#7180
1'
b110100101010 (
b110100101010 ,
b110100101010 9
b101111001 )
b101111001 -
b101111001 :
b1011001110 +
#7185
0'
#7190
1'
b110100101001 (
b110100101001 ,
b110100101001 9
b101110111 )
b101110111 -
b101110111 :
b1011001111 +
#7195
0'
#7200
1'
b111100000110 (
b111100000110 ,
b111100000110 9
b1100001011 )
b1100001011 -
b1100001011 :
b1011010000 +
#7205
0'
#7210
1'
b111100000100 (
b111100000100 ,
b111100000100 9
b1100001010 )
b1100001010 -
b1100001010 :
b1011010001 +
#7215
0'
#7220
1'
b111100000010 (
b111100000010 ,
b111100000010 9
b1011010010 +
#7225
0'
#7230
1'
b100000000 (
b100000000 ,
b100000000 9
b110011110111 )
b110011110111 -
b110011110111 :
b1011010011 +
#7235
0'
#7240
1'
b100000010 (
b100000010 ,
b100000010 9
b110011111000 )
b110011111000 -
b110011111000 :
b1011010100 +
#7245
0'
#7250
1'
b100000100 (
b100000100 ,
b100000100 9
b1011010101 +
#7255
0'
#7260
1'
b110100100010 (
b110100100010 ,
b110100100010 9
b101101010 )
b101101010 -
b101101010 :
b1011010110 +
#7265
0'
#7270
1'
b110100100001 (
b110100100001 ,
b110100100001 9
b101101000 )
b101101000 -
b101101000 :
b1011010111 +
#7275
0'
#7280
1'
b110100100000 (
b110100100000 ,
b110100100000 9
b101100110 )
b101100110 -
b101100110 :
b1011011000 +
#7285
0'
#7290
1'
b100001100 (
b100001100 ,
b100001100 9
b110011111011 )
b110011111011 -
b110011111011 :
b1011011001 +
#7295
0'
#7300
1'
b100001110 (
b100001110 ,
b100001110 9
b110011111100 )
b110011111100 -
b110011111100 :
b1011011010 +
#7305
0'
#7310
1'
b100010000 (
b100010000 ,
b100010000 9
b110011111101 )
b110011111101 -
b110011111101 :
b1011011011 +
#7315
0'
#7320
1'
b111010100010 (
b111010100010 ,
b111010100010 9
b110100011101 )
b110100011101 -
b110100011101 :
b1011011100 +
#7325
0'
#7330
1'
b111010100100 (
b111010100100 ,
b111010100100 9
b110100011100 )
b110100011100 -
b110100011100 :
b1011011101 +
#7335
0'
#7340
1'
b111010100101 (
b111010100101 ,
b111010100101 9
b110100011011 )
b110100011011 -
b110100011011 :
b1011011110 +
#7345
0'
#7350
1'
b1011100110 (
b1011100110 ,
b1011100110 9
b111010100111 )
b111010100111 -
b111010100111 :
b1011011111 +
#7355
0'
#7360
1'
b1011100111 (
b1011100111 ,
b1011100111 9
b111010101001 )
b111010101001 -
b111010101001 :
b1011100000 +
#7365
0'
#7370
1'
b1011101000 (
b1011101000 ,
b1011101000 9
b111010101011 )
b111010101011 -
b111010101011 :
b1011100001 +
#7375
0'
#7380
1'
b111011100001 (
b111011100001 ,
b111011100001 9
b1011111110 )
b1011111110 -
b1011111110 :
b1011100010 +
#7385
0'
#7390
1'
b111011011111 (
b111011011111 ,
b111011011111 9
b1011100011 +
#7395
0'
#7400
1'
b111011011101 (
b111011011101 ,
b111011011101 9
b1011111101 )
b1011111101 -
b1011111101 :
b1011100100 +
#7405
0'
#7410
1'
b1011111100 (
b1011111100 ,
b1011111100 9
b100100101 )
b100100101 -
b100100101 :
b1011100101 +
#7415
0'
#7420
1'
b1011111011 (
b1011111011 ,
b1011111011 9
b100100111 )
b100100111 -
b100100111 :
b1011100110 +
#7425
0'
#7430
1'
b100101001 )
b100101001 -
b100101001 :
b1011100111 +
#7435
0'
#7440
1'
b1011111010 (
b1011111010 ,
b1011111010 9
b100101011 )
b100101011 -
b100101011 :
b1011101000 +
#7445
0'
#7450
1'
b1011111001 (
b1011111001 ,
b1011111001 9
b100101101 )
b100101101 -
b100101101 :
b1011101001 +
#7455
0'
#7460
1'
b1011111000 (
b1011111000 ,
b1011111000 9
b100101111 )
b100101111 -
b100101111 :
b1011101010 +
#7465
0'
#7470
1'
b111011001111 (
b111011001111 ,
b111011001111 9
b1011110111 )
b1011110111 -
b1011110111 :
b1011101011 +
#7475
0'
#7480
1'
b111011001110 (
b111011001110 ,
b111011001110 9
b1011101100 +
#7485
0'
#7490
1'
b111011001100 (
b111011001100 ,
b111011001100 9
b1011110110 )
b1011110110 -
b1011110110 :
b1011101101 +
#7495
0'
#7500
1'
b1011110101 (
b1011110101 ,
b1011110101 9
b100110110 )
b100110110 -
b100110110 :
b1011101110 +
#7505
0'
#7510
1'
b1011110100 (
b1011110100 ,
b1011110100 9
b100111000 )
b100111000 -
b100111000 :
b1011101111 +
#7515
0'
#7520
1'
b1011110011 (
b1011110011 ,
b1011110011 9
b100111010 )
b100111010 -
b100111010 :
b1011110000 +
#7525
0'
#7530
1'
b110100001011 (
b110100001011 ,
b110100001011 9
b100110101 )
b100110101 -
b100110101 :
b1011110001 +
#7535
0'
#7540
1'
b110100001010 (
b110100001010 ,
b110100001010 9
b100110011 )
b100110011 -
b100110011 :
b1011110010 +
#7545
0'
#7550
1'
b110100001001 (
b110100001001 ,
b110100001001 9
b100110001 )
b100110001 -
b100110001 :
b1011110011 +
#7555
0'
#7560
1'
b1011110000 (
b1011110000 ,
b1011110000 9
b101000010 )
b101000010 -
b101000010 :
b1011110100 +
#7565
0'
#7570
1'
b1011101111 (
b1011101111 ,
b1011101111 9
b101000100 )
b101000100 -
b101000100 :
b1011110101 +
#7575
0'
#7580
1'
b1011101110 (
b1011101110 ,
b1011101110 9
b101000110 )
b101000110 -
b101000110 :
b1011110110 +
#7585
0'
#7590
1'
b111011010111 (
b111011010111 ,
b111011010111 9
b110100000110 )
b110100000110 -
b110100000110 :
b1011110111 +
#7595
0'
#7600
1'
b111011011001 (
b111011011001 ,
b111011011001 9
b110100000101 )
b110100000101 -
b110100000101 :
b1011111000 +
#7605
0'
#7610
1'
b111011011011 (
b111011011011 ,
b111011011011 9
b110100000100 )
b110100000100 -
b110100000100 :
b1011111001 +
#7615
0'
#7620
1'
b110100010101 (
b110100010101 ,
b110100010101 9
b111010110010 )
b111010110010 -
b111010110010 :
b1011111010 +
#7625
0'
#7630
1'
b110100010110 (
b110100010110 ,
b110100010110 9
b111010110000 )
b111010110000 -
b111010110000 :
b1011111011 +
#7635
0'
#7640
1'
b110100010111 (
b110100010111 ,
b110100010111 9
b111010101110 )
b111010101110 -
b111010101110 :
b1011111100 +
#7645
0'
#7650
1'
b110100011000 (
b110100011000 ,
b110100011000 9
b111010101100 )
b111010101100 -
b111010101100 :
b1011111101 +
#7655
0'
#7660
1'
b110100011001 (
b110100011001 ,
b110100011001 9
b111010101010 )
b111010101010 -
b111010101010 :
b1011111110 +
#7665
0'
#7670
1'
b110100011010 (
b110100011010 ,
b110100011010 9
b111010101000 )
b111010101000 -
b111010101000 :
b1011111111 +
#7675
0'
#7680
1'
b1100000001 (
b1100000001 ,
b1100000001 9
b111011101001 )
b111011101001 -
b111011101001 :
b1100000000 +
#7685
0'
#7690
1'
b1100000010 (
b1100000010 ,
b1100000010 9
b111011101011 )
b111011101011 -
b111011101011 :
b1100000001 +
#7695
0'
#7700
1'
b111011101101 )
b111011101101 -
b111011101101 :
b1100000010 +
#7705
0'
#7710
1'
b111011101111 (
b111011101111 ,
b111011101111 9
b110011111101 )
b110011111101 -
b110011111101 :
b1100000011 +
#7715
0'
#7720
1'
b111011110001 (
b111011110001 ,
b111011110001 9
b110011111100 )
b110011111100 -
b110011111100 :
b1100000100 +
#7725
0'
#7730
1'
b111011110011 (
b111011110011 ,
b111011110011 9
b110011111011 )
b110011111011 -
b110011111011 :
b1100000101 +
#7735
0'
#7740
1'
b1011100000 (
b1011100000 ,
b1011100000 9
b101100101 )
b101100101 -
b101100101 :
b1100000110 +
#7745
0'
#7750
1'
b1011011111 (
b1011011111 ,
b1011011111 9
b101100111 )
b101100111 -
b101100111 :
b1100000111 +
#7755
0'
#7760
1'
b1011011110 (
b1011011110 ,
b1011011110 9
b101101001 )
b101101001 -
b101101001 :
b1100001000 +
#7765
0'
#7770
1'
b110011111001 (
b110011111001 ,
b110011111001 9
b100000101 )
b100000101 -
b100000101 :
b1100001001 +
#7775
0'
#7780
1'
b110011111000 (
b110011111000 ,
b110011111000 9
b100000011 )
b100000011 -
b100000011 :
b1100001010 +
#7785
0'
#7790
1'
b110011110111 (
b110011110111 ,
b110011110111 9
b100000001 )
b100000001 -
b100000001 :
b1100001011 +
#7795
0'
#7800
1'
b1011011010 (
b1011011010 ,
b1011011010 9
b101110001 )
b101110001 -
b101110001 :
b1100001100 +
#7805
0'
#7810
1'
b1011011001 (
b1011011001 ,
b1011011001 9
b101110011 )
b101110011 -
b101110011 :
b1100001101 +
#7815
0'
#7820
1'
b1011011000 (
b1011011000 ,
b1011011000 9
b101110101 )
b101110101 -
b101110101 :
b1100001110 +
#7825
0'
#7830
1'
b1011010111 (
b1011010111 ,
b1011010111 9
b101110111 )
b101110111 -
b101110111 :
b1100001111 +
#7835
0'
#7840
1'
b1011010110 (
b1011010110 ,
b1011010110 9
b101111000 )
b101111000 -
b101111000 :
b1100010000 +
#7845
0'
#7850
1'
b1011010101 (
b1011010101 ,
b1011010101 9
b101111010 )
b101111010 -
b101111010 :
b1100010001 +
#7855
0'
#7860
1'
b110011110011 (
b110011110011 ,
b110011110011 9
b11110011 )
b11110011 -
b11110011 :
b1100010010 +
#7865
0'
#7870
1'
b110011110010 (
b110011110010 ,
b110011110010 9
b11110001 )
b11110001 -
b11110001 :
b1100010011 +
#7875
0'
#7880
1'
b110011110001 (
b110011110001 ,
b110011110001 9
b11101111 )
b11101111 -
b11101111 :
b1100010100 +
#7885
0'
#7890
1'
b111100010011 (
b111100010011 ,
b111100010011 9
b110011110001 )
b110011110001 -
b110011110001 :
b1100010101 +
#7895
0'
#7900
1'
b111100010101 (
b111100010101 ,
b111100010101 9
b110011110000 )
b110011110000 -
b110011110000 :
b1100010110 +
#7905
0'
#7910
1'
b111100010111 (
b111100010111 ,
b111100010111 9
b1100010111 +
#7915
0'
#7920
1'
b111001111000 (
b111001111000 ,
b111001111000 9
b1011001110 )
b1011001110 -
b1011001110 :
b1100011000 +
#7925
0'
#7930
1'
b111001110111 (
b111001110111 ,
b111001110111 9
b1011001101 )
b1011001101 -
b1011001101 :
b1100011001 +
#7935
0'
#7940
1'
b111001110101 (
b111001110101 ,
b111001110101 9
b1011001100 )
b1011001100 -
b1011001100 :
b1100011010 +
#7945
0'
#7950
1'
b110100110101 (
b110100110101 ,
b110100110101 9
b111001110011 )
b111001110011 -
b111001110011 :
b1100011011 +
#7955
0'
#7960
1'
b110100110110 (
b110100110110 ,
b110100110110 9
b111001110001 )
b111001110001 -
b111001110001 :
b1100011100 +
#7965
0'
#7970
1'
b110100110111 (
b110100110111 ,
b110100110111 9
b111001101111 )
b111001101111 -
b111001101111 :
b1100011101 +
#7975
0'
#7980
1'
b110010011 (
b110010011 ,
b110010011 9
b110100111000 )
b110100111000 -
b110100111000 :
b1100011110 +
#7985
0'
#7990
1'
b110010101 (
b110010101 ,
b110010101 9
b110100111001 )
b110100111001 -
b110100111001 :
b1100011111 +
#7995
0'
#8000
1'
b110010111 (
b110010111 ,
b110010111 9
b110100111010 )
b110100111010 -
b110100111010 :
b1100100000 +
#8005
0'
#8010
1'
b110011000 (
b110011000 ,
b110011000 9
b110100111011 )
b110100111011 -
b110100111011 :
b1100100001 +
#8015
0'
#8020
1'
b110011010 (
b110011010 ,
b110011010 9
b110100111100 )
b110100111100 -
b110100111100 :
b1100100010 +
#8025
0'
#8030
1'
b110011100 (
b110011100 ,
b110011100 9
b110100111101 )
b110100111101 -
b110100111101 :
b1100100011 +
#8035
0'
#8040
1'
b110100111110 (
b110100111110 ,
b110100111110 9
b111001100010 )
b111001100010 -
b111001100010 :
b1100100100 +
#8045
0'
#8050
1'
b110100111111 (
b110100111111 ,
b110100111111 9
b111001100000 )
b111001100000 -
b111001100000 :
b1100100101 +
#8055
0'
#8060
1'
b110101000001 (
b110101000001 ,
b110101000001 9
b111001011110 )
b111001011110 -
b111001011110 :
b1100100110 +
#8065
0'
#8070
1'
b11001000 (
b11001000 ,
b11001000 9
b1100011001 )
b1100011001 -
b1100011001 :
b1100100111 +
#8075
0'
#8080
1'
b11000110 (
b11000110 ,
b11000110 9
b1100011010 )
b1100011010 -
b1100011010 :
b1100101000 +
#8085
0'
#8090
1'
b11000011 (
b11000011 ,
b11000011 9
b1100011011 )
b1100011011 -
b1100011011 :
b1100101001 +
#8095
0'
#8100
1'
b1010111011 (
b1010111011 ,
b1010111011 9
b110101001 )
b110101001 -
b110101001 :
b1100101010 +
#8105
0'
#8110
1'
b1010111010 (
b1010111010 ,
b1010111010 9
b110101011 )
b110101011 -
b110101011 :
b1100101011 +
#8115
0'
#8120
1'
b1010111001 (
b1010111001 ,
b1010111001 9
b110101101 )
b110101101 -
b110101101 :
b1100101100 +
#8125
0'
#8130
1'
b1100011101 (
b1100011101 ,
b1100011101 9
b111101000101 )
b111101000101 -
b111101000101 :
b1100101101 +
#8135
0'
#8140
1'
b111101000111 )
b111101000111 -
b111101000111 :
b1100101110 +
#8145
0'
#8150
1'
b111101001001 )
b111101001001 -
b111101001001 :
b1100101111 +
#8155
0'
#8160
1'
b110101001100 (
b110101001100 ,
b110101001100 9
b111001001100 )
b111001001100 -
b111001001100 :
b1100110000 +
#8165
0'
#8170
1'
b110101001101 (
b110101001101 ,
b110101001101 9
b111001001010 )
b111001001010 -
b111001001010 :
b1100110001 +
#8175
0'
#8180
1'
b110101001110 (
b110101001110 ,
b110101001110 9
b111001001001 )
b111001001001 -
b111001001001 :
b1100110010 +
#8185
0'
#8190
1'
b111001000111 (
b111001000111 ,
b111001000111 9
b1010110001 )
b1010110001 -
b1010110001 :
b1100110011 +
#8195
0'
#8200
1'
b111001000101 (
b111001000101 ,
b111001000101 9
b1010110000 )
b1010110000 -
b1010110000 :
b1100110100 +
#8205
0'
#8210
1'
b111001000011 (
b111001000011 ,
b111001000011 9
b1010101111 )
b1010101111 -
b1010101111 :
b1100110101 +
#8215
0'
#8220
1'
b110111111 (
b110111111 ,
b110111111 9
b110101010011 )
b110101010011 -
b110101010011 :
b1100110110 +
#8225
0'
#8230
1'
b111000000 (
b111000000 ,
b111000000 9
b110101010100 )
b110101010100 -
b110101010100 :
b1100110111 +
#8235
0'
#8240
1'
b111000010 (
b111000010 ,
b111000010 9
b110101010101 )
b110101010101 -
b110101010101 :
b1100111000 +
#8245
0'
#8250
1'
b110011011110 (
b110011011110 ,
b110011011110 9
b10100010 )
b10100010 -
b10100010 :
b1100111001 +
#8255
0'
#8260
1'
b10100000 )
b10100000 -
b10100000 :
b1100111010 +
#8265
0'
#8270
1'
b110011011101 (
b110011011101 ,
b110011011101 9
b10011110 )
b10011110 -
b10011110 :
b1100111011 +
#8275
0'
#8280
1'
b1010100110 (
b1010100110 ,
b1010100110 9
b111001001 )
b111001001 -
b111001001 :
b1100111100 +
#8285
0'
#8290
1'
b1010100101 (
b1010100101 ,
b1010100101 9
b111001011 )
b111001011 -
b111001011 :
b1100111101 +
#8295
0'
#8300
1'
b1010100100 (
b1010100100 ,
b1010100100 9
b111001101 )
b111001101 -
b111001101 :
b1100111110 +
#8305
0'
#8310
1'
b10010101 (
b10010101 ,
b10010101 9
b1100100100 )
b1100100100 -
b1100100100 :
b1100111111 +
#8315
0'
#8320
1'
b10010011 (
b10010011 ,
b10010011 9
b1100100101 )
b1100100101 -
b1100100101 :
b1101000000 +
#8325
0'
#8330
1'
b10010001 (
b10010001 ,
b10010001 9
b1101000001 +
#8335
0'
#8340
1'
b110101100001 (
b110101100001 ,
b110101100001 9
b111000101100 )
b111000101100 -
b111000101100 :
b1101000010 +
#8345
0'
#8350
1'
b110101100010 (
b110101100010 ,
b110101100010 9
b111000101010 )
b111000101010 -
b111000101010 :
b1101000011 +
#8355
0'
#8360
1'
b110101100011 (
b110101100011 ,
b110101100011 9
b111000101001 )
b111000101001 -
b111000101001 :
b1101000100 +
#8365
0'
#8370
1'
b110101100101 (
b110101100101 ,
b110101100101 9
b111000100111 )
b111000100111 -
b111000100111 :
b1101000101 +
#8375
0'
#8380
1'
b110101100110 (
b110101100110 ,
b110101100110 9
b111000100101 )
b111000100101 -
b111000100101 :
b1101000110 +
#8385
0'
#8390
1'
b110101100111 (
b110101100111 ,
b110101100111 9
b111000100011 )
b111000100011 -
b111000100011 :
b1101000111 +
#8395
0'
#8400
1'
b111101111110 (
b111101111110 ,
b111101111110 9
b110011011000 )
b110011011000 -
b110011011000 :
b1101001000 +
#8405
0'
#8410
1'
b111110000000 (
b111110000000 ,
b111110000000 9
b1101001001 +
#8415
0'
#8420
1'
b111110000010 (
b111110000010 ,
b111110000010 9
b1101001010 +
#8425
0'
#8430
1'
b1111100 (
b1111100 ,
b1111100 9
b1100101001 )
b1100101001 -
b1100101001 :
b1101001011 +
#8435
0'
#8440
1'
b1111010 (
b1111010 ,
b1111010 9
b1101001100 +
#8445
0'
#8450
1'
b1111000 (
b1111000 ,
b1111000 9
b1101001101 +
#8455
0'
#8460
1'
b111101001 (
b111101001 ,
b111101001 9
b110101110000 )
b110101110000 -
b110101110000 :
b1101001110 +
#8465
0'
#8470
1'
b111101011 (
b111101011 ,
b111101011 9
b110101110001 )
b110101110001 -
b110101110001 :
b1101001111 +
#8475
0'
#8480
1'
b111101100 (
b111101100 ,
b111101100 9
b110101110011 )
b110101110011 -
b110101110011 :
b1101010000 +
#8485
0'
#8490
1'
b111101110 (
b111101110 ,
b111101110 9
b110101110100 )
b110101110100 -
b110101110100 :
b1101010001 +
#8495
0'
#8500
1'
b111110000 (
b111110000 ,
b111110000 9
b110101110101 )
b110101110101 -
b110101110101 :
b1101010010 +
#8505
0'
#8510
1'
b111110001 (
b111110001 ,
b111110001 9
b110101110110 )
b110101110110 -
b110101110110 :
b1101010011 +
#8515
0'
#8520
1'
b110011010101 (
b110011010101 ,
b110011010101 9
b1101001 )
b1101001 -
b1101001 :
b1101010100 +
#8525
0'
#8530
1'
b110011010100 (
b110011010100 ,
b110011010100 9
b1100111 )
b1100111 -
b1100111 :
b1101010101 +
#8535
0'
#8540
1'
b1100101 )
b1100101 -
b1100101 :
b1101010110 +
#8545
0'
#8550
1'
b111110011101 (
b111110011101 ,
b111110011101 9
b110011010100 )
b110011010100 -
b110011010100 :
b1101010111 +
#8555
0'
#8560
1'
b111110011111 (
b111110011111 ,
b111110011111 9
b110011010011 )
b110011010011 -
b110011010011 :
b1101011000 +
#8565
0'
#8570
1'
b111110100010 (
b111110100010 ,
b111110100010 9
b1101011001 +
#8575
0'
#8580
1'
b110110000000 (
b110110000000 ,
b110110000000 9
b111000000011 )
b111000000011 -
b111000000011 :
b1101011010 +
#8585
0'
#8590
1'
b110110000001 (
b110110000001 ,
b110110000001 9
b111000000001 )
b111000000001 -
b111000000001 :
b1101011011 +
#8595
0'
#8600
1'
b110110000010 (
b110110000010 ,
b110110000010 9
b111000000000 )
b111000000000 -
b111000000000 :
b1101011100 +
#8605
0'
#8610
1'
b110110000100 (
b110110000100 ,
b110110000100 9
b110111111110 )
b110111111110 -
b110111111110 :
b1101011101 +
#8615
0'
#8620
1'
b110110000101 (
b110110000101 ,
b110110000101 9
b110111111100 )
b110111111100 -
b110111111100 :
b1101011110 +
#8625
0'
#8630
1'
b110110000110 (
b110110000110 ,
b110110000110 9
b110111111011 )
b110111111011 -
b110111111011 :
b1101011111 +
#8635
0'
#8640
1'
b110111111001 (
b110111111001 ,
b110111111001 9
b1001111000 )
b1001111000 -
b1001111000 :
b1101100000 +
#8645
0'
#8650
1'
b110111110111 (
b110111110111 ,
b110111110111 9
b1001110111 )
b1001110111 -
b1001110111 :
b1101100001 +
#8655
0'
#8660
1'
b110111110110 (
b110111110110 ,
b110111110110 9
b1001110110 )
b1001110110 -
b1001110110 :
b1101100010 +
#8665
0'
#8670
1'
b1001110100 (
b1001110100 ,
b1001110100 9
b1000001100 )
b1000001100 -
b1000001100 :
b1101100011 +
#8675
0'
#8680
1'
b1001110011 (
b1001110011 ,
b1001110011 9
b1000001110 )
b1000001110 -
b1000001110 :
b1101100100 +
#8685
0'
#8690
1'
b1001110001 (
b1001110001 ,
b1001110001 9
b1000001111 )
b1000001111 -
b1000001111 :
b1101100101 +
#8695
0'
#8700
1'
b1000011 (
b1000011 ,
b1000011 9
b1100110000 )
b1100110000 -
b1100110000 :
b1101100110 +
#8705
0'
#8710
1'
b1000001 (
b1000001 ,
b1000001 9
b1101100111 +
#8715
0'
#8720
1'
b111110 (
b111110 ,
b111110 9
b1101101000 +
#8725
0'
#8730
1'
b110110010100 (
b110110010100 ,
b110110010100 9
b110111101010 )
b110111101010 -
b110111101010 :
b1101101001 +
#8735
0'
#8740
1'
b110110010110 (
b110110010110 ,
b110110010110 9
b110111101001 )
b110111101001 -
b110111101001 :
b1101101010 +
#8745
0'
#8750
1'
b110110010111 (
b110110010111 ,
b110110010111 9
b110111100111 )
b110111100111 -
b110111100111 :
b1101101011 +
#8755
0'
#8760
1'
b110111100101 (
b110111100101 ,
b110111100101 9
b1001101000 )
b1001101000 -
b1001101000 :
b1101101100 +
#8765
0'
#8770
1'
b110111100100 (
b110111100100 ,
b110111100100 9
b1001100110 )
b1001100110 -
b1001100110 :
b1101101101 +
#8775
0'
#8780
1'
b110111100010 (
b110111100010 ,
b110111100010 9
b1001100101 )
b1001100101 -
b1001100101 :
b1101101110 +
#8785
0'
#8790
1'
b1000100000 (
b1000100000 ,
b1000100000 9
b110110011101 )
b110110011101 -
b110110011101 :
b1101101111 +
#8795
0'
#8800
1'
b1000100001 (
b1000100001 ,
b1000100001 9
b110110011110 )
b110110011110 -
b110110011110 :
b1101110000 +
#8805
0'
#8810
1'
b1000100011 (
b1000100011 ,
b1000100011 9
b110110011111 )
b110110011111 -
b110110011111 :
b1101110001 +
#8815
0'
#8820
1'
b1001011111 (
b1001011111 ,
b1001011111 9
b1000100100 )
b1000100100 -
b1000100100 :
b1101110010 +
#8825
0'
#8830
1'
b1001011110 (
b1001011110 ,
b1001011110 9
b1000100110 )
b1000100110 -
b1000100110 :
b1101110011 +
#8835
0'
#8840
1'
b1001011100 (
b1001011100 ,
b1001011100 9
b1000100111 )
b1000100111 -
b1000100111 :
b1101110100 +
#8845
0'
#8850
1'
b1000101001 (
b1000101001 ,
b1000101001 9
b110110100101 )
b110110100101 -
b110110100101 :
b1101110101 +
#8855
0'
#8860
1'
b1000101011 (
b1000101011 ,
b1000101011 9
b110110100111 )
b110110100111 -
b110110100111 :
b1101110110 +
#8865
0'
#8870
1'
b1000101100 (
b1000101100 ,
b1000101100 9
b110110101000 )
b110110101000 -
b110110101000 :
b1101110111 +
#8875
0'
#8880
1'
b1000101110 (
b1000101110 ,
b1000101110 9
b110110101010 )
b110110101010 -
b110110101010 :
b1101111000 +
#8885
0'
#8890
1'
b1000101111 (
b1000101111 ,
b1000101111 9
b110110101011 )
b110110101011 -
b110110101011 :
b1101111001 +
#8895
0'
#8900
1'
b1000110001 (
b1000110001 ,
b1000110001 9
b110110101100 )
b110110101100 -
b110110101100 :
b1101111010 +
#8905
0'
#8910
1'
b111111101010 (
b111111101010 ,
b111111101010 9
b110011001110 )
b110011001110 -
b110011001110 :
b1101111011 +
#8915
0'
#8920
1'
b111111101100 (
b111111101100 ,
b111111101100 9
b1101111100 +
#8925
0'
#8930
1'
b111111101110 (
b111111101110 ,
b111111101110 9
b1101111101 +
#8935
0'
#8940
1'
b1100110010 (
b1100110010 ,
b1100110010 9
b111111110001 )
b111111110001 -
b111111110001 :
b1101111110 +
#8945
0'
#8950
1'
b111111110011 )
b111111110011 -
b111111110011 :
b1101111111 +
#8955
0'
#8960
1'
b111111110101 )
b111111110101 -
b111111110101 :
b1110000000 +
#8965
0'
#8970
1'
b1001001001 (
b1001001001 ,
b1001001001 9
b1000111100 )
b1000111100 -
b1000111100 :
b1110000001 +
#8975
0'
#8980
1'
b1001001000 (
b1001001000 ,
b1001001000 9
b1000111101 )
b1000111101 -
b1000111101 :
b1110000010 +
#8985
0'
#8990
1'
b1001000110 (
b1001000110 ,
b1001000110 9
b1000111111 )
b1000111111 -
b1000111111 :
b1110000011 +
#8995
0'
#9000
1'
b11 (
b11 ,
b11 9
b1100110010 )
b1100110010 -
b1100110010 :
b1110000100 +
#9005
0'
#9010
1'
b0 (
b0 ,
b0 9
b1110000101 +
#9015
0'
#9020
1'
b111111111111 (
b111111111111 ,
b111111111111 9
b1110000110 +
#9025
0'
#9030
1'
b11 (
b11 ,
b11 9
b110011001110 )
b110011001110 -
b110011001110 :
b1110000111 +
#9035
0'
#9040
1'
b101 (
b101 ,
b101 9
b1110001000 +
#9045
0'
#9050
1'
b111 (
b111 ,
b111 9
b1110001001 +
#9055
0'
#9060
1'
b1100110010 (
b1100110010 ,
b1100110010 9
b1001 )
b1001 -
b1001 :
b1110001010 +
#9065
0'
#9070
1'
b1011 )
b1011 -
b1011 :
b1110001011 +
#9075
0'
#9080
1'
b1110 )
b1110 -
b1110 :
b1110001100 +
#9085
0'
#9090
1'
b110111001001 (
b110111001001 ,
b110111001001 9
b110110110010 )
b110110110010 -
b110110110010 :
b1110001101 +
#9095
0'
#9100
1'
b110111001011 (
b110111001011 ,
b110111001011 9
b110110110001 )
b110110110001 -
b110110110001 :
b1110001110 +
#9105
0'
#9110
1'
b110111001100 (
b110111001100 ,
b110111001100 9
b110110101111 )
b110110101111 -
b110110101111 :
b1110001111 +
#9115
0'
#9120
1'
b1100110010 (
b1100110010 ,
b1100110010 9
b10110 )
b10110 -
b10110 :
b1110010000 +
#9125
0'
#9130
1'
b11000 )
b11000 -
b11000 :
b1110010001 +
#9135
0'
#9140
1'
b11010 )
b11010 -
b11010 :
b1110010010 +
#9145
0'
#9150
1'
b11101 )
b11101 -
b11101 :
b1110010011 +
#9155
0'
#9160
1'
b11111 )
b11111 -
b11111 :
b1110010100 +
#9165
0'
#9170
1'
b100001 )
b100001 -
b100001 :
b1110010101 +
#9175
0'
#9180
1'
b100011 )
b100011 -
b100011 :
b1110010110 +
#9185
0'
#9190
1'
b1100110001 (
b1100110001 ,
b1100110001 9
b100101 )
b100101 -
b100101 :
b1110010111 +
#9195
0'
#9200
1'
b100111 )
b100111 -
b100111 :
b1110011000 +
#9205
0'
#9210
1'
b110110100001 (
b110110100001 ,
b110110100001 9
b1000100100 )
b1000100100 -
b1000100100 :
b1110011001 +
#9215
0'
#9220
1'
b110110011111 (
b110110011111 ,
b110110011111 9
b1000100011 )
b1000100011 -
b1000100011 :
b1110011010 +
#9225
0'
#9230
1'
b110110011110 (
b110110011110 ,
b110110011110 9
b1000100001 )
b1000100001 -
b1000100001 :
b1110011011 +
#9235
0'
#9240
1'
b1100110001 (
b1100110001 ,
b1100110001 9
b110000 )
b110000 -
b110000 :
b1110011100 +
#9245
0'
#9250
1'
b110010 )
b110010 -
b110010 :
b1110011101 +
#9255
0'
#9260
1'
b110100 )
b110100 -
b110100 :
b1110011110 +
#9265
0'
#9270
1'
b110110 (
b110110 ,
b110110 9
b110011010000 )
b110011010000 -
b110011010000 :
b1110011111 +
#9275
0'
#9280
1'
b111000 (
b111000 ,
b111000 9
b1110100000 +
#9285
0'
#9290
1'
b111010 (
b111010 ,
b111010 9
b1110100001 +
#9295
0'
#9300
1'
b111101 (
b111101 ,
b111101 9
b1110100010 +
#9305
0'
#9310
1'
b111111 (
b111111 ,
b111111 9
b1110100011 +
#9315
0'
#9320
1'
b1000001 (
b1000001 ,
b1000001 9
b1110100100 +
#9325
0'
#9330
1'
b1000011 (
b1000011 ,
b1000011 9
b1110100101 +
#9335
0'
#9340
1'
b1000101 (
b1000101 ,
b1000101 9
b110011010001 )
b110011010001 -
b110011010001 :
b1110100110 +
#9345
0'
#9350
1'
b1000111 (
b1000111 ,
b1000111 9
b1110100111 +
#9355
0'
#9360
1'
b1001001 (
b1001001 ,
b1001001 9
b1110101000 +
#9365
0'
#9370
1'
b1001011 (
b1001011 ,
b1001011 9
b1110101001 +
#9375
0'
#9380
1'
b1001110 (
b1001110 ,
b1001110 9
b1110101010 +
#9385
0'
#9390
1'
b1000000111 (
b1000000111 ,
b1000000111 9
b1001111000 )
b1001111000 -
b1001111000 :
b1110101011 +
#9395
0'
#9400
1'
b1000000101 (
b1000000101 ,
b1000000101 9
b1001111010 )
b1001111010 -
b1001111010 :
b1110101100 +
#9405
0'
#9410
1'
b1000000100 (
b1000000100 ,
b1000000100 9
b1001111011 )
b1001111011 -
b1001111011 :
b1110101101 +
#9415
0'
#9420
1'
b1010110 (
b1010110 ,
b1010110 9
b110011010010 )
b110011010010 -
b110011010010 :
b1110101110 +
#9425
0'
#9430
1'
b1011000 (
b1011000 ,
b1011000 9
b110011010011 )
b110011010011 -
b110011010011 :
b1110101111 +
#9435
0'
#9440
1'
b1011010 (
b1011010 ,
b1011010 9
b1110110000 +
#9445
0'
#9450
1'
b110101111111 (
b110101111111 ,
b110101111111 9
b111111101 )
b111111101 -
b111111101 :
b1110110001 +
#9455
0'
#9460
1'
b110101111110 (
b110101111110 ,
b110101111110 9
b111111011 )
b111111011 -
b111111011 :
b1110110010 +
#9465
0'
#9470
1'
b110101111101 (
b110101111101 ,
b110101111101 9
b111111010 )
b111111010 -
b111111010 :
b1110110011 +
#9475
0'
#9480
1'
b110101111100 (
b110101111100 ,
b110101111100 9
b111111000 )
b111111000 -
b111111000 :
b1110110100 +
#9485
0'
#9490
1'
b110101111010 (
b110101111010 ,
b110101111010 9
b111110110 )
b111110110 -
b111110110 :
b1110110101 +
#9495
0'
#9500
1'
b110101111001 (
b110101111001 ,
b110101111001 9
b111110101 )
b111110101 -
b111110101 :
b1110110110 +
#9505
0'
#9510
1'
b110011010101 (
b110011010101 ,
b110011010101 9
b111110010111 )
b111110010111 -
b111110010111 :
b1110110111 +
#9515
0'
#9520
1'
b111110010101 )
b111110010101 -
b111110010101 :
b1110111000 +
#9525
0'
#9530
1'
b111110010010 )
b111110010010 -
b111110010010 :
b1110111001 +
#9535
0'
#9540
1'
b111110010000 (
b111110010000 ,
b111110010000 9
b1100101011 )
b1100101011 -
b1100101011 :
b1110111010 +
#9545
0'
#9550
1'
b111110001110 (
b111110001110 ,
b111110001110 9
b1100101010 )
b1100101010 -
b1100101010 :
b1110111011 +
#9555
0'
#9560
1'
b111110001100 (
b111110001100 ,
b111110001100 9
b1110111100 +
#9565
0'
#9570
1'
b110101110000 (
b110101110000 ,
b110101110000 9
b111101001 )
b111101001 -
b111101001 :
b1110111101 +
#9575
0'
#9580
1'
b110101101111 (
b110101101111 ,
b110101101111 9
b111100111 )
b111100111 -
b111100111 :
b1110111110 +
#9585
0'
#9590
1'
b110101101101 (
b110101101101 ,
b110101101101 9
b111100101 )
b111100101 -
b111100101 :
b1110111111 +
#9595
0'
#9600
1'
b110011010111 (
b110011010111 ,
b110011010111 9
b111110000100 )
b111110000100 -
b111110000100 :
b1111000000 +
#9605
0'
#9610
1'
b110011011000 (
b110011011000 ,
b110011011000 9
b111110000010 )
b111110000010 -
b111110000010 :
b1111000001 +
#9615
0'
#9620
1'
b111101111111 )
b111101111111 -
b111101111111 :
b1111000010 +
#9625
0'
#9630
1'
b110101101000 (
b110101101000 ,
b110101101000 9
b111011110 )
b111011110 -
b111011110 :
b1111000011 +
#9635
0'
#9640
1'
b110101100111 (
b110101100111 ,
b110101100111 9
b111011101 )
b111011101 -
b111011101 :
b1111000100 +
#9645
0'
#9650
1'
b110101100110 (
b110101100110 ,
b110101100110 9
b111011011 )
b111011011 -
b111011011 :
b1111000101 +
#9655
0'
#9660
1'
b1010011011 (
b1010011011 ,
b1010011011 9
b111000100111 )
b111000100111 -
b111000100111 :
b1111000110 +
#9665
0'
#9670
1'
b1010011101 (
b1010011101 ,
b1010011101 9
b111000101001 )
b111000101001 -
b111000101001 :
b1111000111 +
#9675
0'
#9680
1'
b1010011110 (
b1010011110 ,
b1010011110 9
b111000101010 )
b111000101010 -
b111000101010 :
b1111001000 +
#9685
0'
#9690
1'
b111000101100 (
b111000101100 ,
b111000101100 9
b110101100001 )
b110101100001 -
b110101100001 :
b1111001001 +
#9695
0'
#9700
1'
b111000101110 (
b111000101110 ,
b111000101110 9
b110101100000 )
b110101100000 -
b110101100000 :
b1111001010 +
#9705
0'
#9710
1'
b111000110000 (
b111000110000 ,
b111000110000 9
b110101011110 )
b110101011110 -
b110101011110 :
b1111001011 +
#9715
0'
#9720
1'
b1100100100 (
b1100100100 ,
b1100100100 9
b10010110 )
b10010110 -
b10010110 :
b1111001100 +
#9725
0'
#9730
1'
b10011000 )
b10011000 -
b10011000 :
b1111001101 +
#9735
0'
#9740
1'
b10011010 )
b10011010 -
b10011010 :
b1111001110 +
#9745
0'
#9750
1'
b111001001 (
b111001001 ,
b111001001 9
b1010100110 )
b1010100110 -
b1010100110 :
b1111001111 +
#9755
0'
#9760
1'
b111000111 (
b111000111 ,
b111000111 9
b1010101000 )
b1010101000 -
b1010101000 :
b1111010000 +
#9765
0'
#9770
1'
b111000110 (
b111000110 ,
b111000110 9
b1010101001 )
b1010101001 -
b1010101001 :
b1111010001 +
#9775
0'
#9780
1'
b111000100 (
b111000100 ,
b111000100 9
b1010101010 )
b1010101010 -
b1010101010 :
b1111010010 +
#9785
0'
#9790
1'
b111000010 (
b111000010 ,
b111000010 9
b1010101011 )
b1010101011 -
b1010101011 :
b1111010011 +
#9795
0'
#9800
1'
b111000000 (
b111000000 ,
b111000000 9
b1010101100 )
b1010101100 -
b1010101100 :
b1111010100 +
#9805
0'
#9810
1'
b1010101110 (
b1010101110 ,
b1010101110 9
b111001000010 )
b111001000010 -
b111001000010 :
b1111010101 +
#9815
0'
#9820
1'
b1010101111 (
b1010101111 ,
b1010101111 9
b111001000011 )
b111001000011 -
b111001000011 :
b1111010110 +
#9825
0'
#9830
1'
b1010110000 (
b1010110000 ,
b1010110000 9
b111001000101 )
b111001000101 -
b111001000101 :
b1111010111 +
#9835
0'
#9840
1'
b111001000111 (
b111001000111 ,
b111001000111 9
b110101001111 )
b110101001111 -
b110101001111 :
b1111011000 +
#9845
0'
#9850
1'
b111001001001 (
b111001001001 ,
b111001001001 9
b110101001110 )
b110101001110 -
b110101001110 :
b1111011001 +
#9855
0'
#9860
1'
b111001001011 (
b111001001011 ,
b111001001011 9
b110101001101 )
b110101001101 -
b110101001101 :
b1111011010 +
#9865
0'
#9870
1'
b110011100010 (
b110011100010 ,
b110011100010 9
b111101001011 )
b111101001011 -
b111101001011 :
b1111011011 +
#9875
0'
#9880
1'
b110011100011 (
b110011100011 ,
b110011100011 9
b111101001001 )
b111101001001 -
b111101001001 :
b1111011100 +
#9885
0'
#9890
1'
b111101000111 )
b111101000111 -
b111101000111 :
b1111011101 +
#9895
0'
#9900
1'
b1010111000 (
b1010111000 ,
b1010111000 9
b111001010010 )
b111001010010 -
b111001010010 :
b1111011110 +
#9905
0'
#9910
1'
b1010111001 (
b1010111001 ,
b1010111001 9
b111001010100 )
b111001010100 -
b111001010100 :
b1111011111 +
#9915
0'
#9920
1'
b1010111010 (
b1010111010 ,
b1010111010 9
b111001010101 )
b111001010101 -
b111001010101 :
b1111100000 +
#9925
0'
#9930
1'
b110101001 (
b110101001 ,
b110101001 9
b1010111011 )
b1010111011 -
b1010111011 :
b1111100001 +
#9935
0'
#9940
1'
b110100111 (
b110100111 ,
b110100111 9
b1010111100 )
b1010111100 -
b1010111100 :
b1111100010 +
#9945
0'
#9950
1'
b110100101 (
b110100101 ,
b110100101 9
b1010111101 )
b1010111101 -
b1010111101 :
b1111100011 +
#9955
0'
#9960
1'
b1010111111 (
b1010111111 ,
b1010111111 9
b111001011101 )
b111001011101 -
b111001011101 :
b1111100100 +
#9965
0'
#9970
1'
b1011000000 (
b1011000000 ,
b1011000000 9
b111001011111 )
b111001011111 -
b111001011111 :
b1111100101 +
#9975
0'
#9980
1'
b1011000001 (
b1011000001 ,
b1011000001 9
b111001100000 )
b111001100000 -
b111001100000 :
b1111100110 +
#9985
0'
#9990
1'
b1100011000 (
b1100011000 ,
b1100011000 9
b11001110 )
b11001110 -
b11001110 :
b1111100111 +
#9995
0'
#10000
1'
b1100010111 (
b1100010111 ,
b1100010111 9
b11010000 )
b11010000 -
b11010000 :
b1111101000 +
#10005
0'
#10010
1'
b11010010 )
b11010010 -
b11010010 :
b1111101001 +
#10015
0'
#10020
1'
b110100111011 (
b110100111011 ,
b110100111011 9
b110011000 )
b110011000 -
b110011000 :
b1111101010 +
#10025
0'
#10030
1'
b110100111010 (
b110100111010 ,
b110100111010 9
b110010110 )
b110010110 -
b110010110 :
b1111101011 +
#10035
0'
#10040
1'
b110100111001 (
b110100111001 ,
b110100111001 9
b110010100 )
b110010100 -
b110010100 :
b1111101100 +
#10045
0'
#10050
1'
b110011101100 (
b110011101100 ,
b110011101100 9
b111100100110 )
b111100100110 -
b111100100110 :
b1111101101 +
#10055
0'
#10060
1'
b111100100100 )
b111100100100 -
b111100100100 :
b1111101110 +
#10065
0'
#10070
1'
b110011101101 (
b110011101101 ,
b110011101101 9
b111100100001 )
b111100100001 -
b111100100001 :
b1111101111 +
#10075
0'
#10080
1'
b111001110011 (
b111001110011 ,
b111001110011 9
b110100110101 )
b110100110101 -
b110100110101 :
b1111110000 +
#10085
0'
#10090
1'
b111001110101 (
b111001110101 ,
b111001110101 9
b110100110100 )
b110100110100 -
b110100110100 :
b1111110001 +
#10095
0'
#10100
1'
b111001110111 (
b111001110111 ,
b111001110111 9
b110100110011 )
b110100110011 -
b110100110011 :
b1111110010 +
#10105
0'
#10110
1'
b110000111 (
b110000111 ,
b110000111 9
b1011001110 )
b1011001110 -
b1011001110 :
b1111110011 +
#10115
0'
#10120
1'
b110000101 (
b110000101 ,
b110000101 9
b1011001111 )
b1011001111 -
b1011001111 :
b1111110100 +
#10125
0'
#10130
1'
b110000100 (
b110000100 ,
b110000100 9
b1011010000 )
b1011010000 -
b1011010000 :
b1111110101 +
#10135
0'
#10140
1'
b1100001111 (
b1100001111 ,
b1100001111 9
b11101101 )
b11101101 -
b11101101 :
b1111110110 +
#10145
0'
#10150
1'
b1100001110 (
b1100001110 ,
b1100001110 9
b11101111 )
b11101111 -
b11101111 :
b1111110111 +
#10155
0'
#10160
1'
b11110001 )
b11110001 -
b11110001 :
b1111111000 +
#10165
0'
#10170
1'
b101111100 (
b101111100 ,
b101111100 9
b1011010100 )
b1011010100 -
b1011010100 :
b1111111001 +
#10175
0'
#10180
1'
b101111010 (
b101111010 ,
b101111010 9
b1011010101 )
b1011010101 -
b1011010101 :
b1111111010 +
#10185
0'
#10190
1'
b101111000 (
b101111000 ,
b101111000 9
b1011010110 )
b1011010110 -
b1011010110 :
b1111111011 +
#10195
0'
#10200
1'
b111100000111 (
b111100000111 ,
b111100000111 9
b1100001011 )
b1100001011 -
b1100001011 :
b1111111100 +
#10205
0'
#10210
1'
b111100000101 (
b111100000101 ,
b111100000101 9
b1111111101 +
#10215
0'
#10220
1'
b111100000011 (
b111100000011 ,
b111100000011 9
b1100001010 )
b1100001010 -
b1100001010 :
b1111111110 +
#10225
0'
#10230
1'
b111100000001 (
b111100000001 ,
b111100000001 9
b1100001001 )
b1100001001 -
b1100001001 :
b1111111111 +
#10235
0'
#10240
1'
b111011111111 (
b111011111111 ,
b111011111111 9
b10000000000 +
#10245
0'
#10250
1'
b111011111101 (
b111011111101 ,
b111011111101 9
b1100001000 )
b1100001000 -
b1100001000 :
b10000000001 +
#10255
0'
#10260
1'
b111010010101 (
b111010010101 ,
b111010010101 9
b110100100011 )
b110100100011 -
b110100100011 :
b10000000010 +
#10265
0'
#10270
1'
b111010010111 (
b111010010111 ,
b111010010111 9
b110100100010 )
b110100100010 -
b110100100010 :
b10000000011 +
#10275
0'
#10280
1'
b111010011001 (
b111010011001 ,
b111010011001 9
b110100100001 )
b110100100001 -
b110100100001 :
b10000000100 +
#10285
0'
#10290
1'
b111010011011 (
b111010011011 ,
b111010011011 9
b110100100000 )
b110100100000 -
b110100100000 :
b10000000101 +
#10295
0'
#10300
1'
b111010011101 (
b111010011101 ,
b111010011101 9
b110100011111 )
b110100011111 -
b110100011111 :
b10000000110 +
#10305
0'
#10310
1'
b111010011111 (
b111010011111 ,
b111010011111 9
b110100011110 )
b110100011110 -
b110100011110 :
b10000000111 +
#10315
0'
#10320
1'
b1011100011 (
b1011100011 ,
b1011100011 9
b111010100001 )
b111010100001 -
b111010100001 :
b10000001000 +
#10325
0'
#10330
1'
b1011100100 (
b1011100100 ,
b1011100100 9
b111010100011 )
b111010100011 -
b111010100011 :
b10000001001 +
#10335
0'
#10340
1'
b1011100101 (
b1011100101 ,
b1011100101 9
b111010100101 )
b111010100101 -
b111010100101 :
b10000001010 +
#10345
0'
#10350
1'
b111010100110 (
b111010100110 ,
b111010100110 9
b110100011010 )
b110100011010 -
b110100011010 :
b10000001011 +
#10355
0'
#10360
1'
b111010101000 (
b111010101000 ,
b111010101000 9
b10000001100 +
#10365
0'
#10370
1'
b111010101010 (
b111010101010 ,
b111010101010 9
b110100011001 )
b110100011001 -
b110100011001 :
b10000001101 +
#10375
0'
#10380
1'
b101010100 (
b101010100 ,
b101010100 9
b1011101000 )
b1011101000 -
b1011101000 :
b10000001110 +
#10385
0'
#10390
1'
b101010010 (
b101010010 ,
b101010010 9
b1011101001 )
b1011101001 -
b1011101001 :
b10000001111 +
#10395
0'
#10400
1'
b101010000 (
b101010000 ,
b101010000 9
b1011101010 )
b1011101010 -
b1011101010 :
b10000010000 +
#10405
0'
#10410
1'
b1011101011 (
b1011101011 ,
b1011101011 9
b111010110010 )
b111010110010 -
b111010110010 :
b10000010001 +
#10415
0'
#10420
1'
b1011101100 (
b1011101100 ,
b1011101100 9
b111010110100 )
b111010110100 -
b111010110100 :
b10000010010 +
#10425
0'
#10430
1'
b1011101101 (
b1011101101 ,
b1011101101 9
b111010110110 )
b111010110110 -
b111010110110 :
b10000010011 +
#10435
0'
#10440
1'
b1011101110 (
b1011101110 ,
b1011101110 9
b111010111000 )
b111010111000 -
b111010111000 :
b10000010100 +
#10445
0'
#10450
1'
b111010111010 )
b111010111010 -
b111010111010 :
b10000010101 +
#10455
0'
#10460
1'
b1011101111 (
b1011101111 ,
b1011101111 9
b111010111100 )
b111010111100 -
b111010111100 :
b10000010110 +
#10465
0'
#10470
1'
b111011010000 (
b111011010000 ,
b111011010000 9
b1011111000 )
b1011111000 -
b1011111000 :
b10000010111 +
#10475
0'
#10480
1'
b111011001110 (
b111011001110 ,
b111011001110 9
b1011110111 )
b1011110111 -
b1011110111 :
b10000011000 +
#10485
0'
#10490
1'
b111011001100 (
b111011001100 ,
b111011001100 9
b1011110110 )
b1011110110 -
b1011110110 :
b10000011001 +
#10495
0'
#10500
1'
b110100001101 (
b110100001101 ,
b110100001101 9
b100111100 )
b100111100 -
b100111100 :
b10000011010 +
#10505
0'
#10510
1'
b100111010 )
b100111010 -
b100111010 :
b10000011011 +
#10515
0'
#10520
1'
b110100001100 (
b110100001100 ,
b110100001100 9
b100111000 )
b100111000 -
b100111000 :
b10000011100 +
#10525
0'
#10530
1'
b111011001010 (
b111011001010 ,
b111011001010 9
b110100001011 )
b110100001011 -
b110100001011 :
b10000011101 +
#10535
0'
#10540
1'
b111011001100 (
b111011001100 ,
b111011001100 9
b110100001010 )
b110100001010 -
b110100001010 :
b10000011110 +
#10545
0'
#10550
1'
b111011001110 (
b111011001110 ,
b111011001110 9
b110100001001 )
b110100001001 -
b110100001001 :
b10000011111 +
#10555
0'
#10560
1'
b100110000 (
b100110000 ,
b100110000 9
b1011110111 )
b1011110111 -
b1011110111 :
b10000100000 +
#10565
0'
#10570
1'
b100101110 (
b100101110 ,
b100101110 9
b1011111000 )
b1011111000 -
b1011111000 :
b10000100001 +
#10575
0'
#10580
1'
b100101100 (
b100101100 ,
b100101100 9
b1011111001 )
b1011111001 -
b1011111001 :
b10000100010 +
#10585
0'
#10590
1'
b111010111001 (
b111010111001 ,
b111010111001 9
b1011101110 )
b1011101110 -
b1011101110 :
b10000100011 +
#10595
0'
#10600
1'
b111010110111 (
b111010110111 ,
b111010110111 9
b1011101101 )
b1011101101 -
b1011101101 :
b10000100100 +
#10605
0'
#10610
1'
b111010110101 (
b111010110101 ,
b111010110101 9
b1011101100 )
b1011101100 -
b1011101100 :
b10000100101 +
#10615
0'
#10620
1'
b110100000100 (
b110100000100 ,
b110100000100 9
b100100100 )
b100100100 -
b100100100 :
b10000100110 +
#10625
0'
#10630
1'
b110100000011 (
b110100000011 ,
b110100000011 9
b100100010 )
b100100010 -
b100100010 :
b10000100111 +
#10635
0'
#10640
1'
b110100000010 (
b110100000010 ,
b110100000010 9
b100100000 )
b100100000 -
b100100000 :
b10000101000 +
#10645
0'
#10650
1'
b111010101101 (
b111010101101 ,
b111010101101 9
b1011101001 )
b1011101001 -
b1011101001 :
b10000101001 +
#10655
0'
#10660
1'
b111010101011 (
b111010101011 ,
b111010101011 9
b1011101000 )
b1011101000 -
b1011101000 :
b10000101010 +
#10665
0'
#10670
1'
b111010101001 (
b111010101001 ,
b111010101001 9
b1011100111 )
b1011100111 -
b1011100111 :
b10000101011 +
#10675
0'
#10680
1'
b1100000001 (
b1100000001 ,
b1100000001 9
b111011101000 )
b111011101000 -
b111011101000 :
b10000101100 +
#10685
0'
#10690
1'
b111011101010 )
b111011101010 -
b111011101010 :
b10000101101 +
#10695
0'
#10700
1'
b1100000010 (
b1100000010 ,
b1100000010 9
b111011101100 )
b111011101100 -
b111011101100 :
b10000101110 +
#10705
0'
#10710
1'
b1100000011 (
b1100000011 ,
b1100000011 9
b111011101110 )
b111011101110 -
b111011101110 :
b10000101111 +
#10715
0'
#10720
1'
b1100000100 (
b1100000100 ,
b1100000100 9
b111011110000 )
b111011110000 -
b111011110000 :
b10000110000 +
#10725
0'
#10730
1'
b111011110010 )
b111011110010 -
b111011110010 :
b10000110001 +
#10735
0'
#10740
1'
b1011100000 (
b1011100000 ,
b1011100000 9
b101100100 )
b101100100 -
b101100100 :
b10000110010 +
#10745
0'
#10750
1'
b1011011111 (
b1011011111 ,
b1011011111 9
b101100110 )
b101100110 -
b101100110 :
b10000110011 +
#10755
0'
#10760
1'
b101101000 )
b101101000 -
b101101000 :
b10000110100 +
#10765
0'
#10770
1'
b111010010110 (
b111010010110 ,
b111010010110 9
b1011011110 )
b1011011110 -
b1011011110 :
b10000110101 +
#10775
0'
#10780
1'
b111010010100 (
b111010010100 ,
b111010010100 9
b1011011101 )
b1011011101 -
b1011011101 :
b10000110110 +
#10785
0'
#10790
1'
b111010010010 (
b111010010010 ,
b111010010010 9
b1011011100 )
b1011011100 -
b1011011100 :
b10000110111 +
#10795
0'
#10800
1'
b101110000 (
b101110000 ,
b101110000 9
b110100100101 )
b110100100101 -
b110100100101 :
b10000111000 +
#10805
0'
#10810
1'
b101110010 (
b101110010 ,
b101110010 9
b110100100110 )
b110100100110 -
b110100100110 :
b10000111001 +
#10815
0'
#10820
1'
b101110100 (
b101110100 ,
b101110100 9
b110100100111 )
b110100100111 -
b110100100111 :
b10000111010 +
#10825
0'
#10830
1'
b111100000110 (
b111100000110 ,
b111100000110 9
b110011110101 )
b110011110101 -
b110011110101 :
b10000111011 +
#10835
0'
#10840
1'
b111100001000 (
b111100001000 ,
b111100001000 9
b110011110100 )
b110011110100 -
b110011110100 :
b10000111100 +
#10845
0'
#10850
1'
b111100001010 (
b111100001010 ,
b111100001010 9
b10000111101 +
#10855
0'
#10860
1'
b101111011 (
b101111011 ,
b101111011 9
b110100101011 )
b110100101011 -
b110100101011 :
b10000111110 +
#10865
0'
#10870
1'
b101111101 (
b101111101 ,
b101111101 9
b110100101100 )
b110100101100 -
b110100101100 :
b10000111111 +
#10875
0'
#10880
1'
b101111111 (
b101111111 ,
b101111111 9
b110100101101 )
b110100101101 -
b110100101101 :
b10001000000 +
#10885
0'
#10890
1'
b111001111111 (
b111001111111 ,
b111001111111 9
b1011010010 )
b1011010010 -
b1011010010 :
b10001000001 +
#10895
0'
#10900
1'
b111001111101 (
b111001111101 ,
b111001111101 9
b1011010001 )
b1011010001 -
b1011010001 :
b10001000010 +
#10905
0'
#10910
1'
b111001111011 (
b111001111011 ,
b111001111011 9
b1011010000 )
b1011010000 -
b1011010000 :
b10001000011 +
#10915
0'
#10920
1'
b110100110001 (
b110100110001 ,
b110100110001 9
b111001111001 )
b111001111001 -
b111001111001 :
b10001000100 +
#10925
0'
#10930
1'
b110100110010 (
b110100110010 ,
b110100110010 9
b111001110111 )
b111001110111 -
b111001110111 :
b10001000101 +
#10935
0'
#10940
1'
b110100110011 (
b110100110011 ,
b110100110011 9
b111001110110 )
b111001110110 -
b111001110110 :
b10001000110 +
#10945
0'
#10950
1'
b110100110100 (
b110100110100 ,
b110100110100 9
b111001110100 )
b111001110100 -
b111001110100 :
b10001000111 +
#10955
0'
#10960
1'
b110100110101 (
b110100110101 ,
b110100110101 9
b111001110010 )
b111001110010 -
b111001110010 :
b10001001000 +
#10965
0'
#10970
1'
b110100110110 (
b110100110110 ,
b110100110110 9
b111001110000 )
b111001110000 -
b111001110000 :
b10001001001 +
#10975
0'
#10980
1'
b110011101100 (
b110011101100 ,
b110011101100 9
b11011011 )
b11011011 -
b11011011 :
b10001001010 +
#10985
0'
#10990
1'
b110011101011 (
b110011101011 ,
b110011101011 9
b11011001 )
b11011001 -
b11011001 :
b10001001011 +
#10995
0'
#11000
1'
b11010111 )
b11010111 -
b11010111 :
b10001001100 +
#11005
0'
#11010
1'
b111100101011 (
b111100101011 ,
b111100101011 9
b110011101010 )
b110011101010 -
b110011101010 :
b10001001101 +
#11015
0'
#11020
1'
b111100101101 (
b111100101101 ,
b111100101101 9
b110011101001 )
b110011101001 -
b110011101001 :
b10001001110 +
#11025
0'
#11030
1'
b111100101111 (
b111100101111 ,
b111100101111 9
b10001001111 +
#11035
0'
#11040
1'
b1011000010 (
b1011000010 ,
b1011000010 9
b110011101 )
b110011101 -
b110011101 :
b10001010000 +
#11045
0'
#11050
1'
b1011000001 (
b1011000001 ,
b1011000001 9
b110011111 )
b110011111 -
b110011111 :
b10001010001 +
#11055
0'
#11060
1'
b1011000000 (
b1011000000 ,
b1011000000 9
b110100001 )
b110100001 -
b110100001 :
b10001010010 +
#11065
0'
#11070
1'
b1100011001 (
b1100011001 ,
b1100011001 9
b111100110111 )
b111100110111 -
b111100110111 :
b10001010011 +
#11075
0'
#11080
1'
b1100011010 (
b1100011010 ,
b1100011010 9
b111100111010 )
b111100111010 -
b111100111010 :
b10001010100 +
#11085
0'
#11090
1'
b111100111100 )
b111100111100 -
b111100111100 :
b10001010101 +
#11095
0'
#11100
1'
b110011100101 (
b110011100101 ,
b110011100101 9
b11000010 )
b11000010 -
b11000010 :
b10001010110 +
#11105
0'
#11110
1'
b11000000 )
b11000000 -
b11000000 :
b10001010111 +
#11115
0'
#11120
1'
b110011100100 (
b110011100100 ,
b110011100100 9
b10111110 )
b10111110 -
b10111110 :
b10001011000 +
#11125
0'
#11130
1'
b111001010010 (
b111001010010 ,
b111001010010 9
b1010111000 )
b1010111000 -
b1010111000 :
b10001011001 +
#11135
0'
#11140
1'
b111001010001 (
b111001010001 ,
b111001010001 9
b1010110111 )
b1010110111 -
b1010110111 :
b10001011010 +
#11145
0'
#11150
1'
b111001001111 (
b111001001111 ,
b111001001111 9
b1010110110 )
b1010110110 -
b1010110110 :
b10001011011 +
#11155
0'
#11160
1'
b110110011 (
b110110011 ,
b110110011 9
b110101001011 )
b110101001011 -
b110101001011 :
b10001011100 +
#11165
0'
#11170
1'
b110110101 (
b110110101 ,
b110110101 9
b110101001100 )
b110101001100 -
b110101001100 :
b10001011101 +
#11175
0'
#11180
1'
b110110111 (
b110110111 ,
b110110111 9
b110101001101 )
b110101001101 -
b110101001101 :
b10001011110 +
#11185
0'
#11190
1'
b10110000 (
b10110000 ,
b10110000 9
b1100011111 )
b1100011111 -
b1100011111 :
b10001011111 +
#11195
0'
#11200
1'
b10101101 (
b10101101 ,
b10101101 9
b1100100000 )
b1100100000 -
b1100100000 :
b10001100000 +
#11205
0'
#11210
1'
b10101011 (
b10101011 ,
b10101011 9
b10001100001 +
#11215
0'
#11220
1'
b110011100000 (
b110011100000 ,
b110011100000 9
b10101001 )
b10101001 -
b10101001 :
b10001100010 +
#11225
0'
#11230
1'
b110011011111 (
b110011011111 ,
b110011011111 9
b10100111 )
b10100111 -
b10100111 :
b10001100011 +
#11235
0'
#11240
1'
b10100101 )
b10100101 -
b10100101 :
b10001100100 +
#11245
0'
#11250
1'
b1100100010 (
b1100100010 ,
b1100100010 9
b111101011101 )
b111101011101 -
b111101011101 :
b10001100101 +
#11255
0'
#11260
1'
b111101011111 )
b111101011111 -
b111101011111 :
b10001100110 +
#11265
0'
#11270
1'
b1100100011 (
b1100100011 ,
b1100100011 9
b111101100001 )
b111101100001 -
b111101100001 :
b10001100111 +
#11275
0'
#11280
1'
b111000110111 (
b111000110111 ,
b111000110111 9
b1010100111 )
b1010100111 -
b1010100111 :
b10001101000 +
#11285
0'
#11290
1'
b111000110110 (
b111000110110 ,
b111000110110 9
b1010100110 )
b1010100110 -
b1010100110 :
b10001101001 +
#11295
0'
#11300
1'
b111000110100 (
b111000110100 ,
b111000110100 9
b1010100100 )
b1010100100 -
b1010100100 :
b10001101010 +
#11305
0'
#11310
1'
b1010100011 (
b1010100011 ,
b1010100011 9
b111001110 )
b111001110 -
b111001110 :
b10001101011 +
#11315
0'
#11320
1'
b1010100010 (
b1010100010 ,
b1010100010 9
b111010000 )
b111010000 -
b111010000 :
b10001101100 +
#11325
0'
#11330
1'
b1010100001 (
b1010100001 ,
b1010100001 9
b111010001 )
b111010001 -
b111010001 :
b10001101101 +
#11335
0'
#11340
1'
b110101100000 (
b110101100000 ,
b110101100000 9
b111000101101 )
b111000101101 -
b111000101101 :
b10001101110 +
#11345
0'
#11350
1'
b110101100010 (
b110101100010 ,
b110101100010 9
b111000101011 )
b111000101011 -
b111000101011 :
b10001101111 +
#11355
0'
#11360
1'
b110101100011 (
b110101100011 ,
b110101100011 9
b111000101001 )
b111000101001 -
b111000101001 :
b10001110000 +
#11365
0'
#11370
1'
b110011011001 (
b110011011001 ,
b110011011001 9
b10001010 )
b10001010 -
b10001010 :
b10001110001 +
#11375
0'
#11380
1'
b10001000 )
b10001000 -
b10001000 :
b10001110010 +
#11385
0'
#11390
1'
b10000110 )
b10000110 -
b10000110 :
b10001110011 +
#11395
0'
#11400
1'
b111101111101 (
b111101111101 ,
b111101111101 9
b110011011000 )
b110011011000 -
b110011011000 :
b10001110100 +
#11405
0'
#11410
1'
b111101111111 (
b111101111111 ,
b111101111111 9
b10001110101 +
#11415
0'
#11420
1'
b111110000001 (
b111110000001 ,
b111110000001 9
b10001110110 +
#11425
0'
#11430
1'
b1100101001 (
b1100101001 ,
b1100101001 9
b111110000011 )
b111110000011 -
b111110000011 :
b10001110111 +
#11435
0'
#11440
1'
b111110000101 )
b111110000101 -
b111110000101 :
b10001111000 +
#11445
0'
#11450
1'
b111110000111 )
b111110000111 -
b111110000111 :
b10001111001 +
#11455
0'
#11460
1'
b111101000 (
b111101000 ,
b111101000 9
b110101101111 )
b110101101111 -
b110101101111 :
b10001111010 +
#11465
0'
#11470
1'
b111101010 (
b111101010 ,
b111101010 9
b110101110001 )
b110101110001 -
b110101110001 :
b10001111011 +
#11475
0'
#11480
1'
b111101011 (
b111101011 ,
b111101011 9
b110101110010 )
b110101110010 -
b110101110010 :
b10001111100 +
#11485
0'
#11490
1'
b111101101 (
b111101101 ,
b111101101 9
b110101110011 )
b110101110011 -
b110101110011 :
b10001111101 +
#11495
0'
#11500
1'
b111101111 (
b111101111 ,
b111101111 9
b110101110101 )
b110101110101 -
b110101110101 :
b10001111110 +
#11505
0'
#11510
1'
b111110001 (
b111110001 ,
b111110001 9
b110101110110 )
b110101110110 -
b110101110110 :
b10001111111 +
#11515
0'
#11520
1'
b1100101011 (
b1100101011 ,
b1100101011 9
b111110010110 )
b111110010110 -
b111110010110 :
b10010000000 +
#11525
0'
#11530
1'
b1100101100 (
b1100101100 ,
b1100101100 9
b111110011000 )
b111110011000 -
b111110011000 :
b10010000001 +
#11535
0'
#11540
1'
b111110011010 )
b111110011010 -
b111110011010 :
b10010000010 +
#11545
0'
#11550
1'
b110011010100 (
b110011010100 ,
b110011010100 9
b1100100 )
b1100100 -
b1100100 :
b10010000011 +
#11555
0'
#11560
1'
b1100010 )
b1100010 -
b1100010 :
b10010000100 +
#11565
0'
#11570
1'
b110011010011 (
b110011010011 ,
b110011010011 9
b1011111 )
b1011111 -
b1011111 :
b10010000101 +
#11575
0'
#11580
1'
b1011101 (
b1011101 ,
b1011101 9
b1100101101 )
b1100101101 -
b1100101101 :
b10010000110 +
#11585
0'
#11590
1'
b1011011 (
b1011011 ,
b1011011 9
b10010000111 +
#11595
0'
#11600
1'
b1011001 (
b1011001 ,
b1011001 9
b10010001000 +
#11605
0'
#11610
1'
b1000000001 (
b1000000001 ,
b1000000001 9
b110110000011 )
b110110000011 -
b110110000011 :
b10010001001 +
#11615
0'
#11620
1'
b1000000011 (
b1000000011 ,
b1000000011 9
b110110000100 )
b110110000100 -
b110110000100 :
b10010001010 +
#11625
0'
#11630
1'
b1000000101 (
b1000000101 ,
b1000000101 9
b110110000110 )
b110110000110 -
b110110000110 :
b10010001011 +
#11635
0'
#11640
1'
b110011010010 (
b110011010010 ,
b110011010010 9
b1010001 )
b1010001 -
b1010001 :
b10010001100 +
#11645
0'
#11650
1'
b1001110 )
b1001110 -
b1001110 :
b10010001101 +
#11655
0'
#11660
1'
b110011010001 (
b110011010001 ,
b110011010001 9
b1001100 )
b1001100 -
b1001100 :
b10010001110 +
#11665
0'
#11670
1'
b1001110101 (
b1001110101 ,
b1001110101 9
b1000001011 )
b1000001011 -
b1000001011 :
b10010001111 +
#11675
0'
#11680
1'
b1001110011 (
b1001110011 ,
b1001110011 9
b1000001101 )
b1000001101 -
b1000001101 :
b10010010000 +
#11685
0'
#11690
1'
b1001110010 (
b1001110010 ,
b1001110010 9
b1000001111 )
b1000001111 -
b1000001111 :
b10010010001 +
#11695
0'
#11700
1'
b110011010001 (
b110011010001 ,
b110011010001 9
b1000100 )
b1000100 -
b1000100 :
b10010010010 +
#11705
0'
#11710
1'
b110011010000 (
b110011010000 ,
b110011010000 9
b1000010 )
b1000010 -
b1000010 :
b10010010011 +
#11715
0'
#11720
1'
b111111 )
b111111 -
b111111 :
b10010010100 +
#11725
0'
#11730
1'
b1001101101 (
b1001101101 ,
b1001101101 9
b1000010101 )
b1000010101 -
b1000010101 :
b10010010101 +
#11735
0'
#11740
1'
b1001101011 (
b1001101011 ,
b1001101011 9
b1000010111 )
b1000010111 -
b1000010111 :
b10010010110 +
#11745
0'
#11750
1'
b1001101010 (
b1001101010 ,
b1001101010 9
b1000011000 )
b1000011000 -
b1000011000 :
b10010010111 +
#11755
0'
#11760
1'
b110110011000 (
b110110011000 ,
b110110011000 9
b110111100110 )
b110111100110 -
b110111100110 :
b10010011000 +
#11765
0'
#11770
1'
b110110011001 (
b110110011001 ,
b110110011001 9
b110111100100 )
b110111100100 -
b110111100100 :
b10010011001 +
#11775
0'
#11780
1'
b110110011010 (
b110110011010 ,
b110110011010 9
b110111100011 )
b110111100011 -
b110111100011 :
b10010011010 +
#11785
0'
#11790
1'
b110110011100 (
b110110011100 ,
b110110011100 9
b110111100001 )
b110111100001 -
b110111100001 :
b10010011011 +
#11795
0'
#11800
1'
b110110011101 (
b110110011101 ,
b110110011101 9
b110111100000 )
b110111100000 -
b110111100000 :
b10010011100 +
#11805
0'
#11810
1'
b110110011111 (
b110110011111 ,
b110110011111 9
b110111011110 )
b110111011110 -
b110111011110 :
b10010011101 +
#11815
0'
#11820
1'
b111111010110 (
b111111010110 ,
b111111010110 9
b110011001111 )
b110011001111 -
b110011001111 :
b10010011110 +
#11825
0'
#11830
1'
b111111011000 (
b111111011000 ,
b111111011000 9
b10010011111 +
#11835
0'
#11840
1'
b111111011010 (
b111111011010 ,
b111111011010 9
b10010100000 +
#11845
0'
#11850
1'
b111111011100 (
b111111011100 ,
b111111011100 9
b10010100001 +
#11855
0'
#11860
1'
b111111011110 (
b111111011110 ,
b111111011110 9
b110011001110 )
b110011001110 -
b110011001110 :
b10010100010 +
#11865
0'
#11870
1'
b111111100001 (
b111111100001 ,
b111111100001 9
b10010100011 +
#11875
0'
#11880
1'
b110110101001 (
b110110101001 ,
b110110101001 9
b110111010011 )
b110111010011 -
b110111010011 :
b10010100100 +
#11885
0'
#11890
1'
b110110101010 (
b110110101010 ,
b110110101010 9
b110111010001 )
b110111010001 -
b110111010001 :
b10010100101 +
#11895
0'
#11900
1'
b110110101100 (
b110110101100 ,
b110110101100 9
b110111010000 )
b110111010000 -
b110111010000 :
b10010100110 +
#11905
0'
#11910
1'
b1001010011 (
b1001010011 ,
b1001010011 9
b1000110010 )
b1000110010 -
b1000110010 :
b10010100111 +
#11915
0'
#11920
1'
b1001010001 (
b1001010001 ,
b1001010001 9
b1000110011 )
b1000110011 -
b1000110011 :
b10010101000 +
#11925
0'
#11930
1'
b1001010000 (
b1001010000 ,
b1001010000 9
b1000110101 )
b1000110101 -
b1000110101 :
b10010101001 +
#11935
0'
#11940
1'
b1000110110 (
b1000110110 ,
b1000110110 9
b110110110010 )
b110110110010 -
b110110110010 :
b10010101010 +
#11945
0'
#11950
1'
b1000111000 (
b1000111000 ,
b1000111000 9
b110110110011 )
b110110110011 -
b110110110011 :
b10010101011 +
#11955
0'
#11960
1'
b1000111001 (
b1000111001 ,
b1000111001 9
b110110110101 )
b110110110101 -
b110110110101 :
b10010101100 +
#11965
0'
#11970
1'
b111111110110 (
b111111110110 ,
b111111110110 9
b110011001110 )
b110011001110 -
b110011001110 :
b10010101101 +
#11975
0'
#11980
1'
b111111111000 (
b111111111000 ,
b111111111000 9
b10010101110 +
#11985
0'
#11990
1'
b111111111010 (
b111111111010 ,
b111111111010 9
b10010101111 +
#11995
0'
#12000
1'
b110111000000 (
b110111000000 ,
b110111000000 9
b1001000101 )
b1001000101 -
b1001000101 :
b10010110000 +
#12005
0'
#12010
1'
b110110111111 (
b110110111111 ,
b110110111111 9
b1001000100 )
b1001000100 -
b1001000100 :
b10010110001 +
#12015
0'
#12020
1'
b110110111101 (
b110110111101 ,
b110110111101 9
b1001000010 )
b1001000010 -
b1001000010 :
b10010110010 +
#12025
0'
#12030
1'
b110110111100 (
b110110111100 ,
b110110111100 9
b1001000001 )
b1001000001 -
b1001000001 :
b10010110011 +
#12035
0'
#12040
1'
b110110111010 (
b110110111010 ,
b110110111010 9
b1000111111 )
b1000111111 -
b1000111111 :
b10010110100 +
#12045
0'
#12050
1'
b110110111001 (
b110110111001 ,
b110110111001 9
b1000111110 )
b1000111110 -
b1000111110 :
b10010110101 +
#12055
0'
#12060
1'
b110111000100 (
b110111000100 ,
b110111000100 9
b110110110111 )
b110110110111 -
b110110110111 :
b10010110110 +
#12065
0'
#12070
1'
b110111000101 (
b110111000101 ,
b110111000101 9
b110110110110 )
b110110110110 -
b110110110110 :
b10010110111 +
#12075
0'
#12080
1'
b110111000111 (
b110111000111 ,
b110111000111 9
b110110110100 )
b110110110100 -
b110110110100 :
b10010111000 +
#12085
0'
#12090
1'
b110110110011 (
b110110110011 ,
b110110110011 9
b1000111000 )
b1000111000 -
b1000111000 :
b10010111001 +
#12095
0'
#12100
1'
b110110110001 (
b110110110001 ,
b110110110001 9
b1000110110 )
b1000110110 -
b1000110110 :
b10010111010 +
#12105
0'
#12110
1'
b110110110000 (
b110110110000 ,
b110110110000 9
b1000110101 )
b1000110101 -
b1000110101 :
b10010111011 +
#12115
0'
#12120
1'
b10101 (
b10101 ,
b10101 9
b110011001110 )
b110011001110 -
b110011001110 :
b10010111100 +
#12125
0'
#12130
1'
b10111 (
b10111 ,
b10111 9
b10010111101 +
#12135
0'
#12140
1'
b11001 (
b11001 ,
b11001 9
b10010111110 +
#12145
0'
#12150
1'
b1001010110 (
b1001010110 ,
b1001010110 9
b110111010010 )
b110111010010 -
b110111010010 :
b10010111111 +
#12155
0'
#12160
1'
b1001010111 (
b1001010111 ,
b1001010111 9
b110111010011 )
b110111010011 -
b110111010011 :
b10011000000 +
#12165
0'
#12170
1'
b1001011001 (
b1001011001 ,
b1001011001 9
b110111010101 )
b110111010101 -
b110111010101 :
b10011000001 +
#12175
0'
#12180
1'
b111111011110 (
b111111011110 ,
b111111011110 9
b1100110010 )
b1100110010 -
b1100110010 :
b10011000010 +
#12185
0'
#12190
1'
b111111011100 (
b111111011100 ,
b111111011100 9
b1100110001 )
b1100110001 -
b1100110001 :
b10011000011 +
#12195
0'
#12200
1'
b111111011010 (
b111111011010 ,
b111111011010 9
b10011000100 +
#12205
0'
#12210
1'
b101000 (
b101000 ,
b101000 9
b110011001111 )
b110011001111 -
b110011001111 :
b10011000101 +
#12215
0'
#12220
1'
b101010 (
b101010 ,
b101010 9
b10011000110 +
#12225
0'
#12230
1'
b101101 (
b101101 ,
b101101 9
b10011000111 +
#12235
0'
#12240
1'
b1001100011 (
b1001100011 ,
b1001100011 9
b110111100000 )
b110111100000 -
b110111100000 :
b10011001000 +
#12245
0'
#12250
1'
b1001100100 (
b1001100100 ,
b1001100100 9
b110111100001 )
b110111100001 -
b110111100001 :
b10011001001 +
#12255
0'
#12260
1'
b1001100110 (
b1001100110 ,
b1001100110 9
b110111100011 )
b110111100011 -
b110111100011 :
b10011001010 +
#12265
0'
#12270
1'
b110101 (
b110101 ,
b110101 9
b110011001111 )
b110011001111 -
b110011001111 :
b10011001011 +
#12275
0'
#12280
1'
b110111 (
b110111 ,
b110111 9
b110011010000 )
b110011010000 -
b110011010000 :
b10011001100 +
#12285
0'
#12290
1'
b111001 (
b111001 ,
b111001 9
b10011001101 +
#12295
0'
#12300
1'
b110111101010 (
b110111101010 ,
b110111101010 9
b110110010101 )
b110110010101 -
b110110010101 :
b10011001110 +
#12305
0'
#12310
1'
b110111101011 (
b110111101011 ,
b110111101011 9
b110110010011 )
b110110010011 -
b110110010011 :
b10011001111 +
#12315
0'
#12320
1'
b110111101101 (
b110111101101 ,
b110111101101 9
b110110010010 )
b110110010010 -
b110110010010 :
b10011010000 +
#12325
0'
#12330
1'
b1001110000 (
b1001110000 ,
b1001110000 9
b110111101110 )
b110111101110 -
b110111101110 :
b10011010001 +
#12335
0'
#12340
1'
b1001110001 (
b1001110001 ,
b1001110001 9
b110111110000 )
b110111110000 -
b110111110000 :
b10011010010 +
#12345
0'
#12350
1'
b1001110010 (
b1001110010 ,
b1001110010 9
b110111110010 )
b110111110010 -
b110111110010 :
b10011010011 +
#12355
0'
#12360
1'
b1001110100 (
b1001110100 ,
b1001110100 9
b110111110011 )
b110111110011 -
b110111110011 :
b10011010100 +
#12365
0'
#12370
1'
b1001110101 (
b1001110101 ,
b1001110101 9
b110111110101 )
b110111110101 -
b110111110101 :
b10011010101 +
#12375
0'
#12380
1'
b1001110110 (
b1001110110 ,
b1001110110 9
b110111110111 )
b110111110111 -
b110111110111 :
b10011010110 +
#12385
0'
#12390
1'
b1001111 (
b1001111 ,
b1001111 9
b110011010010 )
b110011010010 -
b110011010010 :
b10011010111 +
#12395
0'
#12400
1'
b1010001 (
b1010001 ,
b1010001 9
b10011011000 +
#12405
0'
#12410
1'
b1010011 (
b1010011 ,
b1010011 9
b10011011001 +
#12415
0'
#12420
1'
b110011010010 (
b110011010010 ,
b110011010010 9
b111110101011 )
b111110101011 -
b111110101011 :
b10011011010 +
#12425
0'
#12430
1'
b111110101001 )
b111110101001 -
b111110101001 :
b10011011011 +
#12435
0'
#12440
1'
b110011010011 (
b110011010011 ,
b110011010011 9
b111110100111 )
b111110100111 -
b111110100111 :
b10011011100 +
#12445
0'
#12450
1'
b111000000010 (
b111000000010 ,
b111000000010 9
b110110000000 )
b110110000000 -
b110110000000 :
b10011011101 +
#12455
0'
#12460
1'
b111000000100 (
b111000000100 ,
b111000000100 9
b110101111111 )
b110101111111 -
b110101111111 :
b10011011110 +
#12465
0'
#12470
1'
b111000000110 (
b111000000110 ,
b111000000110 9
b110101111101 )
b110101111101 -
b110101111101 :
b10011011111 +
#12475
0'
#12480
1'
b111000000111 (
b111000000111 ,
b111000000111 9
b110101111100 )
b110101111100 -
b110101111100 :
b10011100000 +
#12485
0'
#12490
1'
b111000001001 (
b111000001001 ,
b111000001001 9
b110101111011 )
b110101111011 -
b110101111011 :
b10011100001 +
#12495
0'
#12500
1'
b111000001011 (
b111000001011 ,
b111000001011 9
b110101111010 )
b110101111010 -
b110101111010 :
b10011100010 +
#12505
0'
#12510
1'
b1100101100 (
b1100101100 ,
b1100101100 9
b1101000 )
b1101000 -
b1101000 :
b10011100011 +
#12515
0'
#12520
1'
b1100101011 (
b1100101011 ,
b1100101011 9
b1101010 )
b1101010 -
b1101010 :
b10011100100 +
#12525
0'
#12530
1'
b1101100 )
b1101100 -
b1101100 :
b10011100101 +
#12535
0'
#12540
1'
b110011010101 (
b110011010101 ,
b110011010101 9
b111110010001 )
b111110010001 -
b111110010001 :
b10011100110 +
#12545
0'
#12550
1'
b110011010110 (
b110011010110 ,
b110011010110 9
b111110001111 )
b111110001111 -
b111110001111 :
b10011100111 +
#12555
0'
#12560
1'
b111110001101 )
b111110001101 -
b111110001101 :
b10011101000 +
#12565
0'
#12570
1'
b111101001 (
b111101001 ,
b111101001 9
b1010010000 )
b1010010000 -
b1010010000 :
b10011101001 +
#12575
0'
#12580
1'
b111101000 (
b111101000 ,
b111101000 9
b1010010001 )
b1010010001 -
b1010010001 :
b10011101010 +
#12585
0'
#12590
1'
b111100110 (
b111100110 ,
b111100110 9
b1010010010 )
b1010010010 -
b1010010010 :
b10011101011 +
#12595
0'
#12600
1'
b111100100 (
b111100100 ,
b111100100 9
b1010010011 )
b1010010011 -
b1010010011 :
b10011101100 +
#12605
0'
#12610
1'
b111100011 (
b111100011 ,
b111100011 9
b1010010101 )
b1010010101 -
b1010010101 :
b10011101101 +
#12615
0'
#12620
1'
b111100001 (
b111100001 ,
b111100001 9
b1010010110 )
b1010010110 -
b1010010110 :
b10011101110 +
#12625
0'
#12630
1'
b10000010 (
b10000010 ,
b10000010 9
b110011011000 )
b110011011000 -
b110011011000 :
b10011101111 +
#12635
0'
#12640
1'
b10000100 (
b10000100 ,
b10000100 9
b10011110000 +
#12645
0'
#12650
1'
b10000110 (
b10000110 ,
b10000110 9
b110011011001 )
b110011011001 -
b110011011001 :
b10011110001 +
#12655
0'
#12660
1'
b110101100101 (
b110101100101 ,
b110101100101 9
b111011010 )
b111011010 -
b111011010 :
b10011110010 +
#12665
0'
#12670
1'
b110101100100 (
b110101100100 ,
b110101100100 9
b111011000 )
b111011000 -
b111011000 :
b10011110011 +
#12675
0'
#12680
1'
b110101100011 (
b110101100011 ,
b110101100011 9
b111010110 )
b111010110 -
b111010110 :
b10011110100 +
#12685
0'
#12690
1'
b111000101011 (
b111000101011 ,
b111000101011 9
b110101100001 )
b110101100001 -
b110101100001 :
b10011110101 +
#12695
0'
#12700
1'
b111000101101 (
b111000101101 ,
b111000101101 9
b110101100000 )
b110101100000 -
b110101100000 :
b10011110110 +
#12705
0'
#12710
1'
b111000101111 (
b111000101111 ,
b111000101111 9
b110101011111 )
b110101011111 -
b110101011111 :
b10011110111 +
#12715
0'
#12720
1'
b110011011011 (
b110011011011 ,
b110011011011 9
b111101101011 )
b111101101011 -
b111101101011 :
b10011111000 +
#12725
0'
#12730
1'
b110011011100 (
b110011011100 ,
b110011011100 9
b111101101001 )
b111101101001 -
b111101101001 :
b10011111001 +
#12735
0'
#12740
1'
b111101100111 )
b111101100111 -
b111101100111 :
b10011111010 +
#12745
0'
#12750
1'
b1100100011 (
b1100100011 ,
b1100100011 9
b10011011 )
b10011011 -
b10011011 :
b10011111011 +
#12755
0'
#12760
1'
b10011101 )
b10011101 -
b10011101 :
b10011111100 +
#12765
0'
#12770
1'
b10011111 )
b10011111 -
b10011111 :
b10011111101 +
#12775
0'
#12780
1'
b1100100010 (
b1100100010 ,
b1100100010 9
b10100001 )
b10100001 -
b10100001 :
b10011111110 +
#12785
0'
#12790
1'
b10100011 )
b10100011 -
b10100011 :
b10011111111 +
#12795
0'
#12800
1'
b1100100001 (
b1100100001 ,
b1100100001 9
b10100101 )
b10100101 -
b10100101 :
b10100000000 +
#12805
0'
#12810
1'
b110101010011 (
b110101010011 ,
b110101010011 9
b110111111 )
b110111111 -
b110111111 :
b10100000001 +
#12815
0'
#12820
1'
b110101010010 (
b110101010010 ,
b110101010010 9
b110111110 )
b110111110 -
b110111110 :
b10100000010 +
#12825
0'
#12830
1'
b110101010001 (
b110101010001 ,
b110101010001 9
b110111100 )
b110111100 -
b110111100 :
b10100000011 +
#12835
0'
#12840
1'
b111101010010 (
b111101010010 ,
b111101010010 9
b1100100000 )
b1100100000 -
b1100100000 :
b10100000100 +
#12845
0'
#12850
1'
b111101010000 (
b111101010000 ,
b111101010000 9
b1100011111 )
b1100011111 -
b1100011111 :
b10100000101 +
#12855
0'
#12860
1'
b111101001110 (
b111101001110 ,
b111101001110 9
b10100000110 +
#12865
0'
#12870
1'
b110110101 (
b110110101 ,
b110110101 9
b1010110100 )
b1010110100 -
b1010110100 :
b10100000111 +
#12875
0'
#12880
1'
b110110011 (
b110110011 ,
b110110011 9
b1010110101 )
b1010110101 -
b1010110101 :
b10100001000 +
#12885
0'
#12890
1'
b110110001 (
b110110001 ,
b110110001 9
b1010110110 )
b1010110110 -
b1010110110 :
b10100001001 +
#12895
0'
#12900
1'
b1010110111 (
b1010110111 ,
b1010110111 9
b111001010001 )
b111001010001 -
b111001010001 :
b10100001010 +
#12905
0'
#12910
1'
b1010111000 (
b1010111000 ,
b1010111000 9
b111001010011 )
b111001010011 -
b111001010011 :
b10100001011 +
#12915
0'
#12920
1'
b1010111010 (
b1010111010 ,
b1010111010 9
b111001010101 )
b111001010101 -
b111001010101 :
b10100001100 +
#12925
0'
#12930
1'
b111001010110 (
b111001010110 ,
b111001010110 9
b110101000101 )
b110101000101 -
b110101000101 :
b10100001101 +
#12935
0'
#12940
1'
b111001011000 (
b111001011000 ,
b111001011000 9
b110101000100 )
b110101000100 -
b110101000100 :
b10100001110 +
#12945
0'
#12950
1'
b111001011010 (
b111001011010 ,
b111001011010 9
b110101000011 )
b110101000011 -
b110101000011 :
b10100001111 +
#12955
0'
#12960
1'
b110100100 (
b110100100 ,
b110100100 9
b1010111110 )
b1010111110 -
b1010111110 :
b10100010000 +
#12965
0'
#12970
1'
b110100010 (
b110100010 ,
b110100010 9
b1010111111 )
b1010111111 -
b1010111111 :
b10100010001 +
#12975
0'
#12980
1'
b110100000 (
b110100000 ,
b110100000 9
b1011000000 )
b1011000000 -
b1011000000 :
b10100010010 +
#12985
0'
#12990
1'
b1011000001 (
b1011000001 ,
b1011000001 9
b111001100001 )
b111001100001 -
b111001100001 :
b10100010011 +
#12995
0'
#13000
1'
b1011000010 (
b1011000010 ,
b1011000010 9
b111001100011 )
b111001100011 -
b111001100011 :
b10100010100 +
#13005
0'
#13010
1'
b1011000011 (
b1011000011 ,
b1011000011 9
b111001100101 )
b111001100101 -
b111001100101 :
b10100010101 +
#13015
0'
#13020
1'
b111100101101 (
b111100101101 ,
b111100101101 9
b1100010110 )
b1100010110 -
b1100010110 :
b10100010110 +
#13025
0'
#13030
1'
b111100101011 (
b111100101011 ,
b111100101011 9
b10100010111 +
#13035
0'
#13040
1'
b111100101001 (
b111100101001 ,
b111100101001 9
b1100010101 )
b1100010101 -
b1100010101 :
b10100011000 +
#13045
0'
#13050
1'
b110100111000 (
b110100111000 ,
b110100111000 9
b110010011 )
b110010011 -
b110010011 :
b10100011001 +
#13055
0'
#13060
1'
b110100110111 (
b110100110111 ,
b110100110111 9
b110010010 )
b110010010 -
b110010010 :
b10100011010 +
#13065
0'
#13070
1'
b110100110110 (
b110100110110 ,
b110100110110 9
b110010000 )
b110010000 -
b110010000 :
b10100011011 +
#13075
0'
#13080
1'
b110100110101 (
b110100110101 ,
b110100110101 9
b110001110 )
b110001110 -
b110001110 :
b10100011100 +
#13085
0'
#13090
1'
b110100110100 (
b110100110100 ,
b110100110100 9
b110001100 )
b110001100 -
b110001100 :
b10100011101 +
#13095
0'
#13100
1'
b110100110011 (
b110100110011 ,
b110100110011 9
b110001010 )
b110001010 -
b110001010 :
b10100011110 +
#13105
0'
#13110
1'
b110011101111 (
b110011101111 ,
b110011101111 9
b111100011010 )
b111100011010 -
b111100011010 :
b10100011111 +
#13115
0'
#13120
1'
b111100011000 )
b111100011000 -
b111100011000 :
b10100100000 +
#13125
0'
#13130
1'
b110011110000 (
b110011110000 ,
b110011110000 9
b111100010110 )
b111100010110 -
b111100010110 :
b10100100001 +
#13135
0'
#13140
1'
b110011110001 (
b110011110001 ,
b110011110001 9
b111100010100 )
b111100010100 -
b111100010100 :
b10100100010 +
#13145
0'
#13150
1'
b111100010010 )
b111100010010 -
b111100010010 :
b10100100011 +
#13155
0'
#13160
1'
b110011110010 (
b110011110010 ,
b110011110010 9
b111100010000 )
b111100010000 -
b111100010000 :
b10100100100 +
#13165
0'
#13170
1'
b111010000011 (
b111010000011 ,
b111010000011 9
b110100101100 )
b110100101100 -
b110100101100 :
b10100100101 +
#13175
0'
#13180
1'
b111010000101 (
b111010000101 ,
b111010000101 9
b110100101011 )
b110100101011 -
b110100101011 :
b10100100110 +
#13185
0'
#13190
1'
b111010000111 (
b111010000111 ,
b111010000111 9
b110100101010 )
b110100101010 -
b110100101010 :
b10100100111 +
#13195
0'
#13200
1'
b111010001001 (
b111010001001 ,
b111010001001 9
b110100101001 )
b110100101001 -
b110100101001 :
b10100101000 +
#13205
0'
#13210
1'
b111010001011 (
b111010001011 ,
b111010001011 9
b110100101000 )
b110100101000 -
b110100101000 :
b10100101001 +
#13215
0'
#13220
1'
b111010001101 (
b111010001101 ,
b111010001101 9
b110100100111 )
b110100100111 -
b110100100111 :
b10100101010 +
#13225
0'
#13230
1'
b110011110110 (
b110011110110 ,
b110011110110 9
b111100000010 )
b111100000010 -
b111100000010 :
b10100101011 +
#13235
0'
#13240
1'
b110011110111 (
b110011110111 ,
b110011110111 9
b111100000000 )
b111100000000 -
b111100000000 :
b10100101100 +
#13245
0'
#13250
1'
b110011111000 (
b110011111000 ,
b110011111000 9
b111011111110 )
b111011111110 -
b111011111110 :
b10100101101 +
#13255
0'
#13260
1'
b1100001000 (
b1100001000 ,
b1100001000 9
b100000100 )
b100000100 -
b100000100 :
b10100101110 +
#13265
0'
#13270
1'
b1100000111 (
b1100000111 ,
b1100000111 9
b100000110 )
b100000110 -
b100000110 :
b10100101111 +
#13275
0'
#13280
1'
b1100000110 (
b1100000110 ,
b1100000110 9
b100001000 )
b100001000 -
b100001000 :
b10100110000 +
#13285
0'
#13290
1'
b101100110 (
b101100110 ,
b101100110 9
b1011100000 )
b1011100000 -
b1011100000 :
b10100110001 +
#13295
0'
#13300
1'
b101100100 (
b101100100 ,
b101100100 9
b1011100001 )
b1011100001 -
b1011100001 :
b10100110010 +
#13305
0'
#13310
1'
b101100010 (
b101100010 ,
b101100010 9
b10100110011 +
#13315
0'
#13320
1'
b110011111101 (
b110011111101 ,
b110011111101 9
b111011101111 )
b111011101111 -
b111011101111 :
b10100110100 +
#13325
0'
#13330
1'
b111011101101 )
b111011101101 -
b111011101101 :
b10100110101 +
#13335
0'
#13340
1'
b110011111110 (
b110011111110 ,
b110011111110 9
b111011101011 )
b111011101011 -
b111011101011 :
b10100110110 +
#13345
0'
#13350
1'
b1011100101 (
b1011100101 ,
b1011100101 9
b111010100110 )
b111010100110 -
b111010100110 :
b10100110111 +
#13355
0'
#13360
1'
b1011100110 (
b1011100110 ,
b1011100110 9
b111010100111 )
b111010100111 -
b111010100111 :
b10100111000 +
#13365
0'
#13370
1'
b1011100111 (
b1011100111 ,
b1011100111 9
b111010101001 )
b111010101001 -
b111010101001 :
b10100111001 +
#13375
0'
#13380
1'
b111011100011 (
b111011100011 ,
b111011100011 9
b1011111111 )
b1011111111 -
b1011111111 :
b10100111010 +
#13385
0'
#13390
1'
b111011100001 (
b111011100001 ,
b111011100001 9
b1011111110 )
b1011111110 -
b1011111110 :
b10100111011 +
#13395
0'
#13400
1'
b111011011111 (
b111011011111 ,
b111011011111 9
b10100111100 +
#13405
0'
#13410
1'
b1011111101 (
b1011111101 ,
b1011111101 9
b100100011 )
b100100011 -
b100100011 :
b10100111101 +
#13415
0'
#13420
1'
b1011111100 (
b1011111100 ,
b1011111100 9
b100100101 )
b100100101 -
b100100101 :
b10100111110 +
#13425
0'
#13430
1'
b1011111011 (
b1011111011 ,
b1011111011 9
b100100111 )
b100100111 -
b100100111 :
b10100111111 +
#13435
0'
#13440
1'
b110100010011 (
b110100010011 ,
b110100010011 9
b101001001 )
b101001001 -
b101001001 :
b10101000000 +
#13445
0'
#13450
1'
b110100010010 (
b110100010010 ,
b110100010010 9
b101000111 )
b101000111 -
b101000111 :
b10101000001 +
#13455
0'
#13460
1'
b110100010001 (
b110100010001 ,
b110100010001 9
b101000101 )
b101000101 -
b101000101 :
b10101000010 +
#13465
0'
#13470
1'
b111010111101 (
b111010111101 ,
b111010111101 9
b110100010000 )
b110100010000 -
b110100010000 :
b10101000011 +
#13475
0'
#13480
1'
b111010111111 (
b111010111111 ,
b111010111111 9
b110100001111 )
b110100001111 -
b110100001111 :
b10101000100 +
#13485
0'
#13490
1'
b111011000001 (
b111011000001 ,
b111011000001 9
b10101000101 +
#13495
0'
#13500
1'
b111011001011 (
b111011001011 ,
b111011001011 9
b1011110110 )
b1011110110 -
b1011110110 :
b10101000110 +
#13505
0'
#13510
1'
b111011001001 (
b111011001001 ,
b111011001001 9
b1011110101 )
b1011110101 -
b1011110101 :
b10101000111 +
#13515
0'
#13520
1'
b111011000111 (
b111011000111 ,
b111011000111 9
b1011110100 )
b1011110100 -
b1011110100 :
b10101001000 +
#13525
0'
#13530
1'
b1011110011 (
b1011110011 ,
b1011110011 9
b100111010 )
b100111010 -
b100111010 :
b10101001001 +
#13535
0'
#13540
1'
b1011110010 (
b1011110010 ,
b1011110010 9
b100111100 )
b100111100 -
b100111100 :
b10101001010 +
#13545
0'
#13550
1'
b100111110 )
b100111110 -
b100111110 :
b10101001011 +
#13555
0'
#13560
1'
b111011001111 (
b111011001111 ,
b111011001111 9
b110100001001 )
b110100001001 -
b110100001001 :
b10101001100 +
#13565
0'
#13570
1'
b111011010001 (
b111011010001 ,
b111011010001 9
b110100001000 )
b110100001000 -
b110100001000 :
b10101001101 +
#13575
0'
#13580
1'
b111011010011 (
b111011010011 ,
b111011010011 9
b110100000111 )
b110100000111 -
b110100000111 :
b10101001110 +
#13585
0'
#13590
1'
b1011111001 (
b1011111001 ,
b1011111001 9
b111011010101 )
b111011010101 -
b111011010101 :
b10101001111 +
#13595
0'
#13600
1'
b1011111010 (
b1011111010 ,
b1011111010 9
b111011010111 )
b111011010111 -
b111011010111 :
b10101010000 +
#13605
0'
#13610
1'
b1011111011 (
b1011111011 ,
b1011111011 9
b111011011001 )
b111011011001 -
b111011011001 :
b10101010001 +
#13615
0'
#13620
1'
b1011101100 (
b1011101100 ,
b1011101100 9
b101001100 )
b101001100 -
b101001100 :
b10101010010 +
#13625
0'
#13630
1'
b1011101011 (
b1011101011 ,
b1011101011 9
b101001110 )
b101001110 -
b101001110 :
b10101010011 +
#13635
0'
#13640
1'
b1011101010 (
b1011101010 ,
b1011101010 9
b101010000 )
b101010000 -
b101010000 :
b10101010100 +
#13645
0'
#13650
1'
b101010010 (
b101010010 ,
b101010010 9
b110100010111 )
b110100010111 -
b110100010111 :
b10101010101 +
#13655
0'
#13660
1'
b101010100 (
b101010100 ,
b101010100 9
b110100011000 )
b110100011000 -
b110100011000 :
b10101010110 +
#13665
0'
#13670
1'
b101010110 (
b101010110 ,
b101010110 9
b110100011001 )
b110100011001 -
b110100011001 :
b10101010111 +
#13675
0'
#13680
1'
b1100000000 (
b1100000000 ,
b1100000000 9
b111011100111 )
b111011100111 -
b111011100111 :
b10101011000 +
#13685
0'
#13690
1'
b1100000001 (
b1100000001 ,
b1100000001 9
b111011101001 )
b111011101001 -
b111011101001 :
b10101011001 +
#13695
0'
#13700
1'
b1100000010 (
b1100000010 ,
b1100000010 9
b111011101011 )
b111011101011 -
b111011101011 :
b10101011010 +
#13705
0'
#13710
1'
b100010011 (
b100010011 ,
b100010011 9
b1100000010 )
b1100000010 -
b1100000010 :
b10101011011 +
#13715
0'
#13720
1'
b100010001 (
b100010001 ,
b100010001 9
b1100000011 )
b1100000011 -
b1100000011 :
b10101011100 +
#13725
0'
#13730
1'
b100001111 (
b100001111 ,
b100001111 9
b1100000100 )
b1100000100 -
b1100000100 :
b10101011101 +
#13735
0'
#13740
1'
b111010011101 (
b111010011101 ,
b111010011101 9
b1011100001 )
b1011100001 -
b1011100001 :
b10101011110 +
#13745
0'
#13750
1'
b111010011011 (
b111010011011 ,
b111010011011 9
b1011100000 )
b1011100000 -
b1011100000 :
b10101011111 +
#13755
0'
#13760
1'
b111010011001 (
b111010011001 ,
b111010011001 9
b1011011111 )
b1011011111 -
b1011011111 :
b10101100000 +
#13765
0'
#13770
1'
b1100000111 (
b1100000111 ,
b1100000111 9
b111011111001 )
b111011111001 -
b111011111001 :
b10101100001 +
#13775
0'
#13780
1'
b111011111011 )
b111011111011 -
b111011111011 :
b10101100010 +
#13785
0'
#13790
1'
b1100001000 (
b1100001000 ,
b1100001000 9
b111011111101 )
b111011111101 -
b111011111101 :
b10101100011 +
#13795
0'
#13800
1'
b110100100101 (
b110100100101 ,
b110100100101 9
b111010010001 )
b111010010001 -
b111010010001 :
b10101100100 +
#13805
0'
#13810
1'
b110100100110 (
b110100100110 ,
b110100100110 9
b111010001111 )
b111010001111 -
b111010001111 :
b10101100101 +
#13815
0'
#13820
1'
b110100100111 (
b110100100111 ,
b110100100111 9
b111010001101 )
b111010001101 -
b111010001101 :
b10101100110 +
#13825
0'
#13830
1'
b1100001011 (
b1100001011 ,
b1100001011 9
b111100000101 )
b111100000101 -
b111100000101 :
b10101100111 +
#13835
0'
#13840
1'
b111100000111 )
b111100000111 -
b111100000111 :
b10101101000 +
#13845
0'
#13850
1'
b1100001100 (
b1100001100 ,
b1100001100 9
b111100001001 )
b111100001001 -
b111100001001 :
b10101101001 +
#13855
0'
#13860
1'
b101111010 (
b101111010 ,
b101111010 9
b110100101011 )
b110100101011 -
b110100101011 :
b10101101010 +
#13865
0'
#13870
1'
b101111100 (
b101111100 ,
b101111100 9
b110100101100 )
b110100101100 -
b110100101100 :
b10101101011 +
#13875
0'
#13880
1'
b101111110 (
b101111110 ,
b101111110 9
b110100101101 )
b110100101101 -
b110100101101 :
b10101101100 +
#13885
0'
#13890
1'
b110011110001 (
b110011110001 ,
b110011110001 9
b11101111 )
b11101111 -
b11101111 :
b10101101101 +
#13895
0'
#13900
1'
b11101101 )
b11101101 -
b11101101 :
b10101101110 +
#13905
0'
#13910
1'
b110011110000 (
b110011110000 ,
b110011110000 9
b11101011 )
b11101011 -
b11101011 :
b10101101111 +
#13915
0'
#13920
1'
b111001111010 (
b111001111010 ,
b111001111010 9
b1011001111 )
b1011001111 -
b1011001111 :
b10101110000 +
#13925
0'
#13930
1'
b111001111000 (
b111001111000 ,
b111001111000 9
b1011001110 )
b1011001110 -
b1011001110 :
b10101110001 +
#13935
0'
#13940
1'
b111001110110 (
b111001110110 ,
b111001110110 9
b1011001101 )
b1011001101 -
b1011001101 :
b10101110010 +
#13945
0'
#13950
1'
b1011001100 (
b1011001100 ,
b1011001100 9
b110001011 )
b110001011 -
b110001011 :
b10101110011 +
#13955
0'
#13960
1'
b1011001011 (
b1011001011 ,
b1011001011 9
b110001101 )
b110001101 -
b110001101 :
b10101110100 +
#13965
0'
#13970
1'
b1011001010 (
b1011001010 ,
b1011001010 9
b110001111 )
b110001111 -
b110001111 :
b10101110101 +
#13975
0'
#13980
1'
b1100010100 (
b1100010100 ,
b1100010100 9
b111100100100 )
b111100100100 -
b111100100100 :
b10101110110 +
#13985
0'
#13990
1'
b1100010101 (
b1100010101 ,
b1100010101 9
b111100100110 )
b111100100110 -
b111100100110 :
b10101110111 +
#13995
0'
#14000
1'
b111100101000 )
b111100101000 -
b111100101000 :
b10101111000 +
#14005
0'
#14010
1'
b111100101010 (
b111100101010 ,
b111100101010 9
b110011101010 )
b110011101010 -
b110011101010 :
b10101111001 +
#14015
0'
#14020
1'
b111100101100 (
b111100101100 ,
b111100101100 9
b10101111010 +
#14025
0'
#14030
1'
b111100101110 (
b111100101110 ,
b111100101110 9
b110011101001 )
b110011101001 -
b110011101001 :
b10101111011 +
#14035
0'
#14040
1'
b110011100 (
b110011100 ,
b110011100 9
b110100111101 )
b110100111101 -
b110100111101 :
b10101111100 +
#14045
0'
#14050
1'
b110011110 (
b110011110 ,
b110011110 9
b110100111110 )
b110100111110 -
b110100111110 :
b10101111101 +
#14055
0'
#14060
1'
b110100000 (
b110100000 ,
b110100000 9
b110100111111 )
b110100111111 -
b110100111111 :
b10101111110 +
#14065
0'
#14070
1'
b11001010 (
b11001010 ,
b11001010 9
b1100011001 )
b1100011001 -
b1100011001 :
b10101111111 +
#14075
0'
#14080
1'
b11000111 (
b11000111 ,
b11000111 9
b10110000000 +
#14085
0'
#14090
1'
b11000101 (
b11000101 ,
b11000101 9
b1100011010 )
b1100011010 -
b1100011010 :
b10110000001 +
#14095
0'
#14100
1'
b110101000100 (
b110101000100 ,
b110101000100 9
b111001011001 )
b111001011001 -
b111001011001 :
b10110000010 +
#14105
0'
#14110
1'
b110101000101 (
b110101000101 ,
b110101000101 9
b111001010111 )
b111001010111 -
b111001010111 :
b10110000011 +
#14115
0'
#14120
1'
b110101000110 (
b110101000110 ,
b110101000110 9
b111001010101 )
b111001010101 -
b111001010101 :
b10110000100 +
#14125
0'
#14130
1'
b111101000011 (
b111101000011 ,
b111101000011 9
b110011100100 )
b110011100100 -
b110011100100 :
b10110000101 +
#14135
0'
#14140
1'
b111101000101 (
b111101000101 ,
b111101000101 9
b110011100011 )
b110011100011 -
b110011100011 :
b10110000110 +
#14145
0'
#14150
1'
b111101000111 (
b111101000111 ,
b111101000111 9
b10110000111 +
#14155
0'
#14160
1'
b1100011110 (
b1100011110 ,
b1100011110 9
b111101001001 )
b111101001001 -
b111101001001 :
b10110001000 +
#14165
0'
#14170
1'
b111101001011 )
b111101001011 -
b111101001011 :
b10110001001 +
#14175
0'
#14180
1'
b111101001101 )
b111101001101 -
b111101001101 :
b10110001010 +
#14185
0'
#14190
1'
b110101001110 (
b110101001110 ,
b110101001110 9
b111001001000 )
b111001001000 -
b111001001000 :
b10110001011 +
#14195
0'
#14200
1'
b110101001111 (
b110101001111 ,
b110101001111 9
b111001000111 )
b111001000111 -
b111001000111 :
b10110001100 +
#14205
0'
#14210
1'
b110101010000 (
b110101010000 ,
b110101010000 9
b111001000101 )
b111001000101 -
b111001000101 :
b10110001101 +
#14215
0'
#14220
1'
b1010101111 (
b1010101111 ,
b1010101111 9
b110111101 )
b110111101 -
b110111101 :
b10110001110 +
#14225
0'
#14230
1'
b1010101101 (
b1010101101 ,
b1010101101 9
b110111111 )
b110111111 -
b110111111 :
b10110001111 +
#14235
0'
#14240
1'
b1010101100 (
b1010101100 ,
b1010101100 9
b111000001 )
b111000001 -
b111000001 :
b10110010000 +
#14245
0'
#14250
1'
b1010101011 (
b1010101011 ,
b1010101011 9
b111000010 )
b111000010 -
b111000010 :
b10110010001 +
#14255
0'
#14260
1'
b1010101010 (
b1010101010 ,
b1010101010 9
b111000100 )
b111000100 -
b111000100 :
b10110010010 +
#14265
0'
#14270
1'
b1010101001 (
b1010101001 ,
b1010101001 9
b111000110 )
b111000110 -
b111000110 :
b10110010011 +
#14275
0'
#14280
1'
b111001000 (
b111001000 ,
b111001000 9
b110101011001 )
b110101011001 -
b110101011001 :
b10110010100 +
#14285
0'
#14290
1'
b111001001 (
b111001001 ,
b111001001 9
b110101011010 )
b110101011010 -
b110101011010 :
b10110010101 +
#14295
0'
#14300
1'
b111001011 (
b111001011 ,
b111001011 9
b110101011011 )
b110101011011 -
b110101011011 :
b10110010110 +
#14305
0'
#14310
1'
b1100100100 (
b1100100100 ,
b1100100100 9
b111101101001 )
b111101101001 -
b111101101001 :
b10110010111 +
#14315
0'
#14320
1'
b111101101011 )
b111101101011 -
b111101101011 :
b10110011000 +
#14325
0'
#14330
1'
b1100100101 (
b1100100101 ,
b1100100101 9
b111101101101 )
b111101101101 -
b111101101101 :
b10110011001 +
#14335
0'
#14340
1'
b111101101111 (
b111101101111 ,
b111101101111 9
b110011011011 )
b110011011011 -
b110011011011 :
b10110011010 +
#14345
0'
#14350
1'
b111101110001 (
b111101110001 ,
b111101110001 9
b110011011010 )
b110011011010 -
b110011011010 :
b10110011011 +
#14355
0'
#14360
1'
b111101110011 (
b111101110011 ,
b111101110011 9
b10110011100 +
#14365
0'
#14370
1'
b1010011101 (
b1010011101 ,
b1010011101 9
b111011000 )
b111011000 -
b111011000 :
b10110011101 +
#14375
0'
#14380
1'
b1010011011 (
b1010011011 ,
b1010011011 9
b111011001 )
b111011001 -
b111011001 :
b10110011110 +
#14385
0'
#14390
1'
b1010011010 (
b1010011010 ,
b1010011010 9
b111011011 )
b111011011 -
b111011011 :
b10110011111 +
#14395
0'
#14400
1'
b110011011001 (
b110011011001 ,
b110011011001 9
b10000100 )
b10000100 -
b10000100 :
b10110100000 +
#14405
0'
#14410
1'
b110011011000 (
b110011011000 ,
b110011011000 9
b10000010 )
b10000010 -
b10000010 :
b10110100001 +
#14415
0'
#14420
1'
b10000000 )
b10000000 -
b10000000 :
b10110100010 +
#14425
0'
#14430
1'
b1100101000 (
b1100101000 ,
b1100101000 9
b111110000010 )
b111110000010 -
b111110000010 :
b10110100011 +
#14435
0'
#14440
1'
b1100101001 (
b1100101001 ,
b1100101001 9
b111110000100 )
b111110000100 -
b111110000100 :
b10110100100 +
#14445
0'
#14450
1'
b111110000110 )
b111110000110 -
b111110000110 :
b10110100101 +
#14455
0'
#14460
1'
b1010010001 (
b1010010001 ,
b1010010001 9
b111100111 )
b111100111 -
b111100111 :
b10110100110 +
#14465
0'
#14470
1'
b1010010000 (
b1010010000 ,
b1010010000 9
b111101001 )
b111101001 -
b111101001 :
b10110100111 +
#14475
0'
#14480
1'
b1010001111 (
b1010001111 ,
b1010001111 9
b111101011 )
b111101011 -
b111101011 :
b10110101000 +
#14485
0'
#14490
1'
b110011010110 (
b110011010110 ,
b110011010110 9
b1110001 )
b1110001 -
b1110001 :
b10110101001 +
#14495
0'
#14500
1'
b110011010101 (
b110011010101 ,
b110011010101 9
b1101111 )
b1101111 -
b1101111 :
b10110101010 +
#14505
0'
#14510
1'
b1101101 )
b1101101 -
b1101101 :
b10110101011 +
#14515
0'
#14520
1'
b111000001111 (
b111000001111 ,
b111000001111 9
b1010001010 )
b1010001010 -
b1010001010 :
b10110101100 +
#14525
0'
#14530
1'
b111000001101 (
b111000001101 ,
b111000001101 9
b1010001000 )
b1010001000 -
b1010001000 :
b10110101101 +
#14535
0'
#14540
1'
b111000001011 (
b111000001011 ,
b111000001011 9
b1010000111 )
b1010000111 -
b1010000111 :
b10110101110 +
#14545
0'
#14550
1'
b1100101 (
b1100101 ,
b1100101 9
b1100101100 )
b1100101100 -
b1100101100 :
b10110101111 +
#14555
0'
#14560
1'
b1100011 (
b1100011 ,
b1100011 9
b10110110000 +
#14565
0'
#14570
1'
b1100000 (
b1100000 ,
b1100000 9
b1100101101 )
b1100101101 -
b1100101101 :
b10110110001 +
#14575
0'
#14580
1'
b110101111110 (
b110101111110 ,
b110101111110 9
b111000000100 )
b111000000100 -
b111000000100 :
b10110110010 +
#14585
0'
#14590
1'
b110110000000 (
b110110000000 ,
b110110000000 9
b111000000011 )
b111000000011 -
b111000000011 :
b10110110011 +
#14595
0'
#14600
1'
b110110000001 (
b110110000001 ,
b110110000001 9
b111000000001 )
b111000000001 -
b111000000001 :
b10110110100 +
#14605
0'
#14610
1'
b1100101110 (
b1100101110 ,
b1100101110 9
b111110101000 )
b111110101000 -
b111110101000 :
b10110110101 +
#14615
0'
#14620
1'
b111110101010 )
b111110101010 -
b111110101010 :
b10110110110 +
#14625
0'
#14630
1'
b111110101100 )
b111110101100 -
b111110101100 :
b10110110111 +
#14635
0'
#14640
1'
b110011010010 (
b110011010010 ,
b110011010010 9
b1010010 )
b1010010 -
b1010010 :
b10110111000 +
#14645
0'
#14650
1'
b1001111 )
b1001111 -
b1001111 :
b10110111001 +
#14655
0'
#14660
1'
b110011010001 (
b110011010001 ,
b110011010001 9
b1001101 )
b1001101 -
b1001101 :
b10110111010 +
#14665
0'
#14670
1'
b111110110101 (
b111110110101 ,
b111110110101 9
b110011010001 )
b110011010001 -
b110011010001 :
b10110111011 +
#14675
0'
#14680
1'
b111110110111 (
b111110110111 ,
b111110110111 9
b10110111100 +
#14685
0'
#14690
1'
b111110111001 (
b111110111001 ,
b111110111001 9
b10110111101 +
#14695
0'
#14700
1'
b1000001111 (
b1000001111 ,
b1000001111 9
b110110001111 )
b110110001111 -
b110110001111 :
b10110111110 +
#14705
0'
#14710
1'
b1000010001 (
b1000010001 ,
b1000010001 9
b110110010000 )
b110110010000 -
b110110010000 :
b10110111111 +
#14715
0'
#14720
1'
b1000010011 (
b1000010011 ,
b1000010011 9
b110110010001 )
b110110010001 -
b110110010001 :
b10111000000 +
#14725
0'
#14730
1'
b111111000010 (
b111111000010 ,
b111111000010 9
b110011010000 )
b110011010000 -
b110011010000 :
b10111000001 +
#14735
0'
#14740
1'
b111111000100 (
b111111000100 ,
b111111000100 9
b10111000010 +
#14745
0'
#14750
1'
b111111000110 (
b111111000110 ,
b111111000110 9
b10111000011 +
#14755
0'
#14760
1'
b111000 (
b111000 ,
b111000 9
b1100110000 )
b1100110000 -
b1100110000 :
b10111000100 +
#14765
0'
#14770
1'
b110110 (
b110110 ,
b110110 9
b10111000101 +
#14775
0'
#14780
1'
b110100 (
b110100 ,
b110100 9
b1100110001 )
b1100110001 -
b1100110001 :
b10111000110 +
#14785
0'
#14790
1'
b1000011110 (
b1000011110 ,
b1000011110 9
b110110011011 )
b110110011011 -
b110110011011 :
b10111000111 +
#14795
0'
#14800
1'
b1000100000 (
b1000100000 ,
b1000100000 9
b110110011101 )
b110110011101 -
b110110011101 :
b10111001000 +
#14805
0'
#14810
1'
b1000100001 (
b1000100001 ,
b1000100001 9
b110110011110 )
b110110011110 -
b110110011110 :
b10111001001 +
#14815
0'
#14820
1'
b110111011101 (
b110111011101 ,
b110111011101 9
b1001100001 )
b1001100001 -
b1001100001 :
b10111001010 +
#14825
0'
#14830
1'
b110111011100 (
b110111011100 ,
b110111011100 9
b1001011111 )
b1001011111 -
b1001011111 :
b10111001011 +
#14835
0'
#14840
1'
b110111011010 (
b110111011010 ,
b110111011010 9
b1001011110 )
b1001011110 -
b1001011110 :
b10111001100 +
#14845
0'
#14850
1'
b110110100100 (
b110110100100 ,
b110110100100 9
b110111011000 )
b110111011000 -
b110111011000 :
b10111001101 +
#14855
0'
#14860
1'
b110110100101 (
b110110100101 ,
b110110100101 9
b110111010111 )
b110111010111 -
b110111010111 :
b10111001110 +
#14865
0'
#14870
1'
b110110100111 (
b110110100111 ,
b110110100111 9
b110111010101 )
b110111010101 -
b110111010101 :
b10111001111 +
#14875
0'
#14880
1'
b1000101100 (
b1000101100 ,
b1000101100 9
b110110101000 )
b110110101000 -
b110110101000 :
b10111010000 +
#14885
0'
#14890
1'
b1000101110 (
b1000101110 ,
b1000101110 9
b110110101010 )
b110110101010 -
b110110101010 :
b10111010001 +
#14895
0'
#14900
1'
b1000101111 (
b1000101111 ,
b1000101111 9
b110110101011 )
b110110101011 -
b110110101011 :
b10111010010 +
#14905
0'
#14910
1'
b110011001110 (
b110011001110 ,
b110011001110 9
b11000 )
b11000 -
b11000 :
b10111010011 +
#14915
0'
#14920
1'
b10110 )
b10110 -
b10110 :
b10111010100 +
#14925
0'
#14930
1'
b10100 )
b10100 -
b10100 :
b10111010101 +
#14935
0'
#14940
1'
b1100110010 (
b1100110010 ,
b1100110010 9
b111111101111 )
b111111101111 -
b111111101111 :
b10111010110 +
#14945
0'
#14950
1'
b111111110001 )
b111111110001 -
b111111110001 :
b10111010111 +
#14955
0'
#14960
1'
b111111110011 )
b111111110011 -
b111111110011 :
b10111011000 +
#14965
0'
#14970
1'
b110110110101 (
b110110110101 ,
b110110110101 9
b110111000110 )
b110111000110 -
b110111000110 :
b10111011001 +
#14975
0'
#14980
1'
b110110110111 (
b110110110111 ,
b110110110111 9
b110111000100 )
b110111000100 -
b110111000100 :
b10111011010 +
#14985
0'
#14990
1'
b110110111000 (
b110110111000 ,
b110110111000 9
b110111000011 )
b110111000011 -
b110111000011 :
b10111011011 +
#14995
0'
#15000
1'
b1001000110 (
b1001000110 ,
b1001000110 9
b1000111111 )
b1000111111 -
b1000111111 :
b10111011100 +
#15005
0'
#15010
1'
b1001000101 (
b1001000101 ,
b1001000101 9
b1001000000 )
b1001000000 -
b1001000000 :
b10111011101 +
#15015
0'
#15020
1'
b1001000011 (
b1001000011 ,
b1001000011 9
b1001000010 )
b1001000010 -
b1001000010 :
b10111011110 +
#15025
0'
#15030
1'
b110110111110 )
b110110111110 -
b110110111110 :
b10111011111 +
#15035
0'
#15040
1'
b1001000101 (
b1001000101 ,
b1001000101 9
b110111000000 )
b110111000000 -
b110111000000 :
b10111100000 +
#15045
0'
#15050
1'
b1001000110 (
b1001000110 ,
b1001000110 9
b110111000001 )
b110111000001 -
b110111000001 :
b10111100001 +
#15055
0'
#15060
1'
b1000111101 (
b1000111101 ,
b1000111101 9
b1001001000 )
b1001001000 -
b1001001000 :
b10111100010 +
#15065
0'
#15070
1'
b1000111011 (
b1000111011 ,
b1000111011 9
b1001001001 )
b1001001001 -
b1001001001 :
b10111100011 +
#15075
0'
#15080
1'
b1000111010 (
b1000111010 ,
b1000111010 9
b1001001011 )
b1001001011 -
b1001001011 :
b10111100100 +
#15085
0'
#15090
1'
b1100110010 (
b1100110010 ,
b1100110010 9
b1110 )
b1110 -
b1110 :
b10111100101 +
#15095
0'
#15100
1'
b10000 )
b10000 -
b10000 :
b10111100110 +
#15105
0'
#15110
1'
b10010 )
b10010 -
b10010 :
b10111100111 +
#15115
0'
#15120
1'
b1000110100 (
b1000110100 ,
b1000110100 9
b1001010001 )
b1001010001 -
b1001010001 :
b10111101000 +
#15125
0'
#15130
1'
b1000110010 (
b1000110010 ,
b1000110010 9
b1001010010 )
b1001010010 -
b1001010010 :
b10111101001 +
#15135
0'
#15140
1'
b1000110001 (
b1000110001 ,
b1000110001 9
b1001010100 )
b1001010100 -
b1001010100 :
b10111101010 +
#15145
0'
#15150
1'
b11010 (
b11010 ,
b11010 9
b110011001110 )
b110011001110 -
b110011001110 :
b10111101011 +
#15155
0'
#15160
1'
b11101 (
b11101 ,
b11101 9
b10111101100 +
#15165
0'
#15170
1'
b11111 (
b11111 ,
b11111 9
b10111101101 +
#15175
0'
#15180
1'
b111111011111 (
b111111011111 ,
b111111011111 9
b1100110010 )
b1100110010 -
b1100110010 :
b10111101110 +
#15185
0'
#15190
1'
b111111011101 (
b111111011101 ,
b111111011101 9
b10111101111 +
#15195
0'
#15200
1'
b111111011011 (
b111111011011 ,
b111111011011 9
b1100110001 )
b1100110001 -
b1100110001 :
b10111110000 +
#15205
0'
#15210
1'
b100111 (
b100111 ,
b100111 9
b110011001111 )
b110011001111 -
b110011001111 :
b10111110001 +
#15215
0'
#15220
1'
b101001 (
b101001 ,
b101001 9
b10111110010 +
#15225
0'
#15230
1'
b101100 (
b101100 ,
b101100 9
b10111110011 +
#15235
0'
#15240
1'
b1001100010 (
b1001100010 ,
b1001100010 9
b110111011111 )
b110111011111 -
b110111011111 :
b10111110100 +
#15245
0'
#15250
1'
b1001100100 (
b1001100100 ,
b1001100100 9
b110111100001 )
b110111100001 -
b110111100001 :
b10111110101 +
#15255
0'
#15260
1'
b1001100101 (
b1001100101 ,
b1001100101 9
b110111100010 )
b110111100010 -
b110111100010 :
b10111110110 +
#15265
0'
#15270
1'
b110110011010 (
b110110011010 ,
b110110011010 9
b1000011100 )
b1000011100 -
b1000011100 :
b10111110111 +
#15275
0'
#15280
1'
b110110011000 (
b110110011000 ,
b110110011000 9
b1000011010 )
b1000011010 -
b1000011010 :
b10111111000 +
#15285
0'
#15290
1'
b110110010111 (
b110110010111 ,
b110110010111 9
b1000011001 )
b1000011001 -
b1000011001 :
b10111111001 +
#15295
0'
#15300
1'
b1000010111 (
b1000010111 ,
b1000010111 9
b1001101011 )
b1001101011 -
b1001101011 :
b10111111010 +
#15305
0'
#15310
1'
b1000010110 (
b1000010110 ,
b1000010110 9
b1001101100 )
b1001101100 -
b1001101100 :
b10111111011 +
#15315
0'
#15320
1'
b1000010100 (
b1000010100 ,
b1000010100 9
b1001101101 )
b1001101101 -
b1001101101 :
b10111111100 +
#15325
0'
#15330
1'
b110011010000 (
b110011010000 ,
b110011010000 9
b111110111111 )
b111110111111 -
b111110111111 :
b10111111101 +
#15335
0'
#15340
1'
b111110111101 )
b111110111101 -
b111110111101 :
b10111111110 +
#15345
0'
#15350
1'
b110011010001 (
b110011010001 ,
b110011010001 9
b111110111011 )
b111110111011 -
b111110111011 :
b10111111111 +
#15355
0'
#15360
1'
b1000111 (
b1000111 ,
b1000111 9
b110011010001 )
b110011010001 -
b110011010001 :
b11000000000 +
#15365
0'
#15370
1'
b1001001 (
b1001001 ,
b1001001 9
b11000000001 +
#15375
0'
#15380
1'
b1001100 (
b1001100 ,
b1001100 9
b11000000010 +
#15385
0'
#15390
1'
b110011010001 (
b110011010001 ,
b110011010001 9
b111110110010 )
b111110110010 -
b111110110010 :
b11000000011 +
#15395
0'
#15400
1'
b110011010010 (
b110011010010 ,
b110011010010 9
b111110110000 )
b111110110000 -
b111110110000 :
b11000000100 +
#15405
0'
#15410
1'
b111110101110 )
b111110101110 -
b111110101110 :
b11000000101 +
#15415
0'
#15420
1'
b1100101110 (
b1100101110 ,
b1100101110 9
b1010100 )
b1010100 -
b1010100 :
b11000000110 +
#15425
0'
#15430
1'
b1010110 )
b1010110 -
b1010110 :
b11000000111 +
#15435
0'
#15440
1'
b1100101101 (
b1100101101 ,
b1100101101 9
b1011000 )
b1011000 -
b1011000 :
b11000001000 +
#15445
0'
#15450
1'
b110011010011 (
b110011010011 ,
b110011010011 9
b111110100110 )
b111110100110 -
b111110100110 :
b11000001001 +
#15455
0'
#15460
1'
b111110100011 )
b111110100011 -
b111110100011 :
b11000001010 +
#15465
0'
#15470
1'
b111110100001 )
b111110100001 -
b111110100001 :
b11000001011 +
#15475
0'
#15480
1'
b111000000110 (
b111000000110 ,
b111000000110 9
b110101111101 )
b110101111101 -
b110101111101 :
b11000001100 +
#15485
0'
#15490
1'
b111000001000 (
b111000001000 ,
b111000001000 9
b110101111011 )
b110101111011 -
b110101111011 :
b11000001101 +
#15495
0'
#15500
1'
b111000001010 (
b111000001010 ,
b111000001010 9
b110101111010 )
b110101111010 -
b110101111010 :
b11000001110 +
#15505
0'
#15510
1'
b110101111001 (
b110101111001 ,
b110101111001 9
b111110100 )
b111110100 -
b111110100 :
b11000001111 +
#15515
0'
#15520
1'
b110101111000 (
b110101111000 ,
b110101111000 9
b111110011 )
b111110011 -
b111110011 :
b11000010000 +
#15525
0'
#15530
1'
b110101110110 (
b110101110110 ,
b110101110110 9
b111110001 )
b111110001 -
b111110001 :
b11000010001 +
#15535
0'
#15540
1'
b110101110101 (
b110101110101 ,
b110101110101 9
b111101111 )
b111101111 -
b111101111 :
b11000010010 +
#15545
0'
#15550
1'
b110101110100 (
b110101110100 ,
b110101110100 9
b111101110 )
b111101110 -
b111101110 :
b11000010011 +
#15555
0'
#15560
1'
b110101110010 (
b110101110010 ,
b110101110010 9
b111101100 )
b111101100 -
b111101100 :
b11000010100 +
#15565
0'
#15570
1'
b110101110001 (
b110101110001 ,
b110101110001 9
b111101010 )
b111101010 -
b111101010 :
b11000010101 +
#15575
0'
#15580
1'
b110101110000 (
b110101110000 ,
b110101110000 9
b111101001 )
b111101001 -
b111101001 :
b11000010110 +
#15585
0'
#15590
1'
b110101101111 (
b110101101111 ,
b110101101111 9
b111100111 )
b111100111 -
b111100111 :
b11000010111 +
#15595
0'
#15600
1'
b110011010111 (
b110011010111 ,
b110011010111 9
b111110000110 )
b111110000110 -
b111110000110 :
b11000011000 +
#15605
0'
#15610
1'
b111110000100 )
b111110000100 -
b111110000100 :
b11000011001 +
#15615
0'
#15620
1'
b110011011000 (
b110011011000 ,
b110011011000 9
b111110000001 )
b111110000001 -
b111110000001 :
b11000011010 +
#15625
0'
#15630
1'
b1100101000 (
b1100101000 ,
b1100101000 9
b10000001 )
b10000001 -
b10000001 :
b11000011011 +
#15635
0'
#15640
1'
b10000011 )
b10000011 -
b10000011 :
b11000011100 +
#15645
0'
#15650
1'
b1100100111 (
b1100100111 ,
b1100100111 9
b10000101 )
b10000101 -
b10000101 :
b11000011101 +
#15655
0'
#15660
1'
b1010011010 (
b1010011010 ,
b1010011010 9
b111000100101 )
b111000100101 -
b111000100101 :
b11000011110 +
#15665
0'
#15670
1'
b1010011100 (
b1010011100 ,
b1010011100 9
b111000100111 )
b111000100111 -
b111000100111 :
b11000011111 +
#15675
0'
#15680
1'
b1010011101 (
b1010011101 ,
b1010011101 9
b111000101001 )
b111000101001 -
b111000101001 :
b11000100000 +
#15685
0'
#15690
1'
b1100100110 (
b1100100110 ,
b1100100110 9
b10001101 )
b10001101 -
b10001101 :
b11000100001 +
#15695
0'
#15700
1'
b10001111 )
b10001111 -
b10001111 :
b11000100010 +
#15705
0'
#15710
1'
b1100100101 (
b1100100101 ,
b1100100101 9
b10010010 )
b10010010 -
b10010010 :
b11000100011 +
#15715
0'
#15720
1'
b110011011011 (
b110011011011 ,
b110011011011 9
b111101101100 )
b111101101100 -
b111101101100 :
b11000100100 +
#15725
0'
#15730
1'
b110011011100 (
b110011011100 ,
b110011011100 9
b111101101010 )
b111101101010 -
b111101101010 :
b11000100101 +
#15735
0'
#15740
1'
b111101101000 )
b111101101000 -
b111101101000 :
b11000100110 +
#15745
0'
#15750
1'
b110101011011 (
b110101011011 ,
b110101011011 9
b111001011 )
b111001011 -
b111001011 :
b11000100111 +
#15755
0'
#15760
1'
b110101011010 (
b110101011010 ,
b110101011010 9
b111001001 )
b111001001 -
b111001001 :
b11000101000 +
#15765
0'
#15770
1'
b110101011000 (
b110101011000 ,
b110101011000 9
b111000111 )
b111000111 -
b111000111 :
b11000101001 +
#15775
0'
#15780
1'
b110011011110 (
b110011011110 ,
b110011011110 9
b111101100000 )
b111101100000 -
b111101100000 :
b11000101010 +
#15785
0'
#15790
1'
b111101011110 )
b111101011110 -
b111101011110 :
b11000101011 +
#15795
0'
#15800
1'
b111101011100 )
b111101011100 -
b111101011100 :
b11000101100 +
#15805
0'
#15810
1'
b111101011001 (
b111101011001 ,
b111101011001 9
b1100100001 )
b1100100001 -
b1100100001 :
b11000101101 +
#15815
0'
#15820
1'
b111101010111 (
b111101010111 ,
b111101010111 9
b11000101110 +
#15825
0'
#15830
1'
b111101010101 (
b111101010101 ,
b111101010101 9
b1100100000 )
b1100100000 -
b1100100000 :
b11000101111 +
#15835
0'
#15840
1'
b111001000101 (
b111001000101 ,
b111001000101 9
b110101010000 )
b110101010000 -
b110101010000 :
b11000110000 +
#15845
0'
#15850
1'
b111001000111 (
b111001000111 ,
b111001000111 9
b110101001111 )
b110101001111 -
b110101001111 :
b11000110001 +
#15855
0'
#15860
1'
b111001001001 (
b111001001001 ,
b111001001001 9
b110101001110 )
b110101001110 -
b110101001110 :
b11000110010 +
#15865
0'
#15870
1'
b111101001101 (
b111101001101 ,
b111101001101 9
b1100011110 )
b1100011110 -
b1100011110 :
b11000110011 +
#15875
0'
#15880
1'
b111101001011 (
b111101001011 ,
b111101001011 9
b11000110100 +
#15885
0'
#15890
1'
b111101001001 (
b111101001001 ,
b111101001001 9
b1100011101 )
b1100011101 -
b1100011101 :
b11000110101 +
#15895
0'
#15900
1'
b1100011101 (
b1100011101 ,
b1100011101 9
b10111001 )
b10111001 -
b10111001 :
b11000110110 +
#15905
0'
#15910
1'
b1100011100 (
b1100011100 ,
b1100011100 9
b10111011 )
b10111011 -
b10111011 :
b11000110111 +
#15915
0'
#15920
1'
b10111110 )
b10111110 -
b10111110 :
b11000111000 +
#15925
0'
#15930
1'
b110101010 (
b110101010 ,
b110101010 9
b1010111010 )
b1010111010 -
b1010111010 :
b11000111001 +
#15935
0'
#15940
1'
b110101001 (
b110101001 ,
b110101001 9
b1010111011 )
b1010111011 -
b1010111011 :
b11000111010 +
#15945
0'
#15950
1'
b110100111 (
b110100111 ,
b110100111 9
b1010111100 )
b1010111100 -
b1010111100 :
b11000111011 +
#15955
0'
#15960
1'
b110100101 (
b110100101 ,
b110100101 9
b1010111101 )
b1010111101 -
b1010111101 :
b11000111100 +
#15965
0'
#15970
1'
b110100011 (
b110100011 ,
b110100011 9
b1010111111 )
b1010111111 -
b1010111111 :
b11000111101 +
#15975
0'
#15980
1'
b110100001 (
b110100001 ,
b110100001 9
b1011000000 )
b1011000000 -
b1011000000 :
b11000111110 +
#15985
0'
#15990
1'
b1011000001 (
b1011000001 ,
b1011000001 9
b111001100001 )
b111001100001 -
b111001100001 :
b11000111111 +
#15995
0'
#16000
1'
b1011000010 (
b1011000010 ,
b1011000010 9
b111001100010 )
b111001100010 -
b111001100010 :
b11001000000 +
#16005
0'
#16010
1'
b1011000011 (
b1011000011 ,
b1011000011 9
b111001100100 )
b111001100100 -
b111001100100 :
b11001000001 +
#16015
0'
#16020
1'
b110011101001 (
b110011101001 ,
b110011101001 9
b111100101110 )
b111100101110 -
b111100101110 :
b11001000010 +
#16025
0'
#16030
1'
b110011101010 (
b110011101010 ,
b110011101010 9
b111100101100 )
b111100101100 -
b111100101100 :
b11001000011 +
#16035
0'
#16040
1'
b111100101010 )
b111100101010 -
b111100101010 :
b11001000100 +
#16045
0'
#16050
1'
b110100111001 (
b110100111001 ,
b110100111001 9
b110010100 )
b110010100 -
b110010100 :
b11001000101 +
#16055
0'
#16060
1'
b110100111000 (
b110100111000 ,
b110100111000 9
b110010011 )
b110010011 -
b110010011 :
b11001000110 +
#16065
0'
#16070
1'
b110100110111 (
b110100110111 ,
b110100110111 9
b110010001 )
b110010001 -
b110010001 :
b11001000111 +
#16075
0'
#16080
1'
b1100010011 (
b1100010011 ,
b1100010011 9
b11011111 )
b11011111 -
b11011111 :
b11001001000 +
#16085
0'
#16090
1'
b11100001 )
b11100001 -
b11100001 :
b11001001001 +
#16095
0'
#16100
1'
b1100010010 (
b1100010010 ,
b1100010010 9
b11100011 )
b11100011 -
b11100011 :
b11001001010 +
#16105
0'
#16110
1'
b11100101 (
b11100101 ,
b11100101 9
b110011101110 )
b110011101110 -
b110011101110 :
b11001001011 +
#16115
0'
#16120
1'
b11100111 (
b11100111 ,
b11100111 9
b110011101111 )
b110011101111 -
b110011101111 :
b11001001100 +
#16125
0'
#16130
1'
b11101001 (
b11101001 ,
b11101001 9
b110011110000 )
b110011110000 -
b110011110000 :
b11001001101 +
#16135
0'
#16140
1'
b11101011 (
b11101011 ,
b11101011 9
b11001001110 +
#16145
0'
#16150
1'
b11101101 (
b11101101 ,
b11101101 9
b110011110001 )
b110011110001 -
b110011110001 :
b11001001111 +
#16155
0'
#16160
1'
b11101111 (
b11101111 ,
b11101111 9
b110011110010 )
b110011110010 -
b110011110010 :
b11001010000 +
#16165
0'
#16170
1'
b110100101100 (
b110100101100 ,
b110100101100 9
b101111110 )
b101111110 -
b101111110 :
b11001010001 +
#16175
0'
#16180
1'
b110100101011 (
b110100101011 ,
b110100101011 9
b101111100 )
b101111100 -
b101111100 :
b11001010010 +
#16185
0'
#16190
1'
b110100101010 (
b110100101010 ,
b110100101010 9
b101111010 )
b101111010 -
b101111010 :
b11001010011 +
#16195
0'
#16200
1'
b11110111 (
b11110111 ,
b11110111 9
b110011110100 )
b110011110100 -
b110011110100 :
b11001010100 +
#16205
0'
#16210
1'
b11111001 (
b11111001 ,
b11111001 9
b110011110101 )
b110011110101 -
b110011110101 :
b11001010101 +
#16215
0'
#16220
1'
b11111011 (
b11111011 ,
b11111011 9
b11001010110 +
#16225
0'
#16230
1'
b1100001010 (
b1100001010 ,
b1100001010 9
b11111101 )
b11111101 -
b11111101 :
b11001010111 +
#16235
0'
#16240
1'
b1100001001 (
b1100001001 ,
b1100001001 9
b11111111 )
b11111111 -
b11111111 :
b11001011000 +
#16245
0'
#16250
1'
b100000001 )
b100000001 -
b100000001 :
b11001011001 +
#16255
0'
#16260
1'
b1011011100 (
b1011011100 ,
b1011011100 9
b111010010011 )
b111010010011 -
b111010010011 :
b11001011010 +
#16265
0'
#16270
1'
b1011011101 (
b1011011101 ,
b1011011101 9
b111010010101 )
b111010010101 -
b111010010101 :
b11001011011 +
#16275
0'
#16280
1'
b1011011110 (
b1011011110 ,
b1011011110 9
b111010010111 )
b111010010111 -
b111010010111 :
b11001011100 +
#16285
0'
#16290
1'
b110100100001 (
b110100100001 ,
b110100100001 9
b101100111 )
b101100111 -
b101100111 :
b11001011101 +
#16295
0'
#16300
1'
b110100100000 (
b110100100000 ,
b110100100000 9
b101100101 )
b101100101 -
b101100101 :
b11001011110 +
#16305
0'
#16310
1'
b110100011111 (
b110100011111 ,
b110100011111 9
b101100011 )
b101100011 -
b101100011 :
b11001011111 +
#16315
0'
#16320
1'
b101100001 (
b101100001 ,
b101100001 9
b1011100010 )
b1011100010 -
b1011100010 :
b11001100000 +
#16325
0'
#16330
1'
b101011111 (
b101011111 ,
b101011111 9
b1011100011 )
b1011100011 -
b1011100011 :
b11001100001 +
#16335
0'
#16340
1'
b101011101 (
b101011101 ,
b101011101 9
b1011100100 )
b1011100100 -
b1011100100 :
b11001100010 +
#16345
0'
#16350
1'
b110100011011 (
b110100011011 ,
b110100011011 9
b101011011 )
b101011011 -
b101011011 :
b11001100011 +
#16355
0'
#16360
1'
b110100011010 (
b110100011010 ,
b110100011010 9
b101011001 )
b101011001 -
b101011001 :
b11001100100 +
#16365
0'
#16370
1'
b110100011001 (
b110100011001 ,
b110100011001 9
b101011000 )
b101011000 -
b101011000 :
b11001100101 +
#16375
0'
#16380
1'
b101010110 (
b101010110 ,
b101010110 9
b1011100111 )
b1011100111 -
b1011100111 :
b11001100110 +
#16385
0'
#16390
1'
b101010100 (
b101010100 ,
b101010100 9
b1011101000 )
b1011101000 -
b1011101000 :
b11001100111 +
#16395
0'
#16400
1'
b101010010 (
b101010010 ,
b101010010 9
b1011101001 )
b1011101001 -
b1011101001 :
b11001101000 +
#16405
0'
#16410
1'
b110100010110 (
b110100010110 ,
b110100010110 9
b101010000 )
b101010000 -
b101010000 :
b11001101001 +
#16415
0'
#16420
1'
b110100010101 (
b110100010101 ,
b110100010101 9
b101001110 )
b101001110 -
b101001110 :
b11001101010 +
#16425
0'
#16430
1'
b110100010100 (
b110100010100 ,
b110100010100 9
b101001100 )
b101001100 -
b101001100 :
b11001101011 +
#16435
0'
#16440
1'
b101001010 (
b101001010 ,
b101001010 9
b1011101101 )
b1011101101 -
b1011101101 :
b11001101100 +
#16445
0'
#16450
1'
b101001000 (
b101001000 ,
b101001000 9
b1011101110 )
b1011101110 -
b1011101110 :
b11001101101 +
#16455
0'
#16460
1'
b101000110 (
b101000110 ,
b101000110 9
b11001101110 +
#16465
0'
#16470
1'
b1011111001 (
b1011111001 ,
b1011111001 9
b100101110 )
b100101110 -
b100101110 :
b11001101111 +
#16475
0'
#16480
1'
b1011111000 (
b1011111000 ,
b1011111000 9
b100110000 )
b100110000 -
b100110000 :
b11001110000 +
#16485
0'
#16490
1'
b1011110111 (
b1011110111 ,
b1011110111 9
b100110010 )
b100110010 -
b100110010 :
b11001110001 +
#16495
0'
#16500
1'
b100111110 (
b100111110 ,
b100111110 9
b1011110010 )
b1011110010 -
b1011110010 :
b11001110010 +
#16505
0'
#16510
1'
b100111100 (
b100111100 ,
b100111100 9
b1011110011 )
b1011110011 -
b1011110011 :
b11001110011 +
#16515
0'
#16520
1'
b100111010 (
b100111010 ,
b100111010 9
b11001110100 +
#16525
0'
#16530
1'
b1011110100 (
b1011110100 ,
b1011110100 9
b100111010 )
b100111010 -
b100111010 :
b11001110101 +
#16535
0'
#16540
1'
b1011110011 (
b1011110011 ,
b1011110011 9
b100111100 )
b100111100 -
b100111100 :
b11001110110 +
#16545
0'
#16550
1'
b1011110010 (
b1011110010 ,
b1011110010 9
b100111101 )
b100111101 -
b100111101 :
b11001110111 +
#16555
0'
#16560
1'
b100111111 (
b100111111 ,
b100111111 9
b110100001111 )
b110100001111 -
b110100001111 :
b11001111000 +
#16565
0'
#16570
1'
b101000001 (
b101000001 ,
b101000001 9
b110100010000 )
b110100010000 -
b110100010000 :
b11001111001 +
#16575
0'
#16580
1'
b101000011 (
b101000011 ,
b101000011 9
b11001111010 +
#16585
0'
#16590
1'
b101000101 (
b101000101 ,
b101000101 9
b110100010001 )
b110100010001 -
b110100010001 :
b11001111011 +
#16595
0'
#16600
1'
b101000111 (
b101000111 ,
b101000111 9
b110100010010 )
b110100010010 -
b110100010010 :
b11001111100 +
#16605
0'
#16610
1'
b101001001 (
b101001001 ,
b101001001 9
b110100010011 )
b110100010011 -
b110100010011 :
b11001111101 +
#16615
0'
#16620
1'
b111010110101 (
b111010110101 ,
b111010110101 9
b1011101100 )
b1011101100 -
b1011101100 :
b11001111110 +
#16625
0'
#16630
1'
b111010110011 (
b111010110011 ,
b111010110011 9
b1011101011 )
b1011101011 -
b1011101011 :
b11001111111 +
#16635
0'
#16640
1'
b111010110001 (
b111010110001 ,
b111010110001 9
b1011101010 )
b1011101010 -
b1011101010 :
b11010000000 +
#16645
0'
#16650
1'
b101010001 (
b101010001 ,
b101010001 9
b110100010111 )
b110100010111 -
b110100010111 :
b11010000001 +
#16655
0'
#16660
1'
b101010011 (
b101010011 ,
b101010011 9
b11010000010 +
#16665
0'
#16670
1'
b101010101 (
b101010101 ,
b101010101 9
b110100011000 )
b110100011000 -
b110100011000 :
b11010000011 +
#16675
0'
#16680
1'
b111010101001 (
b111010101001 ,
b111010101001 9
b1011100111 )
b1011100111 -
b1011100111 :
b11010000100 +
#16685
0'
#16690
1'
b111010100111 (
b111010100111 ,
b111010100111 9
b1011100110 )
b1011100110 -
b1011100110 :
b11010000101 +
#16695
0'
#16700
1'
b111010100101 (
b111010100101 ,
b111010100101 9
b1011100101 )
b1011100101 -
b1011100101 :
b11010000110 +
#16705
0'
#16710
1'
b1011100100 (
b1011100100 ,
b1011100100 9
b101011101 )
b101011101 -
b101011101 :
b11010000111 +
#16715
0'
#16720
1'
b1011100011 (
b1011100011 ,
b1011100011 9
b101011111 )
b101011111 -
b101011111 :
b11010001000 +
#16725
0'
#16730
1'
b1011100010 (
b1011100010 ,
b1011100010 9
b101100001 )
b101100001 -
b101100001 :
b11010001001 +
#16735
0'
#16740
1'
b101100011 (
b101100011 ,
b101100011 9
b110100011111 )
b110100011111 -
b110100011111 :
b11010001010 +
#16745
0'
#16750
1'
b101100100 (
b101100100 ,
b101100100 9
b110100100000 )
b110100100000 -
b110100100000 :
b11010001011 +
#16755
0'
#16760
1'
b101100110 (
b101100110 ,
b101100110 9
b110100100001 )
b110100100001 -
b110100100001 :
b11010001100 +
#16765
0'
#16770
1'
b110100100001 (
b110100100001 ,
b110100100001 9
b111010011000 )
b111010011000 -
b111010011000 :
b11010001101 +
#16775
0'
#16780
1'
b110100100010 (
b110100100010 ,
b110100100010 9
b111010010110 )
b111010010110 -
b111010010110 :
b11010001110 +
#16785
0'
#16790
1'
b110100100011 (
b110100100011 ,
b110100100011 9
b111010010100 )
b111010010100 -
b111010010100 :
b11010001111 +
#16795
0'
#16800
1'
b1100001000 (
b1100001000 ,
b1100001000 9
b111011111110 )
b111011111110 -
b111011111110 :
b11010010000 +
#16805
0'
#16810
1'
b1100001001 (
b1100001001 ,
b1100001001 9
b111100000000 )
b111100000000 -
b111100000000 :
b11010010001 +
#16815
0'
#16820
1'
b1100001010 (
b1100001010 ,
b1100001010 9
b111100000010 )
b111100000010 -
b111100000010 :
b11010010010 +
#16825
0'
#16830
1'
b11111100 (
b11111100 ,
b11111100 9
b1100001010 )
b1100001010 -
b1100001010 :
b11010010011 +
#16835
0'
#16840
1'
b11111010 (
b11111010 ,
b11111010 9
b1100001011 )
b1100001011 -
b1100001011 :
b11010010100 +
#16845
0'
#16850
1'
b11111000 (
b11111000 ,
b11111000 9
b1100001100 )
b1100001100 -
b1100001100 :
b11010010101 +
#16855
0'
#16860
1'
b1100001100 (
b1100001100 ,
b1100001100 9
b111100001010 )
b111100001010 -
b111100001010 :
b11010010110 +
#16865
0'
#16870
1'
b1100001101 (
b1100001101 ,
b1100001101 9
b111100001100 )
b111100001100 -
b111100001100 :
b11010010111 +
#16875
0'
#16880
1'
b1100001110 (
b1100001110 ,
b1100001110 9
b111100001110 )
b111100001110 -
b111100001110 :
b11010011000 +
#16885
0'
#16890
1'
b1011010011 (
b1011010011 ,
b1011010011 9
b101111111 )
b101111111 -
b101111111 :
b11010011001 +
#16895
0'
#16900
1'
b1011010010 (
b1011010010 ,
b1011010010 9
b110000001 )
b110000001 -
b110000001 :
b11010011010 +
#16905
0'
#16910
1'
b1011010001 (
b1011010001 ,
b1011010001 9
b110000011 )
b110000011 -
b110000011 :
b11010011011 +
#16915
0'
#16920
1'
b1100010000 (
b1100010000 ,
b1100010000 9
b111100010110 )
b111100010110 -
b111100010110 :
b11010011100 +
#16925
0'
#16930
1'
b1100010001 (
b1100010001 ,
b1100010001 9
b111100011001 )
b111100011001 -
b111100011001 :
b11010011101 +
#16935
0'
#16940
1'
b111100011011 )
b111100011011 -
b111100011011 :
b11010011110 +
#16945
0'
#16950
1'
b110011101110 (
b110011101110 ,
b110011101110 9
b11100011 )
b11100011 -
b11100011 :
b11010011111 +
#16955
0'
#16960
1'
b110011101101 (
b110011101101 ,
b110011101101 9
b11100001 )
b11100001 -
b11100001 :
b11010100000 +
#16965
0'
#16970
1'
b11011111 )
b11011111 -
b11011111 :
b11010100001 +
#16975
0'
#16980
1'
b1011001010 (
b1011001010 ,
b1011001010 9
b110010000 )
b110010000 -
b110010000 :
b11010100010 +
#16985
0'
#16990
1'
b1011001001 (
b1011001001 ,
b1011001001 9
b110010010 )
b110010010 -
b110010010 :
b11010100011 +
#16995
0'
#17000
1'
b1011000111 (
b1011000111 ,
b1011000111 9
b110010100 )
b110010100 -
b110010100 :
b11010100100 +
#17005
0'
#17010
1'
b1011000110 (
b1011000110 ,
b1011000110 9
b110010110 )
b110010110 -
b110010110 :
b11010100101 +
#17015
0'
#17020
1'
b1011000101 (
b1011000101 ,
b1011000101 9
b110011000 )
b110011000 -
b110011000 :
b11010100110 +
#17025
0'
#17030
1'
b1011000100 (
b1011000100 ,
b1011000100 9
b110011001 )
b110011001 -
b110011001 :
b11010100111 +
#17035
0'
#17040
1'
b110011101001 (
b110011101001 ,
b110011101001 9
b11010001 )
b11010001 -
b11010001 :
b11010101000 +
#17045
0'
#17050
1'
b110011101000 (
b110011101000 ,
b110011101000 9
b11001111 )
b11001111 -
b11001111 :
b11010101001 +
#17055
0'
#17060
1'
b11001101 )
b11001101 -
b11001101 :
b11010101010 +
#17065
0'
#17070
1'
b110101000000 (
b110101000000 ,
b110101000000 9
b111001011111 )
b111001011111 -
b111001011111 :
b11010101011 +
#17075
0'
#17080
1'
b110101000001 (
b110101000001 ,
b110101000001 9
b111001011101 )
b111001011101 -
b111001011101 :
b11010101100 +
#17085
0'
#17090
1'
b110101000010 (
b110101000010 ,
b110101000010 9
b111001011100 )
b111001011100 -
b111001011100 :
b11010101101 +
#17095
0'
#17100
1'
b11000100 (
b11000100 ,
b11000100 9
b1100011010 )
b1100011010 -
b1100011010 :
b11010101110 +
#17105
0'
#17110
1'
b11000010 (
b11000010 ,
b11000010 9
b1100011011 )
b1100011011 -
b1100011011 :
b11010101111 +
#17115
0'
#17120
1'
b11000000 (
b11000000 ,
b11000000 9
b11010110000 +
#17125
0'
#17130
1'
b111001010100 (
b111001010100 ,
b111001010100 9
b1010111001 )
b1010111001 -
b1010111001 :
b11010110001 +
#17135
0'
#17140
1'
b111001010010 (
b111001010010 ,
b111001010010 9
b1010111000 )
b1010111000 -
b1010111000 :
b11010110010 +
#17145
0'
#17150
1'
b111001010001 (
b111001010001 ,
b111001010001 9
b1010110111 )
b1010110111 -
b1010110111 :
b11010110011 +
#17155
0'
#17160
1'
b110101001010 (
b110101001010 ,
b110101001010 9
b111001001111 )
b111001001111 -
b111001001111 :
b11010110100 +
#17165
0'
#17170
1'
b110101001011 (
b110101001011 ,
b110101001011 9
b111001001101 )
b111001001101 -
b111001001101 :
b11010110101 +
#17175
0'
#17180
1'
b110101001100 (
b110101001100 ,
b110101001100 9
b111001001011 )
b111001001011 -
b111001001011 :
b11010110110 +
#17185
0'
#17190
1'
b1100011111 (
b1100011111 ,
b1100011111 9
b111101001110 )
b111101001110 -
b111101001110 :
b11010110111 +
#17195
0'
#17200
1'
b111101010000 )
b111101010000 -
b111101010000 :
b11010111000 +
#17205
0'
#17210
1'
b1100100000 (
b1100100000 ,
b1100100000 9
b111101010011 )
b111101010011 -
b111101010011 :
b11010111001 +
#17215
0'
#17220
1'
b111001000100 (
b111001000100 ,
b111001000100 9
b1010101111 )
b1010101111 -
b1010101111 :
b11010111010 +
#17225
0'
#17230
1'
b111001000010 (
b111001000010 ,
b111001000010 9
b1010101110 )
b1010101110 -
b1010101110 :
b11010111011 +
#17235
0'
#17240
1'
b111001000000 (
b111001000000 ,
b111001000000 9
b1010101101 )
b1010101101 -
b1010101101 :
b11010111100 +
#17245
0'
#17250
1'
b111101011011 (
b111101011011 ,
b111101011011 9
b110011011111 )
b110011011111 -
b110011011111 :
b11010111101 +
#17255
0'
#17260
1'
b111101011101 (
b111101011101 ,
b111101011101 9
b110011011110 )
b110011011110 -
b110011011110 :
b11010111110 +
#17265
0'
#17270
1'
b111101011111 (
b111101011111 ,
b111101011111 9
b11010111111 +
#17275
0'
#17280
1'
b1010101000 (
b1010101000 ,
b1010101000 9
b111000111 )
b111000111 -
b111000111 :
b11011000000 +
#17285
0'
#17290
1'
b1010100111 (
b1010100111 ,
b1010100111 9
b111001001 )
b111001001 -
b111001001 :
b11011000001 +
#17295
0'
#17300
1'
b1010100110 (
b1010100110 ,
b1010100110 9
b111001010 )
b111001010 -
b111001010 :
b11011000010 +
#17305
0'
#17310
1'
b110101011100 (
b110101011100 ,
b110101011100 9
b111000110100 )
b111000110100 -
b111000110100 :
b11011000011 +
#17315
0'
#17320
1'
b110101011101 (
b110101011101 ,
b110101011101 9
b111000110010 )
b111000110010 -
b111000110010 :
b11011000100 +
#17325
0'
#17330
1'
b110101011110 (
b110101011110 ,
b110101011110 9
b111000110000 )
b111000110000 -
b111000110000 :
b11011000101 +
#17335
0'
#17340
1'
b1010100001 (
b1010100001 ,
b1010100001 9
b111010001 )
b111010001 -
b111010001 :
b11011000110 +
#17345
0'
#17350
1'
b1010100000 (
b1010100000 ,
b1010100000 9
b111010011 )
b111010011 -
b111010011 :
b11011000111 +
#17355
0'
#17360
1'
b1010011110 (
b1010011110 ,
b1010011110 9
b111010101 )
b111010101 -
b111010101 :
b11011001000 +
#17365
0'
#17370
1'
b111101110100 (
b111101110100 ,
b111101110100 9
b110011011010 )
b110011011010 -
b110011011010 :
b11011001001 +
#17375
0'
#17380
1'
b111101110110 (
b111101110110 ,
b111101110110 9
b110011011001 )
b110011011001 -
b110011011001 :
b11011001010 +
#17385
0'
#17390
1'
b111101111000 (
b111101111000 ,
b111101111000 9
b11011001011 +
#17395
0'
#17400
1'
b111101111011 (
b111101111011 ,
b111101111011 9
b11011001100 +
#17405
0'
#17410
1'
b111101111101 (
b111101111101 ,
b111101111101 9
b110011011000 )
b110011011000 -
b110011011000 :
b11011001101 +
#17415
0'
#17420
1'
b111101111111 (
b111101111111 ,
b111101111111 9
b11011001110 +
#17425
0'
#17430
1'
b111000011111 (
b111000011111 ,
b111000011111 9
b1010010110 )
b1010010110 -
b1010010110 :
b11011001111 +
#17435
0'
#17440
1'
b111000011101 (
b111000011101 ,
b111000011101 9
b1010010100 )
b1010010100 -
b1010010100 :
b11011010000 +
#17445
0'
#17450
1'
b111000011011 (
b111000011011 ,
b111000011011 9
b1010010011 )
b1010010011 -
b1010010011 :
b11011010001 +
#17455
0'
#17460
1'
b110101101110 (
b110101101110 ,
b110101101110 9
b111000011010 )
b111000011010 -
b111000011010 :
b11011010010 +
#17465
0'
#17470
1'
b110101101111 (
b110101101111 ,
b110101101111 9
b111000011000 )
b111000011000 -
b111000011000 :
b11011010011 +
#17475
0'
#17480
1'
b110101110001 (
b110101110001 ,
b110101110001 9
b111000010110 )
b111000010110 -
b111000010110 :
b11011010100 +
#17485
0'
#17490
1'
b110011010110 (
b110011010110 ,
b110011010110 9
b1110010 )
b1110010 -
b1110010 :
b11011010101 +
#17495
0'
#17500
1'
b1110000 )
b1110000 -
b1110000 :
b11011010110 +
#17505
0'
#17510
1'
b110011010101 (
b110011010101 ,
b110011010101 9
b1101110 )
b1101110 -
b1101110 :
b11011010111 +
#17515
0'
#17520
1'
b1010001010 (
b1010001010 ,
b1010001010 9
b111110001 )
b111110001 -
b111110001 :
b11011011000 +
#17525
0'
#17530
1'
b1010001001 (
b1010001001 ,
b1010001001 9
b111110010 )
b111110010 -
b111110010 :
b11011011001 +
#17535
0'
#17540
1'
b1010001000 (
b1010001000 ,
b1010001000 9
b111110100 )
b111110100 -
b111110100 :
b11011011010 +
#17545
0'
#17550
1'
b111000001010 (
b111000001010 ,
b111000001010 9
b1010000110 )
b1010000110 -
b1010000110 :
b11011011011 +
#17555
0'
#17560
1'
b111000001001 (
b111000001001 ,
b111000001001 9
b1010000101 )
b1010000101 -
b1010000101 :
b11011011100 +
#17565
0'
#17570
1'
b111000000111 (
b111000000111 ,
b111000000111 9
b1010000100 )
b1010000100 -
b1010000100 :
b11011011101 +
#17575
0'
#17580
1'
b1010000010 (
b1010000010 ,
b1010000010 9
b111111011 )
b111111011 -
b111111011 :
b11011011110 +
#17585
0'
#17590
1'
b1010000001 (
b1010000001 ,
b1010000001 9
b111111100 )
b111111100 -
b111111100 :
b11011011111 +
#17595
0'
#17600
1'
b1010000000 (
b1010000000 ,
b1010000000 9
b111111110 )
b111111110 -
b111111110 :
b11011100000 +
#17605
0'
#17610
1'
b1011001 (
b1011001 ,
b1011001 9
b1100101101 )
b1100101101 -
b1100101101 :
b11011100001 +
#17615
0'
#17620
1'
b1010111 (
b1010111 ,
b1010111 9
b1100101110 )
b1100101110 -
b1100101110 :
b11011100010 +
#17625
0'
#17630
1'
b1010101 (
b1010101 ,
b1010101 9
b11011100011 +
#17635
0'
#17640
1'
b1010011 (
b1010011 ,
b1010011 9
b11011100100 +
#17645
0'
#17650
1'
b1010000 (
b1010000 ,
b1010000 9
b11011100101 +
#17655
0'
#17660
1'
b1001110 (
b1001110 ,
b1001110 9
b11011100110 +
#17665
0'
#17670
1'
b1000001010 (
b1000001010 ,
b1000001010 9
b110110001010 )
b110110001010 -
b110110001010 :
b11011100111 +
#17675
0'
#17680
1'
b1000001011 (
b1000001011 ,
b1000001011 9
b110110001011 )
b110110001011 -
b110110001011 :
b11011101000 +
#17685
0'
#17690
1'
b1000001101 (
b1000001101 ,
b1000001101 9
b110110001101 )
b110110001101 -
b110110001101 :
b11011101001 +
#17695
0'
#17700
1'
b111110111010 (
b111110111010 ,
b111110111010 9
b110011010001 )
b110011010001 -
b110011010001 :
b11011101010 +
#17705
0'
#17710
1'
b111110111100 (
b111110111100 ,
b111110111100 9
b11011101011 +
#17715
0'
#17720
1'
b111110111110 (
b111110111110 ,
b111110111110 9
b110011010000 )
b110011010000 -
b110011010000 :
b11011101100 +
#17725
0'
#17730
1'
b1001101110 (
b1001101110 ,
b1001101110 9
b1000010100 )
b1000010100 -
b1000010100 :
b11011101101 +
#17735
0'
#17740
1'
b1001101101 (
b1001101101 ,
b1001101101 9
b1000010101 )
b1000010101 -
b1000010101 :
b11011101110 +
#17745
0'
#17750
1'
b1001101011 (
b1001101011 ,
b1001101011 9
b1000010111 )
b1000010111 -
b1000010111 :
b11011101111 +
#17755
0'
#17760
1'
b111111000111 (
b111111000111 ,
b111111000111 9
b110011010000 )
b110011010000 -
b110011010000 :
b11011110000 +
#17765
0'
#17770
1'
b111111001001 (
b111111001001 ,
b111111001001 9
b11011110001 +
#17775
0'
#17780
1'
b111111001011 (
b111111001011 ,
b111111001011 9
b110011001111 )
b110011001111 -
b110011001111 :
b11011110010 +
#17785
0'
#17790
1'
b111111001101 (
b111111001101 ,
b111111001101 9
b11011110011 +
#17795
0'
#17800
1'
b111111010000 (
b111111010000 ,
b111111010000 9
b11011110100 +
#17805
0'
#17810
1'
b111111010010 (
b111111010010 ,
b111111010010 9
b11011110101 +
#17815
0'
#17820
1'
b1100110001 (
b1100110001 ,
b1100110001 9
b111111010100 )
b111111010100 -
b111111010100 :
b11011110110 +
#17825
0'
#17830
1'
b111111010110 )
b111111010110 -
b111111010110 :
b11011110111 +
#17835
0'
#17840
1'
b111111011000 )
b111111011000 -
b111111011000 :
b11011111000 +
#17845
0'
#17850
1'
b1001011101 (
b1001011101 ,
b1001011101 9
b1000100111 )
b1000100111 -
b1000100111 :
b11011111001 +
#17855
0'
#17860
1'
b1001011011 (
b1001011011 ,
b1001011011 9
b1000101000 )
b1000101000 -
b1000101000 :
b11011111010 +
#17865
0'
#17870
1'
b1001011010 (
b1001011010 ,
b1001011010 9
b1000101010 )
b1000101010 -
b1000101010 :
b11011111011 +
#17875
0'
#17880
1'
b111111100001 (
b111111100001 ,
b111111100001 9
b110011001110 )
b110011001110 -
b110011001110 :
b11011111100 +
#17885
0'
#17890
1'
b111111100011 (
b111111100011 ,
b111111100011 9
b11011111101 +
#17895
0'
#17900
1'
b111111100101 (
b111111100101 ,
b111111100101 9
b11011111110 +
#17905
0'
#17910
1'
b11001 (
b11001 ,
b11001 9
b1100110010 )
b1100110010 -
b1100110010 :
b11011111111 +
#17915
0'
#17920
1'
b10111 (
b10111 ,
b10111 9
b11100000000 +
#17925
0'
#17930
1'
b10101 (
b10101 ,
b10101 9
b11100000001 +
#17935
0'
#17940
1'
b1001010000 (
b1001010000 ,
b1001010000 9
b1000110101 )
b1000110101 -
b1000110101 :
b11100000010 +
#17945
0'
#17950
1'
b1001001110 (
b1001001110 ,
b1001001110 9
b1000110110 )
b1000110110 -
b1000110110 :
b11100000011 +
#17955
0'
#17960
1'
b1001001101 (
b1001001101 ,
b1001001101 9
b1000111000 )
b1000111000 -
b1000111000 :
b11100000100 +
#17965
0'
#17970
1'
b1001001011 (
b1001001011 ,
b1001001011 9
b1000111010 )
b1000111010 -
b1000111010 :
b11100000101 +
#17975
0'
#17980
1'
b1001001010 (
b1001001010 ,
b1001001010 9
b1000111011 )
b1000111011 -
b1000111011 :
b11100000110 +
#17985
0'
#17990
1'
b1001001000 (
b1001001000 ,
b1001001000 9
b1000111101 )
b1000111101 -
b1000111101 :
b11100000111 +
#17995
0'
#18000
1'
b1001000111 (
b1001000111 ,
b1001000111 9
b1000111110 )
b1000111110 -
b1000111110 :
b11100001000 +
#18005
0'
#18010
1'
b1001000101 (
b1001000101 ,
b1001000101 9
b1001000000 )
b1001000000 -
b1001000000 :
b11100001001 +
#18015
0'
#18020
1'
b1001000100 (
b1001000100 ,
b1001000100 9
b1001000001 )
b1001000001 -
b1001000001 :
b11100001010 +
#18025
0'
#18030
1'
b110110111110 (
b110110111110 ,
b110110111110 9
b110110111101 )
b110110111101 -
b110110111101 :
b11100001011 +
#18035
0'
#18040
1'
b110110111111 (
b110110111111 ,
b110110111111 9
b110110111100 )
b110110111100 -
b110110111100 :
b11100001100 +
#18045
0'
#18050
1'
b110111000001 (
b110111000001 ,
b110111000001 9
b110110111010 )
b110110111010 -
b110110111010 :
b11100001101 +
#18055
0'
#18060
1'
b110111000010 (
b110111000010 ,
b110111000010 9
b110110111001 )
b110110111001 -
b110110111001 :
b11100001110 +
#18065
0'
#18070
1'
b110111000100 (
b110111000100 ,
b110111000100 9
b110110110111 )
b110110110111 -
b110110110111 :
b11100001111 +
#18075
0'
#18080
1'
b110111000101 (
b110111000101 ,
b110111000101 9
b110110110110 )
b110110110110 -
b110110110110 :
b11100010000 +
#18085
0'
#18090
1'
b1001001100 (
b1001001100 ,
b1001001100 9
b110111000111 )
b110111000111 -
b110111000111 :
b11100010001 +
#18095
0'
#18100
1'
b1001001101 (
b1001001101 ,
b1001001101 9
b110111001000 )
b110111001000 -
b110111001000 :
b11100010010 +
#18105
0'
#18110
1'
b1001001111 (
b1001001111 ,
b1001001111 9
b110111001010 )
b110111001010 -
b110111001010 :
b11100010011 +
#18115
0'
#18120
1'
b1001010000 (
b1001010000 ,
b1001010000 9
b110111001011 )
b110111001011 -
b110111001011 :
b11100010100 +
#18125
0'
#18130
1'
b1001010010 (
b1001010010 ,
b1001010010 9
b110111001101 )
b110111001101 -
b110111001101 :
b11100010101 +
#18135
0'
#18140
1'
b1001010011 (
b1001010011 ,
b1001010011 9
b110111001111 )
b110111001111 -
b110111001111 :
b11100010110 +
#18145
0'
#18150
1'
b110111010000 (
b110111010000 ,
b110111010000 9
b110110101011 )
b110110101011 -
b110110101011 :
b11100010111 +
#18155
0'
#18160
1'
b110111010010 (
b110111010010 ,
b110111010010 9
b110110101010 )
b110110101010 -
b110110101010 :
b11100011000 +
#18165
0'
#18170
1'
b110111010011 (
b110111010011 ,
b110111010011 9
b110110101001 )
b110110101001 -
b110110101001 :
b11100011001 +
#18175
0'
#18180
1'
b110011001110 (
b110011001110 ,
b110011001110 9
b111111100000 )
b111111100000 -
b111111100000 :
b11100011010 +
#18185
0'
#18190
1'
b111111011110 )
b111111011110 -
b111111011110 :
b11100011011 +
#18195
0'
#18200
1'
b110011001111 (
b110011001111 ,
b110011001111 9
b111111011100 )
b111111011100 -
b111111011100 :
b11100011100 +
#18205
0'
#18210
1'
b100110 (
b100110 ,
b100110 9
b110011001111 )
b110011001111 -
b110011001111 :
b11100011101 +
#18215
0'
#18220
1'
b101000 (
b101000 ,
b101000 9
b11100011110 +
#18225
0'
#18230
1'
b101011 (
b101011 ,
b101011 9
b11100011111 +
#18235
0'
#18240
1'
b110011001111 (
b110011001111 ,
b110011001111 9
b111111010011 )
b111111010011 -
b111111010011 :
b11100100000 +
#18245
0'
#18250
1'
b111111010001 )
b111111010001 -
b111111010001 :
b11100100001 +
#18255
0'
#18260
1'
b111111001111 )
b111111001111 -
b111111001111 :
b11100100010 +
#18265
0'
#18270
1'
b111111001101 )
b111111001101 -
b111111001101 :
b11100100011 +
#18275
0'
#18280
1'
b111111001011 )
b111111001011 -
b111111001011 :
b11100100100 +
#18285
0'
#18290
1'
b110011010000 (
b110011010000 ,
b110011010000 9
b111111001001 )
b111111001001 -
b111111001001 :
b11100100101 +
#18295
0'
#18300
1'
b111001 (
b111001 ,
b111001 9
b110011010000 )
b110011010000 -
b110011010000 :
b11100100110 +
#18305
0'
#18310
1'
b111100 (
b111100 ,
b111100 9
b11100100111 +
#18315
0'
#18320
1'
b111110 (
b111110 ,
b111110 9
b11100101000 +
#18325
0'
#18330
1'
b110110010010 (
b110110010010 ,
b110110010010 9
b1000010011 )
b1000010011 -
b1000010011 :
b11100101001 +
#18335
0'
#18340
1'
b110110010000 (
b110110010000 ,
b110110010000 9
b1000010010 )
b1000010010 -
b1000010010 :
b11100101010 +
#18345
0'
#18350
1'
b110110001111 (
b110110001111 ,
b110110001111 9
b1000010000 )
b1000010000 -
b1000010000 :
b11100101011 +
#18355
0'
#18360
1'
b111110111010 (
b111110111010 ,
b111110111010 9
b1100101111 )
b1100101111 -
b1100101111 :
b11100101100 +
#18365
0'
#18370
1'
b111110111000 (
b111110111000 ,
b111110111000 9
b11100101101 +
#18375
0'
#18380
1'
b111110110101 (
b111110110101 ,
b111110110101 9
b11100101110 +
#18385
0'
#18390
1'
b1100101111 (
b1100101111 ,
b1100101111 9
b1001101 )
b1001101 -
b1001101 :
b11100101111 +
#18395
0'
#18400
1'
b1100101110 (
b1100101110 ,
b1100101110 9
b1001111 )
b1001111 -
b1001111 :
b11100110000 +
#18405
0'
#18410
1'
b1010001 )
b1010001 -
b1010001 :
b11100110001 +
#18415
0'
#18420
1'
b1010011 (
b1010011 ,
b1010011 9
b110011010010 )
b110011010010 -
b110011010010 :
b11100110010 +
#18425
0'
#18430
1'
b1010101 (
b1010101 ,
b1010101 9
b11100110011 +
#18435
0'
#18440
1'
b1010111 (
b1010111 ,
b1010111 9
b11100110100 +
#18445
0'
#18450
1'
b1011001 (
b1011001 ,
b1011001 9
b110011010011 )
b110011010011 -
b110011010011 :
b11100110101 +
#18455
0'
#18460
1'
b1011100 (
b1011100 ,
b1011100 9
b11100110110 +
#18465
0'
#18470
1'
b1011110 (
b1011110 ,
b1011110 9
b11100110111 +
#18475
0'
#18480
1'
b111110100000 (
b111110100000 ,
b111110100000 9
b1100101101 )
b1100101101 -
b1100101101 :
b11100111000 +
#18485
0'
#18490
1'
b111110011110 (
b111110011110 ,
b111110011110 9
b1100101100 )
b1100101100 -
b1100101100 :
b11100111001 +
#18495
0'
#18500
1'
b111110011100 (
b111110011100 ,
b111110011100 9
b11100111010 +
#18505
0'
#18510
1'
b110011010100 (
b110011010100 ,
b110011010100 9
b111110011010 )
b111110011010 -
b111110011010 :
b11100111011 +
#18515
0'
#18520
1'
b111110011000 )
b111110011000 -
b111110011000 :
b11100111100 +
#18525
0'
#18530
1'
b110011010101 (
b110011010101 ,
b110011010101 9
b111110010110 )
b111110010110 -
b111110010110 :
b11100111101 +
#18535
0'
#18540
1'
b1100101011 (
b1100101011 ,
b1100101011 9
b1101101 )
b1101101 -
b1101101 :
b11100111110 +
#18545
0'
#18550
1'
b1101111 )
b1101111 -
b1101111 :
b11100111111 +
#18555
0'
#18560
1'
b1100101010 (
b1100101010 ,
b1100101010 9
b1110001 )
b1110001 -
b1110001 :
b11101000000 +
#18565
0'
#18570
1'
b110101110010 (
b110101110010 ,
b110101110010 9
b111101011 )
b111101011 -
b111101011 :
b11101000001 +
#18575
0'
#18580
1'
b110101110000 (
b110101110000 ,
b110101110000 9
b111101001 )
b111101001 -
b111101001 :
b11101000010 +
#18585
0'
#18590
1'
b110101101111 (
b110101101111 ,
b110101101111 9
b111101000 )
b111101000 -
b111101000 :
b11101000011 +
#18595
0'
#18600
1'
b110011010111 (
b110011010111 ,
b110011010111 9
b111110000111 )
b111110000111 -
b111110000111 :
b11101000100 +
#18605
0'
#18610
1'
b111110000101 )
b111110000101 -
b111110000101 :
b11101000101 +
#18615
0'
#18620
1'
b111110000010 )
b111110000010 -
b111110000010 :
b11101000110 +
#18625
0'
#18630
1'
b111110000000 (
b111110000000 ,
b111110000000 9
b1100101000 )
b1100101000 -
b1100101000 :
b11101000111 +
#18635
0'
#18640
1'
b111101111110 (
b111101111110 ,
b111101111110 9
b11101001000 +
#18645
0'
#18650
1'
b111101111100 (
b111101111100 ,
b111101111100 9
b11101001001 +
#18655
0'
#18660
1'
b1100100111 (
b1100100111 ,
b1100100111 9
b10000110 )
b10000110 -
b10000110 :
b11101001010 +
#18665
0'
#18670
1'
b10001000 )
b10001000 -
b10001000 :
b11101001011 +
#18675
0'
#18680
1'
b1100100110 (
b1100100110 ,
b1100100110 9
b10001010 )
b10001010 -
b10001010 :
b11101001100 +
#18685
0'
#18690
1'
b111010110 (
b111010110 ,
b111010110 9
b1010011101 )
b1010011101 -
b1010011101 :
b11101001101 +
#18695
0'
#18700
1'
b111010101 (
b111010101 ,
b111010101 9
b1010011111 )
b1010011111 -
b1010011111 :
b11101001110 +
#18705
0'
#18710
1'
b111010011 (
b111010011 ,
b111010011 9
b1010100000 )
b1010100000 -
b1010100000 :
b11101001111 +
#18715
0'
#18720
1'
b110011011011 (
b110011011011 ,
b110011011011 9
b111101101101 )
b111101101101 -
b111101101101 :
b11101010000 +
#18725
0'
#18730
1'
b111101101011 )
b111101101011 -
b111101101011 :
b11101010001 +
#18735
0'
#18740
1'
b110011011100 (
b110011011100 ,
b110011011100 9
b111101101001 )
b111101101001 -
b111101101001 :
b11101010010 +
#18745
0'
#18750
1'
b111101100111 (
b111101100111 ,
b111101100111 9
b1100100100 )
b1100100100 -
b1100100100 :
b11101010011 +
#18755
0'
#18760
1'
b111101100101 (
b111101100101 ,
b111101100101 9
b1100100011 )
b1100100011 -
b1100100011 :
b11101010100 +
#18765
0'
#18770
1'
b111101100011 (
b111101100011 ,
b111101100011 9
b11101010101 +
#18775
0'
#18780
1'
b110101011000 (
b110101011000 ,
b110101011000 9
b111000110 )
b111000110 -
b111000110 :
b11101010110 +
#18785
0'
#18790
1'
b110101010111 (
b110101010111 ,
b110101010111 9
b111000101 )
b111000101 -
b111000101 :
b11101010111 +
#18795
0'
#18800
1'
b110101010101 (
b110101010101 ,
b110101010101 9
b111000011 )
b111000011 -
b111000011 :
b11101011000 +
#18805
0'
#18810
1'
b110101010100 (
b110101010100 ,
b110101010100 9
b111000001 )
b111000001 -
b111000001 :
b11101011001 +
#18815
0'
#18820
1'
b110101010011 (
b110101010011 ,
b110101010011 9
b110111111 )
b110111111 -
b110111111 :
b11101011010 +
#18825
0'
#18830
1'
b110101010010 (
b110101010010 ,
b110101010010 9
b110111101 )
b110111101 -
b110111101 :
b11101011011 +
#18835
0'
#18840
1'
b10101100 (
b10101100 ,
b10101100 9
b110011100000 )
b110011100000 -
b110011100000 :
b11101011100 +
#18845
0'
#18850
1'
b10101110 (
b10101110 ,
b10101110 9
b11101011101 +
#18855
0'
#18860
1'
b10110000 (
b10110000 ,
b10110000 9
b110011100001 )
b110011100001 -
b110011100001 :
b11101011110 +
#18865
0'
#18870
1'
b110011100001 (
b110011100001 ,
b110011100001 9
b111101001110 )
b111101001110 -
b111101001110 :
b11101011111 +
#18875
0'
#18880
1'
b110011100010 (
b110011100010 ,
b110011100010 9
b111101001100 )
b111101001100 -
b111101001100 :
b11101100000 +
#18885
0'
#18890
1'
b111101001010 )
b111101001010 -
b111101001010 :
b11101100001 +
#18895
0'
#18900
1'
b110011100011 (
b110011100011 ,
b110011100011 9
b111101001000 )
b111101001000 -
b111101001000 :
b11101100010 +
#18905
0'
#18910
1'
b111101000110 )
b111101000110 -
b111101000110 :
b11101100011 +
#18915
0'
#18920
1'
b110011100100 (
b110011100100 ,
b110011100100 9
b111101000011 )
b111101000011 -
b111101000011 :
b11101100100 +
#18925
0'
#18930
1'
b111001010101 (
b111001010101 ,
b111001010101 9
b110101000110 )
b110101000110 -
b110101000110 :
b11101100101 +
#18935
0'
#18940
1'
b111001010110 (
b111001010110 ,
b111001010110 9
b110101000101 )
b110101000101 -
b110101000101 :
b11101100110 +
#18945
0'
#18950
1'
b111001011000 (
b111001011000 ,
b111001011000 9
b110101000100 )
b110101000100 -
b110101000100 :
b11101100111 +
#18955
0'
#18960
1'
b110101000011 (
b110101000011 ,
b110101000011 9
b110100110 )
b110100110 -
b110100110 :
b11101101000 +
#18965
0'
#18970
1'
b110101000010 (
b110101000010 ,
b110101000010 9
b110100100 )
b110100100 -
b110100100 :
b11101101001 +
#18975
0'
#18980
1'
b110101000001 (
b110101000001 ,
b110101000001 9
b110100010 )
b110100010 -
b110100010 :
b11101101010 +
#18985
0'
#18990
1'
b110101000000 (
b110101000000 ,
b110101000000 9
b110100000 )
b110100000 -
b110100000 :
b11101101011 +
#18995
0'
#19000
1'
b110100111111 (
b110100111111 ,
b110100111111 9
b110011111 )
b110011111 -
b110011111 :
b11101101100 +
#19005
0'
#19010
1'
b110100111110 (
b110100111110 ,
b110100111110 9
b110011101 )
b110011101 -
b110011101 :
b11101101101 +
#19015
0'
#19020
1'
b110011101001 (
b110011101001 ,
b110011101001 9
b111100101111 )
b111100101111 -
b111100101111 :
b11101101110 +
#19025
0'
#19030
1'
b110011101010 (
b110011101010 ,
b110011101010 9
b111100101101 )
b111100101101 -
b111100101101 :
b11101101111 +
#19035
0'
#19040
1'
b111100101011 )
b111100101011 -
b111100101011 :
b11101110000 +
#19045
0'
#19050
1'
b110100111001 (
b110100111001 ,
b110100111001 9
b110010101 )
b110010101 -
b110010101 :
b11101110001 +
#19055
0'
#19060
1'
b110100111000 (
b110100111000 ,
b110100111000 9
b110010011 )
b110010011 -
b110010011 :
b11101110010 +
#19065
0'
#19070
1'
b110100110111 (
b110100110111 ,
b110100110111 9
b110010010 )
b110010010 -
b110010010 :
b11101110011 +
#19075
0'
#19080
1'
b111001110000 (
b111001110000 ,
b111001110000 9
b110100110110 )
b110100110110 -
b110100110110 :
b11101110100 +
#19085
0'
#19090
1'
b111001110010 (
b111001110010 ,
b111001110010 9
b110100110101 )
b110100110101 -
b110100110101 :
b11101110101 +
#19095
0'
#19100
1'
b111001110100 (
b111001110100 ,
b111001110100 9
b110100110100 )
b110100110100 -
b110100110100 :
b11101110110 +
#19105
0'
#19110
1'
b11100100 (
b11100100 ,
b11100100 9
b110011101110 )
b110011101110 -
b110011101110 :
b11101110111 +
#19115
0'
#19120
1'
b11100110 (
b11100110 ,
b11100110 9
b110011101111 )
b110011101111 -
b110011101111 :
b11101111000 +
#19125
0'
#19130
1'
b11101000 (
b11101000 ,
b11101000 9
b11101111001 +
#19135
0'
#19140
1'
b111001111100 (
b111001111100 ,
b111001111100 9
b110100110000 )
b110100110000 -
b110100110000 :
b11101111010 +
#19145
0'
#19150
1'
b111001111101 (
b111001111101 ,
b111001111101 9
b110100101111 )
b110100101111 -
b110100101111 :
b11101111011 +
#19155
0'
#19160
1'
b111001111111 (
b111001111111 ,
b111001111111 9
b110100101110 )
b110100101110 -
b110100101110 :
b11101111100 +
#19165
0'
#19170
1'
b111010000001 (
b111010000001 ,
b111010000001 9
b110100101101 )
b110100101101 -
b110100101101 :
b11101111101 +
#19175
0'
#19180
1'
b111010000011 (
b111010000011 ,
b111010000011 9
b110100101100 )
b110100101100 -
b110100101100 :
b11101111110 +
#19185
0'
#19190
1'
b111010000101 (
b111010000101 ,
b111010000101 9
b110100101011 )
b110100101011 -
b110100101011 :
b11101111111 +
#19195
0'
#19200
1'
b110100101010 (
b110100101010 ,
b110100101010 9
b101111001 )
b101111001 -
b101111001 :
b11110000000 +
#19205
0'
#19210
1'
b110100101001 (
b110100101001 ,
b110100101001 9
b101110111 )
b101110111 -
b101110111 :
b11110000001 +
#19215
0'
#19220
1'
b110100101000 (
b110100101000 ,
b110100101000 9
b101110101 )
b101110101 -
b101110101 :
b11110000010 +
#19225
0'
#19230
1'
b11111100 (
b11111100 ,
b11111100 9
b110011110110 )
b110011110110 -
b110011110110 :
b11110000011 +
#19235
0'
#19240
1'
b11111110 (
b11111110 ,
b11111110 9
b11110000100 +
#19245
0'
#19250
1'
b100000000 (
b100000000 ,
b100000000 9
b110011110111 )
b110011110111 -
b110011110111 :
b11110000101 +
#19255
0'
#19260
1'
b1100001000 (
b1100001000 ,
b1100001000 9
b100000010 )
b100000010 -
b100000010 :
b11110000110 +
#19265
0'
#19270
1'
b100000100 )
b100000100 -
b100000100 :
b11110000111 +
#19275
0'
#19280
1'
b1100000111 (
b1100000111 ,
b1100000111 9
b100000111 )
b100000111 -
b100000111 :
b11110001000 +
#19285
0'
#19290
1'
b110011111010 (
b110011111010 ,
b110011111010 9
b111011110111 )
b111011110111 -
b111011110111 :
b11110001001 +
#19295
0'
#19300
1'
b111011110101 )
b111011110101 -
b111011110101 :
b11110001010 +
#19305
0'
#19310
1'
b110011111011 (
b110011111011 ,
b110011111011 9
b111011110011 )
b111011110011 -
b111011110011 :
b11110001011 +
#19315
0'
#19320
1'
b111010011110 (
b111010011110 ,
b111010011110 9
b110100011110 )
b110100011110 -
b110100011110 :
b11110001100 +
#19325
0'
#19330
1'
b111010100000 (
b111010100000 ,
b111010100000 9
b11110001101 +
#19335
0'
#19340
1'
b111010100010 (
b111010100010 ,
b111010100010 9
b110100011101 )
b110100011101 -
b110100011101 :
b11110001110 +
#19345
0'
#19350
1'
b1100000010 (
b1100000010 ,
b1100000010 9
b100010101 )
b100010101 -
b100010101 :
b11110001111 +
#19355
0'
#19360
1'
b1100000001 (
b1100000001 ,
b1100000001 9
b100010111 )
b100010111 -
b100010111 :
b11110010000 +
#19365
0'
#19370
1'
b100011001 )
b100011001 -
b100011001 :
b11110010001 +
#19375
0'
#19380
1'
b111011100101 (
b111011100101 ,
b111011100101 9
b1100000000 )
b1100000000 -
b1100000000 :
b11110010010 +
#19385
0'
#19390
1'
b111011100011 (
b111011100011 ,
b111011100011 9
b1011111111 )
b1011111111 -
b1011111111 :
b11110010011 +
#19395
0'
#19400
1'
b111011100001 (
b111011100001 ,
b111011100001 9
b1011111110 )
b1011111110 -
b1011111110 :
b11110010100 +
#19405
0'
#19410
1'
b111011011111 (
b111011011111 ,
b111011011111 9
b11110010101 +
#19415
0'
#19420
1'
b111011011101 (
b111011011101 ,
b111011011101 9
b1011111101 )
b1011111101 -
b1011111101 :
b11110010110 +
#19425
0'
#19430
1'
b111011011011 (
b111011011011 ,
b111011011011 9
b1011111100 )
b1011111100 -
b1011111100 :
b11110010111 +
#19435
0'
#19440
1'
b111010110101 (
b111010110101 ,
b111010110101 9
b110100010100 )
b110100010100 -
b110100010100 :
b11110011000 +
#19445
0'
#19450
1'
b111010110111 (
b111010110111 ,
b111010110111 9
b110100010011 )
b110100010011 -
b110100010011 :
b11110011001 +
#19455
0'
#19460
1'
b111010111001 (
b111010111001 ,
b111010111001 9
b110100010010 )
b110100010010 -
b110100010010 :
b11110011010 +
#19465
0'
#19470
1'
b111011010011 (
b111011010011 ,
b111011010011 9
b1011111001 )
b1011111001 -
b1011111001 :
b11110011011 +
#19475
0'
#19480
1'
b111011010001 (
b111011010001 ,
b111011010001 9
b1011111000 )
b1011111000 -
b1011111000 :
b11110011100 +
#19485
0'
#19490
1'
b111011001111 (
b111011001111 ,
b111011001111 9
b1011110111 )
b1011110111 -
b1011110111 :
b11110011101 +
#19495
0'
#19500
1'
b111011001101 (
b111011001101 ,
b111011001101 9
b11110011110 +
#19505
0'
#19510
1'
b111011001011 (
b111011001011 ,
b111011001011 9
b1011110110 )
b1011110110 -
b1011110110 :
b11110011111 +
#19515
0'
#19520
1'
b111011001001 (
b111011001001 ,
b111011001001 9
b1011110101 )
b1011110101 -
b1011110101 :
b11110100000 +
#19525
0'
#19530
1'
b110100001100 (
b110100001100 ,
b110100001100 9
b100111001 )
b100111001 -
b100111001 :
b11110100001 +
#19535
0'
#19540
1'
b110100001011 (
b110100001011 ,
b110100001011 9
b100110111 )
b100110111 -
b100110111 :
b11110100010 +
#19545
0'
#19550
1'
b100110101 )
b100110101 -
b100110101 :
b11110100011 +
#19555
0'
#19560
1'
b100110011 (
b100110011 ,
b100110011 9
b1011110110 )
b1011110110 -
b1011110110 :
b11110100100 +
#19565
0'
#19570
1'
b100110001 (
b100110001 ,
b100110001 9
b1011110111 )
b1011110111 -
b1011110111 :
b11110100101 +
#19575
0'
#19580
1'
b100101111 (
b100101111 ,
b100101111 9
b1011111000 )
b1011111000 -
b1011111000 :
b11110100110 +
#19585
0'
#19590
1'
b1011111001 (
b1011111001 ,
b1011111001 9
b111011010011 )
b111011010011 -
b111011010011 :
b11110100111 +
#19595
0'
#19600
1'
b111011010101 )
b111011010101 -
b111011010101 :
b11110101000 +
#19605
0'
#19610
1'
b1011111010 (
b1011111010 ,
b1011111010 9
b111011010111 )
b111011010111 -
b111011010111 :
b11110101001 +
#19615
0'
#19620
1'
b1011101101 (
b1011101101 ,
b1011101101 9
b101001010 )
b101001010 -
b101001010 :
b11110101010 +
#19625
0'
#19630
1'
b1011101100 (
b1011101100 ,
b1011101100 9
b101001100 )
b101001100 -
b101001100 :
b11110101011 +
#19635
0'
#19640
1'
b1011101011 (
b1011101011 ,
b1011101011 9
b101001110 )
b101001110 -
b101001110 :
b11110101100 +
#19645
0'
#19650
1'
b101010000 (
b101010000 ,
b101010000 9
b110100010110 )
b110100010110 -
b110100010110 :
b11110101101 +
#19655
0'
#19660
1'
b101010010 (
b101010010 ,
b101010010 9
b110100010111 )
b110100010111 -
b110100010111 :
b11110101110 +
#19665
0'
#19670
1'
b101010100 (
b101010100 ,
b101010100 9
b110100011000 )
b110100011000 -
b110100011000 :
b11110101111 +
#19675
0'
#19680
1'
b101010110 (
b101010110 ,
b101010110 9
b110100011001 )
b110100011001 -
b110100011001 :
b11110110000 +
#19685
0'
#19690
1'
b101011000 (
b101011000 ,
b101011000 9
b110100011010 )
b110100011010 -
b110100011010 :
b11110110001 +
#19695
0'
#19700
1'
b101011010 (
b101011010 ,
b101011010 9
b110100011011 )
b110100011011 -
b110100011011 :
b11110110010 +
#19705
0'
#19710
1'
b1100000010 (
b1100000010 ,
b1100000010 9
b111011101011 )
b111011101011 -
b111011101011 :
b11110110011 +
#19715
0'
#19720
1'
b1100000011 (
b1100000011 ,
b1100000011 9
b111011101101 )
b111011101101 -
b111011101101 :
b11110110100 +
#19725
0'
#19730
1'
b111011101111 )
b111011101111 -
b111011101111 :
b11110110101 +
#19735
0'
#19740
1'
b1011100010 (
b1011100010 ,
b1011100010 9
b101100010 )
b101100010 -
b101100010 :
b11110110110 +
#19745
0'
#19750
1'
b1011100001 (
b1011100001 ,
b1011100001 9
b101100100 )
b101100100 -
b101100100 :
b11110110111 +
#19755
0'
#19760
1'
b1011100000 (
b1011100000 ,
b1011100000 9
b101100101 )
b101100101 -
b101100101 :
b11110111000 +
#19765
0'
#19770
1'
b110100100001 (
b110100100001 ,
b110100100001 9
b111010011001 )
b111010011001 -
b111010011001 :
b11110111001 +
#19775
0'
#19780
1'
b110100100010 (
b110100100010 ,
b110100100010 9
b111010010111 )
b111010010111 -
b111010010111 :
b11110111010 +
#19785
0'
#19790
1'
b110100100011 (
b110100100011 ,
b110100100011 9
b111010010101 )
b111010010101 -
b111010010101 :
b11110111011 +
#19795
0'
#19800
1'
b111011111101 (
b111011111101 ,
b111011111101 9
b110011111000 )
b110011111000 -
b110011111000 :
b11110111100 +
#19805
0'
#19810
1'
b111011111111 (
b111011111111 ,
b111011111111 9
b110011110111 )
b110011110111 -
b110011110111 :
b11110111101 +
#19815
0'
#19820
1'
b111100000001 (
b111100000001 ,
b111100000001 9
b11110111110 +
#19825
0'
#19830
1'
b11111101 (
b11111101 ,
b11111101 9
b1100001010 )
b1100001010 -
b1100001010 :
b11110111111 +
#19835
0'
#19840
1'
b11111011 (
b11111011 ,
b11111011 9
b1100001011 )
b1100001011 -
b1100001011 :
b11111000000 +
#19845
0'
#19850
1'
b11111001 (
b11111001 ,
b11111001 9
b11111000001 +
#19855
0'
#19860
1'
b1011010110 (
b1011010110 ,
b1011010110 9
b101111001 )
b101111001 -
b101111001 :
b11111000010 +
#19865
0'
#19870
1'
b1011010101 (
b1011010101 ,
b1011010101 9
b101111011 )
b101111011 -
b101111011 :
b11111000011 +
#19875
0'
#19880
1'
b1011010100 (
b1011010100 ,
b1011010100 9
b101111100 )
b101111100 -
b101111100 :
b11111000100 +
#19885
0'
#19890
1'
b101111110 (
b101111110 ,
b101111110 9
b110100101101 )
b110100101101 -
b110100101101 :
b11111000101 +
#19895
0'
#19900
1'
b110000000 (
b110000000 ,
b110000000 9
b110100101110 )
b110100101110 -
b110100101110 :
b11111000110 +
#19905
0'
#19910
1'
b110000010 (
b110000010 ,
b110000010 9
b110100101111 )
b110100101111 -
b110100101111 :
b11111000111 +
#19915
0'
#19920
1'
b111001111100 (
b111001111100 ,
b111001111100 9
b1011010000 )
b1011010000 -
b1011010000 :
b11111001000 +
#19925
0'
#19930
1'
b111001111010 (
b111001111010 ,
b111001111010 9
b1011001111 )
b1011001111 -
b1011001111 :
b11111001001 +
#19935
0'
#19940
1'
b111001111000 (
b111001111000 ,
b111001111000 9
b1011001110 )
b1011001110 -
b1011001110 :
b11111001010 +
#19945
0'
#19950
1'
b110100110011 (
b110100110011 ,
b110100110011 9
b111001110110 )
b111001110110 -
b111001110110 :
b11111001011 +
#19955
0'
#19960
1'
b110100110100 (
b110100110100 ,
b110100110100 9
b111001110101 )
b111001110101 -
b111001110101 :
b11111001100 +
#19965
0'
#19970
1'
b110100110101 (
b110100110101 ,
b110100110101 9
b111001110011 )
b111001110011 -
b111001110011 :
b11111001101 +
#19975
0'
#19980
1'
b11011110 (
b11011110 ,
b11011110 9
b1100010011 )
b1100010011 -
b1100010011 :
b11111001110 +
#19985
0'
#19990
1'
b11011100 (
b11011100 ,
b11011100 9
b1100010100 )
b1100010100 -
b1100010100 :
b11111001111 +
#19995
0'
#20000
1'
b11011010 (
b11011010 ,
b11011010 9
b1100010101 )
b1100010101 -
b1100010101 :
b11111010000 +
#20005
0'
#20010
1'
b111100101000 (
b111100101000 ,
b111100101000 9
b110011101011 )
b110011101011 -
b110011101011 :
b11111010001 +
#20015
0'
#20020
1'
b111100101010 (
b111100101010 ,
b111100101010 9
b110011101010 )
b110011101010 -
b110011101010 :
b11111010010 +
#20025
0'
#20030
1'
b111100101100 (
b111100101100 ,
b111100101100 9
b11111010011 +
#20035
0'
#20040
1'
b1011000100 (
b1011000100 ,
b1011000100 9
b110011010 )
b110011010 -
b110011010 :
b11111010100 +
#20045
0'
#20050
1'
b1011000011 (
b1011000011 ,
b1011000011 9
b110011100 )
b110011100 -
b110011100 :
b11111010101 +
#20055
0'
#20060
1'
b1011000010 (
b1011000010 ,
b1011000010 9
b110011110 )
b110011110 -
b110011110 :
b11111010110 +
#20065
0'
#20070
1'
b110011101000 (
b110011101000 ,
b110011101000 9
b11001100 )
b11001100 -
b11001100 :
b11111010111 +
#20075
0'
#20080
1'
b110011100111 (
b110011100111 ,
b110011100111 9
b11001001 )
b11001001 -
b11001001 :
b11111011000 +
#20085
0'
#20090
1'
b110011100110 (
b110011100110 ,
b110011100110 9
b11000111 )
b11000111 -
b11000111 :
b11111011001 +
#20095
0'
#20100
1'
b110100101 (
b110100101 ,
b110100101 9
b110101000011 )
b110101000011 -
b110101000011 :
b11111011010 +
#20105
0'
#20110
1'
b110100111 (
b110100111 ,
b110100111 9
b110101000100 )
b110101000100 -
b110101000100 :
b11111011011 +
#20115
0'
#20120
1'
b110101001 (
b110101001 ,
b110101001 9
b110101000101 )
b110101000101 -
b110101000101 :
b11111011100 +
#20125
0'
#20130
1'
b111101000001 (
b111101000001 ,
b111101000001 9
b110011100100 )
b110011100100 -
b110011100100 :
b11111011101 +
#20135
0'
#20140
1'
b111101000011 (
b111101000011 ,
b111101000011 9
b11111011110 +
#20145
0'
#20150
1'
b111101000101 (
b111101000101 ,
b111101000101 9
b110011100011 )
b110011100011 -
b110011100011 :
b11111011111 +
#20155
0'
#20160
1'
b111001010000 (
b111001010000 ,
b111001010000 9
b1010110111 )
b1010110111 -
b1010110111 :
b11111100000 +
#20165
0'
#20170
1'
b111001001110 (
b111001001110 ,
b111001001110 9
b1010110101 )
b1010110101 -
b1010110101 :
b11111100001 +
#20175
0'
#20180
1'
b111001001100 (
b111001001100 ,
b111001001100 9
b1010110100 )
b1010110100 -
b1010110100 :
b11111100010 +
#20185
0'
#20190
1'
b110101001101 (
b110101001101 ,
b110101001101 9
b111001001010 )
b111001001010 -
b111001001010 :
b11111100011 +
#20195
0'
#20200
1'
b110101001110 (
b110101001110 ,
b110101001110 9
b111001001000 )
b111001001000 -
b111001001000 :
b11111100100 +
#20205
0'
#20210
1'
b110101001111 (
b110101001111 ,
b110101001111 9
b111001000111 )
b111001000111 -
b111001000111 :
b11111100101 +
#20215
0'
#20220
1'
b10101100 (
b10101100 ,
b10101100 9
b1100100000 )
b1100100000 -
b1100100000 :
b11111100110 +
#20225
0'
#20230
1'
b10101010 (
b10101010 ,
b10101010 9
b11111100111 +
#20235
0'
#20240
1'
b10101000 (
b10101000 ,
b10101000 9
b1100100001 )
b1100100001 -
b1100100001 :
b11111101000 +
#20245
0'
#20250
1'
b111000001 (
b111000001 ,
b111000001 9
b110101010100 )
b110101010100 -
b110101010100 :
b11111101001 +
#20255
0'
#20260
1'
b111000010 (
b111000010 ,
b111000010 9
b110101010101 )
b110101010101 -
b110101010101 :
b11111101010 +
#20265
0'
#20270
1'
b111000100 (
b111000100 ,
b111000100 9
b110101010110 )
b110101010110 -
b110101010110 :
b11111101011 +
#20275
0'
#20280
1'
b10100000 (
b10100000 ,
b10100000 9
b1100100010 )
b1100100010 -
b1100100010 :
b11111101100 +
#20285
0'
#20290
1'
b10011110 (
b10011110 ,
b10011110 9
b1100100011 )
b1100100011 -
b1100100011 :
b11111101101 +
#20295
0'
#20300
1'
b10011100 (
b10011100 ,
b10011100 9
b11111101110 +
#20305
0'
#20310
1'
b111001011 (
b111001011 ,
b111001011 9
b110101011011 )
b110101011011 -
b110101011011 :
b11111101111 +
#20315
0'
#20320
1'
b111001101 (
b111001101 ,
b111001101 9
b110101011100 )
b110101011100 -
b110101011100 :
b11111110000 +
#20325
0'
#20330
1'
b111001111 (
b111001111 ,
b111001111 9
b110101011101 )
b110101011101 -
b110101011101 :
b11111110001 +
#20335
0'
#20340
1'
b111010001 (
b111010001 ,
b111010001 9
b110101011111 )
b110101011111 -
b110101011111 :
b11111110010 +
#20345
0'
#20350
1'
b111010010 (
b111010010 ,
b111010010 9
b110101100000 )
b110101100000 -
b110101100000 :
b11111110011 +
#20355
0'
#20360
1'
b111010100 (
b111010100 ,
b111010100 9
b110101100001 )
b110101100001 -
b110101100001 :
b11111110100 +
#20365
0'
#20370
1'
b111010110 (
b111010110 ,
b111010110 9
b110101100010 )
b110101100010 -
b110101100010 :
b11111110101 +
#20375
0'
#20380
1'
b111011000 (
b111011000 ,
b111011000 9
b110101100100 )
b110101100100 -
b110101100100 :
b11111110110 +
#20385
0'
#20390
1'
b111011001 (
b111011001 ,
b111011001 9
b110101100101 )
b110101100101 -
b110101100101 :
b11111110111 +
#20395
0'
#20400
1'
b111000100101 (
b111000100101 ,
b111000100101 9
b1010011010 )
b1010011010 -
b1010011010 :
b11111111000 +
#20405
0'
#20410
1'
b111000100011 (
b111000100011 ,
b111000100011 9
b1010011001 )
b1010011001 -
b1010011001 :
b11111111001 +
#20415
0'
#20420
1'
b111000100001 (
b111000100001 ,
b111000100001 9
b1010011000 )
b1010011000 -
b1010011000 :
b11111111010 +
#20425
0'
#20430
1'
b111000100000 (
b111000100000 ,
b111000100000 9
b1010010110 )
b1010010110 -
b1010010110 :
b11111111011 +
#20435
0'
#20440
1'
b111000011110 (
b111000011110 ,
b111000011110 9
b1010010101 )
b1010010101 -
b1010010101 :
b11111111100 +
#20445
0'
#20450
1'
b111000011100 (
b111000011100 ,
b111000011100 9
b1010010100 )
b1010010100 -
b1010010100 :
b11111111101 +
#20455
0'
#20460
1'
b110011010111 (
b110011010111 ,
b110011010111 9
b1111010 )
b1111010 -
b1111010 :
b11111111110 +
#20465
0'
#20470
1'
b1111000 )
b1111000 -
b1111000 :
b11111111111 +
#20475
0'
#20480
1'
b110011010110 (
b110011010110 ,
b110011010110 9
b1110110 )
b1110110 -
b1110110 :
b100000000000 +
#20485
0'
#20490
1'
b1010001111 (
b1010001111 ,
b1010001111 9
b111101011 )
b111101011 -
b111101011 :
b100000000001 +
#20495
0'
#20500
1'
b1010001101 (
b1010001101 ,
b1010001101 9
b111101100 )
b111101100 -
b111101100 :
b100000000010 +
#20505
0'
#20510
1'
b1010001100 (
b1010001100 ,
b1010001100 9
b111101110 )
b111101110 -
b111101110 :
b100000000011 +
#20515
0'
#20520
1'
b1100101011 (
b1100101011 ,
b1100101011 9
b111110010011 )
b111110010011 -
b111110010011 :
b100000000100 +
#20525
0'
#20530
1'
b111110010101 )
b111110010101 -
b111110010101 :
b100000000101 +
#20535
0'
#20540
1'
b111110010111 )
b111110010111 -
b111110010111 :
b100000000110 +
#20545
0'
#20550
1'
b1100111 (
b1100111 ,
b1100111 9
b1100101100 )
b1100101100 -
b1100101100 :
b100000000111 +
#20555
0'
#20560
1'
b1100101 (
b1100101 ,
b1100101 9
b100000001000 +
#20565
0'
#20570
1'
b1100010 (
b1100010 ,
b1100010 9
b100000001001 +
#20575
0'
#20580
1'
b110101111101 (
b110101111101 ,
b110101111101 9
b111000000110 )
b111000000110 -
b111000000110 :
b100000001010 +
#20585
0'
#20590
1'
b110101111110 (
b110101111110 ,
b110101111110 9
b111000000100 )
b111000000100 -
b111000000100 :
b100000001011 +
#20595
0'
#20600
1'
b110110000000 (
b110110000000 ,
b110110000000 9
b111000000011 )
b111000000011 -
b111000000011 :
b100000001100 +
#20605
0'
#20610
1'
b111111111 (
b111111111 ,
b111111111 9
b110110000001 )
b110110000001 -
b110110000001 :
b100000001101 +
#20615
0'
#20620
1'
b1000000001 (
b1000000001 ,
b1000000001 9
b110110000010 )
b110110000010 -
b110110000010 :
b100000001110 +
#20625
0'
#20630
1'
b1000000010 (
b1000000010 ,
b1000000010 9
b110110000100 )
b110110000100 -
b110110000100 :
b100000001111 +
#20635
0'
#20640
1'
b110110000101 (
b110110000101 ,
b110110000101 9
b110111111100 )
b110111111100 -
b110111111100 :
b100000010000 +
#20645
0'
#20650
1'
b110110000110 (
b110110000110 ,
b110110000110 9
b110111111010 )
b110111111010 -
b110111111010 :
b100000010001 +
#20655
0'
#20660
1'
b110110001000 (
b110110001000 ,
b110110001000 9
b110111111001 )
b110111111001 -
b110111111001 :
b100000010010 +
#20665
0'
#20670
1'
b1001101 (
b1001101 ,
b1001101 9
b1100101111 )
b1100101111 -
b1100101111 :
b100000010011 +
#20675
0'
#20680
1'
b1001011 (
b1001011 ,
b1001011 9
b100000010100 +
#20685
0'
#20690
1'
b1001001 (
b1001001 ,
b1001001 9
b100000010101 +
#20695
0'
#20700
1'
b111110111001 (
b111110111001 ,
b111110111001 9
b110011010001 )
b110011010001 -
b110011010001 :
b100000010110 +
#20705
0'
#20710
1'
b111110111011 (
b111110111011 ,
b111110111011 9
b100000010111 +
#20715
0'
#20720
1'
b111110111101 (
b111110111101 ,
b111110111101 9
b110011010000 )
b110011010000 -
b110011010000 :
b100000011000 +
#20725
0'
#20730
1'
b110011010000 (
b110011010000 ,
b110011010000 9
b1000000 )
b1000000 -
b1000000 :
b100000011001 +
#20735
0'
#20740
1'
b111110 )
b111110 -
b111110 :
b100000011010 +
#20745
0'
#20750
1'
b111100 )
b111100 -
b111100 :
b100000011011 +
#20755
0'
#20760
1'
b1000011000 (
b1000011000 ,
b1000011000 9
b110110010110 )
b110110010110 -
b110110010110 :
b100000011100 +
#20765
0'
#20770
1'
b1000011001 (
b1000011001 ,
b1000011001 9
b110110010111 )
b110110010111 -
b110110010111 :
b100000011101 +
#20775
0'
#20780
1'
b1000011011 (
b1000011011 ,
b1000011011 9
b110110011000 )
b110110011000 -
b110110011000 :
b100000011110 +
#20785
0'
#20790
1'
b110110011010 (
b110110011010 ,
b110110011010 9
b110111100100 )
b110111100100 -
b110111100100 :
b100000011111 +
#20795
0'
#20800
1'
b110110011011 (
b110110011011 ,
b110110011011 9
b110111100010 )
b110111100010 -
b110111100010 :
b100000100000 +
#20805
0'
#20810
1'
b110110011101 (
b110110011101 ,
b110110011101 9
b110111100000 )
b110111100000 -
b110111100000 :
b100000100001 +
#20815
0'
#20820
1'
b111111010011 (
b111111010011 ,
b111111010011 9
b110011001111 )
b110011001111 -
b110011001111 :
b100000100010 +
#20825
0'
#20830
1'
b111111010101 (
b111111010101 ,
b111111010101 9
b100000100011 +
#20835
0'
#20840
1'
b111111010111 (
b111111010111 ,
b111111010111 9
b100000100100 +
#20845
0'
#20850
1'
b110111011010 (
b110111011010 ,
b110111011010 9
b1001011110 )
b1001011110 -
b1001011110 :
b100000100101 +
#20855
0'
#20860
1'
b110111011000 (
b110111011000 ,
b110111011000 9
b1001011100 )
b1001011100 -
b1001011100 :
b100000100110 +
#20865
0'
#20870
1'
b110111010111 (
b110111010111 ,
b110111010111 9
b1001011011 )
b1001011011 -
b1001011011 :
b100000100111 +
#20875
0'
#20880
1'
b100000 (
b100000 ,
b100000 9
b1100110010 )
b1100110010 -
b1100110010 :
b100000101000 +
#20885
0'
#20890
1'
b11110 (
b11110 ,
b11110 9
b100000101001 +
#20895
0'
#20900
1'
b11100 (
b11100 ,
b11100 9
b100000101010 +
#20905
0'
#20910
1'
b1001010101 (
b1001010101 ,
b1001010101 9
b1000101111 )
b1000101111 -
b1000101111 :
b100000101011 +
#20915
0'
#20920
1'
b1001010011 (
b1001010011 ,
b1001010011 9
b1000110001 )
b1000110001 -
b1000110001 :
b100000101100 +
#20925
0'
#20930
1'
b1001010010 (
b1001010010 ,
b1001010010 9
b1000110011 )
b1000110011 -
b1000110011 :
b100000101101 +
#20935
0'
#20940
1'
b1001010000 (
b1001010000 ,
b1001010000 9
b1000110100 )
b1000110100 -
b1000110100 :
b100000101110 +
#20945
0'
#20950
1'
b1001001111 (
b1001001111 ,
b1001001111 9
b1000110110 )
b1000110110 -
b1000110110 :
b100000101111 +
#20955
0'
#20960
1'
b1001001110 (
b1001001110 ,
b1001001110 9
b1000110111 )
b1000110111 -
b1000110111 :
b100000110000 +
#20965
0'
#20970
1'
b1001001100 (
b1001001100 ,
b1001001100 9
b1000111001 )
b1000111001 -
b1000111001 :
b100000110001 +
#20975
0'
#20980
1'
b1001001011 (
b1001001011 ,
b1001001011 9
b1000111010 )
b1000111010 -
b1000111010 :
b100000110010 +
#20985
0'
#20990
1'
b1001001001 (
b1001001001 ,
b1001001001 9
b1000111100 )
b1000111100 -
b1000111100 :
b100000110011 +
#20995
0'
#21000
1'
b110110111000 (
b110110111000 ,
b110110111000 9
b110111000011 )
b110111000011 -
b110111000011 :
b100000110100 +
#21005
0'
#21010
1'
b110110111010 (
b110110111010 ,
b110110111010 9
b110111000001 )
b110111000001 -
b110111000001 :
b100000110101 +
#21015
0'
#21020
1'
b110110111011 (
b110110111011 ,
b110110111011 9
b110111000000 )
b110111000000 -
b110111000000 :
b100000110110 +
#21025
0'
#21030
1'
b110110111110 (
b110110111110 ,
b110110111110 9
b1001000011 )
b1001000011 -
b1001000011 :
b100000110111 +
#21035
0'
#21040
1'
b110110111101 (
b110110111101 ,
b110110111101 9
b1001000010 )
b1001000010 -
b1001000010 :
b100000111000 +
#21045
0'
#21050
1'
b110110111011 (
b110110111011 ,
b110110111011 9
b1001000000 )
b1001000000 -
b1001000000 :
b100000111001 +
#21055
0'
#21060
1'
b101 (
b101 ,
b101 9
b110011001110 )
b110011001110 -
b110011001110 :
b100000111010 +
#21065
0'
#21070
1'
b111 (
b111 ,
b111 9
b100000111011 +
#21075
0'
#21080
1'
b1001 (
b1001 ,
b1001 9
b100000111100 +
#21085
0'
#21090
1'
b110011001110 (
b110011001110 ,
b110011001110 9
b111111110100 )
b111111110100 -
b111111110100 :
b100000111101 +
#21095
0'
#21100
1'
b111111110010 )
b111111110010 -
b111111110010 :
b100000111110 +
#21105
0'
#21110
1'
b111111110000 )
b111111110000 -
b111111110000 :
b100000111111 +
#21115
0'
#21120
1'
b1001001111 (
b1001001111 ,
b1001001111 9
b110111001011 )
b110111001011 -
b110111001011 :
b100001000000 +
#21125
0'
#21130
1'
b1001010001 (
b1001010001 ,
b1001010001 9
b110111001100 )
b110111001100 -
b110111001100 :
b100001000001 +
#21135
0'
#21140
1'
b1001010010 (
b1001010010 ,
b1001010010 9
b110111001110 )
b110111001110 -
b110111001110 :
b100001000010 +
#21145
0'
#21150
1'
b111111101000 (
b111111101000 ,
b111111101000 9
b1100110010 )
b1100110010 -
b1100110010 :
b100001000011 +
#21155
0'
#21160
1'
b111111100101 (
b111111100101 ,
b111111100101 9
b100001000100 +
#21165
0'
#21170
1'
b111111100011 (
b111111100011 ,
b111111100011 9
b100001000101 +
#21175
0'
#21180
1'
b110111010100 (
b110111010100 ,
b110111010100 9
b110110101000 )
b110110101000 -
b110110101000 :
b100001000110 +
#21185
0'
#21190
1'
b110111010110 (
b110111010110 ,
b110111010110 9
b110110100110 )
b110110100110 -
b110110100110 :
b100001000111 +
#21195
0'
#21200
1'
b110111010111 (
b110111010111 ,
b110111010111 9
b110110100101 )
b110110100101 -
b110110100101 :
b100001001000 +
#21205
0'
#21210
1'
b1100110001 (
b1100110001 ,
b1100110001 9
b100101 )
b100101 -
b100101 :
b100001001001 +
#21215
0'
#21220
1'
b100111 )
b100111 -
b100111 :
b100001001010 +
#21225
0'
#21230
1'
b101010 )
b101010 -
b101010 :
b100001001011 +
#21235
0'
#21240
1'
b1001100001 (
b1001100001 ,
b1001100001 9
b110111011110 )
b110111011110 -
b110111011110 :
b100001001100 +
#21245
0'
#21250
1'
b1001100010 (
b1001100010 ,
b1001100010 9
b110111011111 )
b110111011111 -
b110111011111 :
b100001001101 +
#21255
0'
#21260
1'
b1001100100 (
b1001100100 ,
b1001100100 9
b110111100001 )
b110111100001 -
b110111100001 :
b100001001110 +
#21265
0'
#21270
1'
b110010 (
b110010 ,
b110010 9
b110011001111 )
b110011001111 -
b110011001111 :
b100001001111 +
#21275
0'
#21280
1'
b110100 (
b110100 ,
b110100 9
b100001010000 +
#21285
0'
#21290
1'
b110110 (
b110110 ,
b110110 9
b110011010000 )
b110011010000 -
b110011010000 :
b100001010001 +
#21295
0'
#21300
1'
b1000011001 (
b1000011001 ,
b1000011001 9
b1001101001 )
b1001101001 -
b1001101001 :
b100001010010 +
#21305
0'
#21310
1'
b1000010111 (
b1000010111 ,
b1000010111 9
b1001101011 )
b1001101011 -
b1001101011 :
b100001010011 +
#21315
0'
#21320
1'
b1000010110 (
b1000010110 ,
b1000010110 9
b1001101100 )
b1001101100 -
b1001101100 :
b100001010100 +
#21325
0'
#21330
1'
b110111101100 (
b110111101100 ,
b110111101100 9
b110110010010 )
b110110010010 -
b110110010010 :
b100001010101 +
#21335
0'
#21340
1'
b110111101110 (
b110111101110 ,
b110111101110 9
b110110010001 )
b110110010001 -
b110110010001 :
b100001010110 +
#21345
0'
#21350
1'
b110111101111 (
b110111101111 ,
b110111101111 9
b110110010000 )
b110110010000 -
b110110010000 :
b100001010111 +
#21355
0'
#21360
1'
b1000101 (
b1000101 ,
b1000101 9
b110011010001 )
b110011010001 -
b110011010001 :
b100001011000 +
#21365
0'
#21370
1'
b1000111 (
b1000111 ,
b1000111 9
b100001011001 +
#21375
0'
#21380
1'
b1001010 (
b1001010 ,
b1001010 9
b100001011010 +
#21385
0'
#21390
1'
b1001110110 (
b1001110110 ,
b1001110110 9
b110111110110 )
b110111110110 -
b110111110110 :
b100001011011 +
#21395
0'
#21400
1'
b1001110111 (
b1001110111 ,
b1001110111 9
b110111111000 )
b110111111000 -
b110111111000 :
b100001011100 +
#21405
0'
#21410
1'
b1001111001 (
b1001111001 ,
b1001111001 9
b110111111001 )
b110111111001 -
b110111111001 :
b100001011101 +
#21415
0'
#21420
1'
b111110101110 (
b111110101110 ,
b111110101110 9
b1100101110 )
b1100101110 -
b1100101110 :
b100001011110 +
#21425
0'
#21430
1'
b111110101100 (
b111110101100 ,
b111110101100 9
b100001011111 +
#21435
0'
#21440
1'
b111110101010 (
b111110101010 ,
b111110101010 9
b100001100000 +
#21445
0'
#21450
1'
b1011000 (
b1011000 ,
b1011000 9
b110011010011 )
b110011010011 -
b110011010011 :
b100001100001 +
#21455
0'
#21460
1'
b1011011 (
b1011011 ,
b1011011 9
b100001100010 +
#21465
0'
#21470
1'
b1011101 (
b1011101 ,
b1011101 9
b100001100011 +
#21475
0'
#21480
1'
b110011010011 (
b110011010011 ,
b110011010011 9
b111110100001 )
b111110100001 -
b111110100001 :
b100001100100 +
#21485
0'
#21490
1'
b110011010100 (
b110011010100 ,
b110011010100 9
b111110011111 )
b111110011111 -
b111110011111 :
b100001100101 +
#21495
0'
#21500
1'
b111110011101 )
b111110011101 -
b111110011101 :
b100001100110 +
#21505
0'
#21510
1'
b1010000110 (
b1010000110 ,
b1010000110 9
b111000001010 )
b111000001010 -
b111000001010 :
b100001100111 +
#21515
0'
#21520
1'
b1010000111 (
b1010000111 ,
b1010000111 9
b111000001100 )
b111000001100 -
b111000001100 :
b100001101000 +
#21525
0'
#21530
1'
b1010001001 (
b1010001001 ,
b1010001001 9
b111000001101 )
b111000001101 -
b111000001101 :
b100001101001 +
#21535
0'
#21540
1'
b1100101011 (
b1100101011 ,
b1100101011 9
b1101100 )
b1101100 -
b1101100 :
b100001101010 +
#21545
0'
#21550
1'
b1101110 )
b1101110 -
b1101110 :
b100001101011 +
#21555
0'
#21560
1'
b1110000 )
b1110000 -
b1110000 :
b100001101100 +
#21565
0'
#21570
1'
b111000010100 (
b111000010100 ,
b111000010100 9
b110101110010 )
b110101110010 -
b110101110010 :
b100001101101 +
#21575
0'
#21580
1'
b111000010110 (
b111000010110 ,
b111000010110 9
b110101110001 )
b110101110001 -
b110101110001 :
b100001101110 +
#21585
0'
#21590
1'
b111000011000 (
b111000011000 ,
b111000011000 9
b110101110000 )
b110101110000 -
b110101110000 :
b100001101111 +
#21595
0'
#21600
1'
b110011010111 (
b110011010111 ,
b110011010111 9
b111110001000 )
b111110001000 -
b111110001000 :
b100001110000 +
#21605
0'
#21610
1'
b111110000110 )
b111110000110 -
b111110000110 :
b100001110001 +
#21615
0'
#21620
1'
b111110000100 )
b111110000100 -
b111110000100 :
b100001110010 +
#21625
0'
#21630
1'
b111000011110 (
b111000011110 ,
b111000011110 9
b110101101011 )
b110101101011 -
b110101101011 :
b100001110011 +
#21635
0'
#21640
1'
b111000100000 (
b111000100000 ,
b111000100000 9
b110101101001 )
b110101101001 -
b110101101001 :
b100001110100 +
#21645
0'
#21650
1'
b111000100010 (
b111000100010 ,
b111000100010 9
b110101101000 )
b110101101000 -
b110101101000 :
b100001110101 +
#21655
0'
#21660
1'
b110101100111 (
b110101100111 ,
b110101100111 9
b111011100 )
b111011100 -
b111011100 :
b100001110110 +
#21665
0'
#21670
1'
b110101100110 (
b110101100110 ,
b110101100110 9
b111011011 )
b111011011 -
b111011011 :
b100001110111 +
#21675
0'
#21680
1'
b110101100100 (
b110101100100 ,
b110101100100 9
b111011001 )
b111011001 -
b111011001 :
b100001111000 +
#21685
0'
#21690
1'
b111101110101 (
b111101110101 ,
b111101110101 9
b1100100110 )
b1100100110 -
b1100100110 :
b100001111001 +
#21695
0'
#21700
1'
b111101110011 (
b111101110011 ,
b111101110011 9
b100001111010 +
#21705
0'
#21710
1'
b111101110001 (
b111101110001 ,
b111101110001 9
b100001111011 +
#21715
0'
#21720
1'
b1010100000 (
b1010100000 ,
b1010100000 9
b111000101110 )
b111000101110 -
b111000101110 :
b100001111100 +
#21725
0'
#21730
1'
b1010100010 (
b1010100010 ,
b1010100010 9
b111000110000 )
b111000110000 -
b111000110000 :
b100001111101 +
#21735
0'
#21740
1'
b1010100011 (
b1010100011 ,
b1010100011 9
b111000110010 )
b111000110010 -
b111000110010 :
b100001111110 +
#21745
0'
#21750
1'
b111101101000 (
b111101101000 ,
b111101101000 9
b1100100100 )
b1100100100 -
b1100100100 :
b100001111111 +
#21755
0'
#21760
1'
b111101100110 (
b111101100110 ,
b111101100110 9
b100010000000 +
#21765
0'
#21770
1'
b111101100100 (
b111101100100 ,
b111101100100 9
b1100100011 )
b1100100011 -
b1100100011 :
b100010000001 +
#21775
0'
#21780
1'
b110011011101 (
b110011011101 ,
b110011011101 9
b111101100010 )
b111101100010 -
b111101100010 :
b100010000010 +
#21785
0'
#21790
1'
b110011011110 (
b110011011110 ,
b110011011110 9
b111101100000 )
b111101100000 -
b111101100000 :
b100010000011 +
#21795
0'
#21800
1'
b111101011110 )
b111101011110 -
b111101011110 :
b100010000100 +
#21805
0'
#21810
1'
b110011011111 (
b110011011111 ,
b110011011111 9
b111101011011 )
b111101011011 -
b111101011011 :
b100010000101 +
#21815
0'
#21820
1'
b111101011001 )
b111101011001 -
b111101011001 :
b100010000110 +
#21825
0'
#21830
1'
b111101010111 )
b111101010111 -
b111101010111 :
b100010000111 +
#21835
0'
#21840
1'
b1010101111 (
b1010101111 ,
b1010101111 9
b111001000011 )
b111001000011 -
b111001000011 :
b100010001000 +
#21845
0'
#21850
1'
b1010110000 (
b1010110000 ,
b1010110000 9
b111001000101 )
b111001000101 -
b111001000101 :
b100010001001 +
#21855
0'
#21860
1'
b1010110001 (
b1010110001 ,
b1010110001 9
b111001000111 )
b111001000111 -
b111001000111 :
b100010001010 +
#21865
0'
#21870
1'
b110011100001 (
b110011100001 ,
b110011100001 9
b111101001111 )
b111101001111 -
b111101001111 :
b100010001011 +
#21875
0'
#21880
1'
b110011100010 (
b110011100010 ,
b110011100010 9
b111101001101 )
b111101001101 -
b111101001101 :
b100010001100 +
#21885
0'
#21890
1'
b111101001011 )
b111101001011 -
b111101001011 :
b100010001101 +
#21895
0'
#21900
1'
b110011100011 (
b110011100011 ,
b110011100011 9
b111101001001 )
b111101001001 -
b111101001001 :
b100010001110 +
#21905
0'
#21910
1'
b111101000111 )
b111101000111 -
b111101000111 :
b100010001111 +
#21915
0'
#21920
1'
b110011100100 (
b110011100100 ,
b110011100100 9
b111101000100 )
b111101000100 -
b111101000100 :
b100010010000 +
#21925
0'
#21930
1'
b111101000010 (
b111101000010 ,
b111101000010 9
b1100011100 )
b1100011100 -
b1100011100 :
b100010010001 +
#21935
0'
#21940
1'
b111101000000 (
b111101000000 ,
b111101000000 9
b1100011011 )
b1100011011 -
b1100011011 :
b100010010010 +
#21945
0'
#21950
1'
b111100111110 (
b111100111110 ,
b111100111110 9
b100010010011 +
#21955
0'
#21960
1'
b110101000100 (
b110101000100 ,
b110101000100 9
b110100111 )
b110100111 -
b110100111 :
b100010010100 +
#21965
0'
#21970
1'
b110101000010 (
b110101000010 ,
b110101000010 9
b110100101 )
b110100101 -
b110100101 :
b100010010101 +
#21975
0'
#21980
1'
b110101000001 (
b110101000001 ,
b110101000001 9
b110100011 )
b110100011 -
b110100011 :
b100010010110 +
#21985
0'
#21990
1'
b111001011111 (
b111001011111 ,
b111001011111 9
b110101000000 )
b110101000000 -
b110101000000 :
b100010010111 +
#21995
0'
#22000
1'
b111001100001 (
b111001100001 ,
b111001100001 9
b110100111111 )
b110100111111 -
b110100111111 :
b100010011000 +
#22005
0'
#22010
1'
b111001100010 (
b111001100010 ,
b111001100010 9
b110100111110 )
b110100111110 -
b110100111110 :
b100010011001 +
#22015
0'
#22020
1'
b111001100100 (
b111001100100 ,
b111001100100 9
b110100111101 )
b110100111101 -
b110100111101 :
b100010011010 +
#22025
0'
#22030
1'
b111001100110 (
b111001100110 ,
b111001100110 9
b110100111100 )
b110100111100 -
b110100111100 :
b100010011011 +
#22035
0'
#22040
1'
b111001101000 (
b111001101000 ,
b111001101000 9
b110100111011 )
b110100111011 -
b110100111011 :
b100010011100 +
#22045
0'
#22050
1'
b110100111010 (
b110100111010 ,
b110100111010 9
b110010110 )
b110010110 -
b110010110 :
b100010011101 +
#22055
0'
#22060
1'
b110100111001 (
b110100111001 ,
b110100111001 9
b110010100 )
b110010100 -
b110010100 :
b100010011110 +
#22065
0'
#22070
1'
b110100111000 (
b110100111000 ,
b110100111000 9
b110010010 )
b110010010 -
b110010010 :
b100010011111 +
#22075
0'
#22080
1'
b11011101 (
b11011101 ,
b11011101 9
b110011101100 )
b110011101100 -
b110011101100 :
b100010100000 +
#22085
0'
#22090
1'
b11011111 (
b11011111 ,
b11011111 9
b110011101101 )
b110011101101 -
b110011101101 :
b100010100001 +
#22095
0'
#22100
1'
b11100001 (
b11100001 ,
b11100001 9
b100010100010 +
#22105
0'
#22110
1'
b1100010010 (
b1100010010 ,
b1100010010 9
b11100011 )
b11100011 -
b11100011 :
b100010100011 +
#22115
0'
#22120
1'
b11100101 )
b11100101 -
b11100101 :
b100010100100 +
#22125
0'
#22130
1'
b1100010001 (
b1100010001 ,
b1100010001 9
b11100111 )
b11100111 -
b11100111 :
b100010100101 +
#22135
0'
#22140
1'
b11101001 (
b11101001 ,
b11101001 9
b110011110000 )
b110011110000 -
b110011110000 :
b100010100110 +
#22145
0'
#22150
1'
b11101011 (
b11101011 ,
b11101011 9
b100010100111 +
#22155
0'
#22160
1'
b11101101 (
b11101101 ,
b11101101 9
b110011110001 )
b110011110001 -
b110011110001 :
b100010101000 +
#22165
0'
#22170
1'
b11101111 (
b11101111 ,
b11101111 9
b110011110010 )
b110011110010 -
b110011110010 :
b100010101001 +
#22175
0'
#22180
1'
b11110001 (
b11110001 ,
b11110001 9
b100010101010 +
#22185
0'
#22190
1'
b11110011 (
b11110011 ,
b11110011 9
b110011110011 )
b110011110011 -
b110011110011 :
b100010101011 +
#22195
0'
#22200
1'
b111100001011 (
b111100001011 ,
b111100001011 9
b1100001101 )
b1100001101 -
b1100001101 :
b100010101100 +
#22205
0'
#22210
1'
b111100001001 (
b111100001001 ,
b111100001001 9
b1100001100 )
b1100001100 -
b1100001100 :
b100010101101 +
#22215
0'
#22220
1'
b111100000111 (
b111100000111 ,
b111100000111 9
b1100001011 )
b1100001011 -
b1100001011 :
b100010101110 +
#22225
0'
#22230
1'
b110100100111 (
b110100100111 ,
b110100100111 9
b101110100 )
b101110100 -
b101110100 :
b100010101111 +
#22235
0'
#22240
1'
b101110010 )
b101110010 -
b101110010 :
b100010110000 +
#22245
0'
#22250
1'
b110100100110 (
b110100100110 ,
b110100100110 9
b101110000 )
b101110000 -
b101110000 :
b100010110001 +
#22255
0'
#22260
1'
b111011111111 (
b111011111111 ,
b111011111111 9
b1100001001 )
b1100001001 -
b1100001001 :
b100010110010 +
#22265
0'
#22270
1'
b111011111100 (
b111011111100 ,
b111011111100 9
b1100001000 )
b1100001000 -
b1100001000 :
b100010110011 +
#22275
0'
#22280
1'
b111011111010 (
b111011111010 ,
b111011111010 9
b1100000111 )
b1100000111 -
b1100000111 :
b100010110100 +
#22285
0'
#22290
1'
b111010010111 (
b111010010111 ,
b111010010111 9
b110100100010 )
b110100100010 -
b110100100010 :
b100010110101 +
#22295
0'
#22300
1'
b111010011001 (
b111010011001 ,
b111010011001 9
b110100100001 )
b110100100001 -
b110100100001 :
b100010110110 +
#22305
0'
#22310
1'
b111010011011 (
b111010011011 ,
b111010011011 9
b110100100000 )
b110100100000 -
b110100100000 :
b100010110111 +
#22315
0'
#22320
1'
b111011110010 (
b111011110010 ,
b111011110010 9
b1100000100 )
b1100000100 -
b1100000100 :
b100010111000 +
#22325
0'
#22330
1'
b111011110000 (
b111011110000 ,
b111011110000 9
b100010111001 +
#22335
0'
#22340
1'
b111011101110 (
b111011101110 ,
b111011101110 9
b1100000011 )
b1100000011 -
b1100000011 :
b100010111010 +
#22345
0'
#22350
1'
b111010100011 (
b111010100011 ,
b111010100011 9
b110100011100 )
b110100011100 -
b110100011100 :
b100010111011 +
#22355
0'
#22360
1'
b111010100101 (
b111010100101 ,
b111010100101 9
b110100011011 )
b110100011011 -
b110100011011 :
b100010111100 +
#22365
0'
#22370
1'
b111010100111 (
b111010100111 ,
b111010100111 9
b110100011010 )
b110100011010 -
b110100011010 :
b100010111101 +
#22375
0'
#22380
1'
b111010101001 (
b111010101001 ,
b111010101001 9
b110100011001 )
b110100011001 -
b110100011001 :
b100010111110 +
#22385
0'
#22390
1'
b111010101011 (
b111010101011 ,
b111010101011 9
b100010111111 +
#22395
0'
#22400
1'
b111010101100 (
b111010101100 ,
b111010101100 9
b110100011000 )
b110100011000 -
b110100011000 :
b100011000000 +
#22405
0'
#22410
1'
b110100010111 (
b110100010111 ,
b110100010111 9
b101010010 )
b101010010 -
b101010010 :
b100011000001 +
#22415
0'
#22420
1'
b110100010110 (
b110100010110 ,
b110100010110 9
b101010000 )
b101010000 -
b101010000 :
b100011000010 +
#22425
0'
#22430
1'
b110100010101 (
b110100010101 ,
b110100010101 9
b101001110 )
b101001110 -
b101001110 :
b100011000011 +
#22435
0'
#22440
1'
b111011011010 (
b111011011010 ,
b111011011010 9
b1011111100 )
b1011111100 -
b1011111100 :
b100011000100 +
#22445
0'
#22450
1'
b111011011000 (
b111011011000 ,
b111011011000 9
b1011111011 )
b1011111011 -
b1011111011 :
b100011000101 +
#22455
0'
#22460
1'
b111011010110 (
b111011010110 ,
b111011010110 9
b1011111010 )
b1011111010 -
b1011111010 :
b100011000110 +
#22465
0'
#22470
1'
b111010111010 (
b111010111010 ,
b111010111010 9
b110100010010 )
b110100010010 -
b110100010010 :
b100011000111 +
#22475
0'
#22480
1'
b111010111100 (
b111010111100 ,
b111010111100 9
b110100010001 )
b110100010001 -
b110100010001 :
b100011001000 +
#22485
0'
#22490
1'
b111010111110 (
b111010111110 ,
b111010111110 9
b110100010000 )
b110100010000 -
b110100010000 :
b100011001001 +
#22495
0'
#22500
1'
b1011110111 (
b1011110111 ,
b1011110111 9
b100110010 )
b100110010 -
b100110010 :
b100011001010 +
#22505
0'
#22510
1'
b1011110110 (
b1011110110 ,
b1011110110 9
b100110100 )
b100110100 -
b100110100 :
b100011001011 +
#22515
0'
#22520
1'
b1011110101 (
b1011110101 ,
b1011110101 9
b100110110 )
b100110110 -
b100110110 :
b100011001100 +
#22525
0'
#22530
1'
b1011110100 (
b1011110100 ,
b1011110100 9
b100111000 )
b100111000 -
b100111000 :
b100011001101 +
#22535
0'
#22540
1'
b100111010 )
b100111010 -
b100111010 :
b100011001110 +
#22545
0'
#22550
1'
b1011110011 (
b1011110011 ,
b1011110011 9
b100111100 )
b100111100 -
b100111100 :
b100011001111 +
#22555
0'
#22560
1'
b1011110010 (
b1011110010 ,
b1011110010 9
b100111110 )
b100111110 -
b100111110 :
b100011010000 +
#22565
0'
#22570
1'
b1011110001 (
b1011110001 ,
b1011110001 9
b101000000 )
b101000000 -
b101000000 :
b100011010001 +
#22575
0'
#22580
1'
b1011110000 (
b1011110000 ,
b1011110000 9
b101000010 )
b101000010 -
b101000010 :
b100011010010 +
#22585
0'
#22590
1'
b110100010001 (
b110100010001 ,
b110100010001 9
b111010111101 )
b111010111101 -
b111010111101 :
b100011010011 +
#22595
0'
#22600
1'
b111010111011 )
b111010111011 -
b111010111011 :
b100011010100 +
#22605
0'
#22610
1'
b110100010010 (
b110100010010 ,
b110100010010 9
b111010111001 )
b111010111001 -
b111010111001 :
b100011010101 +
#22615
0'
#22620
1'
b100101000 (
b100101000 ,
b100101000 9
b1011111011 )
b1011111011 -
b1011111011 :
b100011010110 +
#22625
0'
#22630
1'
b100100110 (
b100100110 ,
b100100110 9
b100011010111 +
#22635
0'
#22640
1'
b100100100 (
b100100100 ,
b100100100 9
b1011111100 )
b1011111100 -
b1011111100 :
b100011011000 +
#22645
0'
#22650
1'
b1011101010 (
b1011101010 ,
b1011101010 9
b101001111 )
b101001111 -
b101001111 :
b100011011001 +
#22655
0'
#22660
1'
b1011101001 (
b1011101001 ,
b1011101001 9
b101010001 )
b101010001 -
b101010001 :
b100011011010 +
#22665
0'
#22670
1'
b101010011 )
b101010011 -
b101010011 :
b100011011011 +
#22675
0'
#22680
1'
b100011100 (
b100011100 ,
b100011100 9
b1011111111 )
b1011111111 -
b1011111111 :
b100011011100 +
#22685
0'
#22690
1'
b100011010 (
b100011010 ,
b100011010 9
b1100000000 )
b1100000000 -
b1100000000 :
b100011011101 +
#22695
0'
#22700
1'
b100011000 (
b100011000 ,
b100011000 9
b1100000001 )
b1100000001 -
b1100000001 :
b100011011110 +
#22705
0'
#22710
1'
b1011100101 (
b1011100101 ,
b1011100101 9
b101011011 )
b101011011 -
b101011011 :
b100011011111 +
#22715
0'
#22720
1'
b1011100100 (
b1011100100 ,
b1011100100 9
b101011101 )
b101011101 -
b101011101 :
b100011100000 +
#22725
0'
#22730
1'
b1011100011 (
b1011100011 ,
b1011100011 9
b101011111 )
b101011111 -
b101011111 :
b100011100001 +
#22735
0'
#22740
1'
b110011111100 (
b110011111100 ,
b110011111100 9
b100010000 )
b100010000 -
b100010000 :
b100011100010 +
#22745
0'
#22750
1'
b100001110 )
b100001110 -
b100001110 :
b100011100011 +
#22755
0'
#22760
1'
b110011111011 (
b110011111011 ,
b110011111011 9
b100001100 )
b100001100 -
b100001100 :
b100011100100 +
#22765
0'
#22770
1'
b110011111010 (
b110011111010 ,
b110011111010 9
b100001010 )
b100001010 -
b100001010 :
b100011100101 +
#22775
0'
#22780
1'
b100001000 )
b100001000 -
b100001000 :
b100011100110 +
#22785
0'
#22790
1'
b110011111001 (
b110011111001 ,
b110011111001 9
b100000110 )
b100000110 -
b100000110 :
b100011100111 +
#22795
0'
#22800
1'
b1100001000 (
b1100001000 ,
b1100001000 9
b111011111100 )
b111011111100 -
b111011111100 :
b100011101000 +
#22805
0'
#22810
1'
b111011111110 )
b111011111110 -
b111011111110 :
b100011101001 +
#22815
0'
#22820
1'
b1100001001 (
b1100001001 ,
b1100001001 9
b111100000000 )
b111100000000 -
b111100000000 :
b100011101010 +
#22825
0'
#22830
1'
b1100001010 (
b1100001010 ,
b1100001010 9
b111100000010 )
b111100000010 -
b111100000010 :
b100011101011 +
#22835
0'
#22840
1'
b111100000100 )
b111100000100 -
b111100000100 :
b100011101100 +
#22845
0'
#22850
1'
b1100001011 (
b1100001011 ,
b1100001011 9
b111100000110 )
b111100000110 -
b111100000110 :
b100011101101 +
#22855
0'
#22860
1'
b1100001100 (
b1100001100 ,
b1100001100 9
b111100001000 )
b111100001000 -
b111100001000 :
b100011101110 +
#22865
0'
#22870
1'
b111100001010 )
b111100001010 -
b111100001010 :
b100011101111 +
#22875
0'
#22880
1'
b1100001101 (
b1100001101 ,
b1100001101 9
b111100001100 )
b111100001100 -
b111100001100 :
b100011110000 +
#22885
0'
#22890
1'
b1011010100 (
b1011010100 ,
b1011010100 9
b101111101 )
b101111101 -
b101111101 :
b100011110001 +
#22895
0'
#22900
1'
b1011010011 (
b1011010011 ,
b1011010011 9
b101111111 )
b101111111 -
b101111111 :
b100011110010 +
#22905
0'
#22910
1'
b1011010010 (
b1011010010 ,
b1011010010 9
b110000001 )
b110000001 -
b110000001 :
b100011110011 +
#22915
0'
#22920
1'
b111100010101 (
b111100010101 ,
b111100010101 9
b110011110000 )
b110011110000 -
b110011110000 :
b100011110100 +
#22925
0'
#22930
1'
b111100010111 (
b111100010111 ,
b111100010111 9
b100011110101 +
#22935
0'
#22940
1'
b111100011001 (
b111100011001 ,
b111100011001 9
b110011101111 )
b110011101111 -
b110011101111 :
b100011110110 +
#22945
0'
#22950
1'
b1100010001 (
b1100010001 ,
b1100010001 9
b111100011011 )
b111100011011 -
b111100011011 :
b100011110111 +
#22955
0'
#22960
1'
b1100010010 (
b1100010010 ,
b1100010010 9
b111100011101 )
b111100011101 -
b111100011101 :
b100011111000 +
#22965
0'
#22970
1'
b1100010011 (
b1100010011 ,
b1100010011 9
b111100011111 )
b111100011111 -
b111100011111 :
b100011111001 +
#22975
0'
#22980
1'
b11011111 (
b11011111 ,
b11011111 9
b1100010011 )
b1100010011 -
b1100010011 :
b100011111010 +
#22985
0'
#22990
1'
b11011101 (
b11011101 ,
b11011101 9
b1100010100 )
b1100010100 -
b1100010100 :
b100011111011 +
#22995
0'
#23000
1'
b11011011 (
b11011011 ,
b11011011 9
b100011111100 +
#23005
0'
#23010
1'
b1100010101 (
b1100010101 ,
b1100010101 9
b111100100111 )
b111100100111 -
b111100100111 :
b100011111101 +
#23015
0'
#23020
1'
b111100101001 )
b111100101001 -
b111100101001 :
b100011111110 +
#23025
0'
#23030
1'
b1100010110 (
b1100010110 ,
b1100010110 9
b111100101011 )
b111100101011 -
b111100101011 :
b100011111111 +
#23035
0'
#23040
1'
b110011001 (
b110011001 ,
b110011001 9
b110100111100 )
b110100111100 -
b110100111100 :
b100100000000 +
#23045
0'
#23050
1'
b110011011 (
b110011011 ,
b110011011 9
b110100111101 )
b110100111101 -
b110100111101 :
b100100000001 +
#23055
0'
#23060
1'
b110011101 (
b110011101 ,
b110011101 9
b110100111110 )
b110100111110 -
b110100111110 :
b100100000010 +
#23065
0'
#23070
1'
b111100110011 (
b111100110011 ,
b111100110011 9
b110011101000 )
b110011101000 -
b110011101000 :
b100100000011 +
#23075
0'
#23080
1'
b111100110110 (
b111100110110 ,
b111100110110 9
b110011100111 )
b110011100111 -
b110011100111 :
b100100000100 +
#23085
0'
#23090
1'
b111100111000 (
b111100111000 ,
b111100111000 9
b100100000101 +
#23095
0'
#23100
1'
b1010111110 (
b1010111110 ,
b1010111110 9
b110100101 )
b110100101 -
b110100101 :
b100100000110 +
#23105
0'
#23110
1'
b1010111101 (
b1010111101 ,
b1010111101 9
b110100110 )
b110100110 -
b110100110 :
b100100000111 +
#23115
0'
#23120
1'
b1010111100 (
b1010111100 ,
b1010111100 9
b110101000 )
b110101000 -
b110101000 :
b100100001000 +
#23125
0'
#23130
1'
b11000000 (
b11000000 ,
b11000000 9
b1100011011 )
b1100011011 -
b1100011011 :
b100100001001 +
#23135
0'
#23140
1'
b10111110 (
b10111110 ,
b10111110 9
b1100011100 )
b1100011100 -
b1100011100 :
b100100001010 +
#23145
0'
#23150
1'
b10111100 (
b10111100 ,
b10111100 9
b100100001011 +
#23155
0'
#23160
1'
b111101000110 (
b111101000110 ,
b111101000110 9
b110011100011 )
b110011100011 -
b110011100011 :
b100100001100 +
#23165
0'
#23170
1'
b111101001000 (
b111101001000 ,
b111101001000 9
b100100001101 +
#23175
0'
#23180
1'
b111101001010 (
b111101001010 ,
b111101001010 9
b110011100010 )
b110011100010 -
b110011100010 :
b100100001110 +
#23185
0'
#23190
1'
b110101001100 (
b110101001100 ,
b110101001100 9
b111001001011 )
b111001001011 -
b111001001011 :
b100100001111 +
#23195
0'
#23200
1'
b110101001101 (
b110101001101 ,
b110101001101 9
b111001001001 )
b111001001001 -
b111001001001 :
b100100010000 +
#23205
0'
#23210
1'
b110101001111 (
b110101001111 ,
b110101001111 9
b111001000111 )
b111001000111 -
b111001000111 :
b100100010001 +
#23215
0'
#23220
1'
b110101010000 (
b110101010000 ,
b110101010000 9
b111001000110 )
b111001000110 -
b111001000110 :
b100100010010 +
#23225
0'
#23230
1'
b110101010001 (
b110101010001 ,
b110101010001 9
b111001000100 )
b111001000100 -
b111001000100 :
b100100010011 +
#23235
0'
#23240
1'
b110101010010 (
b110101010010 ,
b110101010010 9
b111001000010 )
b111001000010 -
b111001000010 :
b100100010100 +
#23245
0'
#23250
1'
b1100100001 (
b1100100001 ,
b1100100001 9
b111101011001 )
b111101011001 -
b111101011001 :
b100100010101 +
#23255
0'
#23260
1'
b111101011011 )
b111101011011 -
b111101011011 :
b100100010110 +
#23265
0'
#23270
1'
b1100100010 (
b1100100010 ,
b1100100010 9
b111101011101 )
b111101011101 -
b111101011101 :
b100100010111 +
#23275
0'
#23280
1'
b111000101 (
b111000101 ,
b111000101 9
b110101010111 )
b110101010111 -
b110101010111 :
b100100011000 +
#23285
0'
#23290
1'
b111000111 (
b111000111 ,
b111000111 9
b110101011000 )
b110101011000 -
b110101011000 :
b100100011001 +
#23295
0'
#23300
1'
b111001001 (
b111001001 ,
b111001001 9
b110101011001 )
b110101011001 -
b110101011001 :
b100100011010 +
#23305
0'
#23310
1'
b1010100110 (
b1010100110 ,
b1010100110 9
b111001010 )
b111001010 -
b111001010 :
b100100011011 +
#23315
0'
#23320
1'
b1010100100 (
b1010100100 ,
b1010100100 9
b111001100 )
b111001100 -
b111001100 :
b100100011100 +
#23325
0'
#23330
1'
b1010100011 (
b1010100011 ,
b1010100011 9
b111001110 )
b111001110 -
b111001110 :
b100100011101 +
#23335
0'
#23340
1'
b10010100 (
b10010100 ,
b10010100 9
b1100100101 )
b1100100101 -
b1100100101 :
b100100011110 +
#23345
0'
#23350
1'
b10010010 (
b10010010 ,
b10010010 9
b100100011111 +
#23355
0'
#23360
1'
b10010000 (
b10010000 ,
b10010000 9
b100100100000 +
#23365
0'
#23370
1'
b111101110010 (
b111101110010 ,
b111101110010 9
b110011011010 )
b110011011010 -
b110011011010 :
b100100100001 +
#23375
0'
#23380
1'
b111101110100 (
b111101110100 ,
b111101110100 9
b100100100010 +
#23385
0'
#23390
1'
b111101110110 (
b111101110110 ,
b111101110110 9
b110011011001 )
b110011011001 -
b110011011001 :
b100100100011 +
#23395
0'
#23400
1'
b10001000 (
b10001000 ,
b10001000 9
b1100100111 )
b1100100111 -
b1100100111 :
b100100100100 +
#23405
0'
#23410
1'
b10000101 (
b10000101 ,
b10000101 9
b100100100101 +
#23415
0'
#23420
1'
b10000011 (
b10000011 ,
b10000011 9
b1100101000 )
b1100101000 -
b1100101000 :
b100100100110 +
#23425
0'
#23430
1'
b111011111 (
b111011111 ,
b111011111 9
b110101101001 )
b110101101001 -
b110101101001 :
b100100100111 +
#23435
0'
#23440
1'
b111100001 (
b111100001 ,
b111100001 9
b110101101010 )
b110101101010 -
b110101101010 :
b100100101000 +
#23445
0'
#23450
1'
b111100011 (
b111100011 ,
b111100011 9
b110101101100 )
b110101101100 -
b110101101100 :
b100100101001 +
#23455
0'
#23460
1'
b110101101101 (
b110101101101 ,
b110101101101 9
b111000011011 )
b111000011011 -
b111000011011 :
b100100101010 +
#23465
0'
#23470
1'
b110101101110 (
b110101101110 ,
b110101101110 9
b111000011010 )
b111000011010 -
b111000011010 :
b100100101011 +
#23475
0'
#23480
1'
b110101101111 (
b110101101111 ,
b110101101111 9
b111000011000 )
b111000011000 -
b111000011000 :
b100100101100 +
#23485
0'
#23490
1'
b111110001100 (
b111110001100 ,
b111110001100 9
b110011010110 )
b110011010110 -
b110011010110 :
b100100101101 +
#23495
0'
#23500
1'
b111110001110 (
b111110001110 ,
b111110001110 9
b100100101110 +
#23505
0'
#23510
1'
b111110010000 (
b111110010000 ,
b111110010000 9
b110011010101 )
b110011010101 -
b110011010101 :
b100100101111 +
#23515
0'
#23520
1'
b1010001011 (
b1010001011 ,
b1010001011 9
b111101111 )
b111101111 -
b111101111 :
b100100110000 +
#23525
0'
#23530
1'
b1010001010 (
b1010001010 ,
b1010001010 9
b111110001 )
b111110001 -
b111110001 :
b100100110001 +
#23535
0'
#23540
1'
b1010001001 (
b1010001001 ,
b1010001001 9
b111110010 )
b111110010 -
b111110010 :
b100100110010 +
#23545
0'
#23550
1'
b111000001100 (
b111000001100 ,
b111000001100 9
b1010000111 )
b1010000111 -
b1010000111 :
b100100110011 +
#23555
0'
#23560
1'
b111000001010 (
b111000001010 ,
b111000001010 9
b1010000110 )
b1010000110 -
b1010000110 :
b100100110100 +
#23565
0'
#23570
1'
b111000001001 (
b111000001001 ,
b111000001001 9
b1010000101 )
b1010000101 -
b1010000101 :
b100100110101 +
#23575
0'
#23580
1'
b110101111100 (
b110101111100 ,
b110101111100 9
b111000000111 )
b111000000111 -
b111000000111 :
b100100110110 +
#23585
0'
#23590
1'
b110101111110 (
b110101111110 ,
b110101111110 9
b111000000101 )
b111000000101 -
b111000000101 :
b100100110111 +
#23595
0'
#23600
1'
b110101111111 (
b110101111111 ,
b110101111111 9
b111000000100 )
b111000000100 -
b111000000100 :
b100100111000 +
#23605
0'
#23610
1'
b1010000000 (
b1010000000 ,
b1010000000 9
b111111110 )
b111111110 -
b111111110 :
b100100111001 +
#23615
0'
#23620
1'
b1001111110 (
b1001111110 ,
b1001111110 9
b1000000000 )
b1000000000 -
b1000000000 :
b100100111010 +
#23625
0'
#23630
1'
b1001111101 (
b1001111101 ,
b1001111101 9
b1000000001 )
b1000000001 -
b1000000001 :
b100100111011 +
#23635
0'
#23640
1'
b110011010010 (
b110011010010 ,
b110011010010 9
b1010101 )
b1010101 -
b1010101 :
b100100111100 +
#23645
0'
#23650
1'
b1010010 )
b1010010 -
b1010010 :
b100100111101 +
#23655
0'
#23660
1'
b1010000 )
b1010000 -
b1010000 :
b100100111110 +
#23665
0'
#23670
1'
b1001110 (
b1001110 ,
b1001110 9
b1100101111 )
b1100101111 -
b1100101111 :
b100100111111 +
#23675
0'
#23680
1'
b1001100 (
b1001100 ,
b1001100 9
b100101000000 +
#23685
0'
#23690
1'
b1001010 (
b1001010 ,
b1001010 9
b100101000001 +
#23695
0'
#23700
1'
b110110001101 (
b110110001101 ,
b110110001101 9
b110111110011 )
b110111110011 -
b110111110011 :
b100101000010 +
#23705
0'
#23710
1'
b110110001110 (
b110110001110 ,
b110110001110 9
b110111110001 )
b110111110001 -
b110111110001 :
b100101000011 +
#23715
0'
#23720
1'
b110110001111 (
b110110001111 ,
b110110001111 9
b110111110000 )
b110111110000 -
b110111110000 :
b100101000100 +
#23725
0'
#23730
1'
b1000010010 (
b1000010010 ,
b1000010010 9
b110110010001 )
b110110010001 -
b110110010001 :
b100101000101 +
#23735
0'
#23740
1'
b1000010100 (
b1000010100 ,
b1000010100 9
b110110010010 )
b110110010010 -
b110110010010 :
b100101000110 +
#23745
0'
#23750
1'
b1000010101 (
b1000010101 ,
b1000010101 9
b110110010100 )
b110110010100 -
b110110010100 :
b100101000111 +
#23755
0'
#23760
1'
b111111000101 (
b111111000101 ,
b111111000101 9
b110011010000 )
b110011010000 -
b110011010000 :
b100101001000 +
#23765
0'
#23770
1'
b111111000111 (
b111111000111 ,
b111111000111 9
b100101001001 +
#23775
0'
#23780
1'
b111111001001 (
b111111001001 ,
b111111001001 9
b100101001010 +
#23785
0'
#23790
1'
b110101 (
b110101 ,
b110101 9
b1100110001 )
b1100110001 -
b1100110001 :
b100101001011 +
#23795
0'
#23800
1'
b110011 (
b110011 ,
b110011 9
b100101001100 +
#23805
0'
#23810
1'
b110000 (
b110000 ,
b110000 9
b100101001101 +
#23815
0'
#23820
1'
b1000100000 (
b1000100000 ,
b1000100000 9
b110110011101 )
b110110011101 -
b110110011101 :
b100101001110 +
#23825
0'
#23830
1'
b1000100010 (
b1000100010 ,
b1000100010 9
b110110011111 )
b110110011111 -
b110110011111 :
b100101001111 +
#23835
0'
#23840
1'
b1000100100 (
b1000100100 ,
b1000100100 9
b110110100000 )
b110110100000 -
b110110100000 :
b100101010000 +
#23845
0'
#23850
1'
b111111011000 (
b111111011000 ,
b111111011000 9
b110011001111 )
b110011001111 -
b110011001111 :
b100101010001 +
#23855
0'
#23860
1'
b111111011010 (
b111111011010 ,
b111111011010 9
b100101010010 +
#23865
0'
#23870
1'
b111111011100 (
b111111011100 ,
b111111011100 9
b110011001110 )
b110011001110 -
b110011001110 :
b100101010011 +
#23875
0'
#23880
1'
b100001 (
b100001 ,
b100001 9
b1100110010 )
b1100110010 -
b1100110010 :
b100101010100 +
#23885
0'
#23890
1'
b11111 (
b11111 ,
b11111 9
b100101010101 +
#23895
0'
#23900
1'
b11101 (
b11101 ,
b11101 9
b100101010110 +
#23905
0'
#23910
1'
b11011 (
b11011 ,
b11011 9
b100101010111 +
#23915
0'
#23920
1'
b11001 (
b11001 ,
b11001 9
b100101011000 +
#23925
0'
#23930
1'
b10111 (
b10111 ,
b10111 9
b100101011001 +
#23935
0'
#23940
1'
b10101 (
b10101 ,
b10101 9
b100101011010 +
#23945
0'
#23950
1'
b10010 (
b10010 ,
b10010 9
b100101011011 +
#23955
0'
#23960
1'
b10000 (
b10000 ,
b10000 9
b100101011100 +
#23965
0'
#23970
1'
b111111110010 (
b111111110010 ,
b111111110010 9
b110011001110 )
b110011001110 -
b110011001110 :
b100101011101 +
#23975
0'
#23980
1'
b111111110100 (
b111111110100 ,
b111111110100 9
b100101011110 +
#23985
0'
#23990
1'
b111111110110 (
b111111110110 ,
b111111110110 9
b100101011111 +
#23995
0'
#24000
1'
b1001001000 (
b1001001000 ,
b1001001000 9
b1000111101 )
b1000111101 -
b1000111101 :
b100101100000 +
#24005
0'
#24010
1'
b1001000111 (
b1001000111 ,
b1001000111 9
b1000111110 )
b1000111110 -
b1000111110 :
b100101100001 +
#24015
0'
#24020
1'
b1001000101 (
b1001000101 ,
b1001000101 9
b1001000000 )
b1001000000 -
b1001000000 :
b100101100010 +
#24025
0'
#24030
1'
b1 (
b1 ,
b1 9
b1100110010 )
b1100110010 -
b1100110010 :
b100101100011 +
#24035
0'
#24040
1'
b0 (
b0 ,
b0 9
b100101100100 +
#24045
0'
#24050
1'
b111111111110 (
b111111111110 ,
b111111111110 9
b100101100101 +
#24055
0'
#24060
1'
b110011001110 (
b110011001110 ,
b110011001110 9
b111111111100 )
b111111111100 -
b111111111100 :
b100101100110 +
#24065
0'
#24070
1'
b111111111010 )
b111111111010 -
b111111111010 :
b100101100111 +
#24075
0'
#24080
1'
b111111111000 )
b111111111000 -
b111111111000 :
b100101101000 +
#24085
0'
#24090
1'
b1001001010 (
b1001001010 ,
b1001001010 9
b110111000101 )
b110111000101 -
b110111000101 :
b100101101001 +
#24095
0'
#24100
1'
b1001001100 (
b1001001100 ,
b1001001100 9
b110111000111 )
b110111000111 -
b110111000111 :
b100101101010 +
#24105
0'
#24110
1'
b1001001101 (
b1001001101 ,
b1001001101 9
b110111001000 )
b110111001000 -
b110111001000 :
b100101101011 +
#24115
0'
#24120
1'
b111111101111 (
b111111101111 ,
b111111101111 9
b1100110010 )
b1100110010 -
b1100110010 :
b100101101100 +
#24125
0'
#24130
1'
b111111101101 (
b111111101101 ,
b111111101101 9
b100101101101 +
#24135
0'
#24140
1'
b111111101011 (
b111111101011 ,
b111111101011 9
b100101101110 +
#24145
0'
#24150
1'
b111111101001 (
b111111101001 ,
b111111101001 9
b100101101111 +
#24155
0'
#24160
1'
b111111100110 (
b111111100110 ,
b111111100110 9
b100101110000 +
#24165
0'
#24170
1'
b111111100100 (
b111111100100 ,
b111111100100 9
b100101110001 +
#24175
0'
#24180
1'
b110011001110 (
b110011001110 ,
b110011001110 9
b111111100010 )
b111111100010 -
b111111100010 :
b100101110010 +
#24185
0'
#24190
1'
b111111100000 )
b111111100000 -
b111111100000 :
b100101110011 +
#24195
0'
#24200
1'
b111111011110 )
b111111011110 -
b111111011110 :
b100101110100 +
#24205
0'
#24210
1'
b1001011100 (
b1001011100 ,
b1001011100 9
b110111011000 )
b110111011000 -
b110111011000 :
b100101110101 +
#24215
0'
#24220
1'
b1001011101 (
b1001011101 ,
b1001011101 9
b110111011010 )
b110111011010 -
b110111011010 :
b100101110110 +
#24225
0'
#24230
1'
b1001011111 (
b1001011111 ,
b1001011111 9
b110111011011 )
b110111011011 -
b110111011011 :
b100101110111 +
#24235
0'
#24240
1'
b111111010101 (
b111111010101 ,
b111111010101 9
b1100110001 )
b1100110001 -
b1100110001 :
b100101111000 +
#24245
0'
#24250
1'
b111111010011 (
b111111010011 ,
b111111010011 9
b100101111001 +
#24255
0'
#24260
1'
b111111010001 (
b111111010001 ,
b111111010001 9
b100101111010 +
#24265
0'
#24270
1'
b110001 (
b110001 ,
b110001 9
b110011001111 )
b110011001111 -
b110011001111 :
b100101111011 +
#24275
0'
#24280
1'
b110011 (
b110011 ,
b110011 9
b100101111100 +
#24285
0'
#24290
1'
b110101 (
b110101 ,
b110101 9
b100101111101 +
#24295
0'
#24300
1'
b111111001001 (
b111111001001 ,
b111111001001 9
b1100110000 )
b1100110000 -
b1100110000 :
b100101111110 +
#24305
0'
#24310
1'
b111111000110 (
b111111000110 ,
b111111000110 9
b100101111111 +
#24315
0'
#24320
1'
b111111000100 (
b111111000100 ,
b111111000100 9
b100110000000 +
#24325
0'
#24330
1'
b1000010101 (
b1000010101 ,
b1000010101 9
b1001101101 )
b1001101101 -
b1001101101 :
b100110000001 +
#24335
0'
#24340
1'
b1000010011 (
b1000010011 ,
b1000010011 9
b1001101110 )
b1001101110 -
b1001101110 :
b100110000010 +
#24345
0'
#24350
1'
b1000010001 (
b1000010001 ,
b1000010001 9
b1001110000 )
b1001110000 -
b1001110000 :
b100110000011 +
#24355
0'
#24360
1'
b110011010001 (
b110011010001 ,
b110011010001 9
b111110111100 )
b111110111100 -
b111110111100 :
b100110000100 +
#24365
0'
#24370
1'
b111110111010 )
b111110111010 -
b111110111010 :
b100110000101 +
#24375
0'
#24380
1'
b111110111000 )
b111110111000 -
b111110111000 :
b100110000110 +
#24385
0'
#24390
1'
b111110110101 )
b111110110101 -
b111110110101 :
b100110000111 +
#24395
0'
#24400
1'
b111110110011 )
b111110110011 -
b111110110011 :
b100110001000 +
#24405
0'
#24410
1'
b110011010010 (
b110011010010 ,
b110011010010 9
b111110110001 )
b111110110001 -
b111110110001 :
b100110001001 +
#24415
0'
#24420
1'
b1000000110 (
b1000000110 ,
b1000000110 9
b1001111001 )
b1001111001 -
b1001111001 :
b100110001010 +
#24425
0'
#24430
1'
b1000000100 (
b1000000100 ,
b1000000100 9
b1001111011 )
b1001111011 -
b1001111011 :
b100110001011 +
#24435
0'
#24440
1'
b1000000011 (
b1000000011 ,
b1000000011 9
b1001111100 )
b1001111100 -
b1001111100 :
b100110001100 +
#24445
0'
#24450
1'
b110111111111 (
b110111111111 ,
b110111111111 9
b110110000011 )
b110110000011 -
b110110000011 :
b100110001101 +
#24455
0'
#24460
1'
b111000000001 (
b111000000001 ,
b111000000001 9
b110110000001 )
b110110000001 -
b110110000001 :
b100110001110 +
#24465
0'
#24470
1'
b111000000010 (
b111000000010 ,
b111000000010 9
b110110000000 )
b110110000000 -
b110110000000 :
b100110001111 +
#24475
0'
#24480
1'
b1011110 (
b1011110 ,
b1011110 9
b110011010011 )
b110011010011 -
b110011010011 :
b100110010000 +
#24485
0'
#24490
1'
b1100000 (
b1100000 ,
b1100000 9
b100110010001 +
#24495
0'
#24500
1'
b1100010 (
b1100010 ,
b1100010 9
b110011010100 )
b110011010100 -
b110011010100 :
b100110010010 +
#24505
0'
#24510
1'
b110101111011 (
b110101111011 ,
b110101111011 9
b111110111 )
b111110111 -
b111110111 :
b100110010011 +
#24515
0'
#24520
1'
b110101111001 (
b110101111001 ,
b110101111001 9
b111110101 )
b111110101 -
b111110101 :
b100110010100 +
#24525
0'
#24530
1'
b110101111000 (
b110101111000 ,
b110101111000 9
b111110100 )
b111110100 -
b111110100 :
b100110010101 +
#24535
0'
#24540
1'
b111110010101 (
b111110010101 ,
b111110010101 9
b1100101011 )
b1100101011 -
b1100101011 :
b100110010110 +
#24545
0'
#24550
1'
b111110010011 (
b111110010011 ,
b111110010011 9
b100110010111 +
#24555
0'
#24560
1'
b111110010001 (
b111110010001 ,
b111110010001 9
b100110011000 +
#24565
0'
#24570
1'
b1100101010 (
b1100101010 ,
b1100101010 9
b1110001 )
b1110001 -
b1110001 :
b100110011001 +
#24575
0'
#24580
1'
b1110011 )
b1110011 -
b1110011 :
b100110011010 +
#24585
0'
#24590
1'
b1110101 )
b1110101 -
b1110101 :
b100110011011 +
#24595
0'
#24600
1'
b111101000 (
b111101000 ,
b111101000 9
b1010010001 )
b1010010001 -
b1010010001 :
b100110011100 +
#24605
0'
#24610
1'
b111100110 (
b111100110 ,
b111100110 9
b1010010010 )
b1010010010 -
b1010010010 :
b100110011101 +
#24615
0'
#24620
1'
b111100100 (
b111100100 ,
b111100100 9
b1010010011 )
b1010010011 -
b1010010011 :
b100110011110 +
#24625
0'
#24630
1'
b111110000010 (
b111110000010 ,
b111110000010 9
b1100101001 )
b1100101001 -
b1100101001 :
b100110011111 +
#24635
0'
#24640
1'
b111110000000 (
b111110000000 ,
b111110000000 9
b1100101000 )
b1100101000 -
b1100101000 :
b100110100000 +
#24645
0'
#24650
1'
b111101111110 (
b111101111110 ,
b111101111110 9
b100110100001 +
#24655
0'
#24660
1'
b1010011001 (
b1010011001 ,
b1010011001 9
b111000100011 )
b111000100011 -
b111000100011 :
b100110100010 +
#24665
0'
#24670
1'
b1010011010 (
b1010011010 ,
b1010011010 9
b111000100101 )
b111000100101 -
b111000100101 :
b100110100011 +
#24675
0'
#24680
1'
b1010011011 (
b1010011011 ,
b1010011011 9
b111000100110 )
b111000100110 -
b111000100110 :
b100110100100 +
#24685
0'
#24690
1'
b111011000 (
b111011000 ,
b111011000 9
b1010011100 )
b1010011100 -
b1010011100 :
b100110100101 +
#24695
0'
#24700
1'
b111010110 (
b111010110 ,
b111010110 9
b1010011101 )
b1010011101 -
b1010011101 :
b100110100110 +
#24705
0'
#24710
1'
b111010100 (
b111010100 ,
b111010100 9
b1010011111 )
b1010011111 -
b1010011111 :
b100110100111 +
#24715
0'
#24720
1'
b111101101111 (
b111101101111 ,
b111101101111 9
b1100100101 )
b1100100101 -
b1100100101 :
b100110101000 +
#24725
0'
#24730
1'
b111101101101 (
b111101101101 ,
b111101101101 9
b100110101001 +
#24735
0'
#24740
1'
b111101101011 (
b111101101011 ,
b111101101011 9
b100110101010 +
#24745
0'
#24750
1'
b111101101001 (
b111101101001 ,
b111101101001 9
b1100100100 )
b1100100100 -
b1100100100 :
b100110101011 +
#24755
0'
#24760
1'
b111101100111 (
b111101100111 ,
b111101100111 9
b100110101100 +
#24765
0'
#24770
1'
b111101100101 (
b111101100101 ,
b111101100101 9
b1100100011 )
b1100100011 -
b1100100011 :
b100110101101 +
#24775
0'
#24780
1'
b111000111000 (
b111000111000 ,
b111000111000 9
b110101011001 )
b110101011001 -
b110101011001 :
b100110101110 +
#24785
0'
#24790
1'
b111000111010 (
b111000111010 ,
b111000111010 9
b110101011000 )
b110101011000 -
b110101011000 :
b100110101111 +
#24795
0'
#24800
1'
b111000111011 (
b111000111011 ,
b111000111011 9
b110101010110 )
b110101010110 -
b110101010110 :
b100110110000 +
#24805
0'
#24810
1'
b1010101011 (
b1010101011 ,
b1010101011 9
b111000111101 )
b111000111101 -
b111000111101 :
b100110110001 +
#24815
0'
#24820
1'
b1010101100 (
b1010101100 ,
b1010101100 9
b111000111111 )
b111000111111 -
b111000111111 :
b100110110010 +
#24825
0'
#24830
1'
b1010101101 (
b1010101101 ,
b1010101101 9
b111001000001 )
b111001000001 -
b111001000001 :
b100110110011 +
#24835
0'
#24840
1'
b110011100000 (
b110011100000 ,
b110011100000 9
b111101010110 )
b111101010110 -
b111101010110 :
b100110110100 +
#24845
0'
#24850
1'
b111101010100 )
b111101010100 -
b111101010100 :
b100110110101 +
#24855
0'
#24860
1'
b110011100001 (
b110011100001 ,
b110011100001 9
b111101010010 )
b111101010010 -
b111101010010 :
b100110110110 +
#24865
0'
#24870
1'
b111001001000 (
b111001001000 ,
b111001001000 9
b110101001110 )
b110101001110 -
b110101001110 :
b100110110111 +
#24875
0'
#24880
1'
b111001001010 (
b111001001010 ,
b111001001010 9
b110101001101 )
b110101001101 -
b110101001101 :
b100110111000 +
#24885
0'
#24890
1'
b111001001100 (
b111001001100 ,
b111001001100 9
b110101001100 )
b110101001100 -
b110101001100 :
b100110111001 +
#24895
0'
#24900
1'
b110101001011 (
b110101001011 ,
b110101001011 9
b110110011 )
b110110011 -
b110110011 :
b100110111010 +
#24905
0'
#24910
1'
b110101001010 (
b110101001010 ,
b110101001010 9
b110110001 )
b110110001 -
b110110001 :
b100110111011 +
#24915
0'
#24920
1'
b110101001001 (
b110101001001 ,
b110101001001 9
b110101111 )
b110101111 -
b110101111 :
b100110111100 +
#24925
0'
#24930
1'
b110011100100 (
b110011100100 ,
b110011100100 9
b111101000011 )
b111101000011 -
b111101000011 :
b100110111101 +
#24935
0'
#24940
1'
b111101000001 )
b111101000001 -
b111101000001 :
b100110111110 +
#24945
0'
#24950
1'
b110011100101 (
b110011100101 ,
b110011100101 9
b111100111111 )
b111100111111 -
b111100111111 :
b100110111111 +
#24955
0'
#24960
1'
b111001011000 (
b111001011000 ,
b111001011000 9
b110101000100 )
b110101000100 -
b110101000100 :
b100111000000 +
#24965
0'
#24970
1'
b111001011010 (
b111001011010 ,
b111001011010 9
b110101000011 )
b110101000011 -
b110101000011 :
b100111000001 +
#24975
0'
#24980
1'
b111001011100 (
b111001011100 ,
b111001011100 9
b110101000010 )
b110101000010 -
b110101000010 :
b100111000010 +
#24985
0'
#24990
1'
b11001001 (
b11001001 ,
b11001001 9
b110011100111 )
b110011100111 -
b110011100111 :
b100111000011 +
#24995
0'
#25000
1'
b11001011 (
b11001011 ,
b11001011 9
b100111000100 +
#25005
0'
#25010
1'
b11001101 (
b11001101 ,
b11001101 9
b110011101000 )
b110011101000 -
b110011101000 :
b100111000101 +
#25015
0'
#25020
1'
b110011101000 (
b110011101000 ,
b110011101000 9
b111100110001 )
b111100110001 -
b111100110001 :
b100111000110 +
#25025
0'
#25030
1'
b110011101001 (
b110011101001 ,
b110011101001 9
b111100101111 )
b111100101111 -
b111100101111 :
b100111000111 +
#25035
0'
#25040
1'
b110011101010 (
b110011101010 ,
b110011101010 9
b111100101101 )
b111100101101 -
b111100101101 :
b100111001000 +
#25045
0'
#25050
1'
b110100111010 (
b110100111010 ,
b110100111010 9
b110010111 )
b110010111 -
b110010111 :
b100111001001 +
#25055
0'
#25060
1'
b110100111001 (
b110100111001 ,
b110100111001 9
b110010101 )
b110010101 -
b110010101 :
b100111001010 +
#25065
0'
#25070
1'
b110100111000 (
b110100111000 ,
b110100111000 9
b110010011 )
b110010011 -
b110010011 :
b100111001011 +
#25075
0'
#25080
1'
b110010001 (
b110010001 ,
b110010001 9
b1011001001 )
b1011001001 -
b1011001001 :
b100111001100 +
#25085
0'
#25090
1'
b110010000 (
b110010000 ,
b110010000 9
b1011001010 )
b1011001010 -
b1011001010 :
b100111001101 +
#25095
0'
#25100
1'
b110001110 (
b110001110 ,
b110001110 9
b1011001011 )
b1011001011 -
b1011001011 :
b100111001110 +
#25105
0'
#25110
1'
b111001110100 (
b111001110100 ,
b111001110100 9
b110100110100 )
b110100110100 -
b110100110100 :
b100111001111 +
#25115
0'
#25120
1'
b111001110110 (
b111001110110 ,
b111001110110 9
b110100110011 )
b110100110011 -
b110100110011 :
b100111010000 +
#25125
0'
#25130
1'
b111001111000 (
b111001111000 ,
b111001111000 9
b110100110010 )
b110100110010 -
b110100110010 :
b100111010001 +
#25135
0'
#25140
1'
b111001111010 (
b111001111010 ,
b111001111010 9
b110100110001 )
b110100110001 -
b110100110001 :
b100111010010 +
#25145
0'
#25150
1'
b111001111100 (
b111001111100 ,
b111001111100 9
b110100110000 )
b110100110000 -
b110100110000 :
b100111010011 +
#25155
0'
#25160
1'
b111001111110 (
b111001111110 ,
b111001111110 9
b110100101111 )
b110100101111 -
b110100101111 :
b100111010100 +
#25165
0'
#25170
1'
b1100001111 (
b1100001111 ,
b1100001111 9
b11101110 )
b11101110 -
b11101110 :
b100111010101 +
#25175
0'
#25180
1'
b1100001110 (
b1100001110 ,
b1100001110 9
b11110000 )
b11110000 -
b11110000 :
b100111010110 +
#25185
0'
#25190
1'
b1100001101 (
b1100001101 ,
b1100001101 9
b11110010 )
b11110010 -
b11110010 :
b100111010111 +
#25195
0'
#25200
1'
b111010000101 (
b111010000101 ,
b111010000101 9
b110100101011 )
b110100101011 -
b110100101011 :
b100111011000 +
#25205
0'
#25210
1'
b111010000111 (
b111010000111 ,
b111010000111 9
b110100101010 )
b110100101010 -
b110100101010 :
b100111011001 +
#25215
0'
#25220
1'
b111010001001 (
b111010001001 ,
b111010001001 9
b110100101001 )
b110100101001 -
b110100101001 :
b100111011010 +
#25225
0'
#25230
1'
b101110101 (
b101110101 ,
b101110101 9
b1011011000 )
b1011011000 -
b1011011000 :
b100111011011 +
#25235
0'
#25240
1'
b101110011 (
b101110011 ,
b101110011 9
b1011011001 )
b1011011001 -
b1011011001 :
b100111011100 +
#25245
0'
#25250
1'
b101110001 (
b101110001 ,
b101110001 9
b1011011010 )
b1011011010 -
b1011011010 :
b100111011101 +
#25255
0'
#25260
1'
b111011111111 (
b111011111111 ,
b111011111111 9
b1100001001 )
b1100001001 -
b1100001001 :
b100111011110 +
#25265
0'
#25270
1'
b111011111101 (
b111011111101 ,
b111011111101 9
b1100001000 )
b1100001000 -
b1100001000 :
b100111011111 +
#25275
0'
#25280
1'
b111011111011 (
b111011111011 ,
b111011111011 9
b100111100000 +
#25285
0'
#25290
1'
b1100000111 (
b1100000111 ,
b1100000111 9
b100000111 )
b100000111 -
b100000111 :
b100111100001 +
#25295
0'
#25300
1'
b1100000110 (
b1100000110 ,
b1100000110 9
b100001001 )
b100001001 -
b100001001 :
b100111100010 +
#25305
0'
#25310
1'
b1100000101 (
b1100000101 ,
b1100000101 9
b100001011 )
b100001011 -
b100001011 :
b100111100011 +
#25315
0'
#25320
1'
b101100100 (
b101100100 ,
b101100100 9
b1011100001 )
b1011100001 -
b1011100001 :
b100111100100 +
#25325
0'
#25330
1'
b101100010 (
b101100010 ,
b101100010 9
b1011100010 )
b1011100010 -
b1011100010 :
b100111100101 +
#25335
0'
#25340
1'
b101100000 (
b101100000 ,
b101100000 9
b100111100110 +
#25345
0'
#25350
1'
b1100000011 (
b1100000011 ,
b1100000011 9
b100010011 )
b100010011 -
b100010011 :
b100111100111 +
#25355
0'
#25360
1'
b1100000010 (
b1100000010 ,
b1100000010 9
b100010101 )
b100010101 -
b100010101 :
b100111101000 +
#25365
0'
#25370
1'
b1100000001 (
b1100000001 ,
b1100000001 9
b100010111 )
b100010111 -
b100010111 :
b100111101001 +
#25375
0'
#25380
1'
b111011100111 (
b111011100111 ,
b111011100111 9
b1100000000 )
b1100000000 -
b1100000000 :
b100111101010 +
#25385
0'
#25390
1'
b111011100101 (
b111011100101 ,
b111011100101 9
b100111101011 +
#25395
0'
#25400
1'
b111011100011 (
b111011100011 ,
b111011100011 9
b1011111111 )
b1011111111 -
b1011111111 :
b100111101100 +
#25405
0'
#25410
1'
b100011111 (
b100011111 ,
b100011111 9
b110100000010 )
b110100000010 -
b110100000010 :
b100111101101 +
#25415
0'
#25420
1'
b100100001 (
b100100001 ,
b100100001 9
b110100000011 )
b110100000011 -
b110100000011 :
b100111101110 +
#25425
0'
#25430
1'
b100100011 (
b100100011 ,
b100100011 9
b100111101111 +
#25435
0'
#25440
1'
b100100101 (
b100100101 ,
b100100101 9
b110100000100 )
b110100000100 -
b110100000100 :
b100111110000 +
#25445
0'
#25450
1'
b100100111 (
b100100111 ,
b100100111 9
b110100000101 )
b110100000101 -
b110100000101 :
b100111110001 +
#25455
0'
#25460
1'
b100101001 (
b100101001 ,
b100101001 9
b110100000110 )
b110100000110 -
b110100000110 :
b100111110010 +
#25465
0'
#25470
1'
b110100000110 (
b110100000110 ,
b110100000110 9
b111011010101 )
b111011010101 -
b111011010101 :
b100111110011 +
#25475
0'
#25480
1'
b110100000111 (
b110100000111 ,
b110100000111 9
b111011010011 )
b111011010011 -
b111011010011 :
b100111110100 +
#25485
0'
#25490
1'
b110100001000 (
b110100001000 ,
b110100001000 9
b111011010001 )
b111011010001 -
b111011010001 :
b100111110101 +
#25495
0'
#25500
1'
b110100001111 (
b110100001111 ,
b110100001111 9
b101000001 )
b101000001 -
b101000001 :
b100111110110 +
#25505
0'
#25510
1'
b100111111 )
b100111111 -
b100111111 :
b100111110111 +
#25515
0'
#25520
1'
b110100001110 (
b110100001110 ,
b110100001110 9
b100111101 )
b100111101 -
b100111101 :
b100111111000 +
#25525
0'
#25530
1'
b1011110011 (
b1011110011 ,
b1011110011 9
b111011000101 )
b111011000101 -
b111011000101 :
b100111111001 +
#25535
0'
#25540
1'
b1011110100 (
b1011110100 ,
b1011110100 9
b111011000111 )
b111011000111 -
b111011000111 :
b100111111010 +
#25545
0'
#25550
1'
b1011110101 (
b1011110101 ,
b1011110101 9
b111011001001 )
b111011001001 -
b111011001001 :
b100111111011 +
#25555
0'
#25560
1'
b110100001110 (
b110100001110 ,
b110100001110 9
b111011000011 )
b111011000011 -
b111011000011 :
b100111111100 +
#25565
0'
#25570
1'
b111011000001 )
b111011000001 -
b111011000001 :
b100111111101 +
#25575
0'
#25580
1'
b110100001111 (
b110100001111 ,
b110100001111 9
b111010111111 )
b111010111111 -
b111010111111 :
b100111111110 +
#25585
0'
#25590
1'
b110100010000 (
b110100010000 ,
b110100010000 9
b111010111101 )
b111010111101 -
b111010111101 :
b100111111111 +
#25595
0'
#25600
1'
b110100010001 (
b110100010001 ,
b110100010001 9
b111010111100 )
b111010111100 -
b111010111100 :
b101000000000 +
#25605
0'
#25610
1'
b110100010010 (
b110100010010 ,
b110100010010 9
b111010111010 )
b111010111010 -
b111010111010 :
b101000000001 +
#25615
0'
#25620
1'
b101001000 (
b101001000 ,
b101001000 9
b110100010011 )
b110100010011 -
b110100010011 :
b101000000010 +
#25625
0'
#25630
1'
b101001010 (
b101001010 ,
b101001010 9
b110100010100 )
b110100010100 -
b110100010100 :
b101000000011 +
#25635
0'
#25640
1'
b101001100 (
b101001100 ,
b101001100 9
b101000000100 +
#25645
0'
#25650
1'
b110100000011 (
b110100000011 ,
b110100000011 9
b100100011 )
b100100011 -
b100100011 :
b101000000101 +
#25655
0'
#25660
1'
b100100001 )
b100100001 -
b100100001 :
b101000000110 +
#25665
0'
#25670
1'
b110100000010 (
b110100000010 ,
b110100000010 9
b100011111 )
b100011111 -
b100011111 :
b101000000111 +
#25675
0'
#25680
1'
b100011101 (
b100011101 ,
b100011101 9
b1011111111 )
b1011111111 -
b1011111111 :
b101000001000 +
#25685
0'
#25690
1'
b100011011 (
b100011011 ,
b100011011 9
b1100000000 )
b1100000000 -
b1100000000 :
b101000001001 +
#25695
0'
#25700
1'
b100011001 (
b100011001 ,
b100011001 9
b101000001010 +
#25705
0'
#25710
1'
b110100011011 (
b110100011011 ,
b110100011011 9
b111010100110 )
b111010100110 -
b111010100110 :
b101000001011 +
#25715
0'
#25720
1'
b110100011100 (
b110100011100 ,
b110100011100 9
b111010100100 )
b111010100100 -
b111010100100 :
b101000001100 +
#25725
0'
#25730
1'
b111010100010 )
b111010100010 -
b111010100010 :
b101000001101 +
#25735
0'
#25740
1'
b111010100000 (
b111010100000 ,
b111010100000 9
b1011100011 )
b1011100011 -
b1011100011 :
b101000001110 +
#25745
0'
#25750
1'
b111010011110 (
b111010011110 ,
b111010011110 9
b1011100010 )
b1011100010 -
b1011100010 :
b101000001111 +
#25755
0'
#25760
1'
b111010011100 (
b111010011100 ,
b111010011100 9
b1011100001 )
b1011100001 -
b1011100001 :
b101000010000 +
#25765
0'
#25770
1'
b110011111011 (
b110011111011 ,
b110011111011 9
b100001011 )
b100001011 -
b100001011 :
b101000010001 +
#25775
0'
#25780
1'
b110011111010 (
b110011111010 ,
b110011111010 9
b100001001 )
b100001001 -
b100001001 :
b101000010010 +
#25785
0'
#25790
1'
b110011111001 (
b110011111001 ,
b110011111001 9
b100000111 )
b100000111 -
b100000111 :
b101000010011 +
#25795
0'
#25800
1'
b111010010101 (
b111010010101 ,
b111010010101 9
b1011011101 )
b1011011101 -
b1011011101 :
b101000010100 +
#25805
0'
#25810
1'
b111010010011 (
b111010010011 ,
b111010010011 9
b1011011100 )
b1011011100 -
b1011011100 :
b101000010101 +
#25815
0'
#25820
1'
b111010010001 (
b111010010001 ,
b111010010001 9
b1011011011 )
b1011011011 -
b1011011011 :
b101000010110 +
#25825
0'
#25830
1'
b110011110111 (
b110011110111 ,
b110011110111 9
b11111111 )
b11111111 -
b11111111 :
b101000010111 +
#25835
0'
#25840
1'
b110011110110 (
b110011110110 ,
b110011110110 9
b11111101 )
b11111101 -
b11111101 :
b101000011000 +
#25845
0'
#25850
1'
b110011110101 (
b110011110101 ,
b110011110101 9
b11111011 )
b11111011 -
b11111011 :
b101000011001 +
#25855
0'
#25860
1'
b11111001 )
b11111001 -
b11111001 :
b101000011010 +
#25865
0'
#25870
1'
b110011110100 (
b110011110100 ,
b110011110100 9
b11110111 )
b11110111 -
b11110111 :
b101000011011 +
#25875
0'
#25880
1'
b110011110011 (
b110011110011 ,
b110011110011 9
b11110101 )
b11110101 -
b11110101 :
b101000011100 +
#25885
0'
#25890
1'
b1100001101 (
b1100001101 ,
b1100001101 9
b111100001101 )
b111100001101 -
b111100001101 :
b101000011101 +
#25895
0'
#25900
1'
b1100001110 (
b1100001110 ,
b1100001110 9
b111100001111 )
b111100001111 -
b111100001111 :
b101000011110 +
#25905
0'
#25910
1'
b1100001111 (
b1100001111 ,
b1100001111 9
b111100010001 )
b111100010001 -
b111100010001 :
b101000011111 +
#25915
0'
#25920
1'
b110011110001 (
b110011110001 ,
b110011110001 9
b11101100 )
b11101100 -
b11101100 :
b101000100000 +
#25925
0'
#25930
1'
b110011110000 (
b110011110000 ,
b110011110000 9
b11101010 )
b11101010 -
b11101010 :
b101000100001 +
#25935
0'
#25940
1'
b11101000 )
b11101000 -
b11101000 :
b101000100010 +
#25945
0'
#25950
1'
b110001000 (
b110001000 ,
b110001000 9
b110100110010 )
b110100110010 -
b110100110010 :
b101000100011 +
#25955
0'
#25960
1'
b110001010 (
b110001010 ,
b110001010 9
b110100110011 )
b110100110011 -
b110100110011 :
b101000100100 +
#25965
0'
#25970
1'
b110001100 (
b110001100 ,
b110001100 9
b110100110100 )
b110100110100 -
b110100110100 :
b101000100101 +
#25975
0'
#25980
1'
b110011101101 (
b110011101101 ,
b110011101101 9
b11100000 )
b11100000 -
b11100000 :
b101000100110 +
#25985
0'
#25990
1'
b11011110 )
b11011110 -
b11011110 :
b101000100111 +
#25995
0'
#26000
1'
b110011101100 (
b110011101100 ,
b110011101100 9
b11011100 )
b11011100 -
b11011100 :
b101000101000 +
#26005
0'
#26010
1'
b110010011 (
b110010011 ,
b110010011 9
b110100111000 )
b110100111000 -
b110100111000 :
b101000101001 +
#26015
0'
#26020
1'
b110010101 (
b110010101 ,
b110010101 9
b110100111001 )
b110100111001 -
b110100111001 :
b101000101010 +
#26025
0'
#26030
1'
b110010111 (
b110010111 ,
b110010111 9
b110100111010 )
b110100111010 -
b110100111010 :
b101000101011 +
#26035
0'
#26040
1'
b110100111011 (
b110100111011 ,
b110100111011 9
b111001100111 )
b111001100111 -
b111001100111 :
b101000101100 +
#26045
0'
#26050
1'
b110100111100 (
b110100111100 ,
b110100111100 9
b111001100110 )
b111001100110 -
b111001100110 :
b101000101101 +
#26055
0'
#26060
1'
b110100111101 (
b110100111101 ,
b110100111101 9
b111001100100 )
b111001100100 -
b111001100100 :
b101000101110 +
#26065
0'
#26070
1'
b111100110010 (
b111100110010 ,
b111100110010 9
b110011101000 )
b110011101000 -
b110011101000 :
b101000101111 +
#26075
0'
#26080
1'
b111100110101 (
b111100110101 ,
b111100110101 9
b101000110000 +
#26085
0'
#26090
1'
b111100110111 (
b111100110111 ,
b111100110111 9
b110011100111 )
b110011100111 -
b110011100111 :
b101000110001 +
#26095
0'
#26100
1'
b1010111110 (
b1010111110 ,
b1010111110 9
b110100100 )
b110100100 -
b110100100 :
b101000110010 +
#26105
0'
#26110
1'
b1010111101 (
b1010111101 ,
b1010111101 9
b110100101 )
b110100101 -
b110100101 :
b101000110011 +
#26115
0'
#26120
1'
b1010111100 (
b1010111100 ,
b1010111100 9
b110100111 )
b110100111 -
b110100111 :
b101000110100 +
#26125
0'
#26130
1'
b110011100101 (
b110011100101 ,
b110011100101 9
b11000001 )
b11000001 -
b11000001 :
b101000110101 +
#26135
0'
#26140
1'
b110011100100 (
b110011100100 ,
b110011100100 9
b10111111 )
b10111111 -
b10111111 :
b101000110110 +
#26145
0'
#26150
1'
b10111101 )
b10111101 -
b10111101 :
b101000110111 +
#26155
0'
#26160
1'
b110101001000 (
b110101001000 ,
b110101001000 9
b111001010001 )
b111001010001 -
b111001010001 :
b101000111000 +
#26165
0'
#26170
1'
b110101001010 (
b110101001010 ,
b110101001010 9
b111001010000 )
b111001010000 -
b111001010000 :
b101000111001 +
#26175
0'
#26180
1'
b110101001011 (
b110101001011 ,
b110101001011 9
b111001001110 )
b111001001110 -
b111001001110 :
b101000111010 +
#26185
0'
#26190
1'
b1010110100 (
b1010110100 ,
b1010110100 9
b110110100 )
b110110100 -
b110110100 :
b101000111011 +
#26195
0'
#26200
1'
b1010110011 (
b1010110011 ,
b1010110011 9
b110110110 )
b110110110 -
b110110110 :
b101000111100 +
#26205
0'
#26210
1'
b1010110010 (
b1010110010 ,
b1010110010 9
b110111000 )
b110111000 -
b110111000 :
b101000111101 +
#26215
0'
#26220
1'
b1100011111 (
b1100011111 ,
b1100011111 9
b111101010010 )
b111101010010 -
b111101010010 :
b101000111110 +
#26225
0'
#26230
1'
b1100100000 (
b1100100000 ,
b1100100000 9
b111101010100 )
b111101010100 -
b111101010100 :
b101000111111 +
#26235
0'
#26240
1'
b111101010110 )
b111101010110 -
b111101010110 :
b101001000000 +
#26245
0'
#26250
1'
b1010101101 (
b1010101101 ,
b1010101101 9
b110111111 )
b110111111 -
b110111111 :
b101001000001 +
#26255
0'
#26260
1'
b1010101100 (
b1010101100 ,
b1010101100 9
b111000001 )
b111000001 -
b111000001 :
b101001000010 +
#26265
0'
#26270
1'
b1010101011 (
b1010101011 ,
b1010101011 9
b111000010 )
b111000010 -
b111000010 :
b101001000011 +
#26275
0'
#26280
1'
b1010101010 (
b1010101010 ,
b1010101010 9
b111000100 )
b111000100 -
b111000100 :
b101001000100 +
#26285
0'
#26290
1'
b1010101001 (
b1010101001 ,
b1010101001 9
b111000110 )
b111000110 -
b111000110 :
b101001000101 +
#26295
0'
#26300
1'
b1010100111 (
b1010100111 ,
b1010100111 9
b111001000 )
b111001000 -
b111001000 :
b101001000110 +
#26305
0'
#26310
1'
b110011011101 (
b110011011101 ,
b110011011101 9
b10011011 )
b10011011 -
b10011011 :
b101001000111 +
#26315
0'
#26320
1'
b110011011100 (
b110011011100 ,
b110011011100 9
b10011001 )
b10011001 -
b10011001 :
b101001001000 +
#26325
0'
#26330
1'
b10010111 )
b10010111 -
b10010111 :
b101001001001 +
#26335
0'
#26340
1'
b1010100011 (
b1010100011 ,
b1010100011 9
b111001111 )
b111001111 -
b111001111 :
b101001001010 +
#26345
0'
#26350
1'
b1010100001 (
b1010100001 ,
b1010100001 9
b111010001 )
b111010001 -
b111010001 :
b101001001011 +
#26355
0'
#26360
1'
b1010100000 (
b1010100000 ,
b1010100000 9
b111010010 )
b111010010 -
b111010010 :
b101001001100 +
#26365
0'
#26370
1'
b111101110001 (
b111101110001 ,
b111101110001 9
b110011011010 )
b110011011010 -
b110011011010 :
b101001001101 +
#26375
0'
#26380
1'
b111101110011 (
b111101110011 ,
b111101110011 9
b101001001110 +
#26385
0'
#26390
1'
b111101110101 (
b111101110101 ,
b111101110101 9
b101001001111 +
#26395
0'
#26400
1'
b10001001 (
b10001001 ,
b10001001 9
b1100100111 )
b1100100111 -
b1100100111 :
b101001010000 +
#26405
0'
#26410
1'
b10000110 (
b10000110 ,
b10000110 9
b101001010001 +
#26415
0'
#26420
1'
b10000100 (
b10000100 ,
b10000100 9
b101001010010 +
#26425
0'
#26430
1'
b111000100001 (
b111000100001 ,
b111000100001 9
b1010010111 )
b1010010111 -
b1010010111 :
b101001010011 +
#26435
0'
#26440
1'
b111000100000 (
b111000100000 ,
b111000100000 9
b1010010110 )
b1010010110 -
b1010010110 :
b101001010100 +
#26445
0'
#26450
1'
b111000011110 (
b111000011110 ,
b111000011110 9
b1010010101 )
b1010010101 -
b1010010101 :
b101001010101 +
#26455
0'
#26460
1'
b111100100 (
b111100100 ,
b111100100 9
b110101101100 )
b110101101100 -
b110101101100 :
b101001010110 +
#26465
0'
#26470
1'
b111100110 (
b111100110 ,
b111100110 9
b110101101110 )
b110101101110 -
b110101101110 :
b101001010111 +
#26475
0'
#26480
1'
b111100111 (
b111100111 ,
b111100111 9
b110101101111 )
b110101101111 -
b110101101111 :
b101001011000 +
#26485
0'
#26490
1'
b111101001 (
b111101001 ,
b111101001 9
b110101110000 )
b110101110000 -
b110101110000 :
b101001011001 +
#26495
0'
#26500
1'
b111101011 (
b111101011 ,
b111101011 9
b110101110001 )
b110101110001 -
b110101110001 :
b101001011010 +
#26505
0'
#26510
1'
b111101100 (
b111101100 ,
b111101100 9
b110101110011 )
b110101110011 -
b110101110011 :
b101001011011 +
#26515
0'
#26520
1'
b111110010001 (
b111110010001 ,
b111110010001 9
b110011010101 )
b110011010101 -
b110011010101 :
b101001011100 +
#26525
0'
#26530
1'
b111110010011 (
b111110010011 ,
b111110010011 9
b101001011101 +
#26535
0'
#26540
1'
b111110010101 (
b111110010101 ,
b111110010101 9
b101001011110 +
#26545
0'
#26550
1'
b110101111000 (
b110101111000 ,
b110101111000 9
b111000001101 )
b111000001101 -
b111000001101 :
b101001011111 +
#26555
0'
#26560
1'
b110101111001 (
b110101111001 ,
b110101111001 9
b111000001011 )
b111000001011 -
b111000001011 :
b101001100000 +
#26565
0'
#26570
1'
b110101111011 (
b110101111011 ,
b110101111011 9
b111000001001 )
b111000001001 -
b111000001001 :
b101001100001 +
#26575
0'
#26580
1'
b1100010 (
b1100010 ,
b1100010 9
b1100101100 )
b1100101100 -
b1100101100 :
b101001100010 +
#26585
0'
#26590
1'
b1100000 (
b1100000 ,
b1100000 9
b1100101101 )
b1100101101 -
b1100101101 :
b101001100011 +
#26595
0'
#26600
1'
b1011110 (
b1011110 ,
b1011110 9
b101001100100 +
#26605
0'
#26610
1'
b1010000000 (
b1010000000 ,
b1010000000 9
b111111101 )
b111111101 -
b111111101 :
b101001100101 +
#26615
0'
#26620
1'
b1001111111 (
b1001111111 ,
b1001111111 9
b111111111 )
b111111111 -
b111111111 :
b101001100110 +
#26625
0'
#26630
1'
b1001111110 (
b1001111110 ,
b1001111110 9
b1000000001 )
b1000000001 -
b1000000001 :
b101001100111 +
#26635
0'
#26640
1'
b110111111110 (
b110111111110 ,
b110111111110 9
b1001111100 )
b1001111100 -
b1001111100 :
b101001101000 +
#26645
0'
#26650
1'
b110111111100 (
b110111111100 ,
b110111111100 9
b1001111011 )
b1001111011 -
b1001111011 :
b101001101001 +
#26655
0'
#26660
1'
b110111111010 (
b110111111010 ,
b110111111010 9
b1001111001 )
b1001111001 -
b1001111001 :
b101001101010 +
#26665
0'
#26670
1'
b1000000111 (
b1000000111 ,
b1000000111 9
b110110001000 )
b110110001000 -
b110110001000 :
b101001101011 +
#26675
0'
#26680
1'
b1000001001 (
b1000001001 ,
b1000001001 9
b110110001001 )
b110110001001 -
b110110001001 :
b101001101100 +
#26685
0'
#26690
1'
b1000001011 (
b1000001011 ,
b1000001011 9
b110110001011 )
b110110001011 -
b110110001011 :
b101001101101 +
#26695
0'
#26700
1'
b110011010001 (
b110011010001 ,
b110011010001 9
b1001001 )
b1001001 -
b1001001 :
b101001101110 +
#26705
0'
#26710
1'
b1000111 )
b1000111 -
b1000111 :
b101001101111 +
#26715
0'
#26720
1'
b1000101 )
b1000101 -
b1000101 :
b101001110000 +
#26725
0'
#26730
1'
b110011010000 (
b110011010000 ,
b110011010000 9
b1000010 )
b1000010 -
b1000010 :
b101001110001 +
#26735
0'
#26740
1'
b1000000 )
b1000000 -
b1000000 :
b101001110010 +
#26745
0'
#26750
1'
b111110 )
b111110 -
b111110 :
b101001110011 +
#26755
0'
#26760
1'
b110110010100 (
b110110010100 ,
b110110010100 9
b110111101010 )
b110111101010 -
b110111101010 :
b101001110100 +
#26765
0'
#26770
1'
b110110010110 (
b110110010110 ,
b110110010110 9
b110111101000 )
b110111101000 -
b110111101000 :
b101001110101 +
#26775
0'
#26780
1'
b110110010111 (
b110110010111 ,
b110110010111 9
b110111100111 )
b110111100111 -
b110111100111 :
b101001110110 +
#26785
0'
#26790
1'
b110111100101 (
b110111100101 ,
b110111100101 9
b1001101000 )
b1001101000 -
b1001101000 :
b101001110111 +
#26795
0'
#26800
1'
b110111100011 (
b110111100011 ,
b110111100011 9
b1001100110 )
b1001100110 -
b1001100110 :
b101001111000 +
#26805
0'
#26810
1'
b110111100010 (
b110111100010 ,
b110111100010 9
b1001100101 )
b1001100101 -
b1001100101 :
b101001111001 +
#26815
0'
#26820
1'
b111111010001 (
b111111010001 ,
b111111010001 9
b110011001111 )
b110011001111 -
b110011001111 :
b101001111010 +
#26825
0'
#26830
1'
b111111010011 (
b111111010011 ,
b111111010011 9
b101001111011 +
#26835
0'
#26840
1'
b111111010101 (
b111111010101 ,
b111111010101 9
b101001111100 +
#26845
0'
#26850
1'
b110111011011 (
b110111011011 ,
b110111011011 9
b1001011111 )
b1001011111 -
b1001011111 :
b101001111101 +
#26855
0'
#26860
1'
b110111011010 (
b110111011010 ,
b110111011010 9
b1001011110 )
b1001011110 -
b1001011110 :
b101001111110 +
#26865
0'
#26870
1'
b110111011000 (
b110111011000 ,
b110111011000 9
b1001011100 )
b1001011100 -
b1001011100 :
b101001111111 +
#26875
0'
#26880
1'
b1100110010 (
b1100110010 ,
b1100110010 9
b111111011110 )
b111111011110 -
b111111011110 :
b101010000000 +
#26885
0'
#26890
1'
b111111100000 )
b111111100000 -
b111111100000 :
b101010000001 +
#26895
0'
#26900
1'
b111111100010 )
b111111100010 -
b111111100010 :
b101010000010 +
#26905
0'
#26910
1'
b11100 (
b11100 ,
b11100 9
b1100110010 )
b1100110010 -
b1100110010 :
b101010000011 +
#26915
0'
#26920
1'
b11010 (
b11010 ,
b11010 9
b101010000100 +
#26925
0'
#26930
1'
b11000 (
b11000 ,
b11000 9
b101010000101 +
#26935
0'
#26940
1'
b1001010010 (
b1001010010 ,
b1001010010 9
b1000110011 )
b1000110011 -
b1000110011 :
b101010000110 +
#26945
0'
#26950
1'
b1001010000 (
b1001010000 ,
b1001010000 9
b1000110100 )
b1000110100 -
b1000110100 :
b101010000111 +
#26955
0'
#26960
1'
b1001001111 (
b1001001111 ,
b1001001111 9
b1000110110 )
b1000110110 -
b1000110110 :
b101010001000 +
#26965
0'
#26970
1'
b110111001001 (
b110111001001 ,
b110111001001 9
b1001001101 )
b1001001101 -
b1001001101 :
b101010001001 +
#26975
0'
#26980
1'
b110111000111 (
b110111000111 ,
b110111000111 9
b1001001100 )
b1001001100 -
b1001001100 :
b101010001010 +
#26985
0'
#26990
1'
b110111000110 (
b110111000110 ,
b110111000110 9
b1001001010 )
b1001001010 -
b1001001010 :
b101010001011 +
#26995
0'
#27000
1'
b110011001110 (
b110011001110 ,
b110011001110 9
b1001 )
b1001 -
b1001 :
b101010001100 +
#27005
0'
#27010
1'
b111 )
b111 -
b111 :
b101010001101 +
#27015
0'
#27020
1'
b100 )
b100 -
b100 :
b101010001110 +
#27025
0'
#27030
1'
b110110111100 (
b110110111100 ,
b110110111100 9
b110111000000 )
b110111000000 -
b110111000000 :
b101010001111 +
#27035
0'
#27040
1'
b110110111101 (
b110110111101 ,
b110110111101 9
b110110111110 )
b110110111110 -
b110110111110 :
b101010010000 +
#27045
0'
#27050
1'
b110110111111 (
b110110111111 ,
b110110111111 9
b110110111101 )
b110110111101 -
b110110111101 :
b101010010001 +
#27055
0'
#27060
1'
b111111111101 (
b111111111101 ,
b111111111101 9
b1100110010 )
b1100110010 -
b1100110010 :
b101010010010 +
#27065
0'
#27070
1'
b111111111011 (
b111111111011 ,
b111111111011 9
b101010010011 +
#27075
0'
#27080
1'
b111111111001 (
b111111111001 ,
b111111111001 9
b101010010100 +
#27085
0'
#27090
1'
b1000111011 (
b1000111011 ,
b1000111011 9
b1001001010 )
b1001001010 -
b1001001010 :
b101010010101 +
#27095
0'
#27100
1'
b1000111010 (
b1000111010 ,
b1000111010 9
b1001001011 )
b1001001011 -
b1001001011 :
b101010010110 +
#27105
0'
#27110
1'
b1000111000 (
b1000111000 ,
b1000111000 9
b1001001100 )
b1001001100 -
b1001001100 :
b101010010111 +
#27115
0'
#27120
1'
b110011001110 (
b110011001110 ,
b110011001110 9
b111111110000 )
b111111110000 -
b111111110000 :
b101010011000 +
#27125
0'
#27130
1'
b111111101110 )
b111111101110 -
b111111101110 :
b101010011001 +
#27135
0'
#27140
1'
b111111101100 )
b111111101100 -
b111111101100 :
b101010011010 +
#27145
0'
#27150
1'
b111111101010 (
b111111101010 ,
b111111101010 9
b1100110010 )
b1100110010 -
b1100110010 :
b101010011011 +
#27155
0'
#27160
1'
b111111101000 (
b111111101000 ,
b111111101000 9
b101010011100 +
#27165
0'
#27170
1'
b111111100101 (
b111111100101 ,
b111111100101 9
b101010011101 +
#27175
0'
#27180
1'
b111111100011 (
b111111100011 ,
b111111100011 9
b101010011110 +
#27185
0'
#27190
1'
b111111100001 (
b111111100001 ,
b111111100001 9
b101010011111 +
#27195
0'
#27200
1'
b111111011111 (
b111111011111 ,
b111111011111 9
b101010100000 +
#27205
0'
#27210
1'
b1001011011 (
b1001011011 ,
b1001011011 9
b110111010111 )
b110111010111 -
b110111010111 :
b101010100001 +
#27215
0'
#27220
1'
b1001011101 (
b1001011101 ,
b1001011101 9
b110111011001 )
b110111011001 -
b110111011001 :
b101010100010 +
#27225
0'
#27230
1'
b1001011110 (
b1001011110 ,
b1001011110 9
b110111011010 )
b110111011010 -
b110111011010 :
b101010100011 +
#27235
0'
#27240
1'
b110011001111 (
b110011001111 ,
b110011001111 9
b111111010110 )
b111111010110 -
b111111010110 :
b101010100100 +
#27245
0'
#27250
1'
b111111010100 )
b111111010100 -
b111111010100 :
b101010100101 +
#27255
0'
#27260
1'
b111111010010 )
b111111010010 -
b111111010010 :
b101010100110 +
#27265
0'
#27270
1'
b1001100100 (
b1001100100 ,
b1001100100 9
b110111100001 )
b110111100001 -
b110111100001 :
b101010100111 +
#27275
0'
#27280
1'
b1001100101 (
b1001100101 ,
b1001100101 9
b110111100010 )
b110111100010 -
b110111100010 :
b101010101000 +
#27285
0'
#27290
1'
b1001100111 (
b1001100111 ,
b1001100111 9
b110111100100 )
b110111100100 -
b110111100100 :
b101010101001 +
#27295
0'
#27300
1'
b1000011010 (
b1000011010 ,
b1000011010 9
b1001101000 )
b1001101000 -
b1001101000 :
b101010101010 +
#27305
0'
#27310
1'
b1000011001 (
b1000011001 ,
b1000011001 9
b1001101001 )
b1001101001 -
b1001101001 :
b101010101011 +
#27315
0'
#27320
1'
b1000010111 (
b1000010111 ,
b1000010111 9
b1001101011 )
b1001101011 -
b1001101011 :
b101010101100 +
#27325
0'
#27330
1'
b1000010110 (
b1000010110 ,
b1000010110 9
b1001101100 )
b1001101100 -
b1001101100 :
b101010101101 +
#27335
0'
#27340
1'
b1000010100 (
b1000010100 ,
b1000010100 9
b1001101110 )
b1001101110 -
b1001101110 :
b101010101110 +
#27345
0'
#27350
1'
b1000010010 (
b1000010010 ,
b1000010010 9
b1001101111 )
b1001101111 -
b1001101111 :
b101010101111 +
#27355
0'
#27360
1'
b1001110000 (
b1001110000 ,
b1001110000 9
b110111101111 )
b110111101111 -
b110111101111 :
b101010110000 +
#27365
0'
#27370
1'
b1001110010 (
b1001110010 ,
b1001110010 9
b110111110001 )
b110111110001 -
b110111110001 :
b101010110001 +
#27375
0'
#27380
1'
b1001110011 (
b1001110011 ,
b1001110011 9
b110111110011 )
b110111110011 -
b110111110011 :
b101010110010 +
#27385
0'
#27390
1'
b1100101111 (
b1100101111 ,
b1100101111 9
b1001010 )
b1001010 -
b1001010 :
b101010110011 +
#27395
0'
#27400
1'
b1001100 )
b1001100 -
b1001100 :
b101010110100 +
#27405
0'
#27410
1'
b1001110 )
b1001110 -
b1001110 :
b101010110101 +
#27415
0'
#27420
1'
b1100101110 (
b1100101110 ,
b1100101110 9
b1010000 )
b1010000 -
b1010000 :
b101010110110 +
#27425
0'
#27430
1'
b1010010 )
b1010010 -
b1010010 :
b101010110111 +
#27435
0'
#27440
1'
b1010100 )
b1010100 -
b1010100 :
b101010111000 +
#27445
0'
#27450
1'
b110011010010 (
b110011010010 ,
b110011010010 9
b111110101010 )
b111110101010 -
b111110101010 :
b101010111001 +
#27455
0'
#27460
1'
b110011010011 (
b110011010011 ,
b110011010011 9
b111110100111 )
b111110100111 -
b111110100111 :
b101010111010 +
#27465
0'
#27470
1'
b111110100101 )
b111110100101 -
b111110100101 :
b101010111011 +
#27475
0'
#27480
1'
b1011101 (
b1011101 ,
b1011101 9
b110011010011 )
b110011010011 -
b110011010011 :
b101010111100 +
#27485
0'
#27490
1'
b1011111 (
b1011111 ,
b1011111 9
b101010111101 +
#27495
0'
#27500
1'
b1100001 (
b1100001 ,
b1100001 9
b110011010100 )
b110011010100 -
b110011010100 :
b101010111110 +
#27505
0'
#27510
1'
b1100101100 (
b1100101100 ,
b1100101100 9
b1100011 )
b1100011 -
b1100011 :
b101010111111 +
#27515
0'
#27520
1'
b1100101 )
b1100101 -
b1100101 :
b101011000000 +
#27525
0'
#27530
1'
b1100111 )
b1100111 -
b1100111 :
b101011000001 +
#27535
0'
#27540
1'
b111110010110 (
b111110010110 ,
b111110010110 9
b1100101011 )
b1100101011 -
b1100101011 :
b101011000010 +
#27545
0'
#27550
1'
b111110010100 (
b111110010100 ,
b111110010100 9
b101011000011 +
#27555
0'
#27560
1'
b111110010010 (
b111110010010 ,
b111110010010 9
b101011000100 +
#27565
0'
#27570
1'
b110101110100 (
b110101110100 ,
b110101110100 9
b111101110 )
b111101110 -
b111101110 :
b101011000101 +
#27575
0'
#27580
1'
b110101110010 (
b110101110010 ,
b110101110010 9
b111101100 )
b111101100 -
b111101100 :
b101011000110 +
#27585
0'
#27590
1'
b110101110001 (
b110101110001 ,
b110101110001 9
b111101010 )
b111101010 -
b111101010 :
b101011000111 +
#27595
0'
#27600
1'
b1100101010 (
b1100101010 ,
b1100101010 9
b1110110 )
b1110110 -
b1110110 :
b101011001000 +
#27605
0'
#27610
1'
b1100101001 (
b1100101001 ,
b1100101001 9
b1111000 )
b1111000 -
b1111000 :
b101011001001 +
#27615
0'
#27620
1'
b1111010 )
b1111010 -
b1111010 :
b101011001010 +
#27625
0'
#27630
1'
b1111101 )
b1111101 -
b1111101 :
b101011001011 +
#27635
0'
#27640
1'
b1100101000 (
b1100101000 ,
b1100101000 9
b1111111 )
b1111111 -
b1111111 :
b101011001100 +
#27645
0'
#27650
1'
b10000001 )
b10000001 -
b10000001 :
b101011001101 +
#27655
0'
#27660
1'
b10000011 )
b10000011 -
b10000011 :
b101011001110 +
#27665
0'
#27670
1'
b1100100111 (
b1100100111 ,
b1100100111 9
b10000101 )
b10000101 -
b10000101 :
b101011001111 +
#27675
0'
#27680
1'
b10000111 )
b10000111 -
b10000111 :
b101011010000 +
#27685
0'
#27690
1'
b111101110111 (
b111101110111 ,
b111101110111 9
b1100100111 )
b1100100111 -
b1100100111 :
b101011010001 +
#27695
0'
#27700
1'
b111101110101 (
b111101110101 ,
b111101110101 9
b1100100110 )
b1100100110 -
b1100100110 :
b101011010010 +
#27705
0'
#27710
1'
b111101110011 (
b111101110011 ,
b111101110011 9
b101011010011 +
#27715
0'
#27720
1'
b111000101100 (
b111000101100 ,
b111000101100 9
b110101100001 )
b110101100001 -
b110101100001 :
b101011010100 +
#27725
0'
#27730
1'
b111000101110 (
b111000101110 ,
b111000101110 9
b110101011111 )
b110101011111 -
b110101011111 :
b101011010101 +
#27735
0'
#27740
1'
b111000110000 (
b111000110000 ,
b111000110000 9
b110101011110 )
b110101011110 -
b110101011110 :
b101011010110 +
#27745
0'
#27750
1'
b1100100100 (
b1100100100 ,
b1100100100 9
b10010110 )
b10010110 -
b10010110 :
b101011010111 +
#27755
0'
#27760
1'
b10011000 )
b10011000 -
b10011000 :
b101011011000 +
#27765
0'
#27770
1'
b10011010 )
b10011010 -
b10011010 :
b101011011001 +
#27775
0'
#27780
1'
b1100100011 (
b1100100011 ,
b1100100011 9
b10011100 )
b10011100 -
b10011100 :
b101011011010 +
#27785
0'
#27790
1'
b10011110 )
b10011110 -
b10011110 :
b101011011011 +
#27795
0'
#27800
1'
b1100100010 (
b1100100010 ,
b1100100010 9
b10100000 )
b10100000 -
b10100000 :
b101011011100 +
#27805
0'
#27810
1'
b111101011110 (
b111101011110 ,
b111101011110 9
b1100100010 )
b1100100010 -
b1100100010 :
b101011011101 +
#27815
0'
#27820
1'
b111101011011 (
b111101011011 ,
b111101011011 9
b1100100001 )
b1100100001 -
b1100100001 :
b101011011110 +
#27825
0'
#27830
1'
b111101011001 (
b111101011001 ,
b111101011001 9
b101011011111 +
#27835
0'
#27840
1'
b111101010111 (
b111101010111 ,
b111101010111 9
b101011100000 +
#27845
0'
#27850
1'
b111101010101 (
b111101010101 ,
b111101010101 9
b1100100000 )
b1100100000 -
b1100100000 :
b101011100001 +
#27855
0'
#27860
1'
b111101010011 (
b111101010011 ,
b111101010011 9
b101011100010 +
#27865
0'
#27870
1'
b1100011111 (
b1100011111 ,
b1100011111 9
b10101111 )
b10101111 -
b10101111 :
b101011100011 +
#27875
0'
#27880
1'
b10110001 )
b10110001 -
b10110001 :
b101011100100 +
#27885
0'
#27890
1'
b1100011110 (
b1100011110 ,
b1100011110 9
b10110011 )
b10110011 -
b10110011 :
b101011100101 +
#27895
0'
#27900
1'
b10110101 )
b10110101 -
b10110101 :
b101011100110 +
#27905
0'
#27910
1'
b1100011101 (
b1100011101 ,
b1100011101 9
b10110111 )
b10110111 -
b10110111 :
b101011100111 +
#27915
0'
#27920
1'
b10111001 )
b10111001 -
b10111001 :
b101011101000 +
#27925
0'
#27930
1'
b1100011100 (
b1100011100 ,
b1100011100 9
b10111100 )
b10111100 -
b10111100 :
b101011101001 +
#27935
0'
#27940
1'
b10111110 )
b10111110 -
b10111110 :
b101011101010 +
#27945
0'
#27950
1'
b1100011011 (
b1100011011 ,
b1100011011 9
b11000000 )
b11000000 -
b11000000 :
b101011101011 +
#27955
0'
#27960
1'
b11000010 )
b11000010 -
b11000010 :
b101011101100 +
#27965
0'
#27970
1'
b1100011010 (
b1100011010 ,
b1100011010 9
b11000100 )
b11000100 -
b11000100 :
b101011101101 +
#27975
0'
#27980
1'
b11000110 )
b11000110 -
b11000110 :
b101011101110 +
#27985
0'
#27990
1'
b110011100111 (
b110011100111 ,
b110011100111 9
b111100111000 )
b111100111000 -
b111100111000 :
b101011101111 +
#27995
0'
#28000
1'
b111100110110 )
b111100110110 -
b111100110110 :
b101011110000 +
#28005
0'
#28010
1'
b110011101000 (
b110011101000 ,
b110011101000 9
b111100110100 )
b111100110100 -
b111100110100 :
b101011110001 +
#28015
0'
#28020
1'
b11001110 (
b11001110 ,
b11001110 9
b110011101000 )
b110011101000 -
b110011101000 :
b101011110010 +
#28025
0'
#28030
1'
b11010000 (
b11010000 ,
b11010000 9
b110011101001 )
b110011101001 -
b110011101001 :
b101011110011 +
#28035
0'
#28040
1'
b11010010 (
b11010010 ,
b11010010 9
b101011110100 +
#28045
0'
#28050
1'
b110011101010 (
b110011101010 ,
b110011101010 9
b111100101100 )
b111100101100 -
b111100101100 :
b101011110101 +
#28055
0'
#28060
1'
b111100101001 )
b111100101001 -
b111100101001 :
b101011110110 +
#28065
0'
#28070
1'
b110011101011 (
b110011101011 ,
b110011101011 9
b111100100111 )
b111100100111 -
b111100100111 :
b101011110111 +
#28075
0'
#28080
1'
b110010010 (
b110010010 ,
b110010010 9
b1011001000 )
b1011001000 -
b1011001000 :
b101011111000 +
#28085
0'
#28090
1'
b110010001 (
b110010001 ,
b110010001 9
b1011001001 )
b1011001001 -
b1011001001 :
b101011111001 +
#28095
0'
#28100
1'
b110001111 (
b110001111 ,
b110001111 9
b1011001010 )
b1011001010 -
b1011001010 :
b101011111010 +
#28105
0'
#28110
1'
b1100010011 (
b1100010011 ,
b1100010011 9
b11100001 )
b11100001 -
b11100001 :
b101011111011 +
#28115
0'
#28120
1'
b1100010010 (
b1100010010 ,
b1100010010 9
b11100011 )
b11100011 -
b11100011 :
b101011111100 +
#28125
0'
#28130
1'
b1100010001 (
b1100010001 ,
b1100010001 9
b11100101 )
b11100101 -
b11100101 :
b101011111101 +
#28135
0'
#28140
1'
b110011101111 (
b110011101111 ,
b110011101111 9
b111100011001 )
b111100011001 -
b111100011001 :
b101011111110 +
#28145
0'
#28150
1'
b110011110000 (
b110011110000 ,
b110011110000 9
b111100010111 )
b111100010111 -
b111100010111 :
b101011111111 +
#28155
0'
#28160
1'
b111100010101 )
b111100010101 -
b111100010101 :
b101100000000 +
#28165
0'
#28170
1'
b1011010010 (
b1011010010 ,
b1011010010 9
b111001111111 )
b111001111111 -
b111001111111 :
b101100000001 +
#28175
0'
#28180
1'
b1011010011 (
b1011010011 ,
b1011010011 9
b111010000000 )
b111010000000 -
b111010000000 :
b101100000010 +
#28185
0'
#28190
1'
b1011010100 (
b1011010100 ,
b1011010100 9
b111010000010 )
b111010000010 -
b111010000010 :
b101100000011 +
#28195
0'
#28200
1'
b1011010101 (
b1011010101 ,
b1011010101 9
b111010000100 )
b111010000100 -
b111010000100 :
b101100000100 +
#28205
0'
#28210
1'
b1011010110 (
b1011010110 ,
b1011010110 9
b111010000110 )
b111010000110 -
b111010000110 :
b101100000101 +
#28215
0'
#28220
1'
b1011010111 (
b1011010111 ,
b1011010111 9
b111010001000 )
b111010001000 -
b111010001000 :
b101100000110 +
#28225
0'
#28230
1'
b111010001010 (
b111010001010 ,
b111010001010 9
b110100101000 )
b110100101000 -
b110100101000 :
b101100000111 +
#28235
0'
#28240
1'
b111010001100 (
b111010001100 ,
b111010001100 9
b110100100111 )
b110100100111 -
b110100100111 :
b101100001000 +
#28245
0'
#28250
1'
b111010001110 (
b111010001110 ,
b111010001110 9
b110100100110 )
b110100100110 -
b110100100110 :
b101100001001 +
#28255
0'
#28260
1'
b1011011010 (
b1011011010 ,
b1011011010 9
b111010010000 )
b111010010000 -
b111010010000 :
b101100001010 +
#28265
0'
#28270
1'
b1011011011 (
b1011011011 ,
b1011011011 9
b111010010010 )
b111010010010 -
b111010010010 :
b101100001011 +
#28275
0'
#28280
1'
b1011011100 (
b1011011100 ,
b1011011100 9
b111010010011 )
b111010010011 -
b111010010011 :
b101100001100 +
#28285
0'
#28290
1'
b1011011101 (
b1011011101 ,
b1011011101 9
b111010010101 )
b111010010101 -
b111010010101 :
b101100001101 +
#28295
0'
#28300
1'
b1011011110 (
b1011011110 ,
b1011011110 9
b111010010111 )
b111010010111 -
b111010010111 :
b101100001110 +
#28305
0'
#28310
1'
b1011011111 (
b1011011111 ,
b1011011111 9
b111010011001 )
b111010011001 -
b111010011001 :
b101100001111 +
#28315
0'
#28320
1'
b101100101 (
b101100101 ,
b101100101 9
b1011100000 )
b1011100000 -
b1011100000 :
b101100010000 +
#28325
0'
#28330
1'
b101100011 (
b101100011 ,
b101100011 9
b1011100001 )
b1011100001 -
b1011100001 :
b101100010001 +
#28335
0'
#28340
1'
b101100001 (
b101100001 ,
b101100001 9
b1011100010 )
b1011100010 -
b1011100010 :
b101100010010 +
#28345
0'
#28350
1'
b111010100001 (
b111010100001 ,
b111010100001 9
b110100011101 )
b110100011101 -
b110100011101 :
b101100010011 +
#28355
0'
#28360
1'
b111010100011 (
b111010100011 ,
b111010100011 9
b110100011100 )
b110100011100 -
b110100011100 :
b101100010100 +
#28365
0'
#28370
1'
b111010100101 (
b111010100101 ,
b111010100101 9
b110100011011 )
b110100011011 -
b110100011011 :
b101100010101 +
#28375
0'
#28380
1'
b100011000 (
b100011000 ,
b100011000 9
b110011111111 )
b110011111111 -
b110011111111 :
b101100010110 +
#28385
0'
#28390
1'
b100011010 (
b100011010 ,
b100011010 9
b110100000000 )
b110100000000 -
b110100000000 :
b101100010111 +
#28395
0'
#28400
1'
b100011100 (
b100011100 ,
b100011100 9
b110100000001 )
b110100000001 -
b110100000001 :
b101100011000 +
#28405
0'
#28410
1'
b110100000001 (
b110100000001 ,
b110100000001 9
b111011100010 )
b111011100010 -
b111011100010 :
b101100011001 +
#28415
0'
#28420
1'
b110100000010 (
b110100000010 ,
b110100000010 9
b111011100000 )
b111011100000 -
b111011100000 :
b101100011010 +
#28425
0'
#28430
1'
b110100000011 (
b110100000011 ,
b110100000011 9
b111011011110 )
b111011011110 -
b111011011110 :
b101100011011 +
#28435
0'
#28440
1'
b1011101011 (
b1011101011 ,
b1011101011 9
b111010110010 )
b111010110010 -
b111010110010 :
b101100011100 +
#28445
0'
#28450
1'
b1011101100 (
b1011101100 ,
b1011101100 9
b111010110100 )
b111010110100 -
b111010110100 :
b101100011101 +
#28455
0'
#28460
1'
b1011101101 (
b1011101101 ,
b1011101101 9
b111010110110 )
b111010110110 -
b111010110110 :
b101100011110 +
#28465
0'
#28470
1'
b111010111000 (
b111010111000 ,
b111010111000 9
b110100010010 )
b110100010010 -
b110100010010 :
b101100011111 +
#28475
0'
#28480
1'
b111010111010 (
b111010111010 ,
b111010111010 9
b101100100000 +
#28485
0'
#28490
1'
b111010111100 (
b111010111100 ,
b111010111100 9
b110100010001 )
b110100010001 -
b110100010001 :
b101100100001 +
#28495
0'
#28500
1'
b110100001000 (
b110100001000 ,
b110100001000 9
b111011010000 )
b111011010000 -
b111011010000 :
b101100100010 +
#28505
0'
#28510
1'
b110100001001 (
b110100001001 ,
b110100001001 9
b111011001110 )
b111011001110 -
b111011001110 :
b101100100011 +
#28515
0'
#28520
1'
b110100001010 (
b110100001010 ,
b110100001010 9
b111011001100 )
b111011001100 -
b111011001100 :
b101100100100 +
#28525
0'
#28530
1'
b1011110011 (
b1011110011 ,
b1011110011 9
b111011000100 )
b111011000100 -
b111011000100 :
b101100100101 +
#28535
0'
#28540
1'
b1011110100 (
b1011110100 ,
b1011110100 9
b111011000110 )
b111011000110 -
b111011000110 :
b101100100110 +
#28545
0'
#28550
1'
b111011001000 )
b111011001000 -
b111011001000 :
b101100100111 +
#28555
0'
#28560
1'
b100110110 (
b100110110 ,
b100110110 9
b1011110101 )
b1011110101 -
b1011110101 :
b101100101000 +
#28565
0'
#28570
1'
b100110100 (
b100110100 ,
b100110100 9
b1011110110 )
b1011110110 -
b1011110110 :
b101100101001 +
#28575
0'
#28580
1'
b100110010 (
b100110010 ,
b100110010 9
b1011110111 )
b1011110111 -
b1011110111 :
b101100101010 +
#28585
0'
#28590
1'
b110100001000 (
b110100001000 ,
b110100001000 9
b100110000 )
b100110000 -
b100110000 :
b101100101011 +
#28595
0'
#28600
1'
b100101110 )
b100101110 -
b100101110 :
b101100101100 +
#28605
0'
#28610
1'
b110100000111 (
b110100000111 ,
b110100000111 9
b100101100 )
b100101100 -
b100101100 :
b101100101101 +
#28615
0'
#28620
1'
b110100000110 (
b110100000110 ,
b110100000110 9
b100101010 )
b100101010 -
b100101010 :
b101100101110 +
#28625
0'
#28630
1'
b110100000101 (
b110100000101 ,
b110100000101 9
b100101000 )
b100101000 -
b100101000 :
b101100101111 +
#28635
0'
#28640
1'
b100100110 )
b100100110 -
b100100110 :
b101100110000 +
#28645
0'
#28650
1'
b111010110011 (
b111010110011 ,
b111010110011 9
b1011101011 )
b1011101011 -
b1011101011 :
b101100110001 +
#28655
0'
#28660
1'
b111010110001 (
b111010110001 ,
b111010110001 9
b1011101010 )
b1011101010 -
b1011101010 :
b101100110010 +
#28665
0'
#28670
1'
b111010101111 (
b111010101111 ,
b111010101111 9
b1011101001 )
b1011101001 -
b1011101001 :
b101100110011 +
#28675
0'
#28680
1'
b110100000001 (
b110100000001 ,
b110100000001 9
b100011110 )
b100011110 -
b100011110 :
b101100110100 +
#28685
0'
#28690
1'
b100011100 )
b100011100 -
b100011100 :
b101100110101 +
#28695
0'
#28700
1'
b110100000000 (
b110100000000 ,
b110100000000 9
b100011010 )
b100011010 -
b100011010 :
b101100110110 +
#28705
0'
#28710
1'
b1011100110 (
b1011100110 ,
b1011100110 9
b101011001 )
b101011001 -
b101011001 :
b101100110111 +
#28715
0'
#28720
1'
b1011100101 (
b1011100101 ,
b1011100101 9
b101011011 )
b101011011 -
b101011011 :
b101100111000 +
#28725
0'
#28730
1'
b1011100100 (
b1011100100 ,
b1011100100 9
b101011101 )
b101011101 -
b101011101 :
b101100111001 +
#28735
0'
#28740
1'
b101011111 (
b101011111 ,
b101011111 9
b110100011101 )
b110100011101 -
b110100011101 :
b101100111010 +
#28745
0'
#28750
1'
b101100001 (
b101100001 ,
b101100001 9
b110100011110 )
b110100011110 -
b110100011110 :
b101100111011 +
#28755
0'
#28760
1'
b101100011 (
b101100011 ,
b101100011 9
b110100011111 )
b110100011111 -
b110100011111 :
b101100111100 +
#28765
0'
#28770
1'
b100001100 (
b100001100 ,
b100001100 9
b1100000101 )
b1100000101 -
b1100000101 :
b101100111101 +
#28775
0'
#28780
1'
b100001010 (
b100001010 ,
b100001010 9
b1100000110 )
b1100000110 -
b1100000110 :
b101100111110 +
#28785
0'
#28790
1'
b100001000 (
b100001000 ,
b100001000 9
b101100111111 +
#28795
0'
#28800
1'
b111010010110 (
b111010010110 ,
b111010010110 9
b1011011101 )
b1011011101 -
b1011011101 :
b101101000000 +
#28805
0'
#28810
1'
b111010010100 (
b111010010100 ,
b111010010100 9
b101101000001 +
#28815
0'
#28820
1'
b111010010010 (
b111010010010 ,
b111010010010 9
b1011011100 )
b1011011100 -
b1011011100 :
b101101000010 +
#28825
0'
#28830
1'
b1011011011 (
b1011011011 ,
b1011011011 9
b101110000 )
b101110000 -
b101110000 :
b101101000011 +
#28835
0'
#28840
1'
b1011011010 (
b1011011010 ,
b1011011010 9
b101110010 )
b101110010 -
b101110010 :
b101101000100 +
#28845
0'
#28850
1'
b1011011001 (
b1011011001 ,
b1011011001 9
b101110100 )
b101110100 -
b101110100 :
b101101000101 +
#28855
0'
#28860
1'
b1100001011 (
b1100001011 ,
b1100001011 9
b111100000110 )
b111100000110 -
b111100000110 :
b101101000110 +
#28865
0'
#28870
1'
b1100001100 (
b1100001100 ,
b1100001100 9
b111100001000 )
b111100001000 -
b111100001000 :
b101101000111 +
#28875
0'
#28880
1'
b111100001010 )
b111100001010 -
b111100001010 :
b101101001000 +
#28885
0'
#28890
1'
b111100001100 (
b111100001100 ,
b111100001100 9
b110011110011 )
b110011110011 -
b110011110011 :
b101101001001 +
#28895
0'
#28900
1'
b111100001110 (
b111100001110 ,
b111100001110 9
b110011110010 )
b110011110010 -
b110011110010 :
b101101001010 +
#28905
0'
#28910
1'
b111100010001 (
b111100010001 ,
b111100010001 9
b101101001011 +
#28915
0'
#28920
1'
b111001111111 (
b111001111111 ,
b111001111111 9
b1011010010 )
b1011010010 -
b1011010010 :
b101101001100 +
#28925
0'
#28930
1'
b111001111101 (
b111001111101 ,
b111001111101 9
b1011010001 )
b1011010001 -
b1011010001 :
b101101001101 +
#28935
0'
#28940
1'
b111001111011 (
b111001111011 ,
b111001111011 9
b1011010000 )
b1011010000 -
b1011010000 :
b101101001110 +
#28945
0'
#28950
1'
b1011001111 (
b1011001111 ,
b1011001111 9
b110000111 )
b110000111 -
b110000111 :
b101101001111 +
#28955
0'
#28960
1'
b1011001110 (
b1011001110 ,
b1011001110 9
b110001001 )
b110001001 -
b110001001 :
b101101010000 +
#28965
0'
#28970
1'
b1011001101 (
b1011001101 ,
b1011001101 9
b110001011 )
b110001011 -
b110001011 :
b101101010001 +
#28975
0'
#28980
1'
b110100110100 (
b110100110100 ,
b110100110100 9
b111001110011 )
b111001110011 -
b111001110011 :
b101101010010 +
#28985
0'
#28990
1'
b110100110101 (
b110100110101 ,
b110100110101 9
b111001110010 )
b111001110010 -
b111001110010 :
b101101010011 +
#28995
0'
#29000
1'
b110100110110 (
b110100110110 ,
b110100110110 9
b111001110000 )
b111001110000 -
b111001110000 :
b101101010100 +
#29005
0'
#29010
1'
b111100100101 (
b111100100101 ,
b111100100101 9
b110011101100 )
b110011101100 -
b110011101100 :
b101101010101 +
#29015
0'
#29020
1'
b111100100111 (
b111100100111 ,
b111100100111 9
b110011101011 )
b110011101011 -
b110011101011 :
b101101010110 +
#29025
0'
#29030
1'
b111100101001 (
b111100101001 ,
b111100101001 9
b101101010111 +
#29035
0'
#29040
1'
b1100010110 (
b1100010110 ,
b1100010110 9
b111100101011 )
b111100101011 -
b111100101011 :
b101101011000 +
#29045
0'
#29050
1'
b1100010111 (
b1100010111 ,
b1100010111 9
b111100101101 )
b111100101101 -
b111100101101 :
b101101011001 +
#29055
0'
#29060
1'
b111100101111 )
b111100101111 -
b111100101111 :
b101101011010 +
#29065
0'
#29070
1'
b111001100011 (
b111001100011 ,
b111001100011 9
b1011000010 )
b1011000010 -
b1011000010 :
b101101011011 +
#29075
0'
#29080
1'
b111001100001 (
b111001100001 ,
b111001100001 9
b1011000001 )
b1011000001 -
b1011000001 :
b101101011100 +
#29085
0'
#29090
1'
b111001011111 (
b111001011111 ,
b111001011111 9
b1011000000 )
b1011000000 -
b1011000000 :
b101101011101 +
#29095
0'
#29100
1'
b111001011101 (
b111001011101 ,
b111001011101 9
b1010111111 )
b1010111111 -
b1010111111 :
b101101011110 +
#29105
0'
#29110
1'
b111001011011 (
b111001011011 ,
b111001011011 9
b1010111110 )
b1010111110 -
b1010111110 :
b101101011111 +
#29115
0'
#29120
1'
b111001011010 (
b111001011010 ,
b111001011010 9
b1010111101 )
b1010111101 -
b1010111101 :
b101101100000 +
#29125
0'
#29130
1'
b110101000101 (
b110101000101 ,
b110101000101 9
b111001011000 )
b111001011000 -
b111001011000 :
b101101100001 +
#29135
0'
#29140
1'
b110101000110 (
b110101000110 ,
b110101000110 9
b111001010110 )
b111001010110 -
b111001010110 :
b101101100010 +
#29145
0'
#29150
1'
b110101000111 (
b110101000111 ,
b110101000111 9
b111001010100 )
b111001010100 -
b111001010100 :
b101101100011 +
#29155
0'
#29160
1'
b1010111000 (
b1010111000 ,
b1010111000 9
b110101110 )
b110101110 -
b110101110 :
b101101100100 +
#29165
0'
#29170
1'
b1010110111 (
b1010110111 ,
b1010110111 9
b110110000 )
b110110000 -
b110110000 :
b101101100101 +
#29175
0'
#29180
1'
b1010110110 (
b1010110110 ,
b1010110110 9
b110110001 )
b110110001 -
b110110001 :
b101101100110 +
#29185
0'
#29190
1'
b110101001011 (
b110101001011 ,
b110101001011 9
b111001001101 )
b111001001101 -
b111001001101 :
b101101100111 +
#29195
0'
#29200
1'
b110101001100 (
b110101001100 ,
b110101001100 9
b111001001011 )
b111001001011 -
b111001001011 :
b101101101000 +
#29205
0'
#29210
1'
b110101001110 (
b110101001110 ,
b110101001110 9
b111001001001 )
b111001001001 -
b111001001001 :
b101101101001 +
#29215
0'
#29220
1'
b111101010001 (
b111101010001 ,
b111101010001 9
b110011100001 )
b110011100001 -
b110011100001 :
b101101101010 +
#29225
0'
#29230
1'
b111101010011 (
b111101010011 ,
b111101010011 9
b110011100000 )
b110011100000 -
b110011100000 :
b101101101011 +
#29235
0'
#29240
1'
b111101010101 (
b111101010101 ,
b111101010101 9
b101101101100 +
#29245
0'
#29250
1'
b110101010010 (
b110101010010 ,
b110101010010 9
b111001000010 )
b111001000010 -
b111001000010 :
b101101101101 +
#29255
0'
#29260
1'
b110101010011 (
b110101010011 ,
b110101010011 9
b111001000000 )
b111001000000 -
b111001000000 :
b101101101110 +
#29265
0'
#29270
1'
b110101010101 (
b110101010101 ,
b110101010101 9
b111000111110 )
b111000111110 -
b111000111110 :
b101101101111 +
#29275
0'
#29280
1'
b10100011 (
b10100011 ,
b10100011 9
b1100100010 )
b1100100010 -
b1100100010 :
b101101110000 +
#29285
0'
#29290
1'
b10100001 (
b10100001 ,
b10100001 9
b101101110001 +
#29295
0'
#29300
1'
b10011111 (
b10011111 ,
b10011111 9
b1100100011 )
b1100100011 -
b1100100011 :
b101101110010 +
#29305
0'
#29310
1'
b111001001 (
b111001001 ,
b111001001 9
b110101011001 )
b110101011001 -
b110101011001 :
b101101110011 +
#29315
0'
#29320
1'
b111001011 (
b111001011 ,
b111001011 9
b110101011010 )
b110101011010 -
b110101011010 :
b101101110100 +
#29325
0'
#29330
1'
b111001100 (
b111001100 ,
b111001100 9
b110101011100 )
b110101011100 -
b110101011100 :
b101101110101 +
#29335
0'
#29340
1'
b111001110 (
b111001110 ,
b111001110 9
b110101011101 )
b110101011101 -
b110101011101 :
b101101110110 +
#29345
0'
#29350
1'
b111010000 (
b111010000 ,
b111010000 9
b110101011110 )
b110101011110 -
b110101011110 :
b101101110111 +
#29355
0'
#29360
1'
b111010010 (
b111010010 ,
b111010010 9
b110101011111 )
b110101011111 -
b110101011111 :
b101101111000 +
#29365
0'
#29370
1'
b1010011111 (
b1010011111 ,
b1010011111 9
b111010011 )
b111010011 -
b111010011 :
b101101111001 +
#29375
0'
#29380
1'
b1010011110 (
b1010011110 ,
b1010011110 9
b111010101 )
b111010101 -
b111010101 :
b101101111010 +
#29385
0'
#29390
1'
b1010011101 (
b1010011101 ,
b1010011101 9
b111010111 )
b111010111 -
b111010111 :
b101101111011 +
#29395
0'
#29400
1'
b110011011001 (
b110011011001 ,
b110011011001 9
b10001010 )
b10001010 -
b10001010 :
b101101111100 +
#29405
0'
#29410
1'
b10000111 )
b10000111 -
b10000111 :
b101101111101 +
#29415
0'
#29420
1'
b10000101 )
b10000101 -
b10000101 :
b101101111110 +
#29425
0'
#29430
1'
b1100101000 (
b1100101000 ,
b1100101000 9
b111101111101 )
b111101111101 -
b111101111101 :
b101101111111 +
#29435
0'
#29440
1'
b111101111111 )
b111101111111 -
b111101111111 :
b101110000000 +
#29445
0'
#29450
1'
b111110000001 )
b111110000001 -
b111110000001 :
b101110000001 +
#29455
0'
#29460
1'
b111110000011 (
b111110000011 ,
b111110000011 9
b110011010111 )
b110011010111 -
b110011010111 :
b101110000010 +
#29465
0'
#29470
1'
b111110000101 (
b111110000101 ,
b111110000101 9
b101110000011 +
#29475
0'
#29480
1'
b111110000111 (
b111110000111 ,
b111110000111 9
b101110000100 +
#29485
0'
#29490
1'
b111000011000 (
b111000011000 ,
b111000011000 9
b1010010000 )
b1010010000 -
b1010010000 :
b101110000101 +
#29495
0'
#29500
1'
b111000010110 (
b111000010110 ,
b111000010110 9
b1010001111 )
b1010001111 -
b1010001111 :
b101110000110 +
#29505
0'
#29510
1'
b111000010100 (
b111000010100 ,
b111000010100 9
b1010001110 )
b1010001110 -
b1010001110 :
b101110000111 +
#29515
0'
#29520
1'
b111000010011 (
b111000010011 ,
b111000010011 9
b1010001101 )
b1010001101 -
b1010001101 :
b101110001000 +
#29525
0'
#29530
1'
b111000010001 (
b111000010001 ,
b111000010001 9
b1010001011 )
b1010001011 -
b1010001011 :
b101110001001 +
#29535
0'
#29540
1'
b111000001111 (
b111000001111 ,
b111000001111 9
b1010001010 )
b1010001010 -
b1010001010 :
b101110001010 +
#29545
0'
#29550
1'
b111110010110 (
b111110010110 ,
b111110010110 9
b110011010101 )
b110011010101 -
b110011010101 :
b101110001011 +
#29555
0'
#29560
1'
b111110011000 (
b111110011000 ,
b111110011000 9
b110011010100 )
b110011010100 -
b110011010100 :
b101110001100 +
#29565
0'
#29570
1'
b111110011010 (
b111110011010 ,
b111110011010 9
b101110001101 +
#29575
0'
#29580
1'
b111000001001 (
b111000001001 ,
b111000001001 9
b1010000101 )
b1010000101 -
b1010000101 :
b101110001110 +
#29585
0'
#29590
1'
b111000000111 (
b111000000111 ,
b111000000111 9
b1010000011 )
b1010000011 -
b1010000011 :
b101110001111 +
#29595
0'
#29600
1'
b111000000101 (
b111000000101 ,
b111000000101 9
b1010000010 )
b1010000010 -
b1010000010 :
b101110010000 +
#29605
0'
#29610
1'
b111110100011 (
b111110100011 ,
b111110100011 9
b110011010011 )
b110011010011 -
b110011010011 :
b101110010001 +
#29615
0'
#29620
1'
b111110100101 (
b111110100101 ,
b111110100101 9
b101110010010 +
#29625
0'
#29630
1'
b111110100111 (
b111110100111 ,
b111110100111 9
b101110010011 +
#29635
0'
#29640
1'
b1001111101 (
b1001111101 ,
b1001111101 9
b1000000010 )
b1000000010 -
b1000000010 :
b101110010100 +
#29645
0'
#29650
1'
b1001111011 (
b1001111011 ,
b1001111011 9
b1000000011 )
b1000000011 -
b1000000011 :
b101110010101 +
#29655
0'
#29660
1'
b1001111010 (
b1001111010 ,
b1001111010 9
b1000000101 )
b1000000101 -
b1000000101 :
b101110010110 +
#29665
0'
#29670
1'
b1010000 (
b1010000 ,
b1010000 9
b1100101110 )
b1100101110 -
b1100101110 :
b101110010111 +
#29675
0'
#29680
1'
b1001110 (
b1001110 ,
b1001110 9
b1100101111 )
b1100101111 -
b1100101111 :
b101110011000 +
#29685
0'
#29690
1'
b1001100 (
b1001100 ,
b1001100 9
b101110011001 +
#29695
0'
#29700
1'
b1001110101 (
b1001110101 ,
b1001110101 9
b1000001011 )
b1000001011 -
b1000001011 :
b101110011010 +
#29705
0'
#29710
1'
b1001110011 (
b1001110011 ,
b1001110011 9
b1000001101 )
b1000001101 -
b1000001101 :
b101110011011 +
#29715
0'
#29720
1'
b1001110010 (
b1001110010 ,
b1001110010 9
b1000001111 )
b1000001111 -
b1000001111 :
b101110011100 +
#29725
0'
#29730
1'
b110110001111 (
b110110001111 ,
b110110001111 9
b110111110000 )
b110111110000 -
b110111110000 :
b101110011101 +
#29735
0'
#29740
1'
b110110010001 (
b110110010001 ,
b110110010001 9
b110111101110 )
b110111101110 -
b110111101110 :
b101110011110 +
#29745
0'
#29750
1'
b110110010010 (
b110110010010 ,
b110110010010 9
b110111101100 )
b110111101100 -
b110111101100 :
b101110011111 +
#29755
0'
#29760
1'
b1001101100 (
b1001101100 ,
b1001101100 9
b1000010101 )
b1000010101 -
b1000010101 :
b101110100000 +
#29765
0'
#29770
1'
b1001101011 (
b1001101011 ,
b1001101011 9
b1000010111 )
b1000010111 -
b1000010111 :
b101110100001 +
#29775
0'
#29780
1'
b1001101010 (
b1001101010 ,
b1001101010 9
b1000011001 )
b1000011001 -
b1000011001 :
b101110100010 +
#29785
0'
#29790
1'
b1000011010 (
b1000011010 ,
b1000011010 9
b110110011000 )
b110110011000 -
b110110011000 :
b101110100011 +
#29795
0'
#29800
1'
b1000011100 (
b1000011100 ,
b1000011100 9
b110110011001 )
b110110011001 -
b110110011001 :
b101110100100 +
#29805
0'
#29810
1'
b1000011101 (
b1000011101 ,
b1000011101 9
b110110011011 )
b110110011011 -
b110110011011 :
b101110100101 +
#29815
0'
#29820
1'
b110111100001 (
b110111100001 ,
b110111100001 9
b1001100100 )
b1001100100 -
b1001100100 :
b101110100110 +
#29825
0'
#29830
1'
b110111011111 (
b110111011111 ,
b110111011111 9
b1001100011 )
b1001100011 -
b1001100011 :
b101110100111 +
#29835
0'
#29840
1'
b110111011110 (
b110111011110 ,
b110111011110 9
b1001100001 )
b1001100001 -
b1001100001 :
b101110101000 +
#29845
0'
#29850
1'
b111111010110 (
b111111010110 ,
b111111010110 9
b110011001111 )
b110011001111 -
b110011001111 :
b101110101001 +
#29855
0'
#29860
1'
b111111011000 (
b111111011000 ,
b111111011000 9
b101110101010 +
#29865
0'
#29870
1'
b111111011010 (
b111111011010 ,
b111111011010 9
b101110101011 +
#29875
0'
#29880
1'
b110111011000 (
b110111011000 ,
b110111011000 9
b1001011011 )
b1001011011 -
b1001011011 :
b101110101100 +
#29885
0'
#29890
1'
b110111010110 (
b110111010110 ,
b110111010110 9
b1001011010 )
b1001011010 -
b1001011010 :
b101110101101 +
#29895
0'
#29900
1'
b110111010100 (
b110111010100 ,
b110111010100 9
b1001011000 )
b1001011000 -
b1001011000 :
b101110101110 +
#29905
0'
#29910
1'
b110110101001 (
b110110101001 ,
b110110101001 9
b110111010011 )
b110111010011 -
b110111010011 :
b101110101111 +
#29915
0'
#29920
1'
b110110101010 (
b110110101010 ,
b110110101010 9
b110111010001 )
b110111010001 -
b110111010001 :
b101110110000 +
#29925
0'
#29930
1'
b110110101100 (
b110110101100 ,
b110110101100 9
b110111010000 )
b110111010000 -
b110111010000 :
b101110110001 +
#29935
0'
#29940
1'
b110110101101 (
b110110101101 ,
b110110101101 9
b110111001110 )
b110111001110 -
b110111001110 :
b101110110010 +
#29945
0'
#29950
1'
b110110101111 (
b110110101111 ,
b110110101111 9
b110111001101 )
b110111001101 -
b110111001101 :
b101110110011 +
#29955
0'
#29960
1'
b110110110000 (
b110110110000 ,
b110110110000 9
b110111001011 )
b110111001011 -
b110111001011 :
b101110110100 +
#29965
0'
#29970
1'
b110110110010 (
b110110110010 ,
b110110110010 9
b110111001001 )
b110111001001 -
b110111001001 :
b101110110101 +
#29975
0'
#29980
1'
b110110110011 (
b110110110011 ,
b110110110011 9
b110111001000 )
b110111001000 -
b110111001000 :
b101110110110 +
#29985
0'
#29990
1'
b110110110101 (
b110110110101 ,
b110110110101 9
b110111000110 )
b110111000110 -
b110111000110 :
b101110110111 +
#29995
0'
#30000
1'
b111111110110 (
b111111110110 ,
b111111110110 9
b110011001110 )
b110011001110 -
b110011001110 :
b101110111000 +
#30005
0'
#30010
1'
b111111111000 (
b111111111000 ,
b111111111000 9
b101110111001 +
#30015
0'
#30020
1'
b111111111010 (
b111111111010 ,
b111111111010 9
b101110111010 +
#30025
0'
#30030
1'
b1001000000 (
b1001000000 ,
b1001000000 9
b110110111011 )
b110110111011 -
b110110111011 :
b101110111011 +
#30035
0'
#30040
1'
b1001000001 (
b1001000001 ,
b1001000001 9
b110110111100 )
b110110111100 -
b110110111100 :
b101110111100 +
#30045
0'
#30050
1'
b1001000011 (
b1001000011 ,
b1001000011 9
b110110111110 )
b110110111110 -
b110110111110 :
b101110111101 +
#30055
0'
#30060
1'
b110110111100 (
b110110111100 ,
b110110111100 9
b1001000001 )
b1001000001 -
b1001000001 :
b101110111110 +
#30065
0'
#30070
1'
b110110111010 (
b110110111010 ,
b110110111010 9
b1000111111 )
b1000111111 -
b1000111111 :
b101110111111 +
#30075
0'
#30080
1'
b110110111001 (
b110110111001 ,
b110110111001 9
b1000111110 )
b1000111110 -
b1000111110 :
b101111000000 +
#30085
0'
#30090
1'
b1000 (
b1000 ,
b1000 9
b110011001110 )
b110011001110 -
b110011001110 :
b101111000001 +
#30095
0'
#30100
1'
b1011 (
b1011 ,
b1011 9
b101111000010 +
#30105
0'
#30110
1'
b1101 (
b1101 ,
b1101 9
b101111000011 +
#30115
0'
#30120
1'
b1111 (
b1111 ,
b1111 9
b101111000100 +
#30125
0'
#30130
1'
b10001 (
b10001 ,
b10001 9
b101111000101 +
#30135
0'
#30140
1'
b10011 (
b10011 ,
b10011 9
b101111000110 +
#30145
0'
#30150
1'
b110110101110 (
b110110101110 ,
b110110101110 9
b1000110011 )
b1000110011 -
b1000110011 :
b101111000111 +
#30155
0'
#30160
1'
b110110101101 (
b110110101101 ,
b110110101101 9
b1000110001 )
b1000110001 -
b1000110001 :
b101111001000 +
#30165
0'
#30170
1'
b110110101011 (
b110110101011 ,
b110110101011 9
b1000110000 )
b1000110000 -
b1000110000 :
b101111001001 +
#30175
0'
#30180
1'
b11100 (
b11100 ,
b11100 9
b110011001110 )
b110011001110 -
b110011001110 :
b101111001010 +
#30185
0'
#30190
1'
b11110 (
b11110 ,
b11110 9
b101111001011 +
#30195
0'
#30200
1'
b100000 (
b100000 ,
b100000 9
b101111001100 +
#30205
0'
#30210
1'
b100010 (
b100010 ,
b100010 9
b101111001101 +
#30215
0'
#30220
1'
b100100 (
b100100 ,
b100100 9
b110011001111 )
b110011001111 -
b110011001111 :
b101111001110 +
#30225
0'
#30230
1'
b100110 (
b100110 ,
b100110 9
b101111001111 +
#30235
0'
#30240
1'
b1100110001 (
b1100110001 ,
b1100110001 9
b101001 )
b101001 -
b101001 :
b101111010000 +
#30245
0'
#30250
1'
b101011 )
b101011 -
b101011 :
b101111010001 +
#30255
0'
#30260
1'
b101101 )
b101101 -
b101101 :
b101111010010 +
#30265
0'
#30270
1'
b101111 (
b101111 ,
b101111 9
b110011001111 )
b110011001111 -
b110011001111 :
b101111010011 +
#30275
0'
#30280
1'
b110001 (
b110001 ,
b110001 9
b101111010100 +
#30285
0'
#30290
1'
b110011 (
b110011 ,
b110011 9
b101111010101 +
#30295
0'
#30300
1'
b110101 (
b110101 ,
b110101 9
b101111010110 +
#30305
0'
#30310
1'
b111000 (
b111000 ,
b111000 9
b110011010000 )
b110011010000 -
b110011010000 :
b101111010111 +
#30315
0'
#30320
1'
b111010 (
b111010 ,
b111010 9
b101111011000 +
#30325
0'
#30330
1'
b110111101010 (
b110111101010 ,
b110111101010 9
b110110010100 )
b110110010100 -
b110110010100 :
b101111011001 +
#30335
0'
#30340
1'
b110111101011 (
b110111101011 ,
b110111101011 9
b110110010011 )
b110110010011 -
b110110010011 :
b101111011010 +
#30345
0'
#30350
1'
b110111101101 (
b110111101101 ,
b110111101101 9
b110110010010 )
b110110010010 -
b110110010010 :
b101111011011 +
#30355
0'
#30360
1'
b1000010 (
b1000010 ,
b1000010 9
b110011010000 )
b110011010000 -
b110011010000 :
b101111011100 +
#30365
0'
#30370
1'
b1000100 (
b1000100 ,
b1000100 9
b110011010001 )
b110011010001 -
b110011010001 :
b101111011101 +
#30375
0'
#30380
1'
b1000110 (
b1000110 ,
b1000110 9
b101111011110 +
#30385
0'
#30390
1'
b1000001100 (
b1000001100 ,
b1000001100 9
b1001110100 )
b1001110100 -
b1001110100 :
b101111011111 +
#30395
0'
#30400
1'
b1000001011 (
b1000001011 ,
b1000001011 9
b1001110101 )
b1001110101 -
b1001110101 :
b101111100000 +
#30405
0'
#30410
1'
b1000001001 (
b1000001001 ,
b1000001001 9
b1001110111 )
b1001110111 -
b1001110111 :
b101111100001 +
#30415
0'
#30420
1'
b111110110001 (
b111110110001 ,
b111110110001 9
b1100101110 )
b1100101110 -
b1100101110 :
b101111100010 +
#30425
0'
#30430
1'
b111110101111 (
b111110101111 ,
b111110101111 9
b101111100011 +
#30435
0'
#30440
1'
b111110101101 (
b111110101101 ,
b111110101101 9
b101111100100 +
#30445
0'
#30450
1'
b1000000011 (
b1000000011 ,
b1000000011 9
b1001111100 )
b1001111100 -
b1001111100 :
b101111100101 +
#30455
0'
#30460
1'
b1000000001 (
b1000000001 ,
b1000000001 9
b1001111101 )
b1001111101 -
b1001111101 :
b101111100110 +
#30465
0'
#30470
1'
b111111111 (
b111111111 ,
b111111111 9
b1001111111 )
b1001111111 -
b1001111111 :
b101111100111 +
#30475
0'
#30480
1'
b110110000000 (
b110110000000 ,
b110110000000 9
b111111110 )
b111111110 -
b111111110 :
b101111101000 +
#30485
0'
#30490
1'
b110101111111 (
b110101111111 ,
b110101111111 9
b111111100 )
b111111100 -
b111111100 :
b101111101001 +
#30495
0'
#30500
1'
b110101111101 (
b110101111101 ,
b110101111101 9
b111111010 )
b111111010 -
b111111010 :
b101111101010 +
#30505
0'
#30510
1'
b1100010 (
b1100010 ,
b1100010 9
b110011010100 )
b110011010100 -
b110011010100 :
b101111101011 +
#30515
0'
#30520
1'
b1100100 (
b1100100 ,
b1100100 9
b101111101100 +
#30525
0'
#30530
1'
b1100110 (
b1100110 ,
b1100110 9
b101111101101 +
#30535
0'
#30540
1'
b110101111000 (
b110101111000 ,
b110101111000 9
b111110011 )
b111110011 -
b111110011 :
b101111101110 +
#30545
0'
#30550
1'
b110101110111 (
b110101110111 ,
b110101110111 9
b111110010 )
b111110010 -
b111110010 :
b101111101111 +
#30555
0'
#30560
1'
b110101110101 (
b110101110101 ,
b110101110101 9
b111110000 )
b111110000 -
b111110000 :
b101111110000 +
#30565
0'
#30570
1'
b110101110100 (
b110101110100 ,
b110101110100 9
b111101110 )
b111101110 -
b111101110 :
b101111110001 +
#30575
0'
#30580
1'
b110101110011 (
b110101110011 ,
b110101110011 9
b111101101 )
b111101101 -
b111101101 :
b101111110010 +
#30585
0'
#30590
1'
b110101110010 (
b110101110010 ,
b110101110010 9
b111101011 )
b111101011 -
b111101011 :
b101111110011 +
#30595
0'
#30600
1'
b111110001011 (
b111110001011 ,
b111110001011 9
b1100101010 )
b1100101010 -
b1100101010 :
b101111110100 +
#30605
0'
#30610
1'
b111110001001 (
b111110001001 ,
b111110001001 9
b1100101001 )
b1100101001 -
b1100101001 :
b101111110101 +
#30615
0'
#30620
1'
b111110000111 (
b111110000111 ,
b111110000111 9
b101111110110 +
#30625
0'
#30630
1'
b110101101100 (
b110101101100 ,
b110101101100 9
b111100100 )
b111100100 -
b111100100 :
b101111110111 +
#30635
0'
#30640
1'
b110101101011 (
b110101101011 ,
b110101101011 9
b111100010 )
b111100010 -
b111100010 :
b101111111000 +
#30645
0'
#30650
1'
b110101101010 (
b110101101010 ,
b110101101010 9
b111100001 )
b111100001 -
b111100001 :
b101111111001 +
#30655
0'
#30660
1'
b1100101000 (
b1100101000 ,
b1100101000 9
b10000010 )
b10000010 -
b10000010 :
b101111111010 +
#30665
0'
#30670
1'
b10000100 )
b10000100 -
b10000100 :
b101111111011 +
#30675
0'
#30680
1'
b1100100111 (
b1100100111 ,
b1100100111 9
b10000110 )
b10000110 -
b10000110 :
b101111111100 +
#30685
0'
#30690
1'
b111101111000 (
b111101111000 ,
b111101111000 9
b1100100111 )
b1100100111 -
b1100100111 :
b101111111101 +
#30695
0'
#30700
1'
b111101110110 (
b111101110110 ,
b111101110110 9
b1100100110 )
b1100100110 -
b1100100110 :
b101111111110 +
#30705
0'
#30710
1'
b111101110100 (
b111101110100 ,
b111101110100 9
b101111111111 +
#30715
0'
#30720
1'
b1100100110 (
b1100100110 ,
b1100100110 9
b10001111 )
b10001111 -
b10001111 :
b110000000000 +
#30725
0'
#30730
1'
b1100100101 (
b1100100101 ,
b1100100101 9
b10010001 )
b10010001 -
b10010001 :
b110000000001 +
#30735
0'
#30740
1'
b10010011 )
b10010011 -
b10010011 :
b110000000010 +
#30745
0'
#30750
1'
b110101011110 (
b110101011110 ,
b110101011110 9
b111001111 )
b111001111 -
b111001111 :
b110000000011 +
#30755
0'
#30760
1'
b110101011100 (
b110101011100 ,
b110101011100 9
b111001101 )
b111001101 -
b111001101 :
b110000000100 +
#30765
0'
#30770
1'
b110101011011 (
b110101011011 ,
b110101011011 9
b111001100 )
b111001100 -
b111001100 :
b110000000101 +
#30775
0'
#30780
1'
b1010100110 (
b1010100110 ,
b1010100110 9
b111000110110 )
b111000110110 -
b111000110110 :
b110000000110 +
#30785
0'
#30790
1'
b1010100111 (
b1010100111 ,
b1010100111 9
b111000111000 )
b111000111000 -
b111000111000 :
b110000000111 +
#30795
0'
#30800
1'
b1010101000 (
b1010101000 ,
b1010101000 9
b111000111010 )
b111000111010 -
b111000111010 :
b110000001000 +
#30805
0'
#30810
1'
b110101010110 (
b110101010110 ,
b110101010110 9
b111000100 )
b111000100 -
b111000100 :
b110000001001 +
#30815
0'
#30820
1'
b110101010101 (
b110101010101 ,
b110101010101 9
b111000011 )
b111000011 -
b111000011 :
b110000001010 +
#30825
0'
#30830
1'
b110101010100 (
b110101010100 ,
b110101010100 9
b111000001 )
b111000001 -
b111000001 :
b110000001011 +
#30835
0'
#30840
1'
b1100100001 (
b1100100001 ,
b1100100001 9
b10101000 )
b10101000 -
b10101000 :
b110000001100 +
#30845
0'
#30850
1'
b1100100000 (
b1100100000 ,
b1100100000 9
b10101010 )
b10101010 -
b10101010 :
b110000001101 +
#30855
0'
#30860
1'
b10101100 )
b10101100 -
b10101100 :
b110000001110 +
#30865
0'
#30870
1'
b10101110 (
b10101110 ,
b10101110 9
b110011100001 )
b110011100001 -
b110011100001 :
b110000001111 +
#30875
0'
#30880
1'
b10110000 (
b10110000 ,
b10110000 9
b110000010000 +
#30885
0'
#30890
1'
b10110010 (
b10110010 ,
b10110010 9
b110000010001 +
#30895
0'
#30900
1'
b1010110100 (
b1010110100 ,
b1010110100 9
b111001001100 )
b111001001100 -
b111001001100 :
b110000010010 +
#30905
0'
#30910
1'
b1010110101 (
b1010110101 ,
b1010110101 9
b111001001101 )
b111001001101 -
b111001001101 :
b110000010011 +
#30915
0'
#30920
1'
b1010110110 (
b1010110110 ,
b1010110110 9
b111001001111 )
b111001001111 -
b111001001111 :
b110000010100 +
#30925
0'
#30930
1'
b1100011101 (
b1100011101 ,
b1100011101 9
b10111011 )
b10111011 -
b10111011 :
b110000010101 +
#30935
0'
#30940
1'
b1100011100 (
b1100011100 ,
b1100011100 9
b10111101 )
b10111101 -
b10111101 :
b110000010110 +
#30945
0'
#30950
1'
b10111111 )
b10111111 -
b10111111 :
b110000010111 +
#30955
0'
#30960
1'
b1010111011 (
b1010111011 ,
b1010111011 9
b111001010111 )
b111001010111 -
b111001010111 :
b110000011000 +
#30965
0'
#30970
1'
b1010111100 (
b1010111100 ,
b1010111100 9
b111001011000 )
b111001011000 -
b111001011000 :
b110000011001 +
#30975
0'
#30980
1'
b1010111101 (
b1010111101 ,
b1010111101 9
b111001011010 )
b111001011010 -
b111001011010 :
b110000011010 +
#30985
0'
#30990
1'
b110100100 (
b110100100 ,
b110100100 9
b1010111110 )
b1010111110 -
b1010111110 :
b110000011011 +
#30995
0'
#31000
1'
b110100010 (
b110100010 ,
b110100010 9
b1010111111 )
b1010111111 -
b1010111111 :
b110000011100 +
#31005
0'
#31010
1'
b110100000 (
b110100000 ,
b110100000 9
b1011000000 )
b1011000000 -
b1011000000 :
b110000011101 +
#31015
0'
#31020
1'
b111001100010 (
b111001100010 ,
b111001100010 9
b110100111111 )
b110100111111 -
b110100111111 :
b110000011110 +
#31025
0'
#31030
1'
b111001100011 (
b111001100011 ,
b111001100011 9
b110100111110 )
b110100111110 -
b110100111110 :
b110000011111 +
#31035
0'
#31040
1'
b111001100101 (
b111001100101 ,
b111001100101 9
b110100111100 )
b110100111100 -
b110100111100 :
b110000100000 +
#31045
0'
#31050
1'
b110011001 (
b110011001 ,
b110011001 9
b1011000101 )
b1011000101 -
b1011000101 :
b110000100001 +
#31055
0'
#31060
1'
b110010111 (
b110010111 ,
b110010111 9
b1011000110 )
b1011000110 -
b1011000110 :
b110000100010 +
#31065
0'
#31070
1'
b110010101 (
b110010101 ,
b110010101 9
b1011000111 )
b1011000111 -
b1011000111 :
b110000100011 +
#31075
0'
#31080
1'
b111001101101 (
b111001101101 ,
b111001101101 9
b110100111000 )
b110100111000 -
b110100111000 :
b110000100100 +
#31085
0'
#31090
1'
b111001101111 (
b111001101111 ,
b111001101111 9
b110100110111 )
b110100110111 -
b110100110111 :
b110000100101 +
#31095
0'
#31100
1'
b111001110000 (
b111001110000 ,
b111001110000 9
b110100110110 )
b110100110110 -
b110100110110 :
b110000100110 +
#31105
0'
#31110
1'
b110001110 (
b110001110 ,
b110001110 9
b1011001011 )
b1011001011 -
b1011001011 :
b110000100111 +
#31115
0'
#31120
1'
b110001100 (
b110001100 ,
b110001100 9
b1011001100 )
b1011001100 -
b1011001100 :
b110000101000 +
#31125
0'
#31130
1'
b110001010 (
b110001010 ,
b110001010 9
b1011001101 )
b1011001101 -
b1011001101 :
b110000101001 +
#31135
0'
#31140
1'
b1011001110 (
b1011001110 ,
b1011001110 9
b111001111000 )
b111001111000 -
b111001111000 :
b110000101010 +
#31145
0'
#31150
1'
b1011001111 (
b1011001111 ,
b1011001111 9
b111001111010 )
b111001111010 -
b111001111010 :
b110000101011 +
#31155
0'
#31160
1'
b1011010000 (
b1011010000 ,
b1011010000 9
b111001111100 )
b111001111100 -
b111001111100 :
b110000101100 +
#31165
0'
#31170
1'
b110011110001 (
b110011110001 ,
b110011110001 9
b111100010100 )
b111100010100 -
b111100010100 :
b110000101101 +
#31175
0'
#31180
1'
b111100010010 )
b111100010010 -
b111100010010 :
b110000101110 +
#31185
0'
#31190
1'
b110011110010 (
b110011110010 ,
b110011110010 9
b111100010000 )
b111100010000 -
b111100010000 :
b110000101111 +
#31195
0'
#31200
1'
b1100001101 (
b1100001101 ,
b1100001101 9
b11110010 )
b11110010 -
b11110010 :
b110000110000 +
#31205
0'
#31210
1'
b11110100 )
b11110100 -
b11110100 :
b110000110001 +
#31215
0'
#31220
1'
b1100001100 (
b1100001100 ,
b1100001100 9
b11110110 )
b11110110 -
b11110110 :
b110000110010 +
#31225
0'
#31230
1'
b11111000 )
b11111000 -
b11111000 :
b110000110011 +
#31235
0'
#31240
1'
b1100001011 (
b1100001011 ,
b1100001011 9
b11111010 )
b11111010 -
b11111010 :
b110000110100 +
#31245
0'
#31250
1'
b1100001010 (
b1100001010 ,
b1100001010 9
b11111101 )
b11111101 -
b11111101 :
b110000110101 +
#31255
0'
#31260
1'
b110100100110 (
b110100100110 ,
b110100100110 9
b101110001 )
b101110001 -
b101110001 :
b110000110110 +
#31265
0'
#31270
1'
b110100100101 (
b110100100101 ,
b110100100101 9
b101101111 )
b101101111 -
b101101111 :
b110000110111 +
#31275
0'
#31280
1'
b110100100100 (
b110100100100 ,
b110100100100 9
b101101101 )
b101101101 -
b101101101 :
b110000111000 +
#31285
0'
#31290
1'
b1100001000 (
b1100001000 ,
b1100001000 9
b100000101 )
b100000101 -
b100000101 :
b110000111001 +
#31295
0'
#31300
1'
b1100000111 (
b1100000111 ,
b1100000111 9
b100000111 )
b100000111 -
b100000111 :
b110000111010 +
#31305
0'
#31310
1'
b1100000110 (
b1100000110 ,
b1100000110 9
b100001001 )
b100001001 -
b100001001 :
b110000111011 +
#31315
0'
#31320
1'
b101100110 (
b101100110 ,
b101100110 9
b1011100000 )
b1011100000 -
b1011100000 :
b110000111100 +
#31325
0'
#31330
1'
b101100100 (
b101100100 ,
b101100100 9
b1011100001 )
b1011100001 -
b1011100001 :
b110000111101 +
#31335
0'
#31340
1'
b101100010 (
b101100010 ,
b101100010 9
b1011100010 )
b1011100010 -
b1011100010 :
b110000111110 +
#31345
0'
#31350
1'
b1100000011 (
b1100000011 ,
b1100000011 9
b100010001 )
b100010001 -
b100010001 :
b110000111111 +
#31355
0'
#31360
1'
b100010011 )
b100010011 -
b100010011 :
b110001000000 +
#31365
0'
#31370
1'
b1100000010 (
b1100000010 ,
b1100000010 9
b100010101 )
b100010101 -
b100010101 :
b110001000001 +
#31375
0'
#31380
1'
b100010111 (
b100010111 ,
b100010111 9
b110011111111 )
b110011111111 -
b110011111111 :
b110001000010 +
#31385
0'
#31390
1'
b100011001 (
b100011001 ,
b100011001 9
b110100000000 )
b110100000000 -
b110100000000 :
b110001000011 +
#31395
0'
#31400
1'
b100011011 (
b100011011 ,
b100011011 9
b110001000100 +
#31405
0'
#31410
1'
b110100000001 (
b110100000001 ,
b110100000001 9
b111011100011 )
b111011100011 -
b111011100011 :
b110001000101 +
#31415
0'
#31420
1'
b110100000010 (
b110100000010 ,
b110100000010 9
b111011100001 )
b111011100001 -
b111011100001 :
b110001000110 +
#31425
0'
#31430
1'
b110100000011 (
b110100000011 ,
b110100000011 9
b111011011111 )
b111011011111 -
b111011011111 :
b110001000111 +
#31435
0'
#31440
1'
b100100011 (
b100100011 ,
b100100011 9
b110100000011 )
b110100000011 -
b110100000011 :
b110001001000 +
#31445
0'
#31450
1'
b100100101 (
b100100101 ,
b100100101 9
b110100000100 )
b110100000100 -
b110100000100 :
b110001001001 +
#31455
0'
#31460
1'
b100100111 (
b100100111 ,
b100100111 9
b110100000101 )
b110100000101 -
b110100000101 :
b110001001010 +
#31465
0'
#31470
1'
b1011111010 (
b1011111010 ,
b1011111010 9
b100101001 )
b100101001 -
b100101001 :
b110001001011 +
#31475
0'
#31480
1'
b100101011 )
b100101011 -
b100101011 :
b110001001100 +
#31485
0'
#31490
1'
b1011111001 (
b1011111001 ,
b1011111001 9
b100101101 )
b100101101 -
b100101101 :
b110001001101 +
#31495
0'
#31500
1'
b111010111101 (
b111010111101 ,
b111010111101 9
b110100010000 )
b110100010000 -
b110100010000 :
b110001001110 +
#31505
0'
#31510
1'
b111010111111 (
b111010111111 ,
b111010111111 9
b110100001111 )
b110100001111 -
b110100001111 :
b110001001111 +
#31515
0'
#31520
1'
b111011000001 (
b111011000001 ,
b111011000001 9
b110001010000 +
#31525
0'
#31530
1'
b1011110010 (
b1011110010 ,
b1011110010 9
b111011000011 )
b111011000011 -
b111011000011 :
b110001010001 +
#31535
0'
#31540
1'
b1011110011 (
b1011110011 ,
b1011110011 9
b111011000101 )
b111011000101 -
b111011000101 :
b110001010010 +
#31545
0'
#31550
1'
b1011110100 (
b1011110100 ,
b1011110100 9
b111011000111 )
b111011000111 -
b111011000111 :
b110001010011 +
#31555
0'
#31560
1'
b110100001011 (
b110100001011 ,
b110100001011 9
b100110111 )
b100110111 -
b100110111 :
b110001010100 +
#31565
0'
#31570
1'
b110100001010 (
b110100001010 ,
b110100001010 9
b100110101 )
b100110101 -
b100110101 :
b110001010101 +
#31575
0'
#31580
1'
b100110011 )
b100110011 -
b100110011 :
b110001010110 +
#31585
0'
#31590
1'
b110100001111 (
b110100001111 ,
b110100001111 9
b111010111111 )
b111010111111 -
b111010111111 :
b110001010111 +
#31595
0'
#31600
1'
b110100010000 (
b110100010000 ,
b110100010000 9
b111010111101 )
b111010111101 -
b111010111101 :
b110001011000 +
#31605
0'
#31610
1'
b110100010001 (
b110100010001 ,
b110100010001 9
b111010111011 )
b111010111011 -
b111010111011 :
b110001011001 +
#31615
0'
#31620
1'
b110100000110 (
b110100000110 ,
b110100000110 9
b100101011 )
b100101011 -
b100101011 :
b110001011010 +
#31625
0'
#31630
1'
b100101001 )
b100101001 -
b100101001 :
b110001011011 +
#31635
0'
#31640
1'
b110100000101 (
b110100000101 ,
b110100000101 9
b100100111 )
b100100111 -
b100100111 :
b110001011100 +
#31645
0'
#31650
1'
b110100000100 (
b110100000100 ,
b110100000100 9
b100100101 )
b100100101 -
b100100101 :
b110001011101 +
#31655
0'
#31660
1'
b110100000011 (
b110100000011 ,
b110100000011 9
b100100011 )
b100100011 -
b100100011 :
b110001011110 +
#31665
0'
#31670
1'
b100100001 )
b100100001 -
b100100001 :
b110001011111 +
#31675
0'
#31680
1'
b1011101001 (
b1011101001 ,
b1011101001 9
b101010010 )
b101010010 -
b101010010 :
b110001100000 +
#31685
0'
#31690
1'
b1011101000 (
b1011101000 ,
b1011101000 9
b101010100 )
b101010100 -
b101010100 :
b110001100001 +
#31695
0'
#31700
1'
b1011100111 (
b1011100111 ,
b1011100111 9
b101010110 )
b101010110 -
b101010110 :
b110001100010 +
#31705
0'
#31710
1'
b1011100110 (
b1011100110 ,
b1011100110 9
b101011000 )
b101011000 -
b101011000 :
b110001100011 +
#31715
0'
#31720
1'
b1011100101 (
b1011100101 ,
b1011100101 9
b101011010 )
b101011010 -
b101011010 :
b110001100100 +
#31725
0'
#31730
1'
b1011100100 (
b1011100100 ,
b1011100100 9
b101011100 )
b101011100 -
b101011100 :
b110001100101 +
#31735
0'
#31740
1'
b101011110 )
b101011110 -
b101011110 :
b110001100110 +
#31745
0'
#31750
1'
b1011100011 (
b1011100011 ,
b1011100011 9
b101100000 )
b101100000 -
b101100000 :
b110001100111 +
#31755
0'
#31760
1'
b1011100010 (
b1011100010 ,
b1011100010 9
b101100010 )
b101100010 -
b101100010 :
b110001101000 +
#31765
0'
#31770
1'
b111010011100 (
b111010011100 ,
b111010011100 9
b1011100001 )
b1011100001 -
b1011100001 :
b110001101001 +
#31775
0'
#31780
1'
b111010011010 (
b111010011010 ,
b111010011010 9
b1011100000 )
b1011100000 -
b1011100000 :
b110001101010 +
#31785
0'
#31790
1'
b111010011000 (
b111010011000 ,
b111010011000 9
b1011011111 )
b1011011111 -
b1011011111 :
b110001101011 +
#31795
0'
#31800
1'
b110100100010 (
b110100100010 ,
b110100100010 9
b111010010111 )
b111010010111 -
b111010010111 :
b110001101100 +
#31805
0'
#31810
1'
b110100100011 (
b110100100011 ,
b110100100011 9
b111010010101 )
b111010010101 -
b111010010101 :
b110001101101 +
#31815
0'
#31820
1'
b110100100100 (
b110100100100 ,
b110100100100 9
b111010010011 )
b111010010011 -
b111010010011 :
b110001101110 +
#31825
0'
#31830
1'
b110100100101 (
b110100100101 ,
b110100100101 9
b111010010001 )
b111010010001 -
b111010010001 :
b110001101111 +
#31835
0'
#31840
1'
b110100100110 (
b110100100110 ,
b110100100110 9
b111010001111 )
b111010001111 -
b111010001111 :
b110001110000 +
#31845
0'
#31850
1'
b110100100111 (
b110100100111 ,
b110100100111 9
b111010001101 )
b111010001101 -
b111010001101 :
b110001110001 +
#31855
0'
#31860
1'
b11111011 (
b11111011 ,
b11111011 9
b1100001011 )
b1100001011 -
b1100001011 :
b110001110010 +
#31865
0'
#31870
1'
b11111001 (
b11111001 ,
b11111001 9
b110001110011 +
#31875
0'
#31880
1'
b11110111 (
b11110111 ,
b11110111 9
b1100001100 )
b1100001100 -
b1100001100 :
b110001110100 +
#31885
0'
#31890
1'
b111010000101 (
b111010000101 ,
b111010000101 9
b1011010101 )
b1011010101 -
b1011010101 :
b110001110101 +
#31895
0'
#31900
1'
b111010000011 (
b111010000011 ,
b111010000011 9
b1011010100 )
b1011010100 -
b1011010100 :
b110001110110 +
#31905
0'
#31910
1'
b111010000010 (
b111010000010 ,
b111010000010 9
b1011010011 )
b1011010011 -
b1011010011 :
b110001110111 +
#31915
0'
#31920
1'
b111010000000 (
b111010000000 ,
b111010000000 9
b1011010010 )
b1011010010 -
b1011010010 :
b110001111000 +
#31925
0'
#31930
1'
b111001111110 (
b111001111110 ,
b111001111110 9
b1011010001 )
b1011010001 -
b1011010001 :
b110001111001 +
#31935
0'
#31940
1'
b111001111100 (
b111001111100 ,
b111001111100 9
b1011010000 )
b1011010000 -
b1011010000 :
b110001111010 +
#31945
0'
#31950
1'
b110100110001 (
b110100110001 ,
b110100110001 9
b111001111010 )
b111001111010 -
b111001111010 :
b110001111011 +
#31955
0'
#31960
1'
b110100110010 (
b110100110010 ,
b110100110010 9
b111001111000 )
b111001111000 -
b111001111000 :
b110001111100 +
#31965
0'
#31970
1'
b110100110011 (
b110100110011 ,
b110100110011 9
b111001110110 )
b111001110110 -
b111001110110 :
b110001111101 +
#31975
0'
#31980
1'
b111100011110 (
b111100011110 ,
b111100011110 9
b110011101110 )
b110011101110 -
b110011101110 :
b110001111110 +
#31985
0'
#31990
1'
b111100100000 (
b111100100000 ,
b111100100000 9
b110011101101 )
b110011101101 -
b110011101101 :
b110001111111 +
#31995
0'
#32000
1'
b111100100010 (
b111100100010 ,
b111100100010 9
b110010000000 +
#32005
0'
#32010
1'
b110011101100 (
b110011101100 ,
b110011101100 9
b11011100 )
b11011100 -
b11011100 :
b110010000001 +
#32015
0'
#32020
1'
b110011101011 (
b110011101011 ,
b110011101011 9
b11011010 )
b11011010 -
b11011010 :
b110010000010 +
#32025
0'
#32030
1'
b11011000 )
b11011000 -
b11011000 :
b110010000011 +
#32035
0'
#32040
1'
b1011000110 (
b1011000110 ,
b1011000110 9
b110010111 )
b110010111 -
b110010111 :
b110010000100 +
#32045
0'
#32050
1'
b1011000101 (
b1011000101 ,
b1011000101 9
b110011001 )
b110011001 -
b110011001 :
b110010000101 +
#32055
0'
#32060
1'
b1011000100 (
b1011000100 ,
b1011000100 9
b110011011 )
b110011011 -
b110011011 :
b110010000110 +
#32065
0'
#32070
1'
b11010000 (
b11010000 ,
b11010000 9
b1100010111 )
b1100010111 -
b1100010111 :
b110010000111 +
#32075
0'
#32080
1'
b11001101 (
b11001101 ,
b11001101 9
b1100011000 )
b1100011000 -
b1100011000 :
b110010001000 +
#32085
0'
#32090
1'
b11001011 (
b11001011 ,
b11001011 9
b1100011001 )
b1100011001 -
b1100011001 :
b110010001001 +
#32095
0'
#32100
1'
b110011100111 (
b110011100111 ,
b110011100111 9
b11001001 )
b11001001 -
b11001001 :
b110010001010 +
#32105
0'
#32110
1'
b110011100110 (
b110011100110 ,
b110011100110 9
b11000111 )
b11000111 -
b11000111 :
b110010001011 +
#32115
0'
#32120
1'
b11000101 )
b11000101 -
b11000101 :
b110010001100 +
#32125
0'
#32130
1'
b111001011001 (
b111001011001 ,
b111001011001 9
b1010111100 )
b1010111100 -
b1010111100 :
b110010001101 +
#32135
0'
#32140
1'
b111001010111 (
b111001010111 ,
b111001010111 9
b1010111011 )
b1010111011 -
b1010111011 :
b110010001110 +
#32145
0'
#32150
1'
b111001010101 (
b111001010101 ,
b111001010101 9
b1010111010 )
b1010111010 -
b1010111010 :
b110010001111 +
#32155
0'
#32160
1'
b110101101 (
b110101101 ,
b110101101 9
b110101000111 )
b110101000111 -
b110101000111 :
b110010010000 +
#32165
0'
#32170
1'
b110101111 (
b110101111 ,
b110101111 9
b110101001000 )
b110101001000 -
b110101001000 :
b110010010001 +
#32175
0'
#32180
1'
b110110001 (
b110110001 ,
b110110001 9
b110101001010 )
b110101001010 -
b110101001010 :
b110010010010 +
#32185
0'
#32190
1'
b1010110101 (
b1010110101 ,
b1010110101 9
b110110010 )
b110110010 -
b110110010 :
b110010010011 +
#32195
0'
#32200
1'
b1010110100 (
b1010110100 ,
b1010110100 9
b110110100 )
b110110100 -
b110110100 :
b110010010100 +
#32205
0'
#32210
1'
b1010110011 (
b1010110011 ,
b1010110011 9
b110110110 )
b110110110 -
b110110110 :
b110010010101 +
#32215
0'
#32220
1'
b1010110010 (
b1010110010 ,
b1010110010 9
b110111000 )
b110111000 -
b110111000 :
b110010010110 +
#32225
0'
#32230
1'
b1010110001 (
b1010110001 ,
b1010110001 9
b110111010 )
b110111010 -
b110111010 :
b110010010111 +
#32235
0'
#32240
1'
b1010110000 (
b1010110000 ,
b1010110000 9
b110111011 )
b110111011 -
b110111011 :
b110010011000 +
#32245
0'
#32250
1'
b111101010110 (
b111101010110 ,
b111101010110 9
b110011100000 )
b110011100000 -
b110011100000 :
b110010011001 +
#32255
0'
#32260
1'
b111101011000 (
b111101011000 ,
b111101011000 9
b110011011111 )
b110011011111 -
b110011011111 :
b110010011010 +
#32265
0'
#32270
1'
b111101011010 (
b111101011010 ,
b111101011010 9
b110010011011 +
#32275
0'
#32280
1'
b10100100 (
b10100100 ,
b10100100 9
b1100100010 )
b1100100010 -
b1100100010 :
b110010011100 +
#32285
0'
#32290
1'
b10100010 (
b10100010 ,
b10100010 9
b110010011101 +
#32295
0'
#32300
1'
b10100000 (
b10100000 ,
b10100000 9
b110010011110 +
#32305
0'
#32310
1'
b110011011101 (
b110011011101 ,
b110011011101 9
b10011101 )
b10011101 -
b10011101 :
b110010011111 +
#32315
0'
#32320
1'
b10011011 )
b10011011 -
b10011011 :
b110010100000 +
#32325
0'
#32330
1'
b110011011100 (
b110011011100 ,
b110011011100 9
b10011001 )
b10011001 -
b10011001 :
b110010100001 +
#32335
0'
#32340
1'
b110101011100 (
b110101011100 ,
b110101011100 9
b111000110011 )
b111000110011 -
b111000110011 :
b110010100010 +
#32345
0'
#32350
1'
b110101011101 (
b110101011101 ,
b110101011101 9
b111000110001 )
b111000110001 -
b111000110001 :
b110010100011 +
#32355
0'
#32360
1'
b110101011111 (
b110101011111 ,
b110101011111 9
b111000101111 )
b111000101111 -
b111000101111 :
b110010100100 +
#32365
0'
#32370
1'
b1010100000 (
b1010100000 ,
b1010100000 9
b111010010 )
b111010010 -
b111010010 :
b110010100101 +
#32375
0'
#32380
1'
b1010011111 (
b1010011111 ,
b1010011111 9
b111010100 )
b111010100 -
b111010100 :
b110010100110 +
#32385
0'
#32390
1'
b1010011110 (
b1010011110 ,
b1010011110 9
b111010110 )
b111010110 -
b111010110 :
b110010100111 +
#32395
0'
#32400
1'
b10001011 (
b10001011 ,
b10001011 9
b1100100110 )
b1100100110 -
b1100100110 :
b110010101000 +
#32405
0'
#32410
1'
b10001000 (
b10001000 ,
b10001000 9
b1100100111 )
b1100100111 -
b1100100111 :
b110010101001 +
#32415
0'
#32420
1'
b10000110 (
b10000110 ,
b10000110 9
b110010101010 +
#32425
0'
#32430
1'
b110101100111 (
b110101100111 ,
b110101100111 9
b111000100011 )
b111000100011 -
b111000100011 :
b110010101011 +
#32435
0'
#32440
1'
b110101101001 (
b110101101001 ,
b110101101001 9
b111000100001 )
b111000100001 -
b111000100001 :
b110010101100 +
#32445
0'
#32450
1'
b110101101010 (
b110101101010 ,
b110101101010 9
b111000100000 )
b111000100000 -
b111000100000 :
b110010101101 +
#32455
0'
#32460
1'
b1111110 (
b1111110 ,
b1111110 9
b1100101000 )
b1100101000 -
b1100101000 :
b110010101110 +
#32465
0'
#32470
1'
b1111100 (
b1111100 ,
b1111100 9
b1100101001 )
b1100101001 -
b1100101001 :
b110010101111 +
#32475
0'
#32480
1'
b1111010 (
b1111010 ,
b1111010 9
b110010110000 +
#32485
0'
#32490
1'
b1111000 (
b1111000 ,
b1111000 9
b110010110001 +
#32495
0'
#32500
1'
b1110101 (
b1110101 ,
b1110101 9
b1100101010 )
b1100101010 -
b1100101010 :
b110010110010 +
#32505
0'
#32510
1'
b1110011 (
b1110011 ,
b1110011 9
b110010110011 +
#32515
0'
#32520
1'
b110101110011 (
b110101110011 ,
b110101110011 9
b111000010100 )
b111000010100 -
b111000010100 :
b110010110100 +
#32525
0'
#32530
1'
b110101110100 (
b110101110100 ,
b110101110100 9
b111000010010 )
b111000010010 -
b111000010010 :
b110010110101 +
#32535
0'
#32540
1'
b110101110101 (
b110101110101 ,
b110101110101 9
b111000010000 )
b111000010000 -
b111000010000 :
b110010110110 +
#32545
0'
#32550
1'
b1101011 (
b1101011 ,
b1101011 9
b1100101011 )
b1100101011 -
b1100101011 :
b110010110111 +
#32555
0'
#32560
1'
b1101001 (
b1101001 ,
b1101001 9
b1100101100 )
b1100101100 -
b1100101100 :
b110010111000 +
#32565
0'
#32570
1'
b1100111 (
b1100111 ,
b1100111 9
b110010111001 +
#32575
0'
#32580
1'
b111110011100 (
b111110011100 ,
b111110011100 9
b110011010100 )
b110011010100 -
b110011010100 :
b110010111010 +
#32585
0'
#32590
1'
b111110011110 (
b111110011110 ,
b111110011110 9
b110010111011 +
#32595
0'
#32600
1'
b111110100000 (
b111110100000 ,
b111110100000 9
b110011010011 )
b110011010011 -
b110011010011 :
b110010111100 +
#32605
0'
#32610
1'
b1100101101 (
b1100101101 ,
b1100101101 9
b111110100010 )
b111110100010 -
b111110100010 :
b110010111101 +
#32615
0'
#32620
1'
b111110100100 )
b111110100100 -
b111110100100 :
b110010111110 +
#32625
0'
#32630
1'
b111110100110 )
b111110100110 -
b111110100110 :
b110010111111 +
#32635
0'
#32640
1'
b110111111111 (
b110111111111 ,
b110111111111 9
b1001111101 )
b1001111101 -
b1001111101 :
b110011000000 +
#32645
0'
#32650
1'
b110111111110 (
b110111111110 ,
b110111111110 9
b1001111100 )
b1001111100 -
b1001111100 :
b110011000001 +
#32655
0'
#32660
1'
b110111111100 (
b110111111100 ,
b110111111100 9
b1001111011 )
b1001111011 -
b1001111011 :
b110011000010 +
#32665
0'
#32670
1'
b1001111001 (
b1001111001 ,
b1001111001 9
b1000000110 )
b1000000110 -
b1000000110 :
b110011000011 +
#32675
0'
#32680
1'
b1001111000 (
b1001111000 ,
b1001111000 9
b1000000111 )
b1000000111 -
b1000000111 :
b110011000100 +
#32685
0'
#32690
1'
b1001110111 (
b1001110111 ,
b1001110111 9
b1000001001 )
b1000001001 -
b1000001001 :
b110011000101 +
#32695
0'
#32700
1'
b1100101111 (
b1100101111 ,
b1100101111 9
b111110110101 )
b111110110101 -
b111110110101 :
b110011000110 +
#32705
0'
#32710
1'
b111110110111 )
b111110110111 -
b111110110111 :
b110011000111 +
#32715
0'
#32720
1'
b111110111001 )
b111110111001 -
b111110111001 :
b110011001000 +
#32725
0'
#32730
1'
b111110111011 )
b111110111011 -
b111110111011 :
b110011001001 +
#32735
0'
#32740
1'
b1100110000 (
b1100110000 ,
b1100110000 9
b111110111110 )
b111110111110 -
b111110111110 :
b110011001010 +
#32745
0'
#32750
1'
b111111000000 )
b111111000000 -
b111111000000 :
b110011001011 +
#32755
0'
#32760
1'
b111111000010 (
b111111000010 ,
b111111000010 9
b110011010000 )
b110011010000 -
b110011010000 :
b110011001100 +
#32765
0'
#32770
1'
b111111000100 (
b111111000100 ,
b111111000100 9
b110011001101 +
#32775
0'
#32780
1'
b111111000110 (
b111111000110 ,
b111111000110 9
b110011001110 +
#32785
0'
#32790
1'
b1000011001 (
b1000011001 ,
b1000011001 9
b110110010111 )
b110110010111 -
b110110010111 :
b110011001111 +
#32795
0'
#32800
1'
b1000011011 (
b1000011011 ,
b1000011011 9
b110110011001 )
b110110011001 -
b110110011001 :
b110011010000 +
#32805
0'
#32810
1'
b1000011101 (
b1000011101 ,
b1000011101 9
b110110011010 )
b110110011010 -
b110110011010 :
b110011010001 +
#32815
0'
#32820
1'
b110111100010 (
b110111100010 ,
b110111100010 9
b1001100101 )
b1001100101 -
b1001100101 :
b110011010010 +
#32825
0'
#32830
1'
b110111100000 (
b110111100000 ,
b110111100000 9
b1001100011 )
b1001100011 -
b1001100011 :
b110011010011 +
#32835
0'
#32840
1'
b110111011111 (
b110111011111 ,
b110111011111 9
b1001100010 )
b1001100010 -
b1001100010 :
b110011010100 +
#32845
0'
#32850
1'
b101011 (
b101011 ,
b101011 9
b1100110001 )
b1100110001 -
b1100110001 :
b110011010101 +
#32855
0'
#32860
1'
b101001 (
b101001 ,
b101001 9
b110011010110 +
#32865
0'
#32870
1'
b100111 (
b100111 ,
b100111 9
b110011010111 +
#32875
0'
#32880
1'
b111111011100 (
b111111011100 ,
b111111011100 9
b110011001111 )
b110011001111 -
b110011001111 :
b110011011000 +
#32885
0'
#32890
1'
b111111011110 (
b111111011110 ,
b111111011110 9
b110011001110 )
b110011001110 -
b110011001110 :
b110011011001 +
#32895
0'
#32900
1'
b111111100000 (
b111111100000 ,
b111111100000 9
b110011011010 +
#32905
0'
#32910
1'
b111111100010 (
b111111100010 ,
b111111100010 9
b110011011011 +
#32915
0'
#32920
1'
b111111100100 (
b111111100100 ,
b111111100100 9
b110011011100 +
#32925
0'
#32930
1'
b111111100110 (
b111111100110 ,
b111111100110 9
b110011011101 +
#32935
0'
#32940
1'
b111111101000 (
b111111101000 ,
b111111101000 9
b110011011110 +
#32945
0'
#32950
1'
b111111101010 (
b111111101010 ,
b111111101010 9
b110011011111 +
#32955
0'
#32960
1'
b111111101101 (
b111111101101 ,
b111111101101 9
b110011100000 +
#32965
0'
#32970
1'
b1000110110 (
b1000110110 ,
b1000110110 9
b110110110001 )
b110110110001 -
b110110110001 :
b110011100001 +
#32975
0'
#32980
1'
b1000110111 (
b1000110111 ,
b1000110111 9
b110110110011 )
b110110110011 -
b110110110011 :
b110011100010 +
#32985
0'
#32990
1'
b1000111001 (
b1000111001 ,
b1000111001 9
b110110110100 )
b110110110100 -
b110110110100 :
b110011100011 +
#32995
0'
#33000
1'
b110011001110 (
b110011001110 ,
b110011001110 9
b1011 )
b1011 -
b1011 :
b110011100100 +
#33005
0'
#33010
1'
b1001 )
b1001 -
b1001 :
b110011100101 +
#33015
0'
#33020
1'
b111 )
b111 -
b111 :
b110011100110 +
#33025
0'
#33030
1'
b100 )
b100 -
b100 :
b110011100111 +
#33035
0'
#33040
1'
b10 )
b10 -
b10 :
b110011101000 +
#33045
0'
#33050
1'
b0 )
b0 -
b0 :
b110011101001 +
#33055
0'
#33060
1'
b1001000001 (
b1001000001 ,
b1001000001 9
b1001000100 )
b1001000100 -
b1001000100 :
b110011101010 +
#33065
0'
#33070
1'
b1001000000 (
b1001000000 ,
b1001000000 9
b1001000101 )
b1001000101 -
b1001000101 :
b110011101011 +
#33075
0'
#33080
1'
b1000111110 (
b1000111110 ,
b1000111110 9
b1001000111 )
b1001000111 -
b1001000111 :
b110011101100 +
#33085
0'
#33090
1'
b1100110010 (
b1100110010 ,
b1100110010 9
b111 )
b111 -
b111 :
b110011101101 +
#33095
0'
#33100
1'
b1010 )
b1010 -
b1010 :
b110011101110 +
#33105
0'
#33110
1'
b1100 )
b1100 -
b1100 :
b110011101111 +
#33115
0'
#33120
1'
b111111110010 (
b111111110010 ,
b111111110010 9
b1100110010 )
b1100110010 -
b1100110010 :
b110011110000 +
#33125
0'
#33130
1'
b111111110000 (
b111111110000 ,
b111111110000 9
b110011110001 +
#33135
0'
#33140
1'
b111111101110 (
b111111101110 ,
b111111101110 9
b110011110010 +
#33145
0'
#33150
1'
b1000110100 (
b1000110100 ,
b1000110100 9
b1001010001 )
b1001010001 -
b1001010001 :
b110011110011 +
#33155
0'
#33160
1'
b1000110010 (
b1000110010 ,
b1000110010 9
b1001010010 )
b1001010010 -
b1001010010 :
b110011110100 +
#33165
0'
#33170
1'
b1000110000 (
b1000110000 ,
b1000110000 9
b1001010100 )
b1001010100 -
b1001010100 :
b110011110101 +
#33175
0'
#33180
1'
b1100110010 (
b1100110010 ,
b1100110010 9
b11011 )
b11011 -
b11011 :
b110011110110 +
#33185
0'
#33190
1'
b11101 )
b11101 -
b11101 :
b110011110111 +
#33195
0'
#33200
1'
b11111 )
b11111 -
b11111 :
b110011111000 +
#33205
0'
#33210
1'
b111111011111 (
b111111011111 ,
b111111011111 9
b1100110010 )
b1100110010 -
b1100110010 :
b110011111001 +
#33215
0'
#33220
1'
b111111011101 (
b111111011101 ,
b111111011101 9
b110011111010 +
#33225
0'
#33230
1'
b111111011011 (
b111111011011 ,
b111111011011 9
b1100110001 )
b1100110001 -
b1100110001 :
b110011111011 +
#33235
0'
#33240
1'
b1000100101 (
b1000100101 ,
b1000100101 9
b1001011110 )
b1001011110 -
b1001011110 :
b110011111100 +
#33245
0'
#33250
1'
b1000100100 (
b1000100100 ,
b1000100100 9
b1001100000 )
b1001100000 -
b1001100000 :
b110011111101 +
#33255
0'
#33260
1'
b1000100010 (
b1000100010 ,
b1000100010 9
b1001100001 )
b1001100001 -
b1001100001 :
b110011111110 +
#33265
0'
#33270
1'
b1001100010 (
b1001100010 ,
b1001100010 9
b110111011111 )
b110111011111 -
b110111011111 :
b110011111111 +
#33275
0'
#33280
1'
b1001100100 (
b1001100100 ,
b1001100100 9
b110111100001 )
b110111100001 -
b110111100001 :
b110100000000 +
#33285
0'
#33290
1'
b1001100101 (
b1001100101 ,
b1001100101 9
b110111100010 )
b110111100010 -
b110111100010 :
b110100000001 +
#33295
0'
#33300
1'
b110100 (
b110100 ,
b110100 9
b110011001111 )
b110011001111 -
b110011001111 :
b110100000010 +
#33305
0'
#33310
1'
b110110 (
b110110 ,
b110110 9
b110011010000 )
b110011010000 -
b110011010000 :
b110100000011 +
#33315
0'
#33320
1'
b111001 (
b111001 ,
b111001 9
b110100000100 +
#33325
0'
#33330
1'
b110110010101 (
b110110010101 ,
b110110010101 9
b1000010111 )
b1000010111 -
b1000010111 :
b110100000101 +
#33335
0'
#33340
1'
b110110010100 (
b110110010100 ,
b110110010100 9
b1000010101 )
b1000010101 -
b1000010101 :
b110100000110 +
#33345
0'
#33350
1'
b110110010010 (
b110110010010 ,
b110110010010 9
b1000010100 )
b1000010100 -
b1000010100 :
b110100000111 +
#33355
0'
#33360
1'
b1000001 (
b1000001 ,
b1000001 9
b110011010000 )
b110011010000 -
b110011010000 :
b110100001000 +
#33365
0'
#33370
1'
b1000011 (
b1000011 ,
b1000011 9
b110011010001 )
b110011010001 -
b110011010001 :
b110100001001 +
#33375
0'
#33380
1'
b1000101 (
b1000101 ,
b1000101 9
b110100001010 +
#33385
0'
#33390
1'
b110110001101 (
b110110001101 ,
b110110001101 9
b1000001101 )
b1000001101 -
b1000001101 :
b110100001011 +
#33395
0'
#33400
1'
b110110001011 (
b110110001011 ,
b110110001011 9
b1000001100 )
b1000001100 -
b1000001100 :
b110100001100 +
#33405
0'
#33410
1'
b110110001010 (
b110110001010 ,
b110110001010 9
b1000001010 )
b1000001010 -
b1000001010 :
b110100001101 +
#33415
0'
#33420
1'
b1100101111 (
b1100101111 ,
b1100101111 9
b1001110 )
b1001110 -
b1001110 :
b110100001110 +
#33425
0'
#33430
1'
b1100101110 (
b1100101110 ,
b1100101110 9
b1010000 )
b1010000 -
b1010000 :
b110100001111 +
#33435
0'
#33440
1'
b1010010 )
b1010010 -
b1010010 :
b110100010000 +
#33445
0'
#33450
1'
b1000000011 (
b1000000011 ,
b1000000011 9
b1001111011 )
b1001111011 -
b1001111011 :
b110100010001 +
#33455
0'
#33460
1'
b1000000010 (
b1000000010 ,
b1000000010 9
b1001111101 )
b1001111101 -
b1001111101 :
b110100010010 +
#33465
0'
#33470
1'
b1000000000 (
b1000000000 ,
b1000000000 9
b1001111110 )
b1001111110 -
b1001111110 :
b110100010011 +
#33475
0'
#33480
1'
b110110000001 (
b110110000001 ,
b110110000001 9
b111111110 )
b111111110 -
b111111110 :
b110100010100 +
#33485
0'
#33490
1'
b110101111111 (
b110101111111 ,
b110101111111 9
b111111101 )
b111111101 -
b111111101 :
b110100010101 +
#33495
0'
#33500
1'
b110101111110 (
b110101111110 ,
b110101111110 9
b111111011 )
b111111011 -
b111111011 :
b110100010110 +
#33505
0'
#33510
1'
b110101111101 (
b110101111101 ,
b110101111101 9
b111111001 )
b111111001 -
b111111001 :
b110100010111 +
#33515
0'
#33520
1'
b110101111011 (
b110101111011 ,
b110101111011 9
b111111000 )
b111111000 -
b111111000 :
b110100011000 +
#33525
0'
#33530
1'
b110101111010 (
b110101111010 ,
b110101111010 9
b111110110 )
b111110110 -
b111110110 :
b110100011001 +
#33535
0'
#33540
1'
b1100101100 (
b1100101100 ,
b1100101100 9
b1100111 )
b1100111 -
b1100111 :
b110100011010 +
#33545
0'
#33550
1'
b1100101011 (
b1100101011 ,
b1100101011 9
b1101010 )
b1101010 -
b1101010 :
b110100011011 +
#33555
0'
#33560
1'
b1101100 )
b1101100 -
b1101100 :
b110100011100 +
#33565
0'
#33570
1'
b111101111 (
b111101111 ,
b111101111 9
b1010001011 )
b1010001011 -
b1010001011 :
b110100011101 +
#33575
0'
#33580
1'
b111101101 (
b111101101 ,
b111101101 9
b1010001101 )
b1010001101 -
b1010001101 :
b110100011110 +
#33585
0'
#33590
1'
b111101100 (
b111101100 ,
b111101100 9
b1010001110 )
b1010001110 -
b1010001110 :
b110100011111 +
#33595
0'
#33600
1'
b110011010110 (
b110011010110 ,
b110011010110 9
b111110001100 )
b111110001100 -
b111110001100 :
b110100100000 +
#33605
0'
#33610
1'
b111110001010 )
b111110001010 -
b111110001010 :
b110100100001 +
#33615
0'
#33620
1'
b110011010111 (
b110011010111 ,
b110011010111 9
b111110001000 )
b111110001000 -
b111110001000 :
b110100100010 +
#33625
0'
#33630
1'
b1111011 (
b1111011 ,
b1111011 9
b110011010111 )
b110011010111 -
b110011010111 :
b110100100011 +
#33635
0'
#33640
1'
b1111101 (
b1111101 ,
b1111101 9
b110100100100 +
#33645
0'
#33650
1'
b1111111 (
b1111111 ,
b1111111 9
b110011011000 )
b110011011000 -
b110011011000 :
b110100100101 +
#33655
0'
#33660
1'
b1100101000 (
b1100101000 ,
b1100101000 9
b10000001 )
b10000001 -
b10000001 :
b110100100110 +
#33665
0'
#33670
1'
b10000011 )
b10000011 -
b10000011 :
b110100100111 +
#33675
0'
#33680
1'
b1100100111 (
b1100100111 ,
b1100100111 9
b10000101 )
b10000101 -
b10000101 :
b110100101000 +
#33685
0'
#33690
1'
b111000100110 (
b111000100110 ,
b111000100110 9
b110101100110 )
b110101100110 -
b110101100110 :
b110100101001 +
#33695
0'
#33700
1'
b111000100111 (
b111000100111 ,
b111000100111 9
b110101100100 )
b110101100100 -
b110101100100 :
b110100101010 +
#33705
0'
#33710
1'
b111000101001 (
b111000101001 ,
b111000101001 9
b110101100011 )
b110101100011 -
b110101100011 :
b110100101011 +
#33715
0'
#33720
1'
b1100100110 (
b1100100110 ,
b1100100110 9
b10001110 )
b10001110 -
b10001110 :
b110100101100 +
#33725
0'
#33730
1'
b10010000 )
b10010000 -
b10010000 :
b110100101101 +
#33735
0'
#33740
1'
b1100100101 (
b1100100101 ,
b1100100101 9
b10010010 )
b10010010 -
b10010010 :
b110100101110 +
#33745
0'
#33750
1'
b110101011110 (
b110101011110 ,
b110101011110 9
b111010000 )
b111010000 -
b111010000 :
b110100101111 +
#33755
0'
#33760
1'
b110101011101 (
b110101011101 ,
b110101011101 9
b111001110 )
b111001110 -
b111001110 :
b110100110000 +
#33765
0'
#33770
1'
b110101011100 (
b110101011100 ,
b110101011100 9
b111001100 )
b111001100 -
b111001100 :
b110100110001 +
#33775
0'
#33780
1'
b110101011011 (
b110101011011 ,
b110101011011 9
b111001011 )
b111001011 -
b111001011 :
b110100110010 +
#33785
0'
#33790
1'
b110101011001 (
b110101011001 ,
b110101011001 9
b111001001 )
b111001001 -
b111001001 :
b110100110011 +
#33795
0'
#33800
1'
b110101011000 (
b110101011000 ,
b110101011000 9
b111000111 )
b111000111 -
b111000111 :
b110100110100 +
#33805
0'
#33810
1'
b10100000 (
b10100000 ,
b10100000 9
b110011011110 )
b110011011110 -
b110011011110 :
b110100110101 +
#33815
0'
#33820
1'
b10100011 (
b10100011 ,
b10100011 9
b110100110110 +
#33825
0'
#33830
1'
b10100101 (
b10100101 ,
b10100101 9
b110011011111 )
b110011011111 -
b110011011111 :
b110100110111 +
#33835
0'
#33840
1'
b110101010011 (
b110101010011 ,
b110101010011 9
b111000000 )
b111000000 -
b111000000 :
b110100111000 +
#33845
0'
#33850
1'
b110101010010 (
b110101010010 ,
b110101010010 9
b110111110 )
b110111110 -
b110111110 :
b110100111001 +
#33855
0'
#33860
1'
b110101010001 (
b110101010001 ,
b110101010001 9
b110111100 )
b110111100 -
b110111100 :
b110100111010 +
#33865
0'
#33870
1'
b1100100000 (
b1100100000 ,
b1100100000 9
b10101101 )
b10101101 -
b10101101 :
b110100111011 +
#33875
0'
#33880
1'
b1100011111 (
b1100011111 ,
b1100011111 9
b10101111 )
b10101111 -
b10101111 :
b110100111100 +
#33885
0'
#33890
1'
b10110001 )
b10110001 -
b10110001 :
b110100111101 +
#33895
0'
#33900
1'
b1100011110 (
b1100011110 ,
b1100011110 9
b10110011 )
b10110011 -
b10110011 :
b110100111110 +
#33905
0'
#33910
1'
b10110101 )
b10110101 -
b10110101 :
b110100111111 +
#33915
0'
#33920
1'
b1100011101 (
b1100011101 ,
b1100011101 9
b10110111 )
b10110111 -
b10110111 :
b110101000000 +
#33925
0'
#33930
1'
b110101001001 (
b110101001001 ,
b110101001001 9
b110110000 )
b110110000 -
b110110000 :
b110101000001 +
#33935
0'
#33940
1'
b110101001000 (
b110101001000 ,
b110101001000 9
b110101110 )
b110101110 -
b110101110 :
b110101000010 +
#33945
0'
#33950
1'
b110101000111 (
b110101000111 ,
b110101000111 9
b110101100 )
b110101100 -
b110101100 :
b110101000011 +
#33955
0'
#33960
1'
b110101000110 (
b110101000110 ,
b110101000110 9
b110101010 )
b110101010 -
b110101010 :
b110101000100 +
#33965
0'
#33970
1'
b110101000101 (
b110101000101 ,
b110101000101 9
b110101000 )
b110101000 -
b110101000 :
b110101000101 +
#33975
0'
#33980
1'
b110101000100 (
b110101000100 ,
b110101000100 9
b110100111 )
b110100111 -
b110100111 :
b110101000110 +
#33985
0'
#33990
1'
b111100111010 (
b111100111010 ,
b111100111010 9
b1100011010 )
b1100011010 -
b1100011010 :
b110101000111 +
#33995
0'
#34000
1'
b111100111000 (
b111100111000 ,
b111100111000 9
b1100011001 )
b1100011001 -
b1100011001 :
b110101001000 +
#34005
0'
#34010
1'
b111100110110 (
b111100110110 ,
b111100110110 9
b110101001001 +
#34015
0'
#34020
1'
b110011111 (
b110011111 ,
b110011111 9
b1011000001 )
b1011000001 -
b1011000001 :
b110101001010 +
#34025
0'
#34030
1'
b110011101 (
b110011101 ,
b110011101 9
b1011000010 )
b1011000010 -
b1011000010 :
b110101001011 +
#34035
0'
#34040
1'
b110011100 (
b110011100 ,
b110011100 9
b1011000011 )
b1011000011 -
b1011000011 :
b110101001100 +
#34045
0'
#34050
1'
b1100010111 (
b1100010111 ,
b1100010111 9
b11010010 )
b11010010 -
b11010010 :
b110101001101 +
#34055
0'
#34060
1'
b1100010110 (
b1100010110 ,
b1100010110 9
b11010101 )
b11010101 -
b11010101 :
b110101001110 +
#34065
0'
#34070
1'
b11010111 )
b11010111 -
b11010111 :
b110101001111 +
#34075
0'
#34080
1'
b110011101011 (
b110011101011 ,
b110011101011 9
b111100100111 )
b111100100111 -
b111100100111 :
b110101010000 +
#34085
0'
#34090
1'
b110011101100 (
b110011101100 ,
b110011101100 9
b111100100101 )
b111100100101 -
b111100100101 :
b110101010001 +
#34095
0'
#34100
1'
b111100100011 )
b111100100011 -
b111100100011 :
b110101010010 +
#34105
0'
#34110
1'
b11011111 (
b11011111 ,
b11011111 9
b110011101101 )
b110011101101 -
b110011101101 :
b110101010011 +
#34115
0'
#34120
1'
b11100001 (
b11100001 ,
b11100001 9
b110101010100 +
#34125
0'
#34130
1'
b11100011 (
b11100011 ,
b11100011 9
b110011101110 )
b110011101110 -
b110011101110 :
b110101010101 +
#34135
0'
#34140
1'
b1100010001 (
b1100010001 ,
b1100010001 9
b11100101 )
b11100101 -
b11100101 :
b110101010110 +
#34145
0'
#34150
1'
b11100111 )
b11100111 -
b11100111 :
b110101010111 +
#34155
0'
#34160
1'
b1100010000 (
b1100010000 ,
b1100010000 9
b11101001 )
b11101001 -
b11101001 :
b110101011000 +
#34165
0'
#34170
1'
b11101011 (
b11101011 ,
b11101011 9
b110011110000 )
b110011110000 -
b110011110000 :
b110101011001 +
#34175
0'
#34180
1'
b11101101 (
b11101101 ,
b11101101 9
b110011110001 )
b110011110001 -
b110011110001 :
b110101011010 +
#34185
0'
#34190
1'
b11101111 (
b11101111 ,
b11101111 9
b110011110010 )
b110011110010 -
b110011110010 :
b110101011011 +
#34195
0'
#34200
1'
b1011010100 (
b1011010100 ,
b1011010100 9
b111010000010 )
b111010000010 -
b111010000010 :
b110101011100 +
#34205
0'
#34210
1'
b1011010101 (
b1011010101 ,
b1011010101 9
b111010000100 )
b111010000100 -
b111010000100 :
b110101011101 +
#34215
0'
#34220
1'
b1011010110 (
b1011010110 ,
b1011010110 9
b111010000110 )
b111010000110 -
b111010000110 :
b110101011110 +
#34225
0'
#34230
1'
b11110111 (
b11110111 ,
b11110111 9
b110011110100 )
b110011110100 -
b110011110100 :
b110101011111 +
#34235
0'
#34240
1'
b11111010 (
b11111010 ,
b11111010 9
b110011110101 )
b110011110101 -
b110011110101 :
b110101100000 +
#34245
0'
#34250
1'
b11111100 (
b11111100 ,
b11111100 9
b110101100001 +
#34255
0'
#34260
1'
b1011011010 (
b1011011010 ,
b1011011010 9
b111010001110 )
b111010001110 -
b111010001110 :
b110101100010 +
#34265
0'
#34270
1'
b1011011011 (
b1011011011 ,
b1011011011 9
b111010010000 )
b111010010000 -
b111010010000 :
b110101100011 +
#34275
0'
#34280
1'
b111010010010 )
b111010010010 -
b111010010010 :
b110101100100 +
#34285
0'
#34290
1'
b110011111000 (
b110011111000 ,
b110011111000 9
b111011111100 )
b111011111100 -
b111011111100 :
b110101100101 +
#34295
0'
#34300
1'
b110011111001 (
b110011111001 ,
b110011111001 9
b111011111010 )
b111011111010 -
b111011111010 :
b110101100110 +
#34305
0'
#34310
1'
b110011111010 (
b110011111010 ,
b110011111010 9
b111011111000 )
b111011111000 -
b111011111000 :
b110101100111 +
#34315
0'
#34320
1'
b110100100001 (
b110100100001 ,
b110100100001 9
b101100111 )
b101100111 -
b101100111 :
b110101101000 +
#34325
0'
#34330
1'
b110100100000 (
b110100100000 ,
b110100100000 9
b101100101 )
b101100101 -
b101100101 :
b110101101001 +
#34335
0'
#34340
1'
b110100011111 (
b110100011111 ,
b110100011111 9
b101100011 )
b101100011 -
b101100011 :
b110101101010 +
#34345
0'
#34350
1'
b101100001 (
b101100001 ,
b101100001 9
b1011100010 )
b1011100010 -
b1011100010 :
b110101101011 +
#34355
0'
#34360
1'
b101011111 (
b101011111 ,
b101011111 9
b1011100011 )
b1011100011 -
b1011100011 :
b110101101100 +
#34365
0'
#34370
1'
b101011101 (
b101011101 ,
b101011101 9
b1011100100 )
b1011100100 -
b1011100100 :
b110101101101 +
#34375
0'
#34380
1'
b101011011 (
b101011011 ,
b101011011 9
b1011100101 )
b1011100101 -
b1011100101 :
b110101101110 +
#34385
0'
#34390
1'
b101011001 (
b101011001 ,
b101011001 9
b1011100110 )
b1011100110 -
b1011100110 :
b110101101111 +
#34395
0'
#34400
1'
b101010111 (
b101010111 ,
b101010111 9
b1011100111 )
b1011100111 -
b1011100111 :
b110101110000 +
#34405
0'
#34410
1'
b1011111111 (
b1011111111 ,
b1011111111 9
b100011100 )
b100011100 -
b100011100 :
b110101110001 +
#34415
0'
#34420
1'
b100011110 )
b100011110 -
b100011110 :
b110101110010 +
#34425
0'
#34430
1'
b1011111110 (
b1011111110 ,
b1011111110 9
b100100000 )
b100100000 -
b100100000 :
b110101110011 +
#34435
0'
#34440
1'
b111011011110 (
b111011011110 ,
b111011011110 9
b1011111101 )
b1011111101 -
b1011111101 :
b110101110100 +
#34445
0'
#34450
1'
b111011011100 (
b111011011100 ,
b111011011100 9
b1011111100 )
b1011111100 -
b1011111100 :
b110101110101 +
#34455
0'
#34460
1'
b111011011010 (
b111011011010 ,
b111011011010 9
b110101110110 +
#34465
0'
#34470
1'
b100101000 (
b100101000 ,
b100101000 9
b110100000101 )
b110100000101 -
b110100000101 :
b110101110111 +
#34475
0'
#34480
1'
b100101010 (
b100101010 ,
b100101010 9
b110100000110 )
b110100000110 -
b110100000110 :
b110101111000 +
#34485
0'
#34490
1'
b100101100 (
b100101100 ,
b100101100 9
b110100000111 )
b110100000111 -
b110100000111 :
b110101111001 +
#34495
0'
#34500
1'
b110100010001 (
b110100010001 ,
b110100010001 9
b101000100 )
b101000100 -
b101000100 :
b110101111010 +
#34505
0'
#34510
1'
b110100010000 (
b110100010000 ,
b110100010000 9
b101000010 )
b101000010 -
b101000010 :
b110101111011 +
#34515
0'
#34520
1'
b110100001111 (
b110100001111 ,
b110100001111 9
b101000000 )
b101000000 -
b101000000 :
b110101111100 +
#34525
0'
#34530
1'
b100111110 (
b100111110 ,
b100111110 9
b1011110010 )
b1011110010 -
b1011110010 :
b110101111101 +
#34535
0'
#34540
1'
b100111100 (
b100111100 ,
b100111100 9
b1011110011 )
b1011110011 -
b1011110011 :
b110101111110 +
#34545
0'
#34550
1'
b100111010 (
b100111010 ,
b100111010 9
b1011110100 )
b1011110100 -
b1011110100 :
b110101111111 +
#34555
0'
#34560
1'
b110100001100 )
b110100001100 -
b110100001100 :
b110110000000 +
#34565
0'
#34570
1'
b100111100 (
b100111100 ,
b100111100 9
b110100001101 )
b110100001101 -
b110100001101 :
b110110000001 +
#34575
0'
#34580
1'
b100111110 (
b100111110 ,
b100111110 9
b110100001110 )
b110100001110 -
b110100001110 :
b110110000010 +
#34585
0'
#34590
1'
b101000000 (
b101000000 ,
b101000000 9
b110100001111 )
b110100001111 -
b110100001111 :
b110110000011 +
#34595
0'
#34600
1'
b101000010 (
b101000010 ,
b101000010 9
b110100010000 )
b110100010000 -
b110100010000 :
b110110000100 +
#34605
0'
#34610
1'
b101000100 (
b101000100 ,
b101000100 9
b110100010001 )
b110100010001 -
b110100010001 :
b110110000101 +
#34615
0'
#34620
1'
b1011111001 (
b1011111001 ,
b1011111001 9
b111011010100 )
b111011010100 -
b111011010100 :
b110110000110 +
#34625
0'
#34630
1'
b1011111010 (
b1011111010 ,
b1011111010 9
b111011010110 )
b111011010110 -
b111011010110 :
b110110000111 +
#34635
0'
#34640
1'
b1011111011 (
b1011111011 ,
b1011111011 9
b111011011000 )
b111011011000 -
b111011011000 :
b110110001000 +
#34645
0'
#34650
1'
b110100010100 (
b110100010100 ,
b110100010100 9
b111010110101 )
b111010110101 -
b111010110101 :
b110110001001 +
#34655
0'
#34660
1'
b110100010101 (
b110100010101 ,
b110100010101 9
b111010110011 )
b111010110011 -
b111010110011 :
b110110001010 +
#34665
0'
#34670
1'
b110100010110 (
b110100010110 ,
b110100010110 9
b111010110001 )
b111010110001 -
b111010110001 :
b110110001011 +
#34675
0'
#34680
1'
b110100000010 (
b110100000010 ,
b110100000010 9
b100100000 )
b100100000 -
b100100000 :
b110110001100 +
#34685
0'
#34690
1'
b110100000001 (
b110100000001 ,
b110100000001 9
b100011110 )
b100011110 -
b100011110 :
b110110001101 +
#34695
0'
#34700
1'
b100011100 )
b100011100 -
b100011100 :
b110110001110 +
#34705
0'
#34710
1'
b111010101001 (
b111010101001 ,
b111010101001 9
b1011100111 )
b1011100111 -
b1011100111 :
b110110001111 +
#34715
0'
#34720
1'
b111010100111 (
b111010100111 ,
b111010100111 9
b1011100110 )
b1011100110 -
b1011100110 :
b110110010000 +
#34725
0'
#34730
1'
b111010100101 (
b111010100101 ,
b111010100101 9
b1011100101 )
b1011100101 -
b1011100101 :
b110110010001 +
#34735
0'
#34740
1'
b111010100011 (
b111010100011 ,
b111010100011 9
b1011100100 )
b1011100100 -
b1011100100 :
b110110010010 +
#34745
0'
#34750
1'
b111010100001 (
b111010100001 ,
b111010100001 9
b1011100011 )
b1011100011 -
b1011100011 :
b110110010011 +
#34755
0'
#34760
1'
b111010011111 (
b111010011111 ,
b111010011111 9
b1011100010 )
b1011100010 -
b1011100010 :
b110110010100 +
#34765
0'
#34770
1'
b111011110010 (
b111011110010 ,
b111011110010 9
b110011111100 )
b110011111100 -
b110011111100 :
b110110010101 +
#34775
0'
#34780
1'
b111011110100 (
b111011110100 ,
b111011110100 9
b110011111011 )
b110011111011 -
b110011111011 :
b110110010110 +
#34785
0'
#34790
1'
b111011110110 (
b111011110110 ,
b111011110110 9
b110011111010 )
b110011111010 -
b110011111010 :
b110110010111 +
#34795
0'
#34800
1'
b1011011110 (
b1011011110 ,
b1011011110 9
b101101001 )
b101101001 -
b101101001 :
b110110011000 +
#34805
0'
#34810
1'
b1011011101 (
b1011011101 ,
b1011011101 9
b101101010 )
b101101010 -
b101101010 :
b110110011001 +
#34815
0'
#34820
1'
b1011011100 (
b1011011100 ,
b1011011100 9
b101101100 )
b101101100 -
b101101100 :
b110110011010 +
#34825
0'
#34830
1'
b101101110 (
b101101110 ,
b101101110 9
b110100100100 )
b110100100100 -
b110100100100 :
b110110011011 +
#34835
0'
#34840
1'
b101110000 (
b101110000 ,
b101110000 9
b110100100101 )
b110100100101 -
b110100100101 :
b110110011100 +
#34845
0'
#34850
1'
b101110010 (
b101110010 ,
b101110010 9
b110100100110 )
b110100100110 -
b110100100110 :
b110110011101 +
#34855
0'
#34860
1'
b1100001011 (
b1100001011 ,
b1100001011 9
b111100000100 )
b111100000100 -
b111100000100 :
b110110011110 +
#34865
0'
#34870
1'
b111100000110 )
b111100000110 -
b111100000110 :
b110110011111 +
#34875
0'
#34880
1'
b1100001100 (
b1100001100 ,
b1100001100 9
b111100001000 )
b111100001000 -
b111100001000 :
b110110100000 +
#34885
0'
#34890
1'
b1011010110 (
b1011010110 ,
b1011010110 9
b101111010 )
b101111010 -
b101111010 :
b110110100001 +
#34895
0'
#34900
1'
b1011010101 (
b1011010101 ,
b1011010101 9
b101111100 )
b101111100 -
b101111100 :
b110110100010 +
#34905
0'
#34910
1'
b1011010100 (
b1011010100 ,
b1011010100 9
b101111110 )
b101111110 -
b101111110 :
b110110100011 +
#34915
0'
#34920
1'
b11101111 (
b11101111 ,
b11101111 9
b1100001110 )
b1100001110 -
b1100001110 :
b110110100100 +
#34925
0'
#34930
1'
b11101101 (
b11101101 ,
b11101101 9
b1100001111 )
b1100001111 -
b1100001111 :
b110110100101 +
#34935
0'
#34940
1'
b11101011 (
b11101011 ,
b11101011 9
b1100010000 )
b1100010000 -
b1100010000 :
b110110100110 +
#34945
0'
#34950
1'
b1011010000 (
b1011010000 ,
b1011010000 9
b110000101 )
b110000101 -
b110000101 :
b110110100111 +
#34955
0'
#34960
1'
b1011001111 (
b1011001111 ,
b1011001111 9
b110000111 )
b110000111 -
b110000111 :
b110110101000 +
#34965
0'
#34970
1'
b1011001110 (
b1011001110 ,
b1011001110 9
b110001001 )
b110001001 -
b110001001 :
b110110101001 +
#34975
0'
#34980
1'
b110100110011 (
b110100110011 ,
b110100110011 9
b111001110101 )
b111001110101 -
b111001110101 :
b110110101010 +
#34985
0'
#34990
1'
b110100110100 (
b110100110100 ,
b110100110100 9
b111001110011 )
b111001110011 -
b111001110011 :
b110110101011 +
#34995
0'
#35000
1'
b110100110101 (
b110100110101 ,
b110100110101 9
b111001110010 )
b111001110010 -
b111001110010 :
b110110101100 +
#35005
0'
#35010
1'
b1100010100 (
b1100010100 ,
b1100010100 9
b111100100011 )
b111100100011 -
b111100100011 :
b110110101101 +
#35015
0'
#35020
1'
b111100100101 )
b111100100101 -
b111100100101 :
b110110101110 +
#35025
0'
#35030
1'
b1100010101 (
b1100010101 ,
b1100010101 9
b111100100111 )
b111100100111 -
b111100100111 :
b110110101111 +
#35035
0'
#35040
1'
b110011101010 (
b110011101010 ,
b110011101010 9
b11010111 )
b11010111 -
b11010111 :
b110110110000 +
#35045
0'
#35050
1'
b11010101 )
b11010101 -
b11010101 :
b110110110001 +
#35055
0'
#35060
1'
b110011101001 (
b110011101001 ,
b110011101001 9
b11010011 )
b11010011 -
b11010011 :
b110110110010 +
#35065
0'
#35070
1'
b11010001 )
b11010001 -
b11010001 :
b110110110011 +
#35075
0'
#35080
1'
b110011101000 (
b110011101000 ,
b110011101000 9
b11001110 )
b11001110 -
b11001110 :
b110110110100 +
#35085
0'
#35090
1'
b11001100 )
b11001100 -
b11001100 :
b110110110101 +
#35095
0'
#35100
1'
b111001011111 (
b111001011111 ,
b111001011111 9
b1011000000 )
b1011000000 -
b1011000000 :
b110110110110 +
#35105
0'
#35110
1'
b111001011101 (
b111001011101 ,
b111001011101 9
b1010111111 )
b1010111111 -
b1010111111 :
b110110110111 +
#35115
0'
#35120
1'
b111001011011 (
b111001011011 ,
b111001011011 9
b1010111110 )
b1010111110 -
b1010111110 :
b110110111000 +
#35125
0'
#35130
1'
b1010111101 (
b1010111101 ,
b1010111101 9
b110100111 )
b110100111 -
b110100111 :
b110110111001 +
#35135
0'
#35140
1'
b1010111011 (
b1010111011 ,
b1010111011 9
b110101000 )
b110101000 -
b110101000 :
b110110111010 +
#35145
0'
#35150
1'
b1010111010 (
b1010111010 ,
b1010111010 9
b110101010 )
b110101010 -
b110101010 :
b110110111011 +
#35155
0'
#35160
1'
b1100011100 (
b1100011100 ,
b1100011100 9
b111101000010 )
b111101000010 -
b111101000010 :
b110110111100 +
#35165
0'
#35170
1'
b111101000100 )
b111101000100 -
b111101000100 :
b110110111101 +
#35175
0'
#35180
1'
b1100011101 (
b1100011101 ,
b1100011101 9
b111101000110 )
b111101000110 -
b111101000110 :
b110110111110 +
#35185
0'
#35190
1'
b111101001000 )
b111101001000 -
b111101001000 :
b110110111111 +
#35195
0'
#35200
1'
b1100011110 (
b1100011110 ,
b1100011110 9
b111101001010 )
b111101001010 -
b111101001010 :
b110111000000 +
#35205
0'
#35210
1'
b111101001101 )
b111101001101 -
b111101001101 :
b110111000001 +
#35215
0'
#35220
1'
b1100011111 (
b1100011111 ,
b1100011111 9
b111101001111 )
b111101001111 -
b111101001111 :
b110111000010 +
#35225
0'
#35230
1'
b111101010001 )
b111101010001 -
b111101010001 :
b110111000011 +
#35235
0'
#35240
1'
b1100100000 (
b1100100000 ,
b1100100000 9
b111101010011 )
b111101010011 -
b111101010011 :
b110111000100 +
#35245
0'
#35250
1'
b111001000100 (
b111001000100 ,
b111001000100 9
b1010101111 )
b1010101111 -
b1010101111 :
b110111000101 +
#35255
0'
#35260
1'
b111001000010 (
b111001000010 ,
b111001000010 9
b1010101110 )
b1010101110 -
b1010101110 :
b110111000110 +
#35265
0'
#35270
1'
b111001000000 (
b111001000000 ,
b111001000000 9
b1010101101 )
b1010101101 -
b1010101101 :
b110111000111 +
#35275
0'
#35280
1'
b110101010101 (
b110101010101 ,
b110101010101 9
b111000111110 )
b111000111110 -
b111000111110 :
b110111001000 +
#35285
0'
#35290
1'
b110101010110 (
b110101010110 ,
b110101010110 9
b111000111101 )
b111000111101 -
b111000111101 :
b110111001001 +
#35295
0'
#35300
1'
b110101010111 (
b110101010111 ,
b110101010111 9
b111000111011 )
b111000111011 -
b111000111011 :
b110111001010 +
#35305
0'
#35310
1'
b1010101000 (
b1010101000 ,
b1010101000 9
b111000111 )
b111000111 -
b111000111 :
b110111001011 +
#35315
0'
#35320
1'
b1010100111 (
b1010100111 ,
b1010100111 9
b111001001 )
b111001001 -
b111001001 :
b110111001100 +
#35325
0'
#35330
1'
b1010100101 (
b1010100101 ,
b1010100101 9
b111001011 )
b111001011 -
b111001011 :
b110111001101 +
#35335
0'
#35340
1'
b1010100100 (
b1010100100 ,
b1010100100 9
b111001100 )
b111001100 -
b111001100 :
b110111001110 +
#35345
0'
#35350
1'
b1010100011 (
b1010100011 ,
b1010100011 9
b111001110 )
b111001110 -
b111001110 :
b110111001111 +
#35355
0'
#35360
1'
b1010100010 (
b1010100010 ,
b1010100010 9
b111010000 )
b111010000 -
b111010000 :
b110111010000 +
#35365
0'
#35370
1'
b111000101110 (
b111000101110 ,
b111000101110 9
b1010100001 )
b1010100001 -
b1010100001 :
b110111010001 +
#35375
0'
#35380
1'
b111000101101 (
b111000101101 ,
b111000101101 9
b1010011111 )
b1010011111 -
b1010011111 :
b110111010010 +
#35385
0'
#35390
1'
b111000101011 (
b111000101011 ,
b111000101011 9
b1010011110 )
b1010011110 -
b1010011110 :
b110111010011 +
#35395
0'
#35400
1'
b1100100110 (
b1100100110 ,
b1100100110 9
b111101110100 )
b111101110100 -
b111101110100 :
b110111010100 +
#35405
0'
#35410
1'
b1100100111 (
b1100100111 ,
b1100100111 9
b111101110111 )
b111101110111 -
b111101110111 :
b110111010101 +
#35415
0'
#35420
1'
b111101111001 )
b111101111001 -
b111101111001 :
b110111010110 +
#35425
0'
#35430
1'
b10000101 (
b10000101 ,
b10000101 9
b1100100111 )
b1100100111 -
b1100100111 :
b110111010111 +
#35435
0'
#35440
1'
b10000011 (
b10000011 ,
b10000011 9
b1100101000 )
b1100101000 -
b1100101000 :
b110111011000 +
#35445
0'
#35450
1'
b10000001 (
b10000001 ,
b10000001 9
b110111011001 +
#35455
0'
#35460
1'
b1111111 (
b1111111 ,
b1111111 9
b110111011010 +
#35465
0'
#35470
1'
b1111101 (
b1111101 ,
b1111101 9
b1100101001 )
b1100101001 -
b1100101001 :
b110111011011 +
#35475
0'
#35480
1'
b1111011 (
b1111011 ,
b1111011 9
b110111011100 +
#35485
0'
#35490
1'
b1100101001 (
b1100101001 ,
b1100101001 9
b111110000111 )
b111110000111 -
b111110000111 :
b110111011101 +
#35495
0'
#35500
1'
b1100101010 (
b1100101010 ,
b1100101010 9
b111110001010 )
b111110001010 -
b111110001010 :
b110111011110 +
#35505
0'
#35510
1'
b111110001100 )
b111110001100 -
b111110001100 :
b110111011111 +
#35515
0'
#35520
1'
b111000010100 (
b111000010100 ,
b111000010100 9
b1010001110 )
b1010001110 -
b1010001110 :
b110111100000 +
#35525
0'
#35530
1'
b111000010011 (
b111000010011 ,
b111000010011 9
b1010001101 )
b1010001101 -
b1010001101 :
b110111100001 +
#35535
0'
#35540
1'
b111000010001 (
b111000010001 ,
b111000010001 9
b1010001011 )
b1010001011 -
b1010001011 :
b110111100010 +
#35545
0'
#35550
1'
b111110010100 (
b111110010100 ,
b111110010100 9
b110011010101 )
b110011010101 -
b110011010101 :
b110111100011 +
#35555
0'
#35560
1'
b111110010110 (
b111110010110 ,
b111110010110 9
b110111100100 +
#35565
0'
#35570
1'
b111110011000 (
b111110011000 ,
b111110011000 9
b110011010100 )
b110011010100 -
b110011010100 :
b110111100101 +
#35575
0'
#35580
1'
b111110011011 (
b111110011011 ,
b111110011011 9
b110111100110 +
#35585
0'
#35590
1'
b111110011101 (
b111110011101 ,
b111110011101 9
b110111100111 +
#35595
0'
#35600
1'
b111110011111 (
b111110011111 ,
b111110011111 9
b110111101000 +
#35605
0'
#35610
1'
b1100101101 (
b1100101101 ,
b1100101101 9
b111110100001 )
b111110100001 -
b111110100001 :
b110111101001 +
#35615
0'
#35620
1'
b111110100011 )
b111110100011 -
b111110100011 :
b110111101010 +
#35625
0'
#35630
1'
b111110100101 )
b111110100101 -
b111110100101 :
b110111101011 +
#35635
0'
#35640
1'
b1011001 (
b1011001 ,
b1011001 9
b1100101101 )
b1100101101 -
b1100101101 :
b110111101100 +
#35645
0'
#35650
1'
b1010111 (
b1010111 ,
b1010111 9
b1100101110 )
b1100101110 -
b1100101110 :
b110111101101 +
#35655
0'
#35660
1'
b1010100 (
b1010100 ,
b1010100 9
b110111101110 +
#35665
0'
#35670
1'
b110011010010 (
b110011010010 ,
b110011010010 9
b1010010 )
b1010010 -
b1010010 :
b110111101111 +
#35675
0'
#35680
1'
b1010000 )
b1010000 -
b1010000 :
b110111110000 +
#35685
0'
#35690
1'
b110011010001 (
b110011010001 ,
b110011010001 9
b1001110 )
b1001110 -
b1001110 :
b110111110001 +
#35695
0'
#35700
1'
b1001100 )
b1001100 -
b1001100 :
b110111110010 +
#35705
0'
#35710
1'
b1001010 )
b1001010 -
b1001010 :
b110111110011 +
#35715
0'
#35720
1'
b1001000 )
b1001000 -
b1001000 :
b110111110100 +
#35725
0'
#35730
1'
b1000001111 (
b1000001111 ,
b1000001111 9
b110110001110 )
b110110001110 -
b110110001110 :
b110111110101 +
#35735
0'
#35740
1'
b1000010000 (
b1000010000 ,
b1000010000 9
b110110001111 )
b110110001111 -
b110110001111 :
b110111110110 +
#35745
0'
#35750
1'
b1000010010 (
b1000010010 ,
b1000010010 9
b110110010001 )
b110110010001 -
b110110010001 :
b110111110111 +
#35755
0'
#35760
1'
b110111101100 (
b110111101100 ,
b110111101100 9
b1001101110 )
b1001101110 -
b1001101110 :
b110111111000 +
#35765
0'
#35770
1'
b110111101011 (
b110111101011 ,
b110111101011 9
b1001101100 )
b1001101100 -
b1001101100 :
b110111111001 +
#35775
0'
#35780
1'
b110111101001 (
b110111101001 ,
b110111101001 9
b1001101011 )
b1001101011 -
b1001101011 :
b110111111010 +
#35785
0'
#35790
1'
b111001 (
b111001 ,
b111001 9
b1100110000 )
b1100110000 -
b1100110000 :
b110111111011 +
#35795
0'
#35800
1'
b110111 (
b110111 ,
b110111 9
b110111111100 +
#35805
0'
#35810
1'
b110100 (
b110100 ,
b110100 9
b1100110001 )
b1100110001 -
b1100110001 :
b110111111101 +
#35815
0'
#35820
1'
b110110011011 (
b110110011011 ,
b110110011011 9
b110111100011 )
b110111100011 -
b110111100011 :
b110111111110 +
#35825
0'
#35830
1'
b110110011100 (
b110110011100 ,
b110110011100 9
b110111100001 )
b110111100001 -
b110111100001 :
b110111111111 +
#35835
0'
#35840
1'
b110110011110 (
b110110011110 ,
b110110011110 9
b110111011111 )
b110111011111 -
b110111011111 :
b111000000000 +
#35845
0'
#35850
1'
b1100110001 (
b1100110001 ,
b1100110001 9
b111111010100 )
b111111010100 -
b111111010100 :
b111000000001 +
#35855
0'
#35860
1'
b111111010110 )
b111111010110 -
b111111010110 :
b111000000010 +
#35865
0'
#35870
1'
b111111011000 )
b111111011000 -
b111111011000 :
b111000000011 +
#35875
0'
#35880
1'
b1001011101 (
b1001011101 ,
b1001011101 9
b1000100111 )
b1000100111 -
b1000100111 :
b111000000100 +
#35885
0'
#35890
1'
b1001011011 (
b1001011011 ,
b1001011011 9
b1000101001 )
b1000101001 -
b1000101001 :
b111000000101 +
#35895
0'
#35900
1'
b1001011010 (
b1001011010 ,
b1001011010 9
b1000101010 )
b1000101010 -
b1000101010 :
b111000000110 +
#35905
0'
#35910
1'
b1001011000 (
b1001011000 ,
b1001011000 9
b1000101100 )
b1000101100 -
b1000101100 :
b111000000111 +
#35915
0'
#35920
1'
b1001010111 (
b1001010111 ,
b1001010111 9
b1000101101 )
b1000101101 -
b1000101101 :
b111000001000 +
#35925
0'
#35930
1'
b1001010101 (
b1001010101 ,
b1001010101 9
b1000101111 )
b1000101111 -
b1000101111 :
b111000001001 +
#35935
0'
#35940
1'
b1001010100 (
b1001010100 ,
b1001010100 9
b1000110000 )
b1000110000 -
b1000110000 :
b111000001010 +
#35945
0'
#35950
1'
b1001010011 (
b1001010011 ,
b1001010011 9
b1000110010 )
b1000110010 -
b1000110010 :
b111000001011 +
#35955
0'
#35960
1'
b1001010001 (
b1001010001 ,
b1001010001 9
b1000110100 )
b1000110100 -
b1000110100 :
b111000001100 +
#35965
0'
#35970
1'
b10010 (
b10010 ,
b10010 9
b1100110010 )
b1100110010 -
b1100110010 :
b111000001101 +
#35975
0'
#35980
1'
b10000 (
b10000 ,
b10000 9
b111000001110 +
#35985
0'
#35990
1'
b1110 (
b1110 ,
b1110 9
b111000001111 +
#35995
0'
#36000
1'
b110011001110 (
b110011001110 ,
b110011001110 9
b1100 )
b1100 -
b1100 :
b111000010000 +
#36005
0'
#36010
1'
b1010 )
b1010 -
b1010 :
b111000010001 +
#36015
0'
#36020
1'
b1000 )
b1000 -
b1000 :
b111000010010 +
#36025
0'
#36030
1'
b101 (
b101 ,
b101 9
b1100110010 )
b1100110010 -
b1100110010 :
b111000010011 +
#36035
0'
#36040
1'
b11 (
b11 ,
b11 9
b111000010100 +
#36045
0'
#36050
1'
b1 (
b1 ,
b1 9
b111000010101 +
#36055
0'
#36060
1'
b110110111110 (
b110110111110 ,
b110110111110 9
b110110111101 )
b110110111101 -
b110110111101 :
b111000010110 +
#36065
0'
#36070
1'
b110110111111 (
b110110111111 ,
b110110111111 9
b110110111100 )
b110110111100 -
b110110111100 :
b111000010111 +
#36075
0'
#36080
1'
b110111000001 (
b110111000001 ,
b110111000001 9
b110110111010 )
b110110111010 -
b110110111010 :
b111000011000 +
#36085
0'
#36090
1'
b110110111001 (
b110110111001 ,
b110110111001 9
b1000111110 )
b1000111110 -
b1000111110 :
b111000011001 +
#36095
0'
#36100
1'
b110110110111 (
b110110110111 ,
b110110110111 9
b1000111100 )
b1000111100 -
b1000111100 :
b111000011010 +
#36105
0'
#36110
1'
b110110110110 (
b110110110110 ,
b110110110110 9
b1000111011 )
b1000111011 -
b1000111011 :
b111000011011 +
#36115
0'
#36120
1'
b111111110011 (
b111111110011 ,
b111111110011 9
b1100110010 )
b1100110010 -
b1100110010 :
b111000011100 +
#36125
0'
#36130
1'
b111111110001 (
b111111110001 ,
b111111110001 9
b111000011101 +
#36135
0'
#36140
1'
b111111101111 (
b111111101111 ,
b111111101111 9
b111000011110 +
#36145
0'
#36150
1'
b10011 (
b10011 ,
b10011 9
b110011001110 )
b110011001110 -
b110011001110 :
b111000011111 +
#36155
0'
#36160
1'
b10101 (
b10101 ,
b10101 9
b111000100000 +
#36165
0'
#36170
1'
b11000 (
b11000 ,
b11000 9
b111000100001 +
#36175
0'
#36180
1'
b110011001110 (
b110011001110 ,
b110011001110 9
b111111100110 )
b111111100110 -
b111111100110 :
b111000100010 +
#36185
0'
#36190
1'
b111111100100 )
b111111100100 -
b111111100100 :
b111000100011 +
#36195
0'
#36200
1'
b111111100010 )
b111111100010 -
b111111100010 :
b111000100100 +
#36205
0'
#36210
1'
b111111100000 )
b111111100000 -
b111111100000 :
b111000100101 +
#36215
0'
#36220
1'
b111111011110 )
b111111011110 -
b111111011110 :
b111000100110 +
#36225
0'
#36230
1'
b110011001111 (
b110011001111 ,
b110011001111 9
b111111011100 )
b111111011100 -
b111111011100 :
b111000100111 +
#36235
0'
#36240
1'
b1100110001 (
b1100110001 ,
b1100110001 9
b100111 )
b100111 -
b100111 :
b111000101000 +
#36245
0'
#36250
1'
b101001 )
b101001 -
b101001 :
b111000101001 +
#36255
0'
#36260
1'
b101011 )
b101011 -
b101011 :
b111000101010 +
#36265
0'
#36270
1'
b110011001111 (
b110011001111 ,
b110011001111 9
b111111010011 )
b111111010011 -
b111111010011 :
b111000101011 +
#36275
0'
#36280
1'
b111111010001 )
b111111010001 -
b111111010001 :
b111000101100 +
#36285
0'
#36290
1'
b111111001111 )
b111111001111 -
b111111001111 :
b111000101101 +
#36295
0'
#36300
1'
b111111001101 (
b111111001101 ,
b111111001101 9
b1100110001 )
b1100110001 -
b1100110001 :
b111000101110 +
#36305
0'
#36310
1'
b111111001011 (
b111111001011 ,
b111111001011 9
b111000101111 +
#36315
0'
#36320
1'
b111111001000 (
b111111001000 ,
b111111001000 9
b1100110000 )
b1100110000 -
b1100110000 :
b111000110000 +
#36325
0'
#36330
1'
b1000011000 (
b1000011000 ,
b1000011000 9
b1001101010 )
b1001101010 -
b1001101010 :
b111000110001 +
#36335
0'
#36340
1'
b1000010110 (
b1000010110 ,
b1000010110 9
b1001101100 )
b1001101100 -
b1001101100 :
b111000110010 +
#36345
0'
#36350
1'
b1000010101 (
b1000010101 ,
b1000010101 9
b1001101101 )
b1001101101 -
b1001101101 :
b111000110011 +
#36355
0'
#36360
1'
b110111101101 (
b110111101101 ,
b110111101101 9
b110110010010 )
b110110010010 -
b110110010010 :
b111000110100 +
#36365
0'
#36370
1'
b110111101111 (
b110111101111 ,
b110111101111 9
b110110010000 )
b110110010000 -
b110110010000 :
b111000110101 +
#36375
0'
#36380
1'
b110111110000 (
b110111110000 ,
b110111110000 9
b110110001111 )
b110110001111 -
b110110001111 :
b111000110110 +
#36385
0'
#36390
1'
b111110111001 (
b111110111001 ,
b111110111001 9
b1100101111 )
b1100101111 -
b1100101111 :
b111000110111 +
#36395
0'
#36400
1'
b111110110111 (
b111110110111 ,
b111110110111 9
b111000111000 +
#36405
0'
#36410
1'
b111110110101 (
b111110110101 ,
b111110110101 9
b111000111001 +
#36415
0'
#36420
1'
b110011010001 (
b110011010001 ,
b110011010001 9
b111110110011 )
b111110110011 -
b111110110011 :
b111000111010 +
#36425
0'
#36430
1'
b110011010010 (
b110011010010 ,
b110011010010 9
b111110110001 )
b111110110001 -
b111110110001 :
b111000111011 +
#36435
0'
#36440
1'
b111110101111 )
b111110101111 -
b111110101111 :
b111000111100 +
#36445
0'
#36450
1'
b1000000100 (
b1000000100 ,
b1000000100 9
b1001111011 )
b1001111011 -
b1001111011 :
b111000111101 +
#36455
0'
#36460
1'
b1000000011 (
b1000000011 ,
b1000000011 9
b1001111100 )
b1001111100 -
b1001111100 :
b111000111110 +
#36465
0'
#36470
1'
b1000000001 (
b1000000001 ,
b1000000001 9
b1001111101 )
b1001111101 -
b1001111101 :
b111000111111 +
#36475
0'
#36480
1'
b110110000001 (
b110110000001 ,
b110110000001 9
b111111111 )
b111111111 -
b111111111 :
b111001000000 +
#36485
0'
#36490
1'
b110110000000 (
b110110000000 ,
b110110000000 9
b111111110 )
b111111110 -
b111111110 :
b111001000001 +
#36495
0'
#36500
1'
b110101111111 (
b110101111111 ,
b110101111111 9
b111111100 )
b111111100 -
b111111100 :
b111001000010 +
#36505
0'
#36510
1'
b111110100000 (
b111110100000 ,
b111110100000 9
b1100101101 )
b1100101101 -
b1100101101 :
b111001000011 +
#36515
0'
#36520
1'
b111110011110 (
b111110011110 ,
b111110011110 9
b1100101100 )
b1100101100 -
b1100101100 :
b111001000100 +
#36525
0'
#36530
1'
b111110011100 (
b111110011100 ,
b111110011100 9
b111001000101 +
#36535
0'
#36540
1'
b110101111001 (
b110101111001 ,
b110101111001 9
b111110101 )
b111110101 -
b111110101 :
b111001000110 +
#36545
0'
#36550
1'
b110101111000 (
b110101111000 ,
b110101111000 9
b111110011 )
b111110011 -
b111110011 :
b111001000111 +
#36555
0'
#36560
1'
b110101110111 (
b110101110111 ,
b110101110111 9
b111110010 )
b111110010 -
b111110010 :
b111001001000 +
#36565
0'
#36570
1'
b111110000 (
b111110000 ,
b111110000 9
b1010001011 )
b1010001011 -
b1010001011 :
b111001001001 +
#36575
0'
#36580
1'
b111101110 (
b111101110 ,
b111101110 9
b1010001100 )
b1010001100 -
b1010001100 :
b111001001010 +
#36585
0'
#36590
1'
b111101101 (
b111101101 ,
b111101101 9
b1010001101 )
b1010001101 -
b1010001101 :
b111001001011 +
#36595
0'
#36600
1'
b1110011 (
b1110011 ,
b1110011 9
b110011010110 )
b110011010110 -
b110011010110 :
b111001001100 +
#36605
0'
#36610
1'
b1110101 (
b1110101 ,
b1110101 9
b111001001101 +
#36615
0'
#36620
1'
b1110111 (
b1110111 ,
b1110111 9
b110011010111 )
b110011010111 -
b110011010111 :
b111001001110 +
#36625
0'
#36630
1'
b1100101001 (
b1100101001 ,
b1100101001 9
b1111010 )
b1111010 -
b1111010 :
b111001001111 +
#36635
0'
#36640
1'
b1111100 )
b1111100 -
b1111100 :
b111001010000 +
#36645
0'
#36650
1'
b1111110 )
b1111110 -
b1111110 :
b111001010001 +
#36655
0'
#36660
1'
b10000000 (
b10000000 ,
b10000000 9
b110011011000 )
b110011011000 -
b110011011000 :
b111001010010 +
#36665
0'
#36670
1'
b10000010 (
b10000010 ,
b10000010 9
b111001010011 +
#36675
0'
#36680
1'
b10000100 (
b10000100 ,
b10000100 9
b110011011001 )
b110011011001 -
b110011011001 :
b111001010100 +
#36685
0'
#36690
1'
b1010011010 (
b1010011010 ,
b1010011010 9
b111000100101 )
b111000100101 -
b111000100101 :
b111001010101 +
#36695
0'
#36700
1'
b1010011011 (
b1010011011 ,
b1010011011 9
b111000100110 )
b111000100110 -
b111000100110 :
b111001010110 +
#36705
0'
#36710
1'
b1010011100 (
b1010011100 ,
b1010011100 9
b111000101000 )
b111000101000 -
b111000101000 :
b111001010111 +
#36715
0'
#36720
1'
b111000101010 (
b111000101010 ,
b111000101010 9
b110101100010 )
b110101100010 -
b110101100010 :
b111001011000 +
#36725
0'
#36730
1'
b111000101100 (
b111000101100 ,
b111000101100 9
b110101100001 )
b110101100001 -
b110101100001 :
b111001011001 +
#36735
0'
#36740
1'
b111000101101 (
b111000101101 ,
b111000101101 9
b110101100000 )
b110101100000 -
b110101100000 :
b111001011010 +
#36745
0'
#36750
1'
b1100100101 (
b1100100101 ,
b1100100101 9
b10010011 )
b10010011 -
b10010011 :
b111001011011 +
#36755
0'
#36760
1'
b10010101 )
b10010101 -
b10010101 :
b111001011100 +
#36765
0'
#36770
1'
b1100100100 (
b1100100100 ,
b1100100100 9
b10010111 )
b10010111 -
b10010111 :
b111001011101 +
#36775
0'
#36780
1'
b10011001 (
b10011001 ,
b10011001 9
b110011011100 )
b110011011100 -
b110011011100 :
b111001011110 +
#36785
0'
#36790
1'
b10011011 (
b10011011 ,
b10011011 9
b110011011101 )
b110011011101 -
b110011011101 :
b111001011111 +
#36795
0'
#36800
1'
b10011101 (
b10011101 ,
b10011101 9
b111001100000 +
#36805
0'
#36810
1'
b110101011000 (
b110101011000 ,
b110101011000 9
b111000110 )
b111000110 -
b111000110 :
b111001100001 +
#36815
0'
#36820
1'
b110101010110 (
b110101010110 ,
b110101010110 9
b111000100 )
b111000100 -
b111000100 :
b111001100010 +
#36825
0'
#36830
1'
b110101010101 (
b110101010101 ,
b110101010101 9
b111000011 )
b111000011 -
b111000011 :
b111001100011 +
#36835
0'
#36840
1'
b1010101100 (
b1010101100 ,
b1010101100 9
b111000111111 )
b111000111111 -
b111000111111 :
b111001100100 +
#36845
0'
#36850
1'
b1010101101 (
b1010101101 ,
b1010101101 9
b111001000001 )
b111001000001 -
b111001000001 :
b111001100101 +
#36855
0'
#36860
1'
b1010101110 (
b1010101110 ,
b1010101110 9
b111001000011 )
b111001000011 -
b111001000011 :
b111001100110 +
#36865
0'
#36870
1'
b111001000101 (
b111001000101 ,
b111001000101 9
b110101010001 )
b110101010001 -
b110101010001 :
b111001100111 +
#36875
0'
#36880
1'
b111001000110 (
b111001000110 ,
b111001000110 9
b110101001111 )
b110101001111 -
b110101001111 :
b111001101000 +
#36885
0'
#36890
1'
b111001001000 (
b111001001000 ,
b111001001000 9
b110101001110 )
b110101001110 -
b110101001110 :
b111001101001 +
#36895
0'
#36900
1'
b1010110011 (
b1010110011 ,
b1010110011 9
b111001001010 )
b111001001010 -
b111001001010 :
b111001101010 +
#36905
0'
#36910
1'
b1010110100 (
b1010110100 ,
b1010110100 9
b111001001100 )
b111001001100 -
b111001001100 :
b111001101011 +
#36915
0'
#36920
1'
b1010110101 (
b1010110101 ,
b1010110101 9
b111001001110 )
b111001001110 -
b111001001110 :
b111001101100 +
#36925
0'
#36930
1'
b1010110110 (
b1010110110 ,
b1010110110 9
b111001001111 )
b111001001111 -
b111001001111 :
b111001101101 +
#36935
0'
#36940
1'
b1010110111 (
b1010110111 ,
b1010110111 9
b111001010001 )
b111001010001 -
b111001010001 :
b111001101110 +
#36945
0'
#36950
1'
b1010111001 (
b1010111001 ,
b1010111001 9
b111001010011 )
b111001010011 -
b111001010011 :
b111001101111 +
#36955
0'
#36960
1'
b110011100100 (
b110011100100 ,
b110011100100 9
b111101000001 )
b111101000001 -
b111101000001 :
b111001110000 +
#36965
0'
#36970
1'
b110011100101 (
b110011100101 ,
b110011100101 9
b111100111111 )
b111100111111 -
b111100111111 :
b111001110001 +
#36975
0'
#36980
1'
b111100111101 )
b111100111101 -
b111100111101 :
b111001110010 +
#36985
0'
#36990
1'
b110011100110 (
b110011100110 ,
b110011100110 9
b111100111011 )
b111100111011 -
b111100111011 :
b111001110011 +
#36995
0'
#37000
1'
b111100111001 )
b111100111001 -
b111100111001 :
b111001110100 +
#37005
0'
#37010
1'
b110011100111 (
b110011100111 ,
b110011100111 9
b111100110111 )
b111100110111 -
b111100110111 :
b111001110101 +
#37015
0'
#37020
1'
b110101000000 (
b110101000000 ,
b110101000000 9
b110100000 )
b110100000 -
b110100000 :
b111001110110 +
#37025
0'
#37030
1'
b110100111111 (
b110100111111 ,
b110100111111 9
b110011110 )
b110011110 -
b110011110 :
b111001110111 +
#37035
0'
#37040
1'
b110100111101 (
b110100111101 ,
b110100111101 9
b110011100 )
b110011100 -
b110011100 :
b111001111000 +
#37045
0'
#37050
1'
b110011101001 (
b110011101001 ,
b110011101001 9
b111100101111 )
b111100101111 -
b111100101111 :
b111001111001 +
#37055
0'
#37060
1'
b110011101010 (
b110011101010 ,
b110011101010 9
b111100101100 )
b111100101100 -
b111100101100 :
b111001111010 +
#37065
0'
#37070
1'
b111100101010 )
b111100101010 -
b111100101010 :
b111001111011 +
#37075
0'
#37080
1'
b111001101011 (
b111001101011 ,
b111001101011 9
b110100111001 )
b110100111001 -
b110100111001 :
b111001111100 +
#37085
0'
#37090
1'
b111001101101 (
b111001101101 ,
b111001101101 9
b110100111000 )
b110100111000 -
b110100111000 :
b111001111101 +
#37095
0'
#37100
1'
b111001101111 (
b111001101111 ,
b111001101111 9
b110100110111 )
b110100110111 -
b110100110111 :
b111001111110 +
#37105
0'
#37110
1'
b110100110110 (
b110100110110 ,
b110100110110 9
b110001111 )
b110001111 -
b110001111 :
b111001111111 +
#37115
0'
#37120
1'
b110100110101 (
b110100110101 ,
b110100110101 9
b110001110 )
b110001110 -
b110001110 :
b111010000000 +
#37125
0'
#37130
1'
b110100110100 (
b110100110100 ,
b110100110100 9
b110001100 )
b110001100 -
b110001100 :
b111010000001 +
#37135
0'
#37140
1'
b111001110110 (
b111001110110 ,
b111001110110 9
b110100110011 )
b110100110011 -
b110100110011 :
b111010000010 +
#37145
0'
#37150
1'
b111001111000 (
b111001111000 ,
b111001111000 9
b110100110010 )
b110100110010 -
b110100110010 :
b111010000011 +
#37155
0'
#37160
1'
b111001111010 (
b111001111010 ,
b111001111010 9
b110100110001 )
b110100110001 -
b110100110001 :
b111010000100 +
#37165
0'
#37170
1'
b110100110000 (
b110100110000 ,
b110100110000 9
b110000100 )
b110000100 -
b110000100 :
b111010000101 +
#37175
0'
#37180
1'
b110100101111 (
b110100101111 ,
b110100101111 9
b110000010 )
b110000010 -
b110000010 :
b111010000110 +
#37185
0'
#37190
1'
b110100101110 (
b110100101110 ,
b110100101110 9
b110000000 )
b110000000 -
b110000000 :
b111010000111 +
#37195
0'
#37200
1'
b111010000001 (
b111010000001 ,
b111010000001 9
b110100101101 )
b110100101101 -
b110100101101 :
b111010001000 +
#37205
0'
#37210
1'
b111010000011 (
b111010000011 ,
b111010000011 9
b110100101100 )
b110100101100 -
b110100101100 :
b111010001001 +
#37215
0'
#37220
1'
b111010000101 (
b111010000101 ,
b111010000101 9
b110100101011 )
b110100101011 -
b110100101011 :
b111010001010 +
#37225
0'
#37230
1'
b111100001010 (
b111100001010 ,
b111100001010 9
b1100001100 )
b1100001100 -
b1100001100 :
b111010001011 +
#37235
0'
#37240
1'
b111100000111 (
b111100000111 ,
b111100000111 9
b111010001100 +
#37245
0'
#37250
1'
b111100000101 (
b111100000101 ,
b111100000101 9
b1100001011 )
b1100001011 -
b1100001011 :
b111010001101 +
#37255
0'
#37260
1'
b1011011001 (
b1011011001 ,
b1011011001 9
b111010001101 )
b111010001101 -
b111010001101 :
b111010001110 +
#37265
0'
#37270
1'
b1011011010 (
b1011011010 ,
b1011011010 9
b111010001111 )
b111010001111 -
b111010001111 :
b111010001111 +
#37275
0'
#37280
1'
b1011011011 (
b1011011011 ,
b1011011011 9
b111010010001 )
b111010010001 -
b111010010001 :
b111010010000 +
#37285
0'
#37290
1'
b111011111101 (
b111011111101 ,
b111011111101 9
b1100001000 )
b1100001000 -
b1100001000 :
b111010010001 +
#37295
0'
#37300
1'
b111011111011 (
b111011111011 ,
b111011111011 9
b111010010010 +
#37305
0'
#37310
1'
b111011111001 (
b111011111001 ,
b111011111001 9
b1100000111 )
b1100000111 -
b1100000111 :
b111010010011 +
#37315
0'
#37320
1'
b100001001 (
b100001001 ,
b100001001 9
b110011111010 )
b110011111010 -
b110011111010 :
b111010010100 +
#37325
0'
#37330
1'
b100001011 (
b100001011 ,
b100001011 9
b110011111011 )
b110011111011 -
b110011111011 :
b111010010101 +
#37335
0'
#37340
1'
b100001101 (
b100001101 ,
b100001101 9
b111010010110 +
#37345
0'
#37350
1'
b101100010 (
b101100010 ,
b101100010 9
b1011100010 )
b1011100010 -
b1011100010 :
b111010010111 +
#37355
0'
#37360
1'
b101100000 (
b101100000 ,
b101100000 9
b1011100011 )
b1011100011 -
b1011100011 :
b111010011000 +
#37365
0'
#37370
1'
b101011110 (
b101011110 ,
b101011110 9
b111010011001 +
#37375
0'
#37380
1'
b1011100100 (
b1011100100 ,
b1011100100 9
b111010100100 )
b111010100100 -
b111010100100 :
b111010011010 +
#37385
0'
#37390
1'
b1011100101 (
b1011100101 ,
b1011100101 9
b111010100110 )
b111010100110 -
b111010100110 :
b111010011011 +
#37395
0'
#37400
1'
b1011100110 (
b1011100110 ,
b1011100110 9
b111010101000 )
b111010101000 -
b111010101000 :
b111010011100 +
#37405
0'
#37410
1'
b111011100101 (
b111011100101 ,
b111011100101 9
b1100000000 )
b1100000000 -
b1100000000 :
b111010011101 +
#37415
0'
#37420
1'
b111011100011 (
b111011100011 ,
b111011100011 9
b1011111111 )
b1011111111 -
b1011111111 :
b111010011110 +
#37425
0'
#37430
1'
b111011100001 (
b111011100001 ,
b111011100001 9
b1011111110 )
b1011111110 -
b1011111110 :
b111010011111 +
#37435
0'
#37440
1'
b111010110000 (
b111010110000 ,
b111010110000 9
b110100010110 )
b110100010110 -
b110100010110 :
b111010100000 +
#37445
0'
#37450
1'
b111010110010 (
b111010110010 ,
b111010110010 9
b110100010101 )
b110100010101 -
b110100010101 :
b111010100001 +
#37455
0'
#37460
1'
b111010110011 (
b111010110011 ,
b111010110011 9
b110100010100 )
b110100010100 -
b110100010100 :
b111010100010 +
#37465
0'
#37470
1'
b100100111 (
b100100111 ,
b100100111 9
b110100000101 )
b110100000101 -
b110100000101 :
b111010100011 +
#37475
0'
#37480
1'
b100101001 (
b100101001 ,
b100101001 9
b110100000110 )
b110100000110 -
b110100000110 :
b111010100100 +
#37485
0'
#37490
1'
b100101011 (
b100101011 ,
b100101011 9
b111010100101 +
#37495
0'
#37500
1'
b1011111001 (
b1011111001 ,
b1011111001 9
b100101101 )
b100101101 -
b100101101 :
b111010100110 +
#37505
0'
#37510
1'
b1011111000 (
b1011111000 ,
b1011111000 9
b100101111 )
b100101111 -
b100101111 :
b111010100111 +
#37515
0'
#37520
1'
b1011110111 (
b1011110111 ,
b1011110111 9
b100110001 )
b100110001 -
b100110001 :
b111010101000 +
#37525
0'
#37530
1'
b100110011 (
b100110011 ,
b100110011 9
b110100001010 )
b110100001010 -
b110100001010 :
b111010101001 +
#37535
0'
#37540
1'
b100110101 (
b100110101 ,
b100110101 9
b111010101010 +
#37545
0'
#37550
1'
b100110111 (
b100110111 ,
b100110111 9
b110100001011 )
b110100001011 -
b110100001011 :
b111010101011 +
#37555
0'
#37560
1'
b110100001100 (
b110100001100 ,
b110100001100 9
b111011000111 )
b111011000111 -
b111011000111 :
b111010101100 +
#37565
0'
#37570
1'
b110100001101 (
b110100001101 ,
b110100001101 9
b111011000101 )
b111011000101 -
b111011000101 :
b111010101101 +
#37575
0'
#37580
1'
b110100001110 (
b110100001110 ,
b110100001110 9
b111011000011 )
b111011000011 -
b111011000011 :
b111010101110 +
#37585
0'
#37590
1'
b100111111 (
b100111111 ,
b100111111 9
b110100001110 )
b110100001110 -
b110100001110 :
b111010101111 +
#37595
0'
#37600
1'
b101000001 (
b101000001 ,
b101000001 9
b110100001111 )
b110100001111 -
b110100001111 :
b111010110000 +
#37605
0'
#37610
1'
b101000011 (
b101000011 ,
b101000011 9
b110100010000 )
b110100010000 -
b110100010000 :
b111010110001 +
#37615
0'
#37620
1'
b101000101 (
b101000101 ,
b101000101 9
b110100010001 )
b110100010001 -
b110100010001 :
b111010110010 +
#37625
0'
#37630
1'
b101000111 (
b101000111 ,
b101000111 9
b110100010010 )
b110100010010 -
b110100010010 :
b111010110011 +
#37635
0'
#37640
1'
b101001001 (
b101001001 ,
b101001001 9
b110100010011 )
b110100010011 -
b110100010011 :
b111010110100 +
#37645
0'
#37650
1'
b110100010100 (
b110100010100 ,
b110100010100 9
b111010110101 )
b111010110101 -
b111010110101 :
b111010110101 +
#37655
0'
#37660
1'
b111010110100 )
b111010110100 -
b111010110100 :
b111010110110 +
#37665
0'
#37670
1'
b110100010101 (
b110100010101 ,
b110100010101 9
b111010110010 )
b111010110010 -
b111010110010 :
b111010110111 +
#37675
0'
#37680
1'
b110100000011 (
b110100000011 ,
b110100000011 9
b100100001 )
b100100001 -
b100100001 :
b111010111000 +
#37685
0'
#37690
1'
b110100000010 (
b110100000010 ,
b110100000010 9
b100011111 )
b100011111 -
b100011111 :
b111010111001 +
#37695
0'
#37700
1'
b110100000001 (
b110100000001 ,
b110100000001 9
b100011101 )
b100011101 -
b100011101 :
b111010111010 +
#37705
0'
#37710
1'
b111011100101 (
b111011100101 ,
b111011100101 9
b110100000000 )
b110100000000 -
b110100000000 :
b111010111011 +
#37715
0'
#37720
1'
b111011100111 (
b111011100111 ,
b111011100111 9
b111010111100 +
#37725
0'
#37730
1'
b111011101001 (
b111011101001 ,
b111011101001 9
b110011111111 )
b110011111111 -
b110011111111 :
b111010111101 +
#37735
0'
#37740
1'
b1011100100 (
b1011100100 ,
b1011100100 9
b101011100 )
b101011100 -
b101011100 :
b111010111110 +
#37745
0'
#37750
1'
b1011100011 (
b1011100011 ,
b1011100011 9
b101011110 )
b101011110 -
b101011110 :
b111010111111 +
#37755
0'
#37760
1'
b101100000 )
b101100000 -
b101100000 :
b111011000000 +
#37765
0'
#37770
1'
b1100000100 (
b1100000100 ,
b1100000100 9
b111011110001 )
b111011110001 -
b111011110001 :
b111011000001 +
#37775
0'
#37780
1'
b1100000101 (
b1100000101 ,
b1100000101 9
b111011110011 )
b111011110011 -
b111011110011 :
b111011000010 +
#37785
0'
#37790
1'
b111011110101 )
b111011110101 -
b111011110101 :
b111011000011 +
#37795
0'
#37800
1'
b100001001 (
b100001001 ,
b100001001 9
b1100000110 )
b1100000110 -
b1100000110 :
b111011000100 +
#37805
0'
#37810
1'
b100000111 (
b100000111 ,
b100000111 9
b1100000111 )
b1100000111 -
b1100000111 :
b111011000101 +
#37815
0'
#37820
1'
b100000101 (
b100000101 ,
b100000101 9
b111011000110 +
#37825
0'
#37830
1'
b101101101 (
b101101101 ,
b101101101 9
b110100100100 )
b110100100100 -
b110100100100 :
b111011000111 +
#37835
0'
#37840
1'
b101101111 (
b101101111 ,
b101101111 9
b110100100101 )
b110100100101 -
b110100100101 :
b111011001000 +
#37845
0'
#37850
1'
b101110001 (
b101110001 ,
b101110001 9
b110100100110 )
b110100100110 -
b110100100110 :
b111011001001 +
#37855
0'
#37860
1'
b111100000011 (
b111100000011 ,
b111100000011 9
b110011110110 )
b110011110110 -
b110011110110 :
b111011001010 +
#37865
0'
#37870
1'
b111100000101 (
b111100000101 ,
b111100000101 9
b110011110101 )
b110011110101 -
b110011110101 :
b111011001011 +
#37875
0'
#37880
1'
b111100000111 (
b111100000111 ,
b111100000111 9
b111011001100 +
#37885
0'
#37890
1'
b1011010110 (
b1011010110 ,
b1011010110 9
b101111001 )
b101111001 -
b101111001 :
b111011001101 +
#37895
0'
#37900
1'
b1011010101 (
b1011010101 ,
b1011010101 9
b101111011 )
b101111011 -
b101111011 :
b111011001110 +
#37905
0'
#37910
1'
b1011010100 (
b1011010100 ,
b1011010100 9
b101111101 )
b101111101 -
b101111101 :
b111011001111 +
#37915
0'
#37920
1'
b1100001110 (
b1100001110 ,
b1100001110 9
b111100010000 )
b111100010000 -
b111100010000 :
b111011010000 +
#37925
0'
#37930
1'
b1100001111 (
b1100001111 ,
b1100001111 9
b111100010010 )
b111100010010 -
b111100010010 :
b111011010001 +
#37935
0'
#37940
1'
b111100010100 )
b111100010100 -
b111100010100 :
b111011010010 +
#37945
0'
#37950
1'
b1011010000 (
b1011010000 ,
b1011010000 9
b110000100 )
b110000100 -
b110000100 :
b111011010011 +
#37955
0'
#37960
1'
b1011001111 (
b1011001111 ,
b1011001111 9
b110000110 )
b110000110 -
b110000110 :
b111011010100 +
#37965
0'
#37970
1'
b1011001110 (
b1011001110 ,
b1011001110 9
b110001000 )
b110001000 -
b110001000 :
b111011010101 +
#37975
0'
#37980
1'
b111100011100 (
b111100011100 ,
b111100011100 9
b110011101110 )
b110011101110 -
b110011101110 :
b111011010110 +
#37985
0'
#37990
1'
b111100011110 (
b111100011110 ,
b111100011110 9
b111011010111 +
#37995
0'
#38000
1'
b111100100000 (
b111100100000 ,
b111100100000 9
b110011101101 )
b110011101101 -
b110011101101 :
b111011011000 +
#38005
0'
#38010
1'
b11011110 (
b11011110 ,
b11011110 9
b1100010100 )
b1100010100 -
b1100010100 :
b111011011001 +
#38015
0'
#38020
1'
b11011100 (
b11011100 ,
b11011100 9
b111011011010 +
#38025
0'
#38030
1'
b11011010 (
b11011010 ,
b11011010 9
b1100010101 )
b1100010101 -
b1100010101 :
b111011011011 +
#38035
0'
#38040
1'
b110011101011 (
b110011101011 ,
b110011101011 9
b11011000 )
b11011000 -
b11011000 :
b111011011100 +
#38045
0'
#38050
1'
b110011101010 (
b110011101010 ,
b110011101010 9
b11010110 )
b11010110 -
b11010110 :
b111011011101 +
#38055
0'
#38060
1'
b11010100 )
b11010100 -
b11010100 :
b111011011110 +
#38065
0'
#38070
1'
b110011011 (
b110011011 ,
b110011011 9
b110100111100 )
b110100111100 -
b110100111100 :
b111011011111 +
#38075
0'
#38080
1'
b110011100 (
b110011100 ,
b110011100 9
b110100111101 )
b110100111101 -
b110100111101 :
b111011100000 +
#38085
0'
#38090
1'
b110011110 (
b110011110 ,
b110011110 9
b110100111111 )
b110100111111 -
b110100111111 :
b111011100001 +
#38095
0'
#38100
1'
b110101000000 (
b110101000000 ,
b110101000000 9
b111001100000 )
b111001100000 -
b111001100000 :
b111011100010 +
#38105
0'
#38110
1'
b110101000001 (
b110101000001 ,
b110101000001 9
b111001011110 )
b111001011110 -
b111001011110 :
b111011100011 +
#38115
0'
#38120
1'
b110101000010 (
b110101000010 ,
b110101000010 9
b111001011100 )
b111001011100 -
b111001011100 :
b111011100100 +
#38125
0'
#38130
1'
b1010111101 (
b1010111101 ,
b1010111101 9
b110100110 )
b110100110 -
b110100110 :
b111011100101 +
#38135
0'
#38140
1'
b1010111100 (
b1010111100 ,
b1010111100 9
b110100111 )
b110100111 -
b110100111 :
b111011100110 +
#38145
0'
#38150
1'
b1010111011 (
b1010111011 ,
b1010111011 9
b110101001 )
b110101001 -
b110101001 :
b111011100111 +
#38155
0'
#38160
1'
b10111111 (
b10111111 ,
b10111111 9
b1100011100 )
b1100011100 -
b1100011100 :
b111011101000 +
#38165
0'
#38170
1'
b10111101 (
b10111101 ,
b10111101 9
b111011101001 +
#38175
0'
#38180
1'
b10111011 (
b10111011 ,
b10111011 9
b1100011101 )
b1100011101 -
b1100011101 :
b111011101010 +
#38185
0'
#38190
1'
b110011100011 (
b110011100011 ,
b110011100011 9
b10111001 )
b10111001 -
b10111001 :
b111011101011 +
#38195
0'
#38200
1'
b110011100010 (
b110011100010 ,
b110011100010 9
b10110111 )
b10110111 -
b10110111 :
b111011101100 +
#38205
0'
#38210
1'
b10110100 )
b10110100 -
b10110100 :
b111011101101 +
#38215
0'
#38220
1'
b10110010 (
b10110010 ,
b10110010 9
b1100011111 )
b1100011111 -
b1100011111 :
b111011101110 +
#38225
0'
#38230
1'
b10110000 (
b10110000 ,
b10110000 9
b111011101111 +
#38235
0'
#38240
1'
b10101110 (
b10101110 ,
b10101110 9
b111011110000 +
#38245
0'
#38250
1'
b10101100 (
b10101100 ,
b10101100 9
b1100100000 )
b1100100000 -
b1100100000 :
b111011110001 +
#38255
0'
#38260
1'
b10101010 (
b10101010 ,
b10101010 9
b111011110010 +
#38265
0'
#38270
1'
b10101000 (
b10101000 ,
b10101000 9
b1100100001 )
b1100100001 -
b1100100001 :
b111011110011 +
#38275
0'
#38280
1'
b111000111111 (
b111000111111 ,
b111000111111 9
b1010101100 )
b1010101100 -
b1010101100 :
b111011110100 +
#38285
0'
#38290
1'
b111000111101 (
b111000111101 ,
b111000111101 9
b1010101011 )
b1010101011 -
b1010101011 :
b111011110101 +
#38295
0'
#38300
1'
b111000111100 (
b111000111100 ,
b111000111100 9
b1010101010 )
b1010101010 -
b1010101010 :
b111011110110 +
#38305
0'
#38310
1'
b1010101000 (
b1010101000 ,
b1010101000 9
b111000110 )
b111000110 -
b111000110 :
b111011110111 +
#38315
0'
#38320
1'
b1010100111 (
b1010100111 ,
b1010100111 9
b111001000 )
b111001000 -
b111001000 :
b111011111000 +
#38325
0'
#38330
1'
b1010100110 (
b1010100110 ,
b1010100110 9
b111001010 )
b111001010 -
b111001010 :
b111011111001 +
#38335
0'
#38340
1'
b110101011011 (
b110101011011 ,
b110101011011 9
b111000110101 )
b111000110101 -
b111000110101 :
b111011111010 +
#38345
0'
#38350
1'
b110101011100 (
b110101011100 ,
b110101011100 9
b111000110011 )
b111000110011 -
b111000110011 :
b111011111011 +
#38355
0'
#38360
1'
b110101011110 (
b110101011110 ,
b110101011110 9
b111000110001 )
b111000110001 -
b111000110001 :
b111011111100 +
#38365
0'
#38370
1'
b10010011 (
b10010011 ,
b10010011 9
b1100100101 )
b1100100101 -
b1100100101 :
b111011111101 +
#38375
0'
#38380
1'
b10010001 (
b10010001 ,
b10010001 9
b111011111110 +
#38385
0'
#38390
1'
b10001111 (
b10001111 ,
b10001111 9
b1100100110 )
b1100100110 -
b1100100110 :
b111011111111 +
#38395
0'
#38400
1'
b110101100010 (
b110101100010 ,
b110101100010 9
b111000101010 )
b111000101010 -
b111000101010 :
b111100000000 +
#38405
0'
#38410
1'
b110101100100 (
b110101100100 ,
b110101100100 9
b111000101000 )
b111000101000 -
b111000101000 :
b111100000001 +
#38415
0'
#38420
1'
b110101100101 (
b110101100101 ,
b110101100101 9
b111000100110 )
b111000100110 -
b111000100110 :
b111100000010 +
#38425
0'
#38430
1'
b111011011 (
b111011011 ,
b111011011 9
b110101100110 )
b110101100110 -
b110101100110 :
b111100000011 +
#38435
0'
#38440
1'
b111011101 (
b111011101 ,
b111011101 9
b110101100111 )
b110101100111 -
b110101100111 :
b111100000100 +
#38445
0'
#38450
1'
b111011111 (
b111011111 ,
b111011111 9
b110101101001 )
b110101101001 -
b110101101001 :
b111100000101 +
#38455
0'
#38460
1'
b111110000000 (
b111110000000 ,
b111110000000 9
b110011011000 )
b110011011000 -
b110011011000 :
b111100000110 +
#38465
0'
#38470
1'
b111110000010 (
b111110000010 ,
b111110000010 9
b110011010111 )
b110011010111 -
b110011010111 :
b111100000111 +
#38475
0'
#38480
1'
b111110000100 (
b111110000100 ,
b111110000100 9
b111100001000 +
#38485
0'
#38490
1'
b110101101110 (
b110101101110 ,
b110101101110 9
b111000011010 )
b111000011010 -
b111000011010 :
b111100001001 +
#38495
0'
#38500
1'
b110101101111 (
b110101101111 ,
b110101101111 9
b111000011001 )
b111000011001 -
b111000011001 :
b111100001010 +
#38505
0'
#38510
1'
b110101110000 (
b110101110000 ,
b110101110000 9
b111000010111 )
b111000010111 -
b111000010111 :
b111100001011 +
#38515
0'
#38520
1'
b111101011 (
b111101011 ,
b111101011 9
b110101110010 )
b110101110010 -
b110101110010 :
b111100001100 +
#38525
0'
#38530
1'
b111101101 (
b111101101 ,
b111101101 9
b110101110011 )
b110101110011 -
b110101110011 :
b111100001101 +
#38535
0'
#38540
1'
b111101110 (
b111101110 ,
b111101110 9
b110101110100 )
b110101110100 -
b110101110100 :
b111100001110 +
#38545
0'
#38550
1'
b1101101 (
b1101101 ,
b1101101 9
b1100101011 )
b1100101011 -
b1100101011 :
b111100001111 +
#38555
0'
#38560
1'
b1101011 (
b1101011 ,
b1101011 9
b111100010000 +
#38565
0'
#38570
1'
b1101001 (
b1101001 ,
b1101001 9
b1100101100 )
b1100101100 -
b1100101100 :
b111100010001 +
#38575
0'
#38580
1'
b1010000111 (
b1010000111 ,
b1010000111 9
b111110101 )
b111110101 -
b111110101 :
b111100010010 +
#38585
0'
#38590
1'
b1010000101 (
b1010000101 ,
b1010000101 9
b111110111 )
b111110111 -
b111110111 :
b111100010011 +
#38595
0'
#38600
1'
b1010000100 (
b1010000100 ,
b1010000100 9
b111111000 )
b111111000 -
b111111000 :
b111100010100 +
#38605
0'
#38610
1'
b1100000 (
b1100000 ,
b1100000 9
b1100101101 )
b1100101101 -
b1100101101 :
b111100010101 +
#38615
0'
#38620
1'
b1011110 (
b1011110 ,
b1011110 9
b111100010110 +
#38625
0'
#38630
1'
b1011100 (
b1011100 ,
b1011100 9
b111100010111 +
#38635
0'
#38640
1'
b1001111111 (
b1001111111 ,
b1001111111 9
b111111111 )
b111111111 -
b111111111 :
b111100011000 +
#38645
0'
#38650
1'
b1001111101 (
b1001111101 ,
b1001111101 9
b1000000001 )
b1000000001 -
b1000000001 :
b111100011001 +
#38655
0'
#38660
1'
b1001111100 (
b1001111100 ,
b1001111100 9
b1000000010 )
b1000000010 -
b1000000010 :
b111100011010 +
#38665
0'
#38670
1'
b1010011 (
b1010011 ,
b1010011 9
b1100101110 )
b1100101110 -
b1100101110 :
b111100011011 +
#38675
0'
#38680
1'
b1010001 (
b1010001 ,
b1010001 9
b111100011100 +
#38685
0'
#38690
1'
b1001111 (
b1001111 ,
b1001111 9
b111100011101 +
#38695
0'
#38700
1'
b110111110111 (
b110111110111 ,
b110111110111 9
b1001110111 )
b1001110111 -
b1001110111 :
b111100011110 +
#38705
0'
#38710
1'
b110111110101 (
b110111110101 ,
b110111110101 9
b1001110101 )
b1001110101 -
b1001110101 :
b111100011111 +
#38715
0'
#38720
1'
b110111110100 (
b110111110100 ,
b110111110100 9
b1001110100 )
b1001110100 -
b1001110100 :
b111100100000 +
#38725
0'
#38730
1'
b111110111001 (
b111110111001 ,
b111110111001 9
b110011010001 )
b110011010001 -
b110011010001 :
b111100100001 +
#38735
0'
#38740
1'
b111110111100 (
b111110111100 ,
b111110111100 9
b111100100010 +
#38745
0'
#38750
1'
b111110111110 (
b111110111110 ,
b111110111110 9
b110011010000 )
b110011010000 -
b110011010000 :
b111100100011 +
#38755
0'
#38760
1'
b1000000 (
b1000000 ,
b1000000 9
b1100110000 )
b1100110000 -
b1100110000 :
b111100100100 +
#38765
0'
#38770
1'
b111110 (
b111110 ,
b111110 9
b111100100101 +
#38775
0'
#38780
1'
b111100 (
b111100 ,
b111100 9
b111100100110 +
#38785
0'
#38790
1'
b111010 (
b111010 ,
b111010 9
b111100100111 +
#38795
0'
#38800
1'
b111000 (
b111000 ,
b111000 9
b111100101000 +
#38805
0'
#38810
1'
b110110 (
b110110 ,
b110110 9
b1100110001 )
b1100110001 -
b1100110001 :
b111100101001 +
#38815
0'
#38820
1'
b110011 (
b110011 ,
b110011 9
b111100101010 +
#38825
0'
#38830
1'
b110001 (
b110001 ,
b110001 9
b111100101011 +
#38835
0'
#38840
1'
b101111 (
b101111 ,
b101111 9
b111100101100 +
#38845
0'
#38850
1'
b111111010011 (
b111111010011 ,
b111111010011 9
b110011001111 )
b110011001111 -
b110011001111 :
b111100101101 +
#38855
0'
#38860
1'
b111111010101 (
b111111010101 ,
b111111010101 9
b111100101110 +
#38865
0'
#38870
1'
b111111010111 (
b111111010111 ,
b111111010111 9
b111100101111 +
#38875
0'
#38880
1'
b111111011001 (
b111111011001 ,
b111111011001 9
b111100110000 +
#38885
0'
#38890
1'
b111111011100 (
b111111011100 ,
b111111011100 9
b111100110001 +
#38895
0'
#38900
1'
b111111011110 (
b111111011110 ,
b111111011110 9
b110011001110 )
b110011001110 -
b110011001110 :
b111100110010 +
#38905
0'
#38910
1'
b1100110010 (
b1100110010 ,
b1100110010 9
b111111100000 )
b111111100000 -
b111111100000 :
b111100110011 +
#38915
0'
#38920
1'
b111111100010 )
b111111100010 -
b111111100010 :
b111100110100 +
#38925
0'
#38930
1'
b111111100100 )
b111111100100 -
b111111100100 :
b111100110101 +
#38935
0'
#38940
1'
b11010 (
b11010 ,
b11010 9
b1100110010 )
b1100110010 -
b1100110010 :
b111100110110 +
#38945
0'
#38950
1'
b11000 (
b11000 ,
b11000 9
b111100110111 +
#38955
0'
#38960
1'
b10101 (
b10101 ,
b10101 9
b111100111000 +
#38965
0'
#38970
1'
b111111101101 (
b111111101101 ,
b111111101101 9
b110011001110 )
b110011001110 -
b110011001110 :
b111100111001 +
#38975
0'
#38980
1'
b111111101111 (
b111111101111 ,
b111111101111 9
b111100111010 +
#38985
0'
#38990
1'
b111111110001 (
b111111110001 ,
b111111110001 9
b111100111011 +
#38995
0'
#39000
1'
b1100110010 (
b1100110010 ,
b1100110010 9
b111111110011 )
b111111110011 -
b111111110011 :
b111100111100 +
#39005
0'
#39010
1'
b111111110101 )
b111111110101 -
b111111110101 :
b111100111101 +
#39015
0'
#39020
1'
b111111110111 )
b111111110111 -
b111111110111 :
b111100111110 +
#39025
0'
#39030
1'
b111111111010 (
b111111111010 ,
b111111111010 9
b110011001110 )
b110011001110 -
b110011001110 :
b111100111111 +
#39035
0'
#39040
1'
b111111111100 (
b111111111100 ,
b111111111100 9
b111101000000 +
#39045
0'
#39050
1'
b111111111110 (
b111111111110 ,
b111111111110 9
b111101000001 +
#39055
0'
#39060
1'
b0 (
b0 ,
b0 9
b111101000010 +
#39065
0'
#39070
1'
b1 (
b1 ,
b1 9
b111101000011 +
#39075
0'
#39080
1'
b11 (
b11 ,
b11 9
b111101000100 +
#39085
0'
#39090
1'
b101 (
b101 ,
b101 9
b111101000101 +
#39095
0'
#39100
1'
b1000 (
b1000 ,
b1000 9
b111101000110 +
#39105
0'
#39110
1'
b1010 (
b1010 ,
b1010 9
b111101000111 +
#39115
0'
#39120
1'
b111111110100 (
b111111110100 ,
b111111110100 9
b1100110010 )
b1100110010 -
b1100110010 :
b111101001000 +
#39125
0'
#39130
1'
b111111110010 (
b111111110010 ,
b111111110010 9
b111101001001 +
#39135
0'
#39140
1'
b111111110000 (
b111111110000 ,
b111111110000 9
b111101001010 +
#39145
0'
#39150
1'
b110011001110 (
b110011001110 ,
b110011001110 9
b111111101110 )
b111111101110 -
b111111101110 :
b111101001011 +
#39155
0'
#39160
1'
b111111101100 )
b111111101100 -
b111111101100 :
b111101001100 +
#39165
0'
#39170
1'
b111111101001 )
b111111101001 -
b111111101001 :
b111101001101 +
#39175
0'
#39180
1'
b111111100111 )
b111111100111 -
b111111100111 :
b111101001110 +
#39185
0'
#39190
1'
b111111100101 )
b111111100101 -
b111111100101 :
b111101001111 +
#39195
0'
#39200
1'
b111111100011 )
b111111100011 -
b111111100011 :
b111101010000 +
#39205
0'
#39210
1'
b110111010100 (
b110111010100 ,
b110111010100 9
b110110101000 )
b110110101000 -
b110110101000 :
b111101010001 +
#39215
0'
#39220
1'
b110111010110 (
b110111010110 ,
b110111010110 9
b110110100110 )
b110110100110 -
b110110100110 :
b111101010010 +
#39225
0'
#39230
1'
b110111010111 (
b110111010111 ,
b110111010111 9
b110110100101 )
b110110100101 -
b110110100101 :
b111101010011 +
#39235
0'
#39240
1'
b1100110001 (
b1100110001 ,
b1100110001 9
b100101 )
b100101 -
b100101 :
b111101010100 +
#39245
0'
#39250
1'
b101000 )
b101000 -
b101000 :
b111101010101 +
#39255
0'
#39260
1'
b101010 )
b101010 -
b101010 :
b111101010110 +
#39265
0'
#39270
1'
b111111010100 (
b111111010100 ,
b111111010100 9
b1100110001 )
b1100110001 -
b1100110001 :
b111101010111 +
#39275
0'
#39280
1'
b111111010010 (
b111111010010 ,
b111111010010 9
b111101011000 +
#39285
0'
#39290
1'
b111111010000 (
b111111010000 ,
b111111010000 9
b111101011001 +
#39295
0'
#39300
1'
b110111100011 (
b110111100011 ,
b110111100011 9
b110110011011 )
b110110011011 -
b110110011011 :
b111101011010 +
#39305
0'
#39310
1'
b110111100100 (
b110111100100 ,
b110111100100 9
b110110011001 )
b110110011001 -
b110110011001 :
b111101011011 +
#39315
0'
#39320
1'
b110111100110 (
b110111100110 ,
b110111100110 9
b110110011000 )
b110110011000 -
b110110011000 :
b111101011100 +
#39325
0'
#39330
1'
b1001101010 (
b1001101010 ,
b1001101010 9
b110111100111 )
b110111100111 -
b110111100111 :
b111101011101 +
#39335
0'
#39340
1'
b1001101011 (
b1001101011 ,
b1001101011 9
b110111101001 )
b110111101001 -
b110111101001 :
b111101011110 +
#39345
0'
#39350
1'
b1001101100 (
b1001101100 ,
b1001101100 9
b110111101011 )
b110111101011 -
b110111101011 :
b111101011111 +
#39355
0'
#39360
1'
b110011010000 (
b110011010000 ,
b110011010000 9
b111111000001 )
b111111000001 -
b111111000001 :
b111101100000 +
#39365
0'
#39370
1'
b111110111111 )
b111110111111 -
b111110111111 :
b111101100001 +
#39375
0'
#39380
1'
b110011010001 (
b110011010001 ,
b110011010001 9
b111110111101 )
b111110111101 -
b111110111101 :
b111101100010 +
#39385
0'
#39390
1'
b1100101111 (
b1100101111 ,
b1100101111 9
b1000110 )
b1000110 -
b1000110 :
b111101100011 +
#39395
0'
#39400
1'
b1001000 )
b1001000 -
b1001000 :
b111101100100 +
#39405
0'
#39410
1'
b1001010 )
b1001010 -
b1001010 :
b111101100101 +
#39415
0'
#39420
1'
b1001100 (
b1001100 ,
b1001100 9
b110011010001 )
b110011010001 -
b110011010001 :
b111101100110 +
#39425
0'
#39430
1'
b1001110 (
b1001110 ,
b1001110 9
b111101100111 +
#39435
0'
#39440
1'
b1010000 (
b1010000 ,
b1010000 9
b110011010010 )
b110011010010 -
b110011010010 :
b111101101000 +
#39445
0'
#39450
1'
b110110000110 (
b110110000110 ,
b110110000110 9
b1000000101 )
b1000000101 -
b1000000101 :
b111101101001 +
#39455
0'
#39460
1'
b110110000101 (
b110110000101 ,
b110110000101 9
b1000000011 )
b1000000011 -
b1000000011 :
b111101101010 +
#39465
0'
#39470
1'
b110110000011 (
b110110000011 ,
b110110000011 9
b1000000010 )
b1000000010 -
b1000000010 :
b111101101011 +
#39475
0'
#39480
1'
b111110100111 (
b111110100111 ,
b111110100111 9
b1100101101 )
b1100101101 -
b1100101101 :
b111101101100 +
#39485
0'
#39490
1'
b111110100101 (
b111110100101 ,
b111110100101 9
b111101101101 +
#39495
0'
#39500
1'
b111110100011 (
b111110100011 ,
b111110100011 9
b111101101110 +
#39505
0'
#39510
1'
b110101111110 (
b110101111110 ,
b110101111110 9
b111111011 )
b111111011 -
b111111011 :
b111101101111 +
#39515
0'
#39520
1'
b110101111101 (
b110101111101 ,
b110101111101 9
b111111001 )
b111111001 -
b111111001 :
b111101110000 +
#39525
0'
#39530
1'
b110101111011 (
b110101111011 ,
b110101111011 9
b111111000 )
b111111000 -
b111111000 :
b111101110001 +
#39535
0'
#39540
1'
b111110110 (
b111110110 ,
b111110110 9
b1010000110 )
b1010000110 -
b1010000110 :
b111101110010 +
#39545
0'
#39550
1'
b111110100 (
b111110100 ,
b111110100 9
b1010000111 )
b1010000111 -
b1010000111 :
b111101110011 +
#39555
0'
#39560
1'
b111110011 (
b111110011 ,
b111110011 9
b1010001001 )
b1010001001 -
b1010001001 :
b111101110100 +
#39565
0'
#39570
1'
b111110001 (
b111110001 ,
b111110001 9
b1010001010 )
b1010001010 -
b1010001010 :
b111101110101 +
#39575
0'
#39580
1'
b111101111 (
b111101111 ,
b111101111 9
b1010001011 )
b1010001011 -
b1010001011 :
b111101110110 +
#39585
0'
#39590
1'
b111101101 (
b111101101 ,
b111101101 9
b1010001101 )
b1010001101 -
b1010001101 :
b111101110111 +
#39595
0'
#39600
1'
b1010001110 (
b1010001110 ,
b1010001110 9
b111000010100 )
b111000010100 -
b111000010100 :
b111101111000 +
#39605
0'
#39610
1'
b1010001111 (
b1010001111 ,
b1010001111 9
b111000010110 )
b111000010110 -
b111000010110 :
b111101111001 +
#39615
0'
#39620
1'
b1010010000 (
b1010010000 ,
b1010010000 9
b111000011000 )
b111000011000 -
b111000011000 :
b111101111010 +
#39625
0'
#39630
1'
b111110000111 (
b111110000111 ,
b111110000111 9
b1100101001 )
b1100101001 -
b1100101001 :
b111101111011 +
#39635
0'
#39640
1'
b111110000101 (
b111110000101 ,
b111110000101 9
b111101111100 +
#39645
0'
#39650
1'
b111110000011 (
b111110000011 ,
b111110000011 9
b111101111101 +
#39655
0'
#39660
1'
b110011011000 (
b110011011000 ,
b110011011000 9
b111110000001 )
b111110000001 -
b111110000001 :
b111101111110 +
#39665
0'
#39670
1'
b111101111111 )
b111101111111 -
b111101111111 :
b111101111111 +
#39675
0'
#39680
1'
b111101111101 )
b111101111101 -
b111101111101 :
b111110000000 +
#39685
0'
#39690
1'
b1010011001 (
b1010011001 ,
b1010011001 9
b111000100100 )
b111000100100 -
b111000100100 :
b111110000001 +
#39695
0'
#39700
1'
b1010011010 (
b1010011010 ,
b1010011010 9
b111000100110 )
b111000100110 -
b111000100110 :
b111110000010 +
#39705
0'
#39710
1'
b1010011100 (
b1010011100 ,
b1010011100 9
b111000100111 )
b111000100111 -
b111000100111 :
b111110000011 +
#39715
0'
#39720
1'
b110101100011 (
b110101100011 ,
b110101100011 9
b111010111 )
b111010111 -
b111010111 :
b111110000100 +
#39725
0'
#39730
1'
b110101100010 (
b110101100010 ,
b110101100010 9
b111010101 )
b111010101 -
b111010101 :
b111110000101 +
#39735
0'
#39740
1'
b110101100001 (
b110101100001 ,
b110101100001 9
b111010011 )
b111010011 -
b111010011 :
b111110000110 +
#39745
0'
#39750
1'
b1010100001 (
b1010100001 ,
b1010100001 9
b111000101110 )
b111000101110 -
b111000101110 :
b111110000111 +
#39755
0'
#39760
1'
b1010100010 (
b1010100010 ,
b1010100010 9
b111000110000 )
b111000110000 -
b111000110000 :
b111110001000 +
#39765
0'
#39770
1'
b1010100011 (
b1010100011 ,
b1010100011 9
b111000110010 )
b111000110010 -
b111000110010 :
b111110001001 +
#39775
0'
#39780
1'
b110011011100 (
b110011011100 ,
b110011011100 9
b111101101000 )
b111101101000 -
b111101101000 :
b111110001010 +
#39785
0'
#39790
1'
b111101100110 )
b111101100110 -
b111101100110 :
b111110001011 +
#39795
0'
#39800
1'
b110011011101 (
b110011011101 ,
b110011011101 9
b111101100100 )
b111101100100 -
b111101100100 :
b111110001100 +
#39805
0'
#39810
1'
b10011110 (
b10011110 ,
b10011110 9
b110011011101 )
b110011011101 -
b110011011101 :
b111110001101 +
#39815
0'
#39820
1'
b10100001 (
b10100001 ,
b10100001 9
b110011011110 )
b110011011110 -
b110011011110 :
b111110001110 +
#39825
0'
#39830
1'
b10100011 (
b10100011 ,
b10100011 9
b111110001111 +
#39835
0'
#39840
1'
b111000111110 (
b111000111110 ,
b111000111110 9
b110101010101 )
b110101010101 -
b110101010101 :
b111110010000 +
#39845
0'
#39850
1'
b111001000000 (
b111001000000 ,
b111001000000 9
b110101010011 )
b110101010011 -
b110101010011 :
b111110010001 +
#39855
0'
#39860
1'
b111001000010 (
b111001000010 ,
b111001000010 9
b110101010010 )
b110101010010 -
b110101010010 :
b111110010010 +
#39865
0'
#39870
1'
b111101010101 (
b111101010101 ,
b111101010101 9
b1100100000 )
b1100100000 -
b1100100000 :
b111110010011 +
#39875
0'
#39880
1'
b111101010011 (
b111101010011 ,
b111101010011 9
b111110010100 +
#39885
0'
#39890
1'
b111101010001 (
b111101010001 ,
b111101010001 9
b1100011111 )
b1100011111 -
b1100011111 :
b111110010101 +
#39895
0'
#39900
1'
b110101001110 (
b110101001110 ,
b110101001110 9
b110110111 )
b110110111 -
b110110111 :
b111110010110 +
#39905
0'
#39910
1'
b110101001100 (
b110101001100 ,
b110101001100 9
b110110101 )
b110110101 -
b110110101 :
b111110010111 +
#39915
0'
#39920
1'
b110101001011 (
b110101001011 ,
b110101001011 9
b110110011 )
b110110011 -
b110110011 :
b111110011000 +
#39925
0'
#39930
1'
b10111000 (
b10111000 ,
b10111000 9
b110011100011 )
b110011100011 -
b110011100011 :
b111110011001 +
#39935
0'
#39940
1'
b10111010 (
b10111010 ,
b10111010 9
b111110011010 +
#39945
0'
#39950
1'
b10111100 (
b10111100 ,
b10111100 9
b110011100100 )
b110011100100 -
b110011100100 :
b111110011011 +
#39955
0'
#39960
1'
b10111110 (
b10111110 ,
b10111110 9
b111110011100 +
#39965
0'
#39970
1'
b11000000 (
b11000000 ,
b11000000 9
b110011100101 )
b110011100101 -
b110011100101 :
b111110011101 +
#39975
0'
#39980
1'
b11000010 (
b11000010 ,
b11000010 9
b111110011110 +
#39985
0'
#39990
1'
b11000100 (
b11000100 ,
b11000100 9
b110011100110 )
b110011100110 -
b110011100110 :
b111110011111 +
#39995
0'
#40000
1'
b11000110 (
b11000110 ,
b11000110 9
b111110100000 +
#40005
0'
#40010
1'
b11001000 (
b11001000 ,
b11001000 9
b110011100111 )
b110011100111 -
b110011100111 :
b111110100001 +
#40015
0'
#40020
1'
b111100110110 (
b111100110110 ,
b111100110110 9
b1100011001 )
b1100011001 -
b1100011001 :
b111110100010 +
#40025
0'
#40030
1'
b111100110100 (
b111100110100 ,
b111100110100 9
b1100011000 )
b1100011000 -
b1100011000 :
b111110100011 +
#40035
0'
#40040
1'
b111100110010 (
b111100110010 ,
b111100110010 9
b111110100100 +
#40045
0'
#40050
1'
b111100101111 (
b111100101111 ,
b111100101111 9
b1100010111 )
b1100010111 -
b1100010111 :
b111110100101 +
#40055
0'
#40060
1'
b111100101101 (
b111100101101 ,
b111100101101 9
b111110100110 +
#40065
0'
#40070
1'
b111100101011 (
b111100101011 ,
b111100101011 9
b1100010110 )
b1100010110 -
b1100010110 :
b111110100111 +
#40075
0'
#40080
1'
b110100111010 (
b110100111010 ,
b110100111010 9
b110010110 )
b110010110 -
b110010110 :
b111110101000 +
#40085
0'
#40090
1'
b110100111001 (
b110100111001 ,
b110100111001 9
b110010100 )
b110010100 -
b110010100 :
b111110101001 +
#40095
0'
#40100
1'
b110100111000 (
b110100111000 ,
b110100111000 9
b110010010 )
b110010010 -
b110010010 :
b111110101010 +
#40105
0'
#40110
1'
b111100100011 (
b111100100011 ,
b111100100011 9
b1100010100 )
b1100010100 -
b1100010100 :
b111110101011 +
#40115
0'
#40120
1'
b111100100001 (
b111100100001 ,
b111100100001 9
b1100010011 )
b1100010011 -
b1100010011 :
b111110101100 +
#40125
0'
#40130
1'
b111100011111 (
b111100011111 ,
b111100011111 9
b111110101101 +
#40135
0'
#40140
1'
b11100011 (
b11100011 ,
b11100011 9
b110011101110 )
b110011101110 -
b110011101110 :
b111110101110 +
#40145
0'
#40150
1'
b11100101 (
b11100101 ,
b11100101 9
b110011101111 )
b110011101111 -
b110011101111 :
b111110101111 +
#40155
0'
#40160
1'
b11100111 (
b11100111 ,
b11100111 9
b111110110000 +
#40165
0'
#40170
1'
b11101001 (
b11101001 ,
b11101001 9
b110011110000 )
b110011110000 -
b110011110000 :
b111110110001 +
#40175
0'
#40180
1'
b11101011 (
b11101011 ,
b11101011 9
b111110110010 +
#40185
0'
#40190
1'
b11101101 (
b11101101 ,
b11101101 9
b110011110001 )
b110011110001 -
b110011110001 :
b111110110011 +
#40195
0'
#40200
1'
b1011010011 (
b1011010011 ,
b1011010011 9
b111010000001 )
b111010000001 -
b111010000001 :
b111110110100 +
#40205
0'
#40210
1'
b1011010100 (
b1011010100 ,
b1011010100 9
b111010000010 )
b111010000010 -
b111010000010 :
b111110110101 +
#40215
0'
#40220
1'
b1011010101 (
b1011010101 ,
b1011010101 9
b111010000100 )
b111010000100 -
b111010000100 :
b111110110110 +
#40225
0'
#40230
1'
b111100001010 (
b111100001010 ,
b111100001010 9
b1100001100 )
b1100001100 -
b1100001100 :
b111110110111 +
#40235
0'
#40240
1'
b111100001000 (
b111100001000 ,
b111100001000 9
b111110111000 +
#40245
0'
#40250
1'
b111100000110 (
b111100000110 ,
b111100000110 9
b1100001011 )
b1100001011 -
b1100001011 :
b111110111001 +
#40255
0'
#40260
1'
b101110100 (
b101110100 ,
b101110100 9
b1011011001 )
b1011011001 -
b1011011001 :
b111110111010 +
#40265
0'
#40270
1'
b101110010 (
b101110010 ,
b101110010 9
b1011011010 )
b1011011010 -
b1011011010 :
b111110111011 +
#40275
0'
#40280
1'
b101110000 (
b101110000 ,
b101110000 9
b1011011011 )
b1011011011 -
b1011011011 :
b111110111100 +
#40285
0'
#40290
1'
b1011011100 (
b1011011100 ,
b1011011100 9
b111010010010 )
b111010010010 -
b111010010010 :
b111110111101 +
#40295
0'
#40300
1'
b111010010100 )
b111010010100 -
b111010010100 :
b111110111110 +
#40305
0'
#40310
1'
b1011011101 (
b1011011101 ,
b1011011101 9
b111010010101 )
b111010010101 -
b111010010101 :
b111110111111 +
#40315
0'
#40320
1'
b111011111000 (
b111011111000 ,
b111011111000 9
b1100000110 )
b1100000110 -
b1100000110 :
b111111000000 +
#40325
0'
#40330
1'
b111011110110 (
b111011110110 ,
b111011110110 9
b111111000001 +
#40335
0'
#40340
1'
b111011110100 (
b111011110100 ,
b111011110100 9
b1100000101 )
b1100000101 -
b1100000101 :
b111111000010 +
#40345
0'
#40350
1'
b100001110 (
b100001110 ,
b100001110 9
b110011111100 )
b110011111100 -
b110011111100 :
b111111000011 +
#40355
0'
#40360
1'
b100010000 (
b100010000 ,
b100010000 9
b111111000100 +
#40365
0'
#40370
1'
b100010010 (
b100010010 ,
b100010010 9
b110011111101 )
b110011111101 -
b110011111101 :
b111111000101 +
#40375
0'
#40380
1'
b111011101100 (
b111011101100 ,
b111011101100 9
b1100000010 )
b1100000010 -
b1100000010 :
b111111000110 +
#40385
0'
#40390
1'
b111011101010 (
b111011101010 ,
b111011101010 9
b111111000111 +
#40395
0'
#40400
1'
b111011101000 (
b111011101000 ,
b111011101000 9
b1100000001 )
b1100000001 -
b1100000001 :
b111111001000 +
#40405
0'
#40410
1'
b110100000000 (
b110100000000 ,
b110100000000 9
b111011100110 )
b111011100110 -
b111011100110 :
b111111001001 +
#40415
0'
#40420
1'
b110100000001 (
b110100000001 ,
b110100000001 9
b111011100100 )
b111011100100 -
b111011100100 :
b111111001010 +
#40425
0'
#40430
1'
b111011100010 )
b111011100010 -
b111011100010 :
b111111001011 +
#40435
0'
#40440
1'
b101010001 (
b101010001 ,
b101010001 9
b1011101001 )
b1011101001 -
b1011101001 :
b111111001100 +
#40445
0'
#40450
1'
b101001111 (
b101001111 ,
b101001111 9
b1011101010 )
b1011101010 -
b1011101010 :
b111111001101 +
#40455
0'
#40460
1'
b101001101 (
b101001101 ,
b101001101 9
b1011101011 )
b1011101011 -
b1011101011 :
b111111001110 +
#40465
0'
#40470
1'
b111011011010 (
b111011011010 ,
b111011011010 9
b1011111100 )
b1011111100 -
b1011111100 :
b111111001111 +
#40475
0'
#40480
1'
b111011011000 (
b111011011000 ,
b111011011000 9
b1011111011 )
b1011111011 -
b1011111011 :
b111111010000 +
#40485
0'
#40490
1'
b111011010110 (
b111011010110 ,
b111011010110 9
b1011111010 )
b1011111010 -
b1011111010 :
b111111010001 +
#40495
0'
#40500
1'
b1011111001 (
b1011111001 ,
b1011111001 9
b100101100 )
b100101100 -
b100101100 :
b111111010010 +
#40505
0'
#40510
1'
b1011111000 (
b1011111000 ,
b1011111000 9
b100101110 )
b100101110 -
b100101110 :
b111111010011 +
#40515
0'
#40520
1'
b100110000 )
b100110000 -
b100110000 :
b111111010100 +
#40525
0'
#40530
1'
b100110010 (
b100110010 ,
b100110010 9
b110100001001 )
b110100001001 -
b110100001001 :
b111111010101 +
#40535
0'
#40540
1'
b100110100 (
b100110100 ,
b100110100 9
b110100001010 )
b110100001010 -
b110100001010 :
b111111010110 +
#40545
0'
#40550
1'
b100110110 (
b100110110 ,
b100110110 9
b110100001011 )
b110100001011 -
b110100001011 :
b111111010111 +
#40555
0'
#40560
1'
b1011110100 (
b1011110100 ,
b1011110100 9
b100111000 )
b100111000 -
b100111000 :
b111111011000 +
#40565
0'
#40570
1'
b100111010 )
b100111010 -
b100111010 :
b111111011001 +
#40575
0'
#40580
1'
b1011110011 (
b1011110011 ,
b1011110011 9
b100111100 )
b100111100 -
b100111100 :
b111111011010 +
#40585
0'
#40590
1'
b111011001100 (
b111011001100 ,
b111011001100 9
b110100001010 )
b110100001010 -
b110100001010 :
b111111011011 +
#40595
0'
#40600
1'
b111011001110 (
b111011001110 ,
b111011001110 9
b110100001001 )
b110100001001 -
b110100001001 :
b111111011100 +
#40605
0'
#40610
1'
b111011010000 (
b111011010000 ,
b111011010000 9
b110100001000 )
b110100001000 -
b110100001000 :
b111111011101 +
#40615
0'
#40620
1'
b101000100 (
b101000100 ,
b101000100 9
b110100010001 )
b110100010001 -
b110100010001 :
b111111011110 +
#40625
0'
#40630
1'
b101000110 (
b101000110 ,
b101000110 9
b111111011111 +
#40635
0'
#40640
1'
b101001000 (
b101001000 ,
b101001000 9
b110100010010 )
b110100010010 -
b110100010010 :
b111111100000 +
#40645
0'
#40650
1'
b100101000 (
b100101000 ,
b100101000 9
b1011111011 )
b1011111011 -
b1011111011 :
b111111100001 +
#40655
0'
#40660
1'
b100100110 (
b100100110 ,
b100100110 9
b1011111100 )
b1011111100 -
b1011111100 :
b111111100010 +
#40665
0'
#40670
1'
b100100100 (
b100100100 ,
b100100100 9
b111111100011 +
#40675
0'
#40680
1'
b111011011110 (
b111011011110 ,
b111011011110 9
b110100000011 )
b110100000011 -
b110100000011 :
b111111100100 +
#40685
0'
#40690
1'
b111011100000 (
b111011100000 ,
b111011100000 9
b110100000010 )
b110100000010 -
b110100000010 :
b111111100101 +
#40695
0'
#40700
1'
b111011100010 (
b111011100010 ,
b111011100010 9
b110100000001 )
b110100000001 -
b110100000001 :
b111111100110 +
#40705
0'
#40710
1'
b100011100 (
b100011100 ,
b100011100 9
b1011111111 )
b1011111111 -
b1011111111 :
b111111100111 +
#40715
0'
#40720
1'
b100011010 (
b100011010 ,
b100011010 9
b1100000000 )
b1100000000 -
b1100000000 :
b111111101000 +
#40725
0'
#40730
1'
b100011000 (
b100011000 ,
b100011000 9
b1100000001 )
b1100000001 -
b1100000001 :
b111111101001 +
#40735
0'
#40740
1'
b110011111110 (
b110011111110 ,
b110011111110 9
b100010110 )
b100010110 -
b100010110 :
b111111101010 +
#40745
0'
#40750
1'
b100010100 )
b100010100 -
b100010100 :
b111111101011 +
#40755
0'
#40760
1'
b110011111101 (
b110011111101 ,
b110011111101 9
b100010010 )
b100010010 -
b100010010 :
b111111101100 +
#40765
0'
#40770
1'
b1100000100 (
b1100000100 ,
b1100000100 9
b111011110000 )
b111011110000 -
b111011110000 :
b111111101101 +
#40775
0'
#40780
1'
b111011110010 )
b111011110010 -
b111011110010 :
b111111101110 +
#40785
0'
#40790
1'
b1100000101 (
b1100000101 ,
b1100000101 9
b111011110100 )
b111011110100 -
b111011110100 :
b111111101111 +
#40795
0'
#40800
1'
b101100111 (
b101100111 ,
b101100111 9
b110100100001 )
b110100100001 -
b110100100001 :
b111111110000 +
#40805
0'
#40810
1'
b101101001 (
b101101001 ,
b101101001 9
b110100100010 )
b110100100010 -
b110100100010 :
b111111110001 +
#40815
0'
#40820
1'
b101101011 (
b101101011 ,
b101101011 9
b110100100011 )
b110100100011 -
b110100100011 :
b111111110010 +
#40825
0'
#40830
1'
b111010010100 (
b111010010100 ,
b111010010100 9
b1011011100 )
b1011011100 -
b1011011100 :
b111111110011 +
#40835
0'
#40840
1'
b111010010010 (
b111010010010 ,
b111010010010 9
b111111110100 +
#40845
0'
#40850
1'
b111010010000 (
b111010010000 ,
b111010010000 9
b1011011011 )
b1011011011 -
b1011011011 :
b111111110101 +
#40855
0'
#40860
1'
b110100100110 (
b110100100110 ,
b110100100110 9
b111010001110 )
b111010001110 -
b111010001110 :
b111111110110 +
#40865
0'
#40870
1'
b110100100111 (
b110100100111 ,
b110100100111 9
b111010001100 )
b111010001100 -
b111010001100 :
b111111110111 +
#40875
0'
#40880
1'
b110100101000 (
b110100101000 ,
b110100101000 9
b111010001010 )
b111010001010 -
b111010001010 :
b111111111000 +
#40885
0'
#40890
1'
b111100001000 (
b111100001000 ,
b111100001000 9
b110011110100 )
b110011110100 -
b110011110100 :
b111111111001 +
#40895
0'
#40900
1'
b111100001011 (
b111100001011 ,
b111100001011 9
b111111111010 +
#40905
0'
#40910
1'
b111100001101 (
b111100001101 ,
b111100001101 9
b110011110011 )
b110011110011 -
b110011110011 :
b111111111011 +
#40915
0'
#40920
1'
b110100101100 (
b110100101100 ,
b110100101100 9
b111010000010 )
b111010000010 -
b111010000010 :
b111111111100 +
#40925
0'
#40930
1'
b110100101101 (
b110100101101 ,
b110100101101 9
b111010000001 )
b111010000001 -
b111010000001 :
b111111111101 +
#40935
0'
#40940
1'
b110100101110 (
b110100101110 ,
b110100101110 9
b111001111111 )
b111001111111 -
b111001111111 :
b111111111110 +
#40945
0'
#40950
1'
b110100101111 (
b110100101111 ,
b110100101111 9
b111001111101 )
b111001111101 -
b111001111101 :
b111111111111 +
#40955
0'
#40960
1'
b110100110000 (
b110100110000 ,
b110100110000 9
b111001111011 )
b111001111011 -
b111001111011 :
b1000000000000 +
#40965
0'
#40970
1'
b110100110001 (
b110100110001 ,
b110100110001 9
b111001111001 )
b111001111001 -
b111001111001 :
b1000000000001 +
#40975
0'
#40980
1'
b111100011011 (
b111100011011 ,
b111100011011 9
b110011101111 )
b110011101111 -
b110011101111 :
b1000000000010 +
#40985
0'
#40990
1'
b111100011101 (
b111100011101 ,
b111100011101 9
b110011101110 )
b110011101110 -
b110011101110 :
b1000000000011 +
#40995
0'
#41000
1'
b111100011111 (
b111100011111 ,
b111100011111 9
b110011101101 )
b110011101101 -
b110011101101 :
b1000000000100 +
#41005
0'
#41010
1'
b111100100001 (
b111100100001 ,
b111100100001 9
b1000000000101 +
#41015
0'
#41020
1'
b111100100011 (
b111100100011 ,
b111100100011 9
b110011101100 )
b110011101100 -
b110011101100 :
b1000000000110 +
#41025
0'
#41030
1'
b111100100101 (
b111100100101 ,
b111100100101 9
b1000000000111 +
#41035
0'
#41040
1'
b111001101100 (
b111001101100 ,
b111001101100 9
b1011000111 )
b1011000111 -
b1011000111 :
b1000000001000 +
#41045
0'
#41050
1'
b111001101010 (
b111001101010 ,
b111001101010 9
b1011000110 )
b1011000110 -
b1011000110 :
b1000000001001 +
#41055
0'
#41060
1'
b111001101000 (
b111001101000 ,
b111001101000 9
b1011000101 )
b1011000101 -
b1011000101 :
b1000000001010 +
#41065
0'
#41070
1'
b110100111100 (
b110100111100 ,
b110100111100 9
b111001100110 )
b111001100110 -
b111001100110 :
b1000000001011 +
#41075
0'
#41080
1'
b110100111101 (
b110100111101 ,
b110100111101 9
b111001100100 )
b111001100100 -
b111001100100 :
b1000000001100 +
#41085
0'
#41090
1'
b110100111110 (
b110100111110 ,
b110100111110 9
b111001100011 )
b111001100011 -
b111001100011 :
b1000000001101 +
#41095
0'
#41100
1'
b110011101000 (
b110011101000 ,
b110011101000 9
b11001100 )
b11001100 -
b11001100 :
b1000000001110 +
#41105
0'
#41110
1'
b110011100111 (
b110011100111 ,
b110011100111 9
b11001010 )
b11001010 -
b11001010 :
b1000000001111 +
#41115
0'
#41120
1'
b11001000 )
b11001000 -
b11001000 :
b1000000010000 +
#41125
0'
#41130
1'
b111100111010 (
b111100111010 ,
b111100111010 9
b110011100110 )
b110011100110 -
b110011100110 :
b1000000010001 +
#41135
0'
#41140
1'
b111100111100 (
b111100111100 ,
b111100111100 9
b1000000010010 +
#41145
0'
#41150
1'
b111100111110 (
b111100111110 ,
b111100111110 9
b110011100101 )
b110011100101 -
b110011100101 :
b1000000010011 +
#41155
0'
#41160
1'
b111101000000 (
b111101000000 ,
b111101000000 9
b1000000010100 +
#41165
0'
#41170
1'
b111101000010 (
b111101000010 ,
b111101000010 9
b110011100100 )
b110011100100 -
b110011100100 :
b1000000010101 +
#41175
0'
#41180
1'
b111101000100 (
b111101000100 ,
b111101000100 9
b1000000010110 +
#41185
0'
#41190
1'
b110110000 (
b110110000 ,
b110110000 9
b110101001001 )
b110101001001 -
b110101001001 :
b1000000010111 +
#41195
0'
#41200
1'
b110110010 (
b110110010 ,
b110110010 9
b110101001010 )
b110101001010 -
b110101001010 :
b1000000011000 +
#41205
0'
#41210
1'
b110110011 (
b110110011 ,
b110110011 9
b110101001011 )
b110101001011 -
b110101001011 :
b1000000011001 +
#41215
0'
#41220
1'
b10110011 (
b10110011 ,
b10110011 9
b1100011110 )
b1100011110 -
b1100011110 :
b1000000011010 +
#41225
0'
#41230
1'
b10110001 (
b10110001 ,
b10110001 9
b1100011111 )
b1100011111 -
b1100011111 :
b1000000011011 +
#41235
0'
#41240
1'
b10101111 (
b10101111 ,
b10101111 9
b1000000011100 +
#41245
0'
#41250
1'
b1010110000 (
b1010110000 ,
b1010110000 9
b110111011 )
b110111011 -
b110111011 :
b1000000011101 +
#41255
0'
#41260
1'
b1010101111 (
b1010101111 ,
b1010101111 9
b110111100 )
b110111100 -
b110111100 :
b1000000011110 +
#41265
0'
#41270
1'
b1010101110 (
b1010101110 ,
b1010101110 9
b110111110 )
b110111110 -
b110111110 :
b1000000011111 +
#41275
0'
#41280
1'
b111101011001 (
b111101011001 ,
b111101011001 9
b110011011111 )
b110011011111 -
b110011011111 :
b1000000100000 +
#41285
0'
#41290
1'
b111101011011 (
b111101011011 ,
b111101011011 9
b1000000100001 +
#41295
0'
#41300
1'
b111101011101 (
b111101011101 ,
b111101011101 9
b110011011110 )
b110011011110 -
b110011011110 :
b1000000100010 +
#41305
0'
#41310
1'
b10100001 (
b10100001 ,
b10100001 9
b1100100010 )
b1100100010 -
b1100100010 :
b1000000100011 +
#41315
0'
#41320
1'
b10011110 (
b10011110 ,
b10011110 9
b1100100011 )
b1100100011 -
b1100100011 :
b1000000100100 +
#41325
0'
#41330
1'
b10011100 (
b10011100 ,
b10011100 9
b1000000100101 +
#41335
0'
#41340
1'
b110101011011 (
b110101011011 ,
b110101011011 9
b111000110101 )
b111000110101 -
b111000110101 :
b1000000100110 +
#41345
0'
#41350
1'
b110101011100 (
b110101011100 ,
b110101011100 9
b111000110100 )
b111000110100 -
b111000110100 :
b1000000100111 +
#41355
0'
#41360
1'
b110101011101 (
b110101011101 ,
b110101011101 9
b111000110010 )
b111000110010 -
b111000110010 :
b1000000101000 +
#41365
0'
#41370
1'
b110011011011 (
b110011011011 ,
b110011011011 9
b10010100 )
b10010100 -
b10010100 :
b1000000101001 +
#41375
0'
#41380
1'
b10010010 )
b10010010 -
b10010010 :
b1000000101010 +
#41385
0'
#41390
1'
b110011011010 (
b110011011010 ,
b110011011010 9
b10010000 )
b10010000 -
b10010000 :
b1000000101011 +
#41395
0'
#41400
1'
b111010101 (
b111010101 ,
b111010101 9
b110101100010 )
b110101100010 -
b110101100010 :
b1000000101100 +
#41405
0'
#41410
1'
b111010111 (
b111010111 ,
b111010111 9
b110101100011 )
b110101100011 -
b110101100011 :
b1000000101101 +
#41415
0'
#41420
1'
b111011001 (
b111011001 ,
b111011001 9
b110101100100 )
b110101100100 -
b110101100100 :
b1000000101110 +
#41425
0'
#41430
1'
b110011011001 (
b110011011001 ,
b110011011001 9
b10000111 )
b10000111 -
b10000111 :
b1000000101111 +
#41435
0'
#41440
1'
b10000101 )
b10000101 -
b10000101 :
b1000000110000 +
#41445
0'
#41450
1'
b110011011000 (
b110011011000 ,
b110011011000 9
b10000011 )
b10000011 -
b10000011 :
b1000000110001 +
#41455
0'
#41460
1'
b111100000 (
b111100000 ,
b111100000 9
b110101101001 )
b110101101001 -
b110101101001 :
b1000000110010 +
#41465
0'
#41470
1'
b111100001 (
b111100001 ,
b111100001 9
b110101101011 )
b110101101011 -
b110101101011 :
b1000000110011 +
#41475
0'
#41480
1'
b111100011 (
b111100011 ,
b111100011 9
b110101101100 )
b110101101100 -
b110101101100 :
b1000000110100 +
#41485
0'
#41490
1'
b1111011 (
b1111011 ,
b1111011 9
b1100101001 )
b1100101001 -
b1100101001 :
b1000000110101 +
#41495
0'
#41500
1'
b1111000 (
b1111000 ,
b1111000 9
b1000000110110 +
#41505
0'
#41510
1'
b1110110 (
b1110110 ,
b1110110 9
b1100101010 )
b1100101010 -
b1100101010 :
b1000000110111 +
#41515
0'
#41520
1'
b1100101010 (
b1100101010 ,
b1100101010 9
b111110001100 )
b111110001100 -
b111110001100 :
b1000000111000 +
#41525
0'
#41530
1'
b111110001110 )
b111110001110 -
b111110001110 :
b1000000111001 +
#41535
0'
#41540
1'
b1100101011 (
b1100101011 ,
b1100101011 9
b111110010000 )
b111110010000 -
b111110010000 :
b1000000111010 +
#41545
0'
#41550
1'
b111110010010 )
b111110010010 -
b111110010010 :
b1000000111011 +
#41555
0'
#41560
1'
b111110010100 )
b111110010100 -
b111110010100 :
b1000000111100 +
#41565
0'
#41570
1'
b111110010110 )
b111110010110 -
b111110010110 :
b1000000111101 +
#41575
0'
#41580
1'
b1101000 (
b1101000 ,
b1101000 9
b1100101100 )
b1100101100 -
b1100101100 :
b1000000111110 +
#41585
0'
#41590
1'
b1100101 (
b1100101 ,
b1100101 9
b1000000111111 +
#41595
0'
#41600
1'
b1100011 (
b1100011 ,
b1100011 9
b1000001000000 +
#41605
0'
#41610
1'
b111111001 (
b111111001 ,
b111111001 9
b110101111101 )
b110101111101 -
b110101111101 :
b1000001000001 +
#41615
0'
#41620
1'
b111111011 (
b111111011 ,
b111111011 9
b110101111110 )
b110101111110 -
b110101111110 :
b1000001000010 +
#41625
0'
#41630
1'
b111111101 (
b111111101 ,
b111111101 9
b110101111111 )
b110101111111 -
b110101111111 :
b1000001000011 +
#41635
0'
#41640
1'
b111110100101 (
b111110100101 ,
b111110100101 9
b110011010011 )
b110011010011 -
b110011010011 :
b1000001000100 +
#41645
0'
#41650
1'
b111110100111 (
b111110100111 ,
b111110100111 9
b1000001000101 +
#41655
0'
#41660
1'
b111110101001 (
b111110101001 ,
b111110101001 9
b110011010010 )
b110011010010 -
b110011010010 :
b1000001000110 +
#41665
0'
#41670
1'
b110111111101 (
b110111111101 ,
b110111111101 9
b1001111011 )
b1001111011 -
b1001111011 :
b1000001000111 +
#41675
0'
#41680
1'
b110111111011 (
b110111111011 ,
b110111111011 9
b1001111010 )
b1001111010 -
b1001111010 :
b1000001001000 +
#41685
0'
#41690
1'
b110111111001 (
b110111111001 ,
b110111111001 9
b1001111001 )
b1001111001 -
b1001111001 :
b1000001001001 +
#41695
0'
#41700
1'
b1001110111 (
b1001110111 ,
b1001110111 9
b1000001000 )
b1000001000 -
b1000001000 :
b1000001001010 +
#41705
0'
#41710
1'
b1001110110 (
b1001110110 ,
b1001110110 9
b1000001010 )
b1000001010 -
b1000001010 :
b1000001001011 +
#41715
0'
#41720
1'
b1001110101 (
b1001110101 ,
b1001110101 9
b1000001100 )
b1000001100 -
b1000001100 :
b1000001001100 +
#41725
0'
#41730
1'
b1000001101 (
b1000001101 ,
b1000001101 9
b110110001101 )
b110110001101 -
b110110001101 :
b1000001001101 +
#41735
0'
#41740
1'
b1000001111 (
b1000001111 ,
b1000001111 9
b110110001110 )
b110110001110 -
b110110001110 :
b1000001001110 +
#41745
0'
#41750
1'
b1000010001 (
b1000010001 ,
b1000010001 9
b110110010000 )
b110110010000 -
b110110010000 :
b1000001001111 +
#41755
0'
#41760
1'
b1000001 (
b1000001 ,
b1000001 9
b1100110000 )
b1100110000 -
b1100110000 :
b1000001010000 +
#41765
0'
#41770
1'
b111111 (
b111111 ,
b111111 9
b1000001010001 +
#41775
0'
#41780
1'
b111101 (
b111101 ,
b111101 9
b1000001010010 +
#41785
0'
#41790
1'
b1001101011 (
b1001101011 ,
b1001101011 9
b1000010111 )
b1000010111 -
b1000010111 :
b1000001010011 +
#41795
0'
#41800
1'
b1001101001 (
b1001101001 ,
b1001101001 9
b1000011001 )
b1000011001 -
b1000011001 :
b1000001010100 +
#41805
0'
#41810
1'
b1001101000 (
b1001101000 ,
b1001101000 9
b1000011010 )
b1000011010 -
b1000011010 :
b1000001010101 +
#41815
0'
#41820
1'
b111111001100 (
b111111001100 ,
b111111001100 9
b110011001111 )
b110011001111 -
b110011001111 :
b1000001010110 +
#41825
0'
#41830
1'
b111111001110 (
b111111001110 ,
b111111001110 9
b1000001010111 +
#41835
0'
#41840
1'
b111111010000 (
b111111010000 ,
b111111010000 9
b1000001011000 +
#41845
0'
#41850
1'
b101110 (
b101110 ,
b101110 9
b1100110001 )
b1100110001 -
b1100110001 :
b1000001011001 +
#41855
0'
#41860
1'
b101100 (
b101100 ,
b101100 9
b1000001011010 +
#41865
0'
#41870
1'
b101010 (
b101010 ,
b101010 9
b1000001011011 +
#41875
0'
#41880
1'
b1001011110 (
b1001011110 ,
b1001011110 9
b1000100101 )
b1000100101 -
b1000100101 :
b1000001011100 +
#41885
0'
#41890
1'
b1001011101 (
b1001011101 ,
b1001011101 9
b1000100111 )
b1000100111 -
b1000100111 :
b1000001011101 +
#41895
0'
#41900
1'
b1001011011 (
b1001011011 ,
b1001011011 9
b1000101001 )
b1000101001 -
b1000101001 :
b1000001011110 +
#41905
0'
#41910
1'
b1000101010 (
b1000101010 ,
b1000101010 9
b110110100110 )
b110110100110 -
b110110100110 :
b1000001011111 +
#41915
0'
#41920
1'
b1000101100 (
b1000101100 ,
b1000101100 9
b110110101000 )
b110110101000 -
b110110101000 :
b1000001100000 +
#41925
0'
#41930
1'
b1000101101 (
b1000101101 ,
b1000101101 9
b110110101001 )
b110110101001 -
b110110101001 :
b1000001100001 +
#41935
0'
#41940
1'
b11011 (
b11011 ,
b11011 9
b1100110010 )
b1100110010 -
b1100110010 :
b1000001100010 +
#41945
0'
#41950
1'
b11001 (
b11001 ,
b11001 9
b1000001100011 +
#41955
0'
#41960
1'
b10110 (
b10110 ,
b10110 9
b1000001100100 +
#41965
0'
#41970
1'
b1000110100 (
b1000110100 ,
b1000110100 9
b110110101111 )
b110110101111 -
b110110101111 :
b1000001100101 +
#41975
0'
#41980
1'
b1000110101 (
b1000110101 ,
b1000110101 9
b110110110000 )
b110110110000 -
b110110110000 :
b1000001100110 +
#41985
0'
#41990
1'
b1000110111 (
b1000110111 ,
b1000110111 9
b110110110010 )
b110110110010 -
b110110110010 :
b1000001100111 +
#41995
0'
#42000
1'
b111111110010 (
b111111110010 ,
b111111110010 9
b110011001110 )
b110011001110 -
b110011001110 :
b1000001101000 +
#42005
0'
#42010
1'
b111111110100 (
b111111110100 ,
b111111110100 9
b1000001101001 +
#42015
0'
#42020
1'
b111111110110 (
b111111110110 ,
b111111110110 9
b1000001101010 +
#42025
0'
#42030
1'
b110111000011 (
b110111000011 ,
b110111000011 9
b1001001000 )
b1001001000 -
b1001001000 :
b1000001101011 +
#42035
0'
#42040
1'
b110111000010 (
b110111000010 ,
b110111000010 9
b1001000111 )
b1001000111 -
b1001000111 :
b1000001101100 +
#42045
0'
#42050
1'
b110111000000 (
b110111000000 ,
b110111000000 9
b1001000101 )
b1001000101 -
b1001000101 :
b1000001101101 +
#42055
0'
#42060
1'
b1100110010 (
b1100110010 ,
b1100110010 9
b111111111111 )
b111111111111 -
b111111111111 :
b1000001101110 +
#42065
0'
#42070
1'
b0 )
b0 -
b0 :
b1000001101111 +
#42075
0'
#42080
1'
b10 )
b10 -
b10 :
b1000001110000 +
#42085
0'
#42090
1'
b1000111111 (
b1000111111 ,
b1000111111 9
b1001000110 )
b1001000110 -
b1001000110 :
b1000001110001 +
#42095
0'
#42100
1'
b1000111110 (
b1000111110 ,
b1000111110 9
b1001000111 )
b1001000111 -
b1001000111 :
b1000001110010 +
#42105
0'
#42110
1'
b1000111100 (
b1000111100 ,
b1000111100 9
b1001001001 )
b1001001001 -
b1001001001 :
b1000001110011 +
#42115
0'
#42120
1'
b111111110101 (
b111111110101 ,
b111111110101 9
b1100110010 )
b1100110010 -
b1100110010 :
b1000001110100 +
#42125
0'
#42130
1'
b111111110011 (
b111111110011 ,
b111111110011 9
b1000001110101 +
#42135
0'
#42140
1'
b111111110001 (
b111111110001 ,
b111111110001 9
b1000001110110 +
#42145
0'
#42150
1'
b1100110010 (
b1100110010 ,
b1100110010 9
b10001 )
b10001 -
b10001 :
b1000001110111 +
#42155
0'
#42160
1'
b10011 )
b10011 -
b10011 :
b1000001111000 +
#42165
0'
#42170
1'
b10101 )
b10101 -
b10101 :
b1000001111001 +
#42175
0'
#42180
1'
b110110101101 (
b110110101101 ,
b110110101101 9
b1000110001 )
b1000110001 -
b1000110001 :
b1000001111010 +
#42185
0'
#42190
1'
b110110101011 (
b110110101011 ,
b110110101011 9
b1000110000 )
b1000110000 -
b1000110000 :
b1000001111011 +
#42195
0'
#42200
1'
b110110101010 (
b110110101010 ,
b110110101010 9
b1000101110 )
b1000101110 -
b1000101110 :
b1000001111100 +
#42205
0'
#42210
1'
b1001011000 (
b1001011000 ,
b1001011000 9
b110111010100 )
b110111010100 -
b110111010100 :
b1000001111101 +
#42215
0'
#42220
1'
b1001011001 (
b1001011001 ,
b1001011001 9
b110111010101 )
b110111010101 -
b110111010101 :
b1000001111110 +
#42225
0'
#42230
1'
b1001011011 (
b1001011011 ,
b1001011011 9
b110111010111 )
b110111010111 -
b110111010111 :
b1000001111111 +
#42235
0'
#42240
1'
b1001011100 (
b1001011100 ,
b1001011100 9
b110111011000 )
b110111011000 -
b110111011000 :
b1000010000000 +
#42245
0'
#42250
1'
b1001011101 (
b1001011101 ,
b1001011101 9
b110111011010 )
b110111011010 -
b110111011010 :
b1000010000001 +
#42255
0'
#42260
1'
b1001011111 (
b1001011111 ,
b1001011111 9
b110111011011 )
b110111011011 -
b110111011011 :
b1000010000010 +
#42265
0'
#42270
1'
b101011 (
b101011 ,
b101011 9
b110011001111 )
b110011001111 -
b110011001111 :
b1000010000011 +
#42275
0'
#42280
1'
b101101 (
b101101 ,
b101101 9
b1000010000100 +
#42285
0'
#42290
1'
b101111 (
b101111 ,
b101111 9
b1000010000101 +
#42295
0'
#42300
1'
b1001100101 (
b1001100101 ,
b1001100101 9
b110111100010 )
b110111100010 -
b110111100010 :
b1000010000110 +
#42305
0'
#42310
1'
b1001100110 (
b1001100110 ,
b1001100110 9
b110111100011 )
b110111100011 -
b110111100011 :
b1000010000111 +
#42315
0'
#42320
1'
b1001100111 (
b1001100111 ,
b1001100111 9
b110111100101 )
b110111100101 -
b110111100101 :
b1000010001000 +
#42325
0'
#42330
1'
b1000011001 (
b1000011001 ,
b1000011001 9
b1001101001 )
b1001101001 -
b1001101001 :
b1000010001001 +
#42335
0'
#42340
1'
b1000011000 (
b1000011000 ,
b1000011000 9
b1001101010 )
b1001101010 -
b1001101010 :
b1000010001010 +
#42345
0'
#42350
1'
b1000010110 (
b1000010110 ,
b1000010110 9
b1001101100 )
b1001101100 -
b1001101100 :
b1000010001011 +
#42355
0'
#42360
1'
b110110010011 (
b110110010011 ,
b110110010011 9
b1000010101 )
b1000010101 -
b1000010101 :
b1000010001100 +
#42365
0'
#42370
1'
b110110010010 (
b110110010010 ,
b110110010010 9
b1000010011 )
b1000010011 -
b1000010011 :
b1000010001101 +
#42375
0'
#42380
1'
b110110010000 (
b110110010000 ,
b110110010000 9
b1000010001 )
b1000010001 -
b1000010001 :
b1000010001110 +
#42385
0'
#42390
1'
b1000010000 (
b1000010000 ,
b1000010000 9
b1001110001 )
b1001110001 -
b1001110001 :
b1000010001111 +
#42395
0'
#42400
1'
b1000001110 (
b1000001110 ,
b1000001110 9
b1001110011 )
b1001110011 -
b1001110011 :
b1000010010000 +
#42405
0'
#42410
1'
b1000001100 (
b1000001100 ,
b1000001100 9
b1001110100 )
b1001110100 -
b1001110100 :
b1000010010001 +
#42415
0'
#42420
1'
b110110001011 (
b110110001011 ,
b110110001011 9
b1000001011 )
b1000001011 -
b1000001011 :
b1000010010010 +
#42425
0'
#42430
1'
b110110001001 (
b110110001001 ,
b110110001001 9
b1000001001 )
b1000001001 -
b1000001001 :
b1000010010011 +
#42435
0'
#42440
1'
b110110001000 (
b110110001000 ,
b110110001000 9
b1000000111 )
b1000000111 -
b1000000111 :
b1000010010100 +
#42445
0'
#42450
1'
b1100101110 (
b1100101110 ,
b1100101110 9
b1010001 )
b1010001 -
b1010001 :
b1000010010101 +
#42455
0'
#42460
1'
b1010011 )
b1010011 -
b1010011 :
b1000010010110 +
#42465
0'
#42470
1'
b1010110 )
b1010110 -
b1010110 :
b1000010010111 +
#42475
0'
#42480
1'
b111110101000 (
b111110101000 ,
b111110101000 9
b1100101110 )
b1100101110 -
b1100101110 :
b1000010011000 +
#42485
0'
#42490
1'
b111110100110 (
b111110100110 ,
b111110100110 9
b1100101101 )
b1100101101 -
b1100101101 :
b1000010011001 +
#42495
0'
#42500
1'
b111110100100 (
b111110100100 ,
b111110100100 9
b1000010011010 +
#42505
0'
#42510
1'
b1100101101 (
b1100101101 ,
b1100101101 9
b1011110 )
b1011110 -
b1011110 :
b1000010011011 +
#42515
0'
#42520
1'
b1100000 )
b1100000 -
b1100000 :
b1000010011100 +
#42525
0'
#42530
1'
b1100101100 (
b1100101100 ,
b1100101100 9
b1100010 )
b1100010 -
b1100010 :
b1000010011101 +
#42535
0'
#42540
1'
b1100100 (
b1100100 ,
b1100100 9
b110011010100 )
b110011010100 -
b110011010100 :
b1000010011110 +
#42545
0'
#42550
1'
b1100111 (
b1100111 ,
b1100111 9
b1000010011111 +
#42555
0'
#42560
1'
b1101001 (
b1101001 ,
b1101001 9
b1000010100000 +
#42565
0'
#42570
1'
b110101110111 (
b110101110111 ,
b110101110111 9
b111110010 )
b111110010 -
b111110010 :
b1000010100001 +
#42575
0'
#42580
1'
b110101110101 (
b110101110101 ,
b110101110101 9
b111110000 )
b111110000 -
b111110000 :
b1000010100010 +
#42585
0'
#42590
1'
b110101110100 (
b110101110100 ,
b110101110100 9
b111101110 )
b111101110 -
b111101110 :
b1000010100011 +
#42595
0'
#42600
1'
b1100101010 (
b1100101010 ,
b1100101010 9
b1110001 )
b1110001 -
b1110001 :
b1000010100100 +
#42605
0'
#42610
1'
b1110011 )
b1110011 -
b1110011 :
b1000010100101 +
#42615
0'
#42620
1'
b1110101 )
b1110101 -
b1110101 :
b1000010100110 +
#42625
0'
#42630
1'
b1100101001 (
b1100101001 ,
b1100101001 9
b1110111 )
b1110111 -
b1110111 :
b1000010100111 +
#42635
0'
#42640
1'
b1111010 )
b1111010 -
b1111010 :
b1000010101000 +
#42645
0'
#42650
1'
b1111100 )
b1111100 -
b1111100 :
b1000010101001 +
#42655
0'
#42660
1'
b1010010101 (
b1010010101 ,
b1010010101 9
b111000011110 )
b111000011110 -
b111000011110 :
b1000010101010 +
#42665
0'
#42670
1'
b1010010110 (
b1010010110 ,
b1010010110 9
b111000100000 )
b111000100000 -
b111000100000 :
b1000010101011 +
#42675
0'
#42680
1'
b1010010111 (
b1010010111 ,
b1010010111 9
b111000100001 )
b111000100001 -
b111000100001 :
b1000010101100 +
#42685
0'
#42690
1'
b1010011001 (
b1010011001 ,
b1010011001 9
b111000100011 )
b111000100011 -
b111000100011 :
b1000010101101 +
#42695
0'
#42700
1'
b1010011010 (
b1010011010 ,
b1010011010 9
b111000100101 )
b111000100101 -
b111000100101 :
b1000010101110 +
#42705
0'
#42710
1'
b1010011011 (
b1010011011 ,
b1010011011 9
b111000100110 )
b111000100110 -
b111000100110 :
b1000010101111 +
#42715
0'
#42720
1'
b10001011 (
b10001011 ,
b10001011 9
b110011011010 )
b110011011010 -
b110011011010 :
b1000010110000 +
#42725
0'
#42730
1'
b10001101 (
b10001101 ,
b10001101 9
b1000010110001 +
#42735
0'
#42740
1'
b10001111 (
b10001111 ,
b10001111 9
b1000010110010 +
#42745
0'
#42750
1'
b111101101111 (
b111101101111 ,
b111101101111 9
b1100100101 )
b1100100101 -
b1100100101 :
b1000010110011 +
#42755
0'
#42760
1'
b111101101101 (
b111101101101 ,
b111101101101 9
b1000010110100 +
#42765
0'
#42770
1'
b111101101011 (
b111101101011 ,
b111101101011 9
b1000010110101 +
#42775
0'
#42780
1'
b111101101001 (
b111101101001 ,
b111101101001 9
b1100100100 )
b1100100100 -
b1100100100 :
b1000010110110 +
#42785
0'
#42790
1'
b111101100111 (
b111101100111 ,
b111101100111 9
b1000010110111 +
#42795
0'
#42800
1'
b111101100101 (
b111101100101 ,
b111101100101 9
b1100100011 )
b1100100011 -
b1100100011 :
b1000010111000 +
#42805
0'
#42810
1'
b111101100011 (
b111101100011 ,
b111101100011 9
b1000010111001 +
#42815
0'
#42820
1'
b111101100000 (
b111101100000 ,
b111101100000 9
b1000010111010 +
#42825
0'
#42830
1'
b111101011110 (
b111101011110 ,
b111101011110 9
b1100100010 )
b1100100010 -
b1100100010 :
b1000010111011 +
#42835
0'
#42840
1'
b1010101011 (
b1010101011 ,
b1010101011 9
b111000111101 )
b111000111101 -
b111000111101 :
b1000010111100 +
#42845
0'
#42850
1'
b1010101100 (
b1010101100 ,
b1010101100 9
b111000111111 )
b111000111111 -
b111000111111 :
b1000010111101 +
#42855
0'
#42860
1'
b1010101101 (
b1010101101 ,
b1010101101 9
b111001000001 )
b111001000001 -
b111001000001 :
b1000010111110 +
#42865
0'
#42870
1'
b10101010 (
b10101010 ,
b10101010 9
b110011100000 )
b110011100000 -
b110011100000 :
b1000010111111 +
#42875
0'
#42880
1'
b10101100 (
b10101100 ,
b10101100 9
b1000011000000 +
#42885
0'
#42890
1'
b10101110 (
b10101110 ,
b10101110 9
b110011100001 )
b110011100001 -
b110011100001 :
b1000011000001 +
#42895
0'
#42900
1'
b111101010000 (
b111101010000 ,
b111101010000 9
b1100011111 )
b1100011111 -
b1100011111 :
b1000011000010 +
#42905
0'
#42910
1'
b111101001110 (
b111101001110 ,
b111101001110 9
b1000011000011 +
#42915
0'
#42920
1'
b111101001100 (
b111101001100 ,
b111101001100 9
b1100011110 )
b1100011110 -
b1100011110 :
b1000011000100 +
#42925
0'
#42930
1'
b111001001110 (
b111001001110 ,
b111001001110 9
b110101001011 )
b110101001011 -
b110101001011 :
b1000011000101 +
#42935
0'
#42940
1'
b111001001111 (
b111001001111 ,
b111001001111 9
b110101001010 )
b110101001010 -
b110101001010 :
b1000011000110 +
#42945
0'
#42950
1'
b111001010001 (
b111001010001 ,
b111001010001 9
b110101001000 )
b110101001000 -
b110101001000 :
b1000011000111 +
#42955
0'
#42960
1'
b1010111001 (
b1010111001 ,
b1010111001 9
b111001010011 )
b111001010011 -
b111001010011 :
b1000011001000 +
#42965
0'
#42970
1'
b1010111010 (
b1010111010 ,
b1010111010 9
b111001010101 )
b111001010101 -
b111001010101 :
b1000011001001 +
#42975
0'
#42980
1'
b1010111011 (
b1010111011 ,
b1010111011 9
b111001010111 )
b111001010111 -
b111001010111 :
b1000011001010 +
#42985
0'
#42990
1'
b11000011 (
b11000011 ,
b11000011 9
b110011100101 )
b110011100101 -
b110011100101 :
b1000011001011 +
#42995
0'
#43000
1'
b11000101 (
b11000101 ,
b11000101 9
b110011100110 )
b110011100110 -
b110011100110 :
b1000011001100 +
#43005
0'
#43010
1'
b11000111 (
b11000111 ,
b11000111 9
b1000011001101 +
#43015
0'
#43020
1'
b111001011110 (
b111001011110 ,
b111001011110 9
b110101000001 )
b110101000001 -
b110101000001 :
b1000011001110 +
#43025
0'
#43030
1'
b111001100000 (
b111001100000 ,
b111001100000 9
b110101000000 )
b110101000000 -
b110101000000 :
b1000011001111 +
#43035
0'
#43040
1'
b111001100010 (
b111001100010 ,
b111001100010 9
b110100111111 )
b110100111111 -
b110100111111 :
b1000011010000 +
#43045
0'
#43050
1'
b110011101001 (
b110011101001 ,
b110011101001 9
b111100110000 )
b111100110000 -
b111100110000 :
b1000011010001 +
#43055
0'
#43060
1'
b111100101110 )
b111100101110 -
b111100101110 :
b1000011010010 +
#43065
0'
#43070
1'
b110011101010 (
b110011101010 ,
b110011101010 9
b111100101100 )
b111100101100 -
b111100101100 :
b1000011010011 +
#43075
0'
#43080
1'
b11010110 (
b11010110 ,
b11010110 9
b110011101010 )
b110011101010 -
b110011101010 :
b1000011010100 +
#43085
0'
#43090
1'
b11011000 (
b11011000 ,
b11011000 9
b110011101011 )
b110011101011 -
b110011101011 :
b1000011010101 +
#43095
0'
#43100
1'
b11011010 (
b11011010 ,
b11011010 9
b1000011010110 +
#43105
0'
#43110
1'
b11011100 (
b11011100 ,
b11011100 9
b110011101100 )
b110011101100 -
b110011101100 :
b1000011010111 +
#43115
0'
#43120
1'
b11011110 (
b11011110 ,
b11011110 9
b110011101101 )
b110011101101 -
b110011101101 :
b1000011011000 +
#43125
0'
#43130
1'
b11100000 (
b11100000 ,
b11100000 9
b1000011011001 +
#43135
0'
#43140
1'
b111001110100 (
b111001110100 ,
b111001110100 9
b110100110100 )
b110100110100 -
b110100110100 :
b1000011011010 +
#43145
0'
#43150
1'
b111001110110 (
b111001110110 ,
b111001110110 9
b110100110011 )
b110100110011 -
b110100110011 :
b1000011011011 +
#43155
0'
#43160
1'
b111001111000 (
b111001111000 ,
b111001111000 9
b110100110010 )
b110100110010 -
b110100110010 :
b1000011011100 +
#43165
0'
#43170
1'
b110000110 (
b110000110 ,
b110000110 9
b1011001111 )
b1011001111 -
b1011001111 :
b1000011011101 +
#43175
0'
#43180
1'
b110000100 (
b110000100 ,
b110000100 9
b1011010000 )
b1011010000 -
b1011010000 :
b1000011011110 +
#43185
0'
#43190
1'
b110000010 (
b110000010 ,
b110000010 9
b1011010001 )
b1011010001 -
b1011010001 :
b1000011011111 +
#43195
0'
#43200
1'
b110011110001 (
b110011110001 ,
b110011110001 9
b111100010010 )
b111100010010 -
b111100010010 :
b1000011100000 +
#43205
0'
#43210
1'
b110011110010 (
b110011110010 ,
b110011110010 9
b111100010000 )
b111100010000 -
b111100010000 :
b1000011100001 +
#43215
0'
#43220
1'
b110011110011 (
b110011110011 ,
b110011110011 9
b111100001110 )
b111100001110 -
b111100001110 :
b1000011100010 +
#43225
0'
#43230
1'
b111010000101 (
b111010000101 ,
b111010000101 9
b110100101011 )
b110100101011 -
b110100101011 :
b1000011100011 +
#43235
0'
#43240
1'
b111010000111 (
b111010000111 ,
b111010000111 9
b110100101010 )
b110100101010 -
b110100101010 :
b1000011100100 +
#43245
0'
#43250
1'
b111010001001 (
b111010001001 ,
b111010001001 9
b110100101001 )
b110100101001 -
b110100101001 :
b1000011100101 +
#43255
0'
#43260
1'
b111010001011 (
b111010001011 ,
b111010001011 9
b110100101000 )
b110100101000 -
b110100101000 :
b1000011100110 +
#43265
0'
#43270
1'
b111010001101 (
b111010001101 ,
b111010001101 9
b110100100111 )
b110100100111 -
b110100100111 :
b1000011100111 +
#43275
0'
#43280
1'
b111010001111 (
b111010001111 ,
b111010001111 9
b110100100110 )
b110100100110 -
b110100100110 :
b1000011101000 +
#43285
0'
#43290
1'
b111011111111 (
b111011111111 ,
b111011111111 9
b1100001001 )
b1100001001 -
b1100001001 :
b1000011101001 +
#43295
0'
#43300
1'
b111011111101 (
b111011111101 ,
b111011111101 9
b1100001000 )
b1100001000 -
b1100001000 :
b1000011101010 +
#43305
0'
#43310
1'
b111011111011 (
b111011111011 ,
b111011111011 9
b1100000111 )
b1100000111 -
b1100000111 :
b1000011101011 +
#43315
0'
#43320
1'
b1011011110 (
b1011011110 ,
b1011011110 9
b111010010110 )
b111010010110 -
b111010010110 :
b1000011101100 +
#43325
0'
#43330
1'
b1011011111 (
b1011011111 ,
b1011011111 9
b111010011000 )
b111010011000 -
b111010011000 :
b1000011101101 +
#43335
0'
#43340
1'
b1011100000 (
b1011100000 ,
b1011100000 9
b111010011010 )
b111010011010 -
b111010011010 :
b1000011101110 +
#43345
0'
#43350
1'
b110100011111 (
b110100011111 ,
b110100011111 9
b101100100 )
b101100100 -
b101100100 :
b1000011101111 +
#43355
0'
#43360
1'
b110100011110 (
b110100011110 ,
b110100011110 9
b101100010 )
b101100010 -
b101100010 :
b1000011110000 +
#43365
0'
#43370
1'
b110100011101 (
b110100011101 ,
b110100011101 9
b101100000 )
b101100000 -
b101100000 :
b1000011110001 +
#43375
0'
#43380
1'
b111010100010 (
b111010100010 ,
b111010100010 9
b110100011100 )
b110100011100 -
b110100011100 :
b1000011110010 +
#43385
0'
#43390
1'
b111010100100 (
b111010100100 ,
b111010100100 9
b1000011110011 +
#43395
0'
#43400
1'
b111010100110 (
b111010100110 ,
b111010100110 9
b110100011011 )
b110100011011 -
b110100011011 :
b1000011110100 +
#43405
0'
#43410
1'
b1011100110 (
b1011100110 ,
b1011100110 9
b111010101000 )
b111010101000 -
b111010101000 :
b1000011110101 +
#43415
0'
#43420
1'
b1011100111 (
b1011100111 ,
b1011100111 9
b111010101010 )
b111010101010 -
b111010101010 :
b1000011110110 +
#43425
0'
#43430
1'
b1011101000 (
b1011101000 ,
b1011101000 9
b111010101100 )
b111010101100 -
b111010101100 :
b1000011110111 +
#43435
0'
#43440
1'
b111011100001 (
b111011100001 ,
b111011100001 9
b1011111110 )
b1011111110 -
b1011111110 :
b1000011111000 +
#43445
0'
#43450
1'
b111011011111 (
b111011011111 ,
b111011011111 9
b1011111101 )
b1011111101 -
b1011111101 :
b1000011111001 +
#43455
0'
#43460
1'
b111011011101 (
b111011011101 ,
b111011011101 9
b1000011111010 +
#43465
0'
#43470
1'
b111010110100 (
b111010110100 ,
b111010110100 9
b110100010100 )
b110100010100 -
b110100010100 :
b1000011111011 +
#43475
0'
#43480
1'
b111010110110 (
b111010110110 ,
b111010110110 9
b1000011111100 +
#43485
0'
#43490
1'
b111010110111 (
b111010110111 ,
b111010110111 9
b110100010011 )
b110100010011 -
b110100010011 :
b1000011111101 +
#43495
0'
#43500
1'
b1011111010 (
b1011111010 ,
b1011111010 9
b100101011 )
b100101011 -
b100101011 :
b1000011111110 +
#43505
0'
#43510
1'
b1011111001 (
b1011111001 ,
b1011111001 9
b100101101 )
b100101101 -
b100101101 :
b1000011111111 +
#43515
0'
#43520
1'
b1011111000 (
b1011111000 ,
b1011111000 9
b100101111 )
b100101111 -
b100101111 :
b1000100000000 +
#43525
0'
#43530
1'
b1011110001 (
b1011110001 ,
b1011110001 9
b111010111111 )
b111010111111 -
b111010111111 :
b1000100000001 +
#43535
0'
#43540
1'
b1011110010 (
b1011110010 ,
b1011110010 9
b111011000001 )
b111011000001 -
b111011000001 :
b1000100000010 +
#43545
0'
#43550
1'
b111011000011 )
b111011000011 -
b111011000011 :
b1000100000011 +
#43555
0'
#43560
1'
b100111011 (
b100111011 ,
b100111011 9
b1011110011 )
b1011110011 -
b1011110011 :
b1000100000100 +
#43565
0'
#43570
1'
b100111001 (
b100111001 ,
b100111001 9
b1011110100 )
b1011110100 -
b1011110100 :
b1000100000101 +
#43575
0'
#43580
1'
b100110111 (
b100110111 ,
b100110111 9
b1011110101 )
b1011110101 -
b1011110101 :
b1000100000110 +
#43585
0'
#43590
1'
b110100001110 (
b110100001110 ,
b110100001110 9
b111011000011 )
b111011000011 -
b111011000011 :
b1000100000111 +
#43595
0'
#43600
1'
b110100001111 (
b110100001111 ,
b110100001111 9
b111011000001 )
b111011000001 -
b111011000001 :
b1000100001000 +
#43605
0'
#43610
1'
b111010111111 )
b111010111111 -
b111010111111 :
b1000100001001 +
#43615
0'
#43620
1'
b1011110000 (
b1011110000 ,
b1011110000 9
b101000011 )
b101000011 -
b101000011 :
b1000100001010 +
#43625
0'
#43630
1'
b1011101111 (
b1011101111 ,
b1011101111 9
b101000101 )
b101000101 -
b101000101 :
b1000100001011 +
#43635
0'
#43640
1'
b1011101110 (
b1011101110 ,
b1011101110 9
b101000111 )
b101000111 -
b101000111 :
b1000100001100 +
#43645
0'
#43650
1'
b100101001 (
b100101001 ,
b100101001 9
b1011111010 )
b1011111010 -
b1011111010 :
b1000100001101 +
#43655
0'
#43660
1'
b100100111 (
b100100111 ,
b100100111 9
b1011111011 )
b1011111011 -
b1011111011 :
b1000100001110 +
#43665
0'
#43670
1'
b100100101 (
b100100101 ,
b100100101 9
b1011111100 )
b1011111100 -
b1011111100 :
b1000100001111 +
#43675
0'
#43680
1'
b1011111101 (
b1011111101 ,
b1011111101 9
b111011011101 )
b111011011101 -
b111011011101 :
b1000100010000 +
#43685
0'
#43690
1'
b111011011111 )
b111011011111 -
b111011011111 :
b1000100010001 +
#43695
0'
#43700
1'
b1011111110 (
b1011111110 ,
b1011111110 9
b111011100001 )
b111011100001 -
b111011100001 :
b1000100010010 +
#43705
0'
#43710
1'
b101010100 (
b101010100 ,
b101010100 9
b110100011000 )
b110100011000 -
b110100011000 :
b1000100010011 +
#43715
0'
#43720
1'
b101010110 (
b101010110 ,
b101010110 9
b110100011001 )
b110100011001 -
b110100011001 :
b1000100010100 +
#43725
0'
#43730
1'
b101011000 (
b101011000 ,
b101011000 9
b110100011010 )
b110100011010 -
b110100011010 :
b1000100010101 +
#43735
0'
#43740
1'
b111010100110 (
b111010100110 ,
b111010100110 9
b1011100101 )
b1011100101 -
b1011100101 :
b1000100010110 +
#43745
0'
#43750
1'
b111010100100 (
b111010100100 ,
b111010100100 9
b1011100100 )
b1011100100 -
b1011100100 :
b1000100010111 +
#43755
0'
#43760
1'
b111010100010 (
b111010100010 ,
b111010100010 9
b1011100011 )
b1011100011 -
b1011100011 :
b1000100011000 +
#43765
0'
#43770
1'
b111011101111 (
b111011101111 ,
b111011101111 9
b110011111101 )
b110011111101 -
b110011111101 :
b1000100011001 +
#43775
0'
#43780
1'
b111011110001 (
b111011110001 ,
b111011110001 9
b110011111100 )
b110011111100 -
b110011111100 :
b1000100011010 +
#43785
0'
#43790
1'
b111011110011 (
b111011110011 ,
b111011110011 9
b110011111011 )
b110011111011 -
b110011111011 :
b1000100011011 +
#43795
0'
#43800
1'
b1100000101 (
b1100000101 ,
b1100000101 9
b111011110101 )
b111011110101 -
b111011110101 :
b1000100011100 +
#43805
0'
#43810
1'
b1100000110 (
b1100000110 ,
b1100000110 9
b111011110111 )
b111011110111 -
b111011110111 :
b1000100011101 +
#43815
0'
#43820
1'
b1100000111 (
b1100000111 ,
b1100000111 9
b111011111001 )
b111011111001 -
b111011111001 :
b1000100011110 +
#43825
0'
#43830
1'
b110100100011 (
b110100100011 ,
b110100100011 9
b111010010100 )
b111010010100 -
b111010010100 :
b1000100011111 +
#43835
0'
#43840
1'
b110100100100 (
b110100100100 ,
b110100100100 9
b111010010011 )
b111010010011 -
b111010010011 :
b1000100100000 +
#43845
0'
#43850
1'
b110100100101 (
b110100100101 ,
b110100100101 9
b111010010001 )
b111010010001 -
b111010010001 :
b1000100100001 +
#43855
0'
#43860
1'
b110100100110 (
b110100100110 ,
b110100100110 9
b111010001111 )
b111010001111 -
b111010001111 :
b1000100100010 +
#43865
0'
#43870
1'
b110100100111 (
b110100100111 ,
b110100100111 9
b111010001101 )
b111010001101 -
b111010001101 :
b1000100100011 +
#43875
0'
#43880
1'
b110100101000 (
b110100101000 ,
b110100101000 9
b111010001011 )
b111010001011 -
b111010001011 :
b1000100100100 +
#43885
0'
#43890
1'
b111010001001 (
b111010001001 ,
b111010001001 9
b1011010111 )
b1011010111 -
b1011010111 :
b1000100100101 +
#43895
0'
#43900
1'
b111010000111 (
b111010000111 ,
b111010000111 9
b1011010110 )
b1011010110 -
b1011010110 :
b1000100100110 +
#43905
0'
#43910
1'
b111010000101 (
b111010000101 ,
b111010000101 9
b1011010101 )
b1011010101 -
b1011010101 :
b1000100100111 +
#43915
0'
#43920
1'
b1011010100 (
b1011010100 ,
b1011010100 9
b101111101 )
b101111101 -
b101111101 :
b1000100101000 +
#43925
0'
#43930
1'
b1011010011 (
b1011010011 ,
b1011010011 9
b101111111 )
b101111111 -
b101111111 :
b1000100101001 +
#43935
0'
#43940
1'
b1011010010 (
b1011010010 ,
b1011010010 9
b110000000 )
b110000000 -
b110000000 :
b1000100101010 +
#43945
0'
#43950
1'
b1100001111 (
b1100001111 ,
b1100001111 9
b111100010100 )
b111100010100 -
b111100010100 :
b1000100101011 +
#43955
0'
#43960
1'
b1100010000 (
b1100010000 ,
b1100010000 9
b111100010110 )
b111100010110 -
b111100010110 :
b1000100101100 +
#43965
0'
#43970
1'
b1100010001 (
b1100010001 ,
b1100010001 9
b111100011000 )
b111100011000 -
b111100011000 :
b1000100101101 +
#43975
0'
#43980
1'
b111001111000 (
b111001111000 ,
b111001111000 9
b1011001110 )
b1011001110 -
b1011001110 :
b1000100101110 +
#43985
0'
#43990
1'
b111001110110 (
b111001110110 ,
b111001110110 9
b1011001101 )
b1011001101 -
b1011001101 :
b1000100101111 +
#43995
0'
#44000
1'
b111001110100 (
b111001110100 ,
b111001110100 9
b1011001100 )
b1011001100 -
b1011001100 :
b1000100110000 +
#44005
0'
#44010
1'
b110100110101 (
b110100110101 ,
b110100110101 9
b111001110010 )
b111001110010 -
b111001110010 :
b1000100110001 +
#44015
0'
#44020
1'
b110100110110 (
b110100110110 ,
b110100110110 9
b111001110000 )
b111001110000 -
b111001110000 :
b1000100110010 +
#44025
0'
#44030
1'
b110100110111 (
b110100110111 ,
b110100110111 9
b111001101111 )
b111001101111 -
b111001101111 :
b1000100110011 +
#44035
0'
#44040
1'
b110100111000 (
b110100111000 ,
b110100111000 9
b111001101101 )
b111001101101 -
b111001101101 :
b1000100110100 +
#44045
0'
#44050
1'
b110100111001 (
b110100111001 ,
b110100111001 9
b111001101011 )
b111001101011 -
b111001101011 :
b1000100110101 +
#44055
0'
#44060
1'
b110100111010 (
b110100111010 ,
b110100111010 9
b111001101001 )
b111001101001 -
b111001101001 :
b1000100110110 +
#44065
0'
#44070
1'
b11010100 (
b11010100 ,
b11010100 9
b1100010110 )
b1100010110 -
b1100010110 :
b1000100110111 +
#44075
0'
#44080
1'
b11010001 (
b11010001 ,
b11010001 9
b1100010111 )
b1100010111 -
b1100010111 :
b1000100111000 +
#44085
0'
#44090
1'
b11001111 (
b11001111 ,
b11001111 9
b1000100111001 +
#44095
0'
#44100
1'
b11001101 (
b11001101 ,
b11001101 9
b1100011000 )
b1100011000 -
b1100011000 :
b1000100111010 +
#44105
0'
#44110
1'
b11001011 (
b11001011 ,
b11001011 9
b1100011001 )
b1100011001 -
b1100011001 :
b1000100111011 +
#44115
0'
#44120
1'
b11001001 (
b11001001 ,
b11001001 9
b1000100111100 +
#44125
0'
#44130
1'
b110101000010 (
b110101000010 ,
b110101000010 9
b111001011100 )
b111001011100 -
b111001011100 :
b1000100111101 +
#44135
0'
#44140
1'
b110101000011 (
b110101000011 ,
b110101000011 9
b111001011010 )
b111001011010 -
b111001011010 :
b1000100111110 +
#44145
0'
#44150
1'
b110101000100 (
b110101000100 ,
b110101000100 9
b111001011000 )
b111001011000 -
b111001011000 :
b1000100111111 +
#44155
0'
#44160
1'
b111100111111 (
b111100111111 ,
b111100111111 9
b110011100101 )
b110011100101 -
b110011100101 :
b1000101000000 +
#44165
0'
#44170
1'
b111101000001 (
b111101000001 ,
b111101000001 9
b110011100100 )
b110011100100 -
b110011100100 :
b1000101000001 +
#44175
0'
#44180
1'
b111101000011 (
b111101000011 ,
b111101000011 9
b1000101000010 +
#44185
0'
#44190
1'
b10111011 (
b10111011 ,
b10111011 9
b1100011101 )
b1100011101 -
b1100011101 :
b1000101000011 +
#44195
0'
#44200
1'
b10111001 (
b10111001 ,
b10111001 9
b1000101000100 +
#44205
0'
#44210
1'
b10110110 (
b10110110 ,
b10110110 9
b1100011110 )
b1100011110 -
b1100011110 :
b1000101000101 +
#44215
0'
#44220
1'
b110110100 (
b110110100 ,
b110110100 9
b110101001100 )
b110101001100 -
b110101001100 :
b1000101000110 +
#44225
0'
#44230
1'
b110110110 (
b110110110 ,
b110110110 9
b110101001101 )
b110101001101 -
b110101001101 :
b1000101000111 +
#44235
0'
#44240
1'
b110111000 (
b110111000 ,
b110111000 9
b110101001110 )
b110101001110 -
b110101001110 :
b1000101001000 +
#44245
0'
#44250
1'
b111101010010 (
b111101010010 ,
b111101010010 9
b110011100001 )
b110011100001 -
b110011100001 :
b1000101001001 +
#44255
0'
#44260
1'
b111101010100 (
b111101010100 ,
b111101010100 9
b110011100000 )
b110011100000 -
b110011100000 :
b1000101001010 +
#44265
0'
#44270
1'
b111101010110 (
b111101010110 ,
b111101010110 9
b1000101001011 +
#44275
0'
#44280
1'
b110101010011 (
b110101010011 ,
b110101010011 9
b111001000001 )
b111001000001 -
b111001000001 :
b1000101001100 +
#44285
0'
#44290
1'
b110101010100 (
b110101010100 ,
b110101010100 9
b111000111111 )
b111000111111 -
b111000111111 :
b1000101001101 +
#44295
0'
#44300
1'
b110101010101 (
b110101010101 ,
b110101010101 9
b111000111101 )
b111000111101 -
b111000111101 :
b1000101001110 +
#44305
0'
#44310
1'
b111000111100 (
b111000111100 ,
b111000111100 9
b1010101010 )
b1010101010 -
b1010101010 :
b1000101001111 +
#44315
0'
#44320
1'
b111000111010 (
b111000111010 ,
b111000111010 9
b1010101000 )
b1010101000 -
b1010101000 :
b1000101010000 +
#44325
0'
#44330
1'
b111000111000 (
b111000111000 ,
b111000111000 9
b1010100111 )
b1010100111 -
b1010100111 :
b1000101010001 +
#44335
0'
#44340
1'
b110101011010 (
b110101011010 ,
b110101011010 9
b111000110110 )
b111000110110 -
b111000110110 :
b1000101010010 +
#44345
0'
#44350
1'
b110101011011 (
b110101011011 ,
b110101011011 9
b111000110100 )
b111000110100 -
b111000110100 :
b1000101010011 +
#44355
0'
#44360
1'
b110101011100 (
b110101011100 ,
b110101011100 9
b111000110011 )
b111000110011 -
b111000110011 :
b1000101010100 +
#44365
0'
#44370
1'
b1010100010 (
b1010100010 ,
b1010100010 9
b111001111 )
b111001111 -
b111001111 :
b1000101010101 +
#44375
0'
#44380
1'
b1010100001 (
b1010100001 ,
b1010100001 9
b111010001 )
b111010001 -
b111010001 :
b1000101010110 +
#44385
0'
#44390
1'
b1010100000 (
b1010100000 ,
b1010100000 9
b111010011 )
b111010011 -
b111010011 :
b1000101010111 +
#44395
0'
#44400
1'
b1100100110 (
b1100100110 ,
b1100100110 9
b111101110001 )
b111101110001 -
b111101110001 :
b1000101011000 +
#44405
0'
#44410
1'
b111101110100 )
b111101110100 -
b111101110100 :
b1000101011001 +
#44415
0'
#44420
1'
b111101110110 )
b111101110110 -
b111101110110 :
b1000101011010 +
#44425
0'
#44430
1'
b1010011011 (
b1010011011 ,
b1010011011 9
b111011010 )
b111011010 -
b111011010 :
b1000101011011 +
#44435
0'
#44440
1'
b1010011010 (
b1010011010 ,
b1010011010 9
b111011011 )
b111011011 -
b111011011 :
b1000101011100 +
#44445
0'
#44450
1'
b1010011001 (
b1010011001 ,
b1010011001 9
b111011101 )
b111011101 -
b111011101 :
b1000101011101 +
#44455
0'
#44460
1'
b1010010111 (
b1010010111 ,
b1010010111 9
b111011111 )
b111011111 -
b111011111 :
b1000101011110 +
#44465
0'
#44470
1'
b1010010110 (
b1010010110 ,
b1010010110 9
b111100001 )
b111100001 -
b111100001 :
b1000101011111 +
#44475
0'
#44480
1'
b1010010101 (
b1010010101 ,
b1010010101 9
b111100010 )
b111100010 -
b111100010 :
b1000101100000 +
#44485
0'
#44490
1'
b111100100 (
b111100100 ,
b111100100 9
b110101101100 )
b110101101100 -
b110101101100 :
b1000101100001 +
#44495
0'
#44500
1'
b111100110 (
b111100110 ,
b111100110 9
b110101101110 )
b110101101110 -
b110101101110 :
b1000101100010 +
#44505
0'
#44510
1'
b111100111 (
b111100111 ,
b111100111 9
b110101101111 )
b110101101111 -
b110101101111 :
b1000101100011 +
#44515
0'
#44520
1'
b110101110000 (
b110101110000 ,
b110101110000 9
b111000010111 )
b111000010111 -
b111000010111 :
b1000101100100 +
#44525
0'
#44530
1'
b110101110010 (
b110101110010 ,
b110101110010 9
b111000010101 )
b111000010101 -
b111000010101 :
b1000101100101 +
#44535
0'
#44540
1'
b110101110011 (
b110101110011 ,
b110101110011 9
b111000010011 )
b111000010011 -
b111000010011 :
b1000101100110 +
#44545
0'
#44550
1'
b111000010010 (
b111000010010 ,
b111000010010 9
b1010001100 )
b1010001100 -
b1010001100 :
b1000101100111 +
#44555
0'
#44560
1'
b111000010000 (
b111000010000 ,
b111000010000 9
b1010001011 )
b1010001011 -
b1010001011 :
b1000101101000 +
#44565
0'
#44570
1'
b111000001110 (
b111000001110 ,
b111000001110 9
b1010001001 )
b1010001001 -
b1010001001 :
b1000101101001 +
#44575
0'
#44580
1'
b110101111000 (
b110101111000 ,
b110101111000 9
b111000001101 )
b111000001101 -
b111000001101 :
b1000101101010 +
#44585
0'
#44590
1'
b110101111001 (
b110101111001 ,
b110101111001 9
b111000001011 )
b111000001011 -
b111000001011 :
b1000101101011 +
#44595
0'
#44600
1'
b110101111011 (
b110101111011 ,
b110101111011 9
b111000001001 )
b111000001001 -
b111000001001 :
b1000101101100 +
#44605
0'
#44610
1'
b1010000100 (
b1010000100 ,
b1010000100 9
b111111000 )
b111111000 -
b111111000 :
b1000101101101 +
#44615
0'
#44620
1'
b1010000011 (
b1010000011 ,
b1010000011 9
b111111010 )
b111111010 -
b111111010 :
b1000101101110 +
#44625
0'
#44630
1'
b1010000001 (
b1010000001 ,
b1010000001 9
b111111100 )
b111111100 -
b111111100 :
b1000101101111 +
#44635
0'
#44640
1'
b111111110 (
b111111110 ,
b111111110 9
b110110000000 )
b110110000000 -
b110110000000 :
b1000101110000 +
#44645
0'
#44650
1'
b111111111 (
b111111111 ,
b111111111 9
b110110000001 )
b110110000001 -
b110110000001 :
b1000101110001 +
#44655
0'
#44660
1'
b1000000001 (
b1000000001 ,
b1000000001 9
b110110000011 )
b110110000011 -
b110110000011 :
b1000101110010 +
#44665
0'
#44670
1'
b110111111101 (
b110111111101 ,
b110111111101 9
b1001111100 )
b1001111100 -
b1001111100 :
b1000101110011 +
#44675
0'
#44680
1'
b110111111100 (
b110111111100 ,
b110111111100 9
b1001111011 )
b1001111011 -
b1001111011 :
b1000101110100 +
#44685
0'
#44690
1'
b110111111010 (
b110111111010 ,
b110111111010 9
b1001111001 )
b1001111001 -
b1001111001 :
b1000101110101 +
#44695
0'
#44700
1'
b1100101110 (
b1100101110 ,
b1100101110 9
b111110110001 )
b111110110001 -
b111110110001 :
b1000101110110 +
#44705
0'
#44710
1'
b1100101111 (
b1100101111 ,
b1100101111 9
b111110110011 )
b111110110011 -
b111110110011 :
b1000101110111 +
#44715
0'
#44720
1'
b111110110101 )
b111110110101 -
b111110110101 :
b1000101111000 +
#44725
0'
#44730
1'
b1001001 (
b1001001 ,
b1001001 9
b1100101111 )
b1100101111 -
b1100101111 :
b1000101111001 +
#44735
0'
#44740
1'
b1000110 (
b1000110 ,
b1000110 9
b1000101111010 +
#44745
0'
#44750
1'
b1000100 (
b1000100 ,
b1000100 9
b1000101111011 +
#44755
0'
#44760
1'
b111110111110 (
b111110111110 ,
b111110111110 9
b110011010000 )
b110011010000 -
b110011010000 :
b1000101111100 +
#44765
0'
#44770
1'
b111111000000 (
b111111000000 ,
b111111000000 9
b1000101111101 +
#44775
0'
#44780
1'
b111111000010 (
b111111000010 ,
b111111000010 9
b1000101111110 +
#44785
0'
#44790
1'
b110110010100 (
b110110010100 ,
b110110010100 9
b110111101010 )
b110111101010 -
b110111101010 :
b1000101111111 +
#44795
0'
#44800
1'
b110110010110 (
b110110010110 ,
b110110010110 9
b110111101000 )
b110111101000 -
b110111101000 :
b1000110000000 +
#44805
0'
#44810
1'
b110110010111 (
b110110010111 ,
b110110010111 9
b110111100111 )
b110111100111 -
b110111100111 :
b1000110000001 +
#44815
0'
#44820
1'
b110101 (
b110101 ,
b110101 9
b1100110001 )
b1100110001 -
b1100110001 :
b1000110000010 +
#44825
0'
#44830
1'
b110011 (
b110011 ,
b110011 9
b1000110000011 +
#44835
0'
#44840
1'
b110001 (
b110001 ,
b110001 9
b1000110000100 +
#44845
0'
#44850
1'
b101111 (
b101111 ,
b101111 9
b1000110000101 +
#44855
0'
#44860
1'
b101101 (
b101101 ,
b101101 9
b1000110000110 +
#44865
0'
#44870
1'
b101011 (
b101011 ,
b101011 9
b1000110000111 +
#44875
0'
#44880
1'
b110110100001 (
b110110100001 ,
b110110100001 9
b110111011011 )
b110111011011 -
b110111011011 :
b1000110001000 +
#44885
0'
#44890
1'
b110110100011 (
b110110100011 ,
b110110100011 9
b110111011010 )
b110111011010 -
b110111011010 :
b1000110001001 +
#44895
0'
#44900
1'
b110110100100 (
b110110100100 ,
b110110100100 9
b110111011000 )
b110111011000 -
b110111011000 :
b1000110001010 +
#44905
0'
#44910
1'
b110111010111 (
b110111010111 ,
b110111010111 9
b1001011010 )
b1001011010 -
b1001011010 :
b1000110001011 +
#44915
0'
#44920
1'
b110111010101 (
b110111010101 ,
b110111010101 9
b1001011001 )
b1001011001 -
b1001011001 :
b1000110001100 +
#44925
0'
#44930
1'
b110111010011 (
b110111010011 ,
b110111010011 9
b1001011000 )
b1001011000 -
b1001011000 :
b1000110001101 +
#44935
0'
#44940
1'
b111111100100 (
b111111100100 ,
b111111100100 9
b110011001110 )
b110011001110 -
b110011001110 :
b1000110001110 +
#44945
0'
#44950
1'
b111111100110 (
b111111100110 ,
b111111100110 9
b1000110001111 +
#44955
0'
#44960
1'
b111111101001 (
b111111101001 ,
b111111101001 9
b1000110010000 +
#44965
0'
#44970
1'
b110111001101 (
b110111001101 ,
b110111001101 9
b1001010010 )
b1001010010 -
b1001010010 :
b1000110010001 +
#44975
0'
#44980
1'
b110111001100 (
b110111001100 ,
b110111001100 9
b1001010000 )
b1001010000 -
b1001010000 :
b1000110010010 +
#44985
0'
#44990
1'
b110111001010 (
b110111001010 ,
b110111001010 9
b1001001111 )
b1001001111 -
b1001001111 :
b1000110010011 +
#44995
0'
#45000
1'
b1000110111 (
b1000110111 ,
b1000110111 9
b110110110011 )
b110110110011 -
b110110110011 :
b1000110010100 +
#45005
0'
#45010
1'
b1000111001 (
b1000111001 ,
b1000111001 9
b110110110100 )
b110110110100 -
b110110110100 :
b1000110010101 +
#45015
0'
#45020
1'
b1000111011 (
b1000111011 ,
b1000111011 9
b110110110110 )
b110110110110 -
b110110110110 :
b1000110010110 +
#45025
0'
#45030
1'
b1001 (
b1001 ,
b1001 9
b1100110010 )
b1100110010 -
b1100110010 :
b1000110010111 +
#45035
0'
#45040
1'
b110 (
b110 ,
b110 9
b1000110011000 +
#45045
0'
#45050
1'
b100 (
b100 ,
b100 9
b1000110011001 +
#45055
0'
#45060
1'
b10 (
b10 ,
b10 9
b1000110011010 +
#45065
0'
#45070
1'
b0 (
b0 ,
b0 9
b1000110011011 +
#45075
0'
#45080
1'
b111111111111 (
b111111111111 ,
b111111111111 9
b1000110011100 +
#45085
0'
#45090
1'
b1100110010 (
b1100110010 ,
b1100110010 9
b11 )
b11 -
b11 :
b1000110011101 +
#45095
0'
#45100
1'
b101 )
b101 -
b101 :
b1000110011110 +
#45105
0'
#45110
1'
b1000 )
b1000 -
b1000 :
b1000110011111 +
#45115
0'
#45120
1'
b111111110110 (
b111111110110 ,
b111111110110 9
b1100110010 )
b1100110010 -
b1100110010 :
b1000110100000 +
#45125
0'
#45130
1'
b111111110100 (
b111111110100 ,
b111111110100 9
b1000110100001 +
#45135
0'
#45140
1'
b111111110010 (
b111111110010 ,
b111111110010 9
b1000110100010 +
#45145
0'
#45150
1'
b111111110000 (
b111111110000 ,
b111111110000 9
b1000110100011 +
#45155
0'
#45160
1'
b111111101110 (
b111111101110 ,
b111111101110 9
b1000110100100 +
#45165
0'
#45170
1'
b111111101100 (
b111111101100 ,
b111111101100 9
b1000110100101 +
#45175
0'
#45180
1'
b10111 (
b10111 ,
b10111 9
b110011001110 )
b110011001110 -
b110011001110 :
b1000110100110 +
#45185
0'
#45190
1'
b11001 (
b11001 ,
b11001 9
b1000110100111 +
#45195
0'
#45200
1'
b11011 (
b11011 ,
b11011 9
b1000110101000 +
#45205
0'
#45210
1'
b1000101101 (
b1000101101 ,
b1000101101 9
b1001010111 )
b1001010111 -
b1001010111 :
b1000110101001 +
#45215
0'
#45220
1'
b1000101100 (
b1000101100 ,
b1000101100 9
b1001011000 )
b1001011000 -
b1001011000 :
b1000110101010 +
#45225
0'
#45230
1'
b1000101010 (
b1000101010 ,
b1000101010 9
b1001011010 )
b1001011010 -
b1001011010 :
b1000110101011 +
#45235
0'
#45240
1'
b110011001110 (
b110011001110 ,
b110011001110 9
b111111011101 )
b111111011101 -
b111111011101 :
b1000110101100 +
#45245
0'
#45250
1'
b110011001111 (
b110011001111 ,
b110011001111 9
b111111011010 )
b111111011010 -
b111111011010 :
b1000110101101 +
#45255
0'
#45260
1'
b111111011000 )
b111111011000 -
b111111011000 :
b1000110101110 +
#45265
0'
#45270
1'
b111111010110 (
b111111010110 ,
b111111010110 9
b1100110001 )
b1100110001 -
b1100110001 :
b1000110101111 +
#45275
0'
#45280
1'
b111111010100 (
b111111010100 ,
b111111010100 9
b1000110110000 +
#45285
0'
#45290
1'
b111111010010 (
b111111010010 ,
b111111010010 9
b1000110110001 +
#45295
0'
#45300
1'
b110000 (
b110000 ,
b110000 9
b110011001111 )
b110011001111 -
b110011001111 :
b1000110110010 +
#45305
0'
#45310
1'
b110010 (
b110010 ,
b110010 9
b1000110110011 +
#45315
0'
#45320
1'
b110101 (
b110101 ,
b110101 9
b1000110110100 +
#45325
0'
#45330
1'
b110011010000 (
b110011010000 ,
b110011010000 9
b111111001001 )
b111111001001 -
b111111001001 :
b1000110110101 +
#45335
0'
#45340
1'
b111111000111 )
b111111000111 -
b111111000111 :
b1000110110110 +
#45345
0'
#45350
1'
b111111000101 )
b111111000101 -
b111111000101 :
b1000110110111 +
#45355
0'
#45360
1'
b111111000011 (
b111111000011 ,
b111111000011 9
b1100110000 )
b1100110000 -
b1100110000 :
b1000110111000 +
#45365
0'
#45370
1'
b111111000001 (
b111111000001 ,
b111111000001 9
b1000110111001 +
#45375
0'
#45380
1'
b111110111111 (
b111110111111 ,
b111110111111 9
b1000110111010 +
#45385
0'
#45390
1'
b1100101111 (
b1100101111 ,
b1100101111 9
b1000011 )
b1000011 -
b1000011 :
b1000110111011 +
#45395
0'
#45400
1'
b1000110 )
b1000110 -
b1000110 :
b1000110111100 +
#45405
0'
#45410
1'
b1001000 )
b1001000 -
b1001000 :
b1000110111101 +
#45415
0'
#45420
1'
b1001010 )
b1001010 -
b1001010 :
b1000110111110 +
#45425
0'
#45430
1'
b1001100 )
b1001100 -
b1001100 :
b1000110111111 +
#45435
0'
#45440
1'
b1001110 )
b1001110 -
b1001110 :
b1000111000000 +
#45445
0'
#45450
1'
b110011010010 (
b110011010010 ,
b110011010010 9
b111110110000 )
b111110110000 -
b111110110000 :
b1000111000001 +
#45455
0'
#45460
1'
b111110101110 )
b111110101110 -
b111110101110 :
b1000111000010 +
#45465
0'
#45470
1'
b111110101011 )
b111110101011 -
b111110101011 :
b1000111000011 +
#45475
0'
#45480
1'
b111110101001 (
b111110101001 ,
b111110101001 9
b1100101110 )
b1100101110 -
b1100101110 :
b1000111000100 +
#45485
0'
#45490
1'
b111110100111 (
b111110100111 ,
b111110100111 9
b1100101101 )
b1100101101 -
b1100101101 :
b1000111000101 +
#45495
0'
#45500
1'
b111110100101 (
b111110100101 ,
b111110100101 9
b1000111000110 +
#45505
0'
#45510
1'
b1010000001 (
b1010000001 ,
b1010000001 9
b111000000011 )
b111000000011 -
b111000000011 :
b1000111000111 +
#45515
0'
#45520
1'
b1010000010 (
b1010000010 ,
b1010000010 9
b111000000101 )
b111000000101 -
b111000000101 :
b1000111001000 +
#45525
0'
#45530
1'
b1010000011 (
b1010000011 ,
b1010000011 9
b111000000111 )
b111000000111 -
b111000000111 :
b1000111001001 +
#45535
0'
#45540
1'
b111111000 (
b111111000 ,
b111111000 9
b1010000101 )
b1010000101 -
b1010000101 :
b1000111001010 +
#45545
0'
#45550
1'
b111110110 (
b111110110 ,
b111110110 9
b1010000110 )
b1010000110 -
b1010000110 :
b1000111001011 +
#45555
0'
#45560
1'
b111110100 (
b111110100 ,
b111110100 9
b1010000111 )
b1010000111 -
b1010000111 :
b1000111001100 +
#45565
0'
#45570
1'
b111000001110 (
b111000001110 ,
b111000001110 9
b110101110111 )
b110101110111 -
b110101110111 :
b1000111001101 +
#45575
0'
#45580
1'
b111000001111 (
b111000001111 ,
b111000001111 9
b110101110110 )
b110101110110 -
b110101110110 :
b1000111001110 +
#45585
0'
#45590
1'
b111000010001 (
b111000010001 ,
b111000010001 9
b110101110101 )
b110101110101 -
b110101110101 :
b1000111001111 +
#45595
0'
#45600
1'
b111101101 (
b111101101 ,
b111101101 9
b1010001101 )
b1010001101 -
b1010001101 :
b1000111010000 +
#45605
0'
#45610
1'
b111101100 (
b111101100 ,
b111101100 9
b1010001110 )
b1010001110 -
b1010001110 :
b1000111010001 +
#45615
0'
#45620
1'
b111101010 (
b111101010 ,
b111101010 9
b1010001111 )
b1010001111 -
b1010001111 :
b1000111010010 +
#45625
0'
#45630
1'
b1110110 (
b1110110 ,
b1110110 9
b110011010110 )
b110011010110 -
b110011010110 :
b1000111010011 +
#45635
0'
#45640
1'
b1111001 (
b1111001 ,
b1111001 9
b110011010111 )
b110011010111 -
b110011010111 :
b1000111010100 +
#45645
0'
#45650
1'
b1111011 (
b1111011 ,
b1111011 9
b1000111010101 +
#45655
0'
#45660
1'
b1100101001 (
b1100101001 ,
b1100101001 9
b1111101 )
b1111101 -
b1111101 :
b1000111010110 +
#45665
0'
#45670
1'
b1100101000 (
b1100101000 ,
b1100101000 9
b1111111 )
b1111111 -
b1111111 :
b1000111010111 +
#45675
0'
#45680
1'
b10000001 )
b10000001 -
b10000001 :
b1000111011000 +
#45685
0'
#45690
1'
b111101111101 (
b111101111101 ,
b111101111101 9
b1100101000 )
b1100101000 -
b1100101000 :
b1000111011001 +
#45695
0'
#45700
1'
b111101111011 (
b111101111011 ,
b111101111011 9
b1100100111 )
b1100100111 -
b1100100111 :
b1000111011010 +
#45705
0'
#45710
1'
b111101111001 (
b111101111001 ,
b111101111001 9
b1000111011011 +
#45715
0'
#45720
1'
b111000100111 (
b111000100111 ,
b111000100111 9
b110101100100 )
b110101100100 -
b110101100100 :
b1000111011100 +
#45725
0'
#45730
1'
b111000101001 (
b111000101001 ,
b111000101001 9
b110101100011 )
b110101100011 -
b110101100011 :
b1000111011101 +
#45735
0'
#45740
1'
b111000101011 (
b111000101011 ,
b111000101011 9
b110101100010 )
b110101100010 -
b110101100010 :
b1000111011110 +
#45745
0'
#45750
1'
b110011011011 (
b110011011011 ,
b110011011011 9
b111101110000 )
b111101110000 -
b111101110000 :
b1000111011111 +
#45755
0'
#45760
1'
b111101101110 )
b111101101110 -
b111101101110 :
b1000111100000 +
#45765
0'
#45770
1'
b111101101100 )
b111101101100 -
b111101101100 :
b1000111100001 +
#45775
0'
#45780
1'
b110101011101 (
b110101011101 ,
b110101011101 9
b111001110 )
b111001110 -
b111001110 :
b1000111100010 +
#45785
0'
#45790
1'
b110101011100 (
b110101011100 ,
b110101011100 9
b111001100 )
b111001100 -
b111001100 :
b1000111100011 +
#45795
0'
#45800
1'
b110101011010 (
b110101011010 ,
b110101011010 9
b111001011 )
b111001011 -
b111001011 :
b1000111100100 +
#45805
0'
#45810
1'
b10011100 (
b10011100 ,
b10011100 9
b110011011101 )
b110011011101 -
b110011011101 :
b1000111100101 +
#45815
0'
#45820
1'
b10011111 (
b10011111 ,
b10011111 9
b1000111100110 +
#45825
0'
#45830
1'
b10100001 (
b10100001 ,
b10100001 9
b110011011110 )
b110011011110 -
b110011011110 :
b1000111100111 +
#45835
0'
#45840
1'
b111101011101 (
b111101011101 ,
b111101011101 9
b1100100010 )
b1100100010 -
b1100100010 :
b1000111101000 +
#45845
0'
#45850
1'
b111101011011 (
b111101011011 ,
b111101011011 9
b1100100001 )
b1100100001 -
b1100100001 :
b1000111101001 +
#45855
0'
#45860
1'
b111101011001 (
b111101011001 ,
b111101011001 9
b1000111101010 +
#45865
0'
#45870
1'
b10101001 (
b10101001 ,
b10101001 9
b110011011111 )
b110011011111 -
b110011011111 :
b1000111101011 +
#45875
0'
#45880
1'
b10101011 (
b10101011 ,
b10101011 9
b110011100000 )
b110011100000 -
b110011100000 :
b1000111101100 +
#45885
0'
#45890
1'
b10101101 (
b10101101 ,
b10101101 9
b1000111101101 +
#45895
0'
#45900
1'
b110011100001 (
b110011100001 ,
b110011100001 9
b111101010001 )
b111101010001 -
b111101010001 :
b1000111101110 +
#45905
0'
#45910
1'
b111101001111 )
b111101001111 -
b111101001111 :
b1000111101111 +
#45915
0'
#45920
1'
b110011100010 (
b110011100010 ,
b110011100010 9
b111101001101 )
b111101001101 -
b111101001101 :
b1000111110000 +
#45925
0'
#45930
1'
b111001001101 (
b111001001101 ,
b111001001101 9
b110101001011 )
b110101001011 -
b110101001011 :
b1000111110001 +
#45935
0'
#45940
1'
b111001001111 (
b111001001111 ,
b111001001111 9
b110101001010 )
b110101001010 -
b110101001010 :
b1000111110010 +
#45945
0'
#45950
1'
b111001010000 (
b111001010000 ,
b111001010000 9
b110101001001 )
b110101001001 -
b110101001001 :
b1000111110011 +
#45955
0'
#45960
1'
b1100011100 (
b1100011100 ,
b1100011100 9
b10111100 )
b10111100 -
b10111100 :
b1000111110100 +
#45965
0'
#45970
1'
b10111110 )
b10111110 -
b10111110 :
b1000111110101 +
#45975
0'
#45980
1'
b1100011011 (
b1100011011 ,
b1100011011 9
b11000000 )
b11000000 -
b11000000 :
b1000111110110 +
#45985
0'
#45990
1'
b110101000 (
b110101000 ,
b110101000 9
b1010111011 )
b1010111011 -
b1010111011 :
b1000111110111 +
#45995
0'
#46000
1'
b110100110 (
b110100110 ,
b110100110 9
b1010111101 )
b1010111101 -
b1010111101 :
b1000111111000 +
#46005
0'
#46010
1'
b110100101 (
b110100101 ,
b110100101 9
b1010111110 )
b1010111110 -
b1010111110 :
b1000111111001 +
#46015
0'
#46020
1'
b110100011 (
b110100011 ,
b110100011 9
b1010111111 )
b1010111111 -
b1010111111 :
b1000111111010 +
#46025
0'
#46030
1'
b110100001 (
b110100001 ,
b110100001 9
b1011000000 )
b1011000000 -
b1011000000 :
b1000111111011 +
#46035
0'
#46040
1'
b110011111 (
b110011111 ,
b110011111 9
b1011000001 )
b1011000001 -
b1011000001 :
b1000111111100 +
#46045
0'
#46050
1'
b110100111110 (
b110100111110 ,
b110100111110 9
b110011101 )
b110011101 -
b110011101 :
b1000111111101 +
#46055
0'
#46060
1'
b110100111101 (
b110100111101 ,
b110100111101 9
b110011011 )
b110011011 -
b110011011 :
b1000111111110 +
#46065
0'
#46070
1'
b110100111100 (
b110100111100 ,
b110100111100 9
b110011010 )
b110011010 -
b110011010 :
b1000111111111 +
#46075
0'
#46080
1'
b11010101 (
b11010101 ,
b11010101 9
b110011101010 )
b110011101010 -
b110011101010 :
b1001000000000 +
#46085
0'
#46090
1'
b11010111 (
b11010111 ,
b11010111 9
b110011101011 )
b110011101011 -
b110011101011 :
b1001000000001 +
#46095
0'
#46100
1'
b11011001 (
b11011001 ,
b11011001 9
b1001000000010 +
#46105
0'
#46110
1'
b1011001000 (
b1011001000 ,
b1011001000 9
b111001101110 )
b111001101110 -
b111001101110 :
b1001000000011 +
#46115
0'
#46120
1'
b1011001010 (
b1011001010 ,
b1011001010 9
b111001110000 )
b111001110000 -
b111001110000 :
b1001000000100 +
#46125
0'
#46130
1'
b1011001011 (
b1011001011 ,
b1011001011 9
b111001110010 )
b111001110010 -
b111001110010 :
b1001000000101 +
#46135
0'
#46140
1'
b1011001100 (
b1011001100 ,
b1011001100 9
b111001110011 )
b111001110011 -
b111001110011 :
b1001000000110 +
#46145
0'
#46150
1'
b1011001101 (
b1011001101 ,
b1011001101 9
b111001110101 )
b111001110101 -
b111001110101 :
b1001000000111 +
#46155
0'
#46160
1'
b1011001110 (
b1011001110 ,
b1011001110 9
b111001110111 )
b111001110111 -
b111001110111 :
b1001000001000 +
#46165
0'
#46170
1'
b11100111 (
b11100111 ,
b11100111 9
b110011101111 )
b110011101111 -
b110011101111 :
b1001000001001 +
#46175
0'
#46180
1'
b11101001 (
b11101001 ,
b11101001 9
b110011110000 )
b110011110000 -
b110011110000 :
b1001000001010 +
#46185
0'
#46190
1'
b11101011 (
b11101011 ,
b11101011 9
b1001000001011 +
#46195
0'
#46200
1'
b110000001 (
b110000001 ,
b110000001 9
b1011010010 )
b1011010010 -
b1011010010 :
b1001000001100 +
#46205
0'
#46210
1'
b101111111 (
b101111111 ,
b101111111 9
b1011010011 )
b1011010011 -
b1011010011 :
b1001000001101 +
#46215
0'
#46220
1'
b101111101 (
b101111101 ,
b101111101 9
b1011010100 )
b1011010100 -
b1011010100 :
b1001000001110 +
#46225
0'
#46230
1'
b101111100 (
b101111100 ,
b101111100 9
b1011010101 )
b1011010101 -
b1011010101 :
b1001000001111 +
#46235
0'
#46240
1'
b101111010 (
b101111010 ,
b101111010 9
b1011010110 )
b1011010110 -
b1011010110 :
b1001000010000 +
#46245
0'
#46250
1'
b101111000 (
b101111000 ,
b101111000 9
b1011010111 )
b1011010111 -
b1011010111 :
b1001000010001 +
#46255
0'
#46260
1'
b111010001010 (
b111010001010 ,
b111010001010 9
b110100101000 )
b110100101000 -
b110100101000 :
b1001000010010 +
#46265
0'
#46270
1'
b111010001100 (
b111010001100 ,
b111010001100 9
b110100100111 )
b110100100111 -
b110100100111 :
b1001000010011 +
#46275
0'
#46280
1'
b111010001110 (
b111010001110 ,
b111010001110 9
b110100100110 )
b110100100110 -
b110100100110 :
b1001000010100 +
#46285
0'
#46290
1'
b110100100101 (
b110100100101 ,
b110100100101 9
b101110000 )
b101110000 -
b101110000 :
b1001000010101 +
#46295
0'
#46300
1'
b110100100100 (
b110100100100 ,
b110100100100 9
b101101110 )
b101101110 -
b101101110 :
b1001000010110 +
#46305
0'
#46310
1'
b110100100011 (
b110100100011 ,
b110100100011 9
b101101100 )
b101101100 -
b101101100 :
b1001000010111 +
#46315
0'
#46320
1'
b110011111001 (
b110011111001 ,
b110011111001 9
b111011111010 )
b111011111010 -
b111011111010 :
b1001000011000 +
#46325
0'
#46330
1'
b110011111010 (
b110011111010 ,
b110011111010 9
b111011111000 )
b111011111000 -
b111011111000 :
b1001000011001 +
#46335
0'
#46340
1'
b111011110110 )
b111011110110 -
b111011110110 :
b1001000011010 +
#46345
0'
#46350
1'
b100001100 (
b100001100 ,
b100001100 9
b110011111011 )
b110011111011 -
b110011111011 :
b1001000011011 +
#46355
0'
#46360
1'
b100001110 (
b100001110 ,
b100001110 9
b110011111100 )
b110011111100 -
b110011111100 :
b1001000011100 +
#46365
0'
#46370
1'
b100010000 (
b100010000 ,
b100010000 9
b1001000011101 +
#46375
0'
#46380
1'
b101011111 (
b101011111 ,
b101011111 9
b1011100011 )
b1011100011 -
b1011100011 :
b1001000011110 +
#46385
0'
#46390
1'
b101011101 (
b101011101 ,
b101011101 9
b1011100100 )
b1011100100 -
b1011100100 :
b1001000011111 +
#46395
0'
#46400
1'
b101011011 (
b101011011 ,
b101011011 9
b1011100101 )
b1011100101 -
b1011100101 :
b1001000100000 +
#46405
0'
#46410
1'
b111010100111 (
b111010100111 ,
b111010100111 9
b110100011010 )
b110100011010 -
b110100011010 :
b1001000100001 +
#46415
0'
#46420
1'
b111010101001 (
b111010101001 ,
b111010101001 9
b110100011001 )
b110100011001 -
b110100011001 :
b1001000100010 +
#46425
0'
#46430
1'
b111010101011 (
b111010101011 ,
b111010101011 9
b110100011000 )
b110100011000 -
b110100011000 :
b1001000100011 +
#46435
0'
#46440
1'
b100011110 (
b100011110 ,
b100011110 9
b110100000001 )
b110100000001 -
b110100000001 :
b1001000100100 +
#46445
0'
#46450
1'
b100100000 (
b100100000 ,
b100100000 9
b110100000010 )
b110100000010 -
b110100000010 :
b1001000100101 +
#46455
0'
#46460
1'
b100100010 (
b100100010 ,
b100100010 9
b110100000011 )
b110100000011 -
b110100000011 :
b1001000100110 +
#46465
0'
#46470
1'
b111010110011 (
b111010110011 ,
b111010110011 9
b110100010101 )
b110100010101 -
b110100010101 :
b1001000100111 +
#46475
0'
#46480
1'
b111010110101 (
b111010110101 ,
b111010110101 9
b110100010100 )
b110100010100 -
b110100010100 :
b1001000101000 +
#46485
0'
#46490
1'
b111010110111 (
b111010110111 ,
b111010110111 9
b110100010011 )
b110100010011 -
b110100010011 :
b1001000101001 +
#46495
0'
#46500
1'
b100101010 (
b100101010 ,
b100101010 9
b110100000110 )
b110100000110 -
b110100000110 :
b1001000101010 +
#46505
0'
#46510
1'
b100101100 (
b100101100 ,
b100101100 9
b110100000111 )
b110100000111 -
b110100000111 :
b1001000101011 +
#46515
0'
#46520
1'
b100101110 (
b100101110 ,
b100101110 9
b110100001000 )
b110100001000 -
b110100001000 :
b1001000101100 +
#46525
0'
#46530
1'
b111010111110 (
b111010111110 ,
b111010111110 9
b110100010000 )
b110100010000 -
b110100010000 :
b1001000101101 +
#46535
0'
#46540
1'
b111011000000 (
b111011000000 ,
b111011000000 9
b110100001111 )
b110100001111 -
b110100001111 :
b1001000101110 +
#46545
0'
#46550
1'
b111011000010 (
b111011000010 ,
b111011000010 9
b110100001110 )
b110100001110 -
b110100001110 :
b1001000101111 +
#46555
0'
#46560
1'
b1011110011 (
b1011110011 ,
b1011110011 9
b111011000100 )
b111011000100 -
b111011000100 :
b1001000110000 +
#46565
0'
#46570
1'
b1011110100 (
b1011110100 ,
b1011110100 9
b111011000110 )
b111011000110 -
b111011000110 :
b1001000110001 +
#46575
0'
#46580
1'
b111011001000 )
b111011001000 -
b111011001000 :
b1001000110010 +
#46585
0'
#46590
1'
b1011110101 (
b1011110101 ,
b1011110101 9
b111011001010 )
b111011001010 -
b111011001010 :
b1001000110011 +
#46595
0'
#46600
1'
b1011110110 (
b1011110110 ,
b1011110110 9
b111011001100 )
b111011001100 -
b111011001100 :
b1001000110100 +
#46605
0'
#46610
1'
b1011110111 (
b1011110111 ,
b1011110111 9
b111011001110 )
b111011001110 -
b111011001110 :
b1001000110101 +
#46615
0'
#46620
1'
b100110000 (
b100110000 ,
b100110000 9
b1011111000 )
b1011111000 -
b1011111000 :
b1001000110110 +
#46625
0'
#46630
1'
b100101110 (
b100101110 ,
b100101110 9
b1001000110111 +
#46635
0'
#46640
1'
b100101100 (
b100101100 ,
b100101100 9
b1011111001 )
b1011111001 -
b1011111001 :
b1001000111000 +
#46645
0'
#46650
1'
b100101010 (
b100101010 ,
b100101010 9
b1011111010 )
b1011111010 -
b1011111010 :
b1001000111001 +
#46655
0'
#46660
1'
b100101000 (
b100101000 ,
b100101000 9
b1011111011 )
b1011111011 -
b1011111011 :
b1001000111010 +
#46665
0'
#46670
1'
b100100110 (
b100100110 ,
b100100110 9
b1011111100 )
b1011111100 -
b1011111100 :
b1001000111011 +
#46675
0'
#46680
1'
b101001110 (
b101001110 ,
b101001110 9
b110100010101 )
b110100010101 -
b110100010101 :
b1001000111100 +
#46685
0'
#46690
1'
b101010000 (
b101010000 ,
b101010000 9
b110100010110 )
b110100010110 -
b110100010110 :
b1001000111101 +
#46695
0'
#46700
1'
b101010001 (
b101010001 ,
b101010001 9
b110100010111 )
b110100010111 -
b110100010111 :
b1001000111110 +
#46705
0'
#46710
1'
b1011111111 (
b1011111111 ,
b1011111111 9
b111011100010 )
b111011100010 -
b111011100010 :
b1001000111111 +
#46715
0'
#46720
1'
b111011100100 )
b111011100100 -
b111011100100 :
b1001001000000 +
#46725
0'
#46730
1'
b1100000000 (
b1100000000 ,
b1100000000 9
b111011100110 )
b111011100110 -
b111011100110 :
b1001001000001 +
#46735
0'
#46740
1'
b111010100111 (
b111010100111 ,
b111010100111 9
b1011100110 )
b1011100110 -
b1011100110 :
b1001001000010 +
#46745
0'
#46750
1'
b111010100101 (
b111010100101 ,
b111010100101 9
b1011100101 )
b1011100101 -
b1011100101 :
b1001001000011 +
#46755
0'
#46760
1'
b111010100011 (
b111010100011 ,
b111010100011 9
b1011100100 )
b1011100100 -
b1011100100 :
b1001001000100 +
#46765
0'
#46770
1'
b101011111 (
b101011111 ,
b101011111 9
b110100011101 )
b110100011101 -
b110100011101 :
b1001001000101 +
#46775
0'
#46780
1'
b101100001 (
b101100001 ,
b101100001 9
b110100011110 )
b110100011110 -
b110100011110 :
b1001001000110 +
#46785
0'
#46790
1'
b101100011 (
b101100011 ,
b101100011 9
b110100011111 )
b110100011111 -
b110100011111 :
b1001001000111 +
#46795
0'
#46800
1'
b1100000101 (
b1100000101 ,
b1100000101 9
b111011110100 )
b111011110100 -
b111011110100 :
b1001001001000 +
#46805
0'
#46810
1'
b1100000110 (
b1100000110 ,
b1100000110 9
b111011110110 )
b111011110110 -
b111011110110 :
b1001001001001 +
#46815
0'
#46820
1'
b1100000111 (
b1100000111 ,
b1100000111 9
b111011111000 )
b111011111000 -
b111011111000 :
b1001001001010 +
#46825
0'
#46830
1'
b100000110 (
b100000110 ,
b100000110 9
b1100000111 )
b1100000111 -
b1100000111 :
b1001001001011 +
#46835
0'
#46840
1'
b100000100 (
b100000100 ,
b100000100 9
b1100001000 )
b1100001000 -
b1100001000 :
b1001001001100 +
#46845
0'
#46850
1'
b100000010 (
b100000010 ,
b100000010 9
b1100001001 )
b1100001001 -
b1100001001 :
b1001001001101 +
#46855
0'
#46860
1'
b100000000 (
b100000000 ,
b100000000 9
b1001001001110 +
#46865
0'
#46870
1'
b11111110 (
b11111110 ,
b11111110 9
b1100001010 )
b1100001010 -
b1100001010 :
b1001001001111 +
#46875
0'
#46880
1'
b11111100 (
b11111100 ,
b11111100 9
b1100001011 )
b1100001011 -
b1100001011 :
b1001001010000 +
#46885
0'
#46890
1'
b110011110101 (
b110011110101 ,
b110011110101 9
b11111001 )
b11111001 -
b11111001 :
b1001001010001 +
#46895
0'
#46900
1'
b110011110100 (
b110011110100 ,
b110011110100 9
b11110111 )
b11110111 -
b11110111 :
b1001001010010 +
#46905
0'
#46910
1'
b110011110011 (
b110011110011 ,
b110011110011 9
b11110101 )
b11110101 -
b11110101 :
b1001001010011 +
#46915
0'
#46920
1'
b11110011 )
b11110011 -
b11110011 :
b1001001010100 +
#46925
0'
#46930
1'
b110011110010 (
b110011110010 ,
b110011110010 9
b11110001 )
b11110001 -
b11110001 :
b1001001010101 +
#46935
0'
#46940
1'
b11101111 )
b11101111 -
b11101111 :
b1001001010110 +
#46945
0'
#46950
1'
b111100010011 (
b111100010011 ,
b111100010011 9
b110011110001 )
b110011110001 -
b110011110001 :
b1001001010111 +
#46955
0'
#46960
1'
b111100010101 (
b111100010101 ,
b111100010101 9
b110011110000 )
b110011110000 -
b110011110000 :
b1001001011000 +
#46965
0'
#46970
1'
b111100010111 (
b111100010111 ,
b111100010111 9
b1001001011001 +
#46975
0'
#46980
1'
b110100110001 (
b110100110001 ,
b110100110001 9
b111001111001 )
b111001111001 -
b111001111001 :
b1001001011010 +
#46985
0'
#46990
1'
b110100110010 (
b110100110010 ,
b110100110010 9
b111001110111 )
b111001110111 -
b111001110111 :
b1001001011011 +
#46995
0'
#47000
1'
b110100110011 (
b110100110011 ,
b110100110011 9
b111001110101 )
b111001110101 -
b111001110101 :
b1001001011100 +
#47005
0'
#47010
1'
b110011101101 (
b110011101101 ,
b110011101101 9
b11100001 )
b11100001 -
b11100001 :
b1001001011101 +
#47015
0'
#47020
1'
b11011111 )
b11011111 -
b11011111 :
b1001001011110 +
#47025
0'
#47030
1'
b110011101100 (
b110011101100 ,
b110011101100 9
b11011101 )
b11011101 -
b11011101 :
b1001001011111 +
#47035
0'
#47040
1'
b11011011 (
b11011011 ,
b11011011 9
b1100010100 )
b1100010100 -
b1100010100 :
b1001001100000 +
#47045
0'
#47050
1'
b11011001 (
b11011001 ,
b11011001 9
b1100010101 )
b1100010101 -
b1100010101 :
b1001001100001 +
#47055
0'
#47060
1'
b11010111 (
b11010111 ,
b11010111 9
b1100010110 )
b1100010110 -
b1100010110 :
b1001001100010 +
#47065
0'
#47070
1'
b110011101010 (
b110011101010 ,
b110011101010 9
b11010101 )
b11010101 -
b11010101 :
b1001001100011 +
#47075
0'
#47080
1'
b110011101001 (
b110011101001 ,
b110011101001 9
b11010010 )
b11010010 -
b11010010 :
b1001001100100 +
#47085
0'
#47090
1'
b11010000 )
b11010000 -
b11010000 :
b1001001100101 +
#47095
0'
#47100
1'
b110100111110 (
b110100111110 ,
b110100111110 9
b111001100011 )
b111001100011 -
b111001100011 :
b1001001100110 +
#47105
0'
#47110
1'
b110100111111 (
b110100111111 ,
b110100111111 9
b111001100001 )
b111001100001 -
b111001100001 :
b1001001100111 +
#47115
0'
#47120
1'
b110101000000 (
b110101000000 ,
b110101000000 9
b111001011111 )
b111001011111 -
b111001011111 :
b1001001101000 +
#47125
0'
#47130
1'
b111001011101 (
b111001011101 ,
b111001011101 9
b1010111111 )
b1010111111 -
b1010111111 :
b1001001101001 +
#47135
0'
#47140
1'
b111001011011 (
b111001011011 ,
b111001011011 9
b1010111110 )
b1010111110 -
b1010111110 :
b1001001101010 +
#47145
0'
#47150
1'
b111001011001 (
b111001011001 ,
b111001011001 9
b1010111100 )
b1010111100 -
b1010111100 :
b1001001101011 +
#47155
0'
#47160
1'
b110011100101 (
b110011100101 ,
b110011100101 9
b11000010 )
b11000010 -
b11000010 :
b1001001101100 +
#47165
0'
#47170
1'
b11000000 )
b11000000 -
b11000000 :
b1001001101101 +
#47175
0'
#47180
1'
b110011100100 (
b110011100100 ,
b110011100100 9
b10111110 )
b10111110 -
b10111110 :
b1001001101110 +
#47185
0'
#47190
1'
b110101001000 (
b110101001000 ,
b110101001000 9
b111001010010 )
b111001010010 -
b111001010010 :
b1001001101111 +
#47195
0'
#47200
1'
b110101001001 (
b110101001001 ,
b110101001001 9
b111001010000 )
b111001010000 -
b111001010000 :
b1001001110000 +
#47205
0'
#47210
1'
b110101001010 (
b110101001010 ,
b110101001010 9
b111001001110 )
b111001001110 -
b111001001110 :
b1001001110001 +
#47215
0'
#47220
1'
b111101001011 (
b111101001011 ,
b111101001011 9
b110011100010 )
b110011100010 -
b110011100010 :
b1001001110010 +
#47225
0'
#47230
1'
b111101001101 (
b111101001101 ,
b111101001101 9
b1001001110011 +
#47235
0'
#47240
1'
b111101001111 (
b111101001111 ,
b111101001111 9
b110011100001 )
b110011100001 -
b110011100001 :
b1001001110100 +
#47245
0'
#47250
1'
b1010110001 (
b1010110001 ,
b1010110001 9
b110111001 )
b110111001 -
b110111001 :
b1001001110101 +
#47255
0'
#47260
1'
b1010110000 (
b1010110000 ,
b1010110000 9
b110111011 )
b110111011 -
b110111011 :
b1001001110110 +
#47265
0'
#47270
1'
b1010101111 (
b1010101111 ,
b1010101111 9
b110111100 )
b110111100 -
b110111100 :
b1001001110111 +
#47275
0'
#47280
1'
b110111110 (
b110111110 ,
b110111110 9
b110101010010 )
b110101010010 -
b110101010010 :
b1001001111000 +
#47285
0'
#47290
1'
b111000000 (
b111000000 ,
b111000000 9
b110101010011 )
b110101010011 -
b110101010011 :
b1001001111001 +
#47295
0'
#47300
1'
b111000010 (
b111000010 ,
b111000010 9
b110101010101 )
b110101010101 -
b110101010101 :
b1001001111010 +
#47305
0'
#47310
1'
b110011011110 (
b110011011110 ,
b110011011110 9
b10100011 )
b10100011 -
b10100011 :
b1001001111011 +
#47315
0'
#47320
1'
b10100000 )
b10100000 -
b10100000 :
b1001001111100 +
#47325
0'
#47330
1'
b110011011101 (
b110011011101 ,
b110011011101 9
b10011110 )
b10011110 -
b10011110 :
b1001001111101 +
#47335
0'
#47340
1'
b111101100100 (
b111101100100 ,
b111101100100 9
b110011011101 )
b110011011101 -
b110011011101 :
b1001001111110 +
#47345
0'
#47350
1'
b111101100110 (
b111101100110 ,
b111101100110 9
b110011011100 )
b110011011100 -
b110011011100 :
b1001001111111 +
#47355
0'
#47360
1'
b111101101000 (
b111101101000 ,
b111101101000 9
b1001010000000 +
#47365
0'
#47370
1'
b1010100011 (
b1010100011 ,
b1010100011 9
b111001110 )
b111001110 -
b111001110 :
b1001010000001 +
#47375
0'
#47380
1'
b1010100010 (
b1010100010 ,
b1010100010 9
b111010000 )
b111010000 -
b111010000 :
b1001010000010 +
#47385
0'
#47390
1'
b1010100001 (
b1010100001 ,
b1010100001 9
b111010010 )
b111010010 -
b111010010 :
b1001010000011 +
#47395
0'
#47400
1'
b110011011010 (
b110011011010 ,
b110011011010 9
b10010000 )
b10010000 -
b10010000 :
b1001010000100 +
#47405
0'
#47410
1'
b10001110 )
b10001110 -
b10001110 :
b1001010000101 +
#47415
0'
#47420
1'
b10001011 )
b10001011 -
b10001011 :
b1001010000110 +
#47425
0'
#47430
1'
b1010011100 (
b1010011100 ,
b1010011100 9
b111011001 )
b111011001 -
b111011001 :
b1001010000111 +
#47435
0'
#47440
1'
b1010011010 (
b1010011010 ,
b1010011010 9
b111011011 )
b111011011 -
b111011011 :
b1001010001000 +
#47445
0'
#47450
1'
b1010011001 (
b1010011001 ,
b1010011001 9
b111011100 )
b111011100 -
b111011100 :
b1001010001001 +
#47455
0'
#47460
1'
b1010011000 (
b1010011000 ,
b1010011000 9
b111011110 )
b111011110 -
b111011110 :
b1001010001010 +
#47465
0'
#47470
1'
b1010010111 (
b1010010111 ,
b1010010111 9
b111100000 )
b111100000 -
b111100000 :
b1001010001011 +
#47475
0'
#47480
1'
b1010010101 (
b1010010101 ,
b1010010101 9
b111100001 )
b111100001 -
b111100001 :
b1001010001100 +
#47485
0'
#47490
1'
b110101101100 (
b110101101100 ,
b110101101100 9
b111000011101 )
b111000011101 -
b111000011101 :
b1001010001101 +
#47495
0'
#47500
1'
b110101101101 (
b110101101101 ,
b110101101101 9
b111000011011 )
b111000011011 -
b111000011011 :
b1001010001110 +
#47505
0'
#47510
1'
b110101101110 (
b110101101110 ,
b110101101110 9
b111000011001 )
b111000011001 -
b111000011001 :
b1001010001111 +
#47515
0'
#47520
1'
b110101110000 (
b110101110000 ,
b110101110000 9
b111000011000 )
b111000011000 -
b111000011000 :
b1001010010000 +
#47525
0'
#47530
1'
b110101110001 (
b110101110001 ,
b110101110001 9
b111000010110 )
b111000010110 -
b111000010110 :
b1001010010001 +
#47535
0'
#47540
1'
b110101110010 (
b110101110010 ,
b110101110010 9
b111000010100 )
b111000010100 -
b111000010100 :
b1001010010010 +
#47545
0'
#47550
1'
b111101110 (
b111101110 ,
b111101110 9
b110101110100 )
b110101110100 -
b110101110100 :
b1001010010011 +
#47555
0'
#47560
1'
b111101111 (
b111101111 ,
b111101111 9
b110101110101 )
b110101110101 -
b110101110101 :
b1001010010100 +
#47565
0'
#47570
1'
b111110001 (
b111110001 ,
b111110001 9
b110101110110 )
b110101110110 -
b110101110110 :
b1001010010101 +
#47575
0'
#47580
1'
b111110010110 (
b111110010110 ,
b111110010110 9
b110011010101 )
b110011010101 -
b110011010101 :
b1001010010110 +
#47585
0'
#47590
1'
b111110011001 (
b111110011001 ,
b111110011001 9
b110011010100 )
b110011010100 -
b110011010100 :
b1001010010111 +
#47595
0'
#47600
1'
b111110011011 (
b111110011011 ,
b111110011011 9
b1001010011000 +
#47605
0'
#47610
1'
b1100011 (
b1100011 ,
b1100011 9
b1100101100 )
b1100101100 -
b1100101100 :
b1001010011001 +
#47615
0'
#47620
1'
b1100001 (
b1100001 ,
b1100001 9
b1001010011010 +
#47625
0'
#47630
1'
b1011111 (
b1011111 ,
b1011111 9
b1100101101 )
b1100101101 -
b1100101101 :
b1001010011011 +
#47635
0'
#47640
1'
b111110100011 (
b111110100011 ,
b111110100011 9
b110011010011 )
b110011010011 -
b110011010011 :
b1001010011100 +
#47645
0'
#47650
1'
b111110100101 (
b111110100101 ,
b111110100101 9
b1001010011101 +
#47655
0'
#47660
1'
b111110100111 (
b111110100111 ,
b111110100111 9
b1001010011110 +
#47665
0'
#47670
1'
b111110101010 (
b111110101010 ,
b111110101010 9
b110011010010 )
b110011010010 -
b110011010010 :
b1001010011111 +
#47675
0'
#47680
1'
b111110101100 (
b111110101100 ,
b111110101100 9
b1001010100000 +
#47685
0'
#47690
1'
b111110101110 (
b111110101110 ,
b111110101110 9
b1001010100001 +
#47695
0'
#47700
1'
b110111111001 (
b110111111001 ,
b110111111001 9
b1001111001 )
b1001111001 -
b1001111001 :
b1001010100010 +
#47705
0'
#47710
1'
b110111111000 (
b110111111000 ,
b110111111000 9
b1001110111 )
b1001110111 -
b1001110111 :
b1001010100011 +
#47715
0'
#47720
1'
b110111110110 (
b110111110110 ,
b110111110110 9
b1001110110 )
b1001110110 -
b1001110110 :
b1001010100100 +
#47725
0'
#47730
1'
b110011010001 (
b110011010001 ,
b110011010001 9
b1001010 )
b1001010 -
b1001010 :
b1001010100101 +
#47735
0'
#47740
1'
b1001000 )
b1001000 -
b1001000 :
b1001010100110 +
#47745
0'
#47750
1'
b1000101 )
b1000101 -
b1000101 :
b1001010100111 +
#47755
0'
#47760
1'
b1000011 (
b1000011 ,
b1000011 9
b1100101111 )
b1100101111 -
b1100101111 :
b1001010101000 +
#47765
0'
#47770
1'
b1000001 (
b1000001 ,
b1000001 9
b1100110000 )
b1100110000 -
b1100110000 :
b1001010101001 +
#47775
0'
#47780
1'
b111111 (
b111111 ,
b111111 9
b1001010101010 +
#47785
0'
#47790
1'
b110110010100 (
b110110010100 ,
b110110010100 9
b110111101011 )
b110111101011 -
b110111101011 :
b1001010101011 +
#47795
0'
#47800
1'
b110110010101 (
b110110010101 ,
b110110010101 9
b110111101001 )
b110111101001 -
b110111101001 :
b1001010101100 +
#47805
0'
#47810
1'
b110110010111 (
b110110010111 ,
b110110010111 9
b110111100111 )
b110111100111 -
b110111100111 :
b1001010101101 +
#47815
0'
#47820
1'
b1001101000 (
b1001101000 ,
b1001101000 9
b1000011010 )
b1000011010 -
b1000011010 :
b1001010101110 +
#47825
0'
#47830
1'
b1001100111 (
b1001100111 ,
b1001100111 9
b1000011100 )
b1000011100 -
b1000011100 :
b1001010101111 +
#47835
0'
#47840
1'
b1001100101 (
b1001100101 ,
b1001100101 9
b1000011110 )
b1000011110 -
b1000011110 :
b1001010110000 +
#47845
0'
#47850
1'
b1001100100 (
b1001100100 ,
b1001100100 9
b1000011111 )
b1000011111 -
b1000011111 :
b1001010110001 +
#47855
0'
#47860
1'
b1001100010 (
b1001100010 ,
b1001100010 9
b1000100001 )
b1000100001 -
b1000100001 :
b1001010110010 +
#47865
0'
#47870
1'
b1001100001 (
b1001100001 ,
b1001100001 9
b1000100010 )
b1000100010 -
b1000100010 :
b1001010110011 +
#47875
0'
#47880
1'
b110111011100 (
b110111011100 ,
b110111011100 9
b1001100000 )
b1001100000 -
b1001100000 :
b1001010110100 +
#47885
0'
#47890
1'
b110111011010 (
b110111011010 ,
b110111011010 9
b1001011110 )
b1001011110 -
b1001011110 :
b1001010110101 +
#47895
0'
#47900
1'
b110111011001 (
b110111011001 ,
b110111011001 9
b1001011101 )
b1001011101 -
b1001011101 :
b1001010110110 +
#47905
0'
#47910
1'
b1001011011 (
b1001011011 ,
b1001011011 9
b1000101001 )
b1000101001 -
b1000101001 :
b1001010110111 +
#47915
0'
#47920
1'
b1001011010 (
b1001011010 ,
b1001011010 9
b1000101010 )
b1000101010 -
b1000101010 :
b1001010111000 +
#47925
0'
#47930
1'
b1001011000 (
b1001011000 ,
b1001011000 9
b1000101100 )
b1000101100 -
b1000101100 :
b1001010111001 +
#47935
0'
#47940
1'
b111111100011 (
b111111100011 ,
b111111100011 9
b110011001110 )
b110011001110 -
b110011001110 :
b1001010111010 +
#47945
0'
#47950
1'
b111111100101 (
b111111100101 ,
b111111100101 9
b1001010111011 +
#47955
0'
#47960
1'
b111111100111 (
b111111100111 ,
b111111100111 9
b1001010111100 +
#47965
0'
#47970
1'
b10110 (
b10110 ,
b10110 9
b1100110010 )
b1100110010 -
b1100110010 :
b1001010111101 +
#47975
0'
#47980
1'
b10100 (
b10100 ,
b10100 9
b1001010111110 +
#47985
0'
#47990
1'
b10010 (
b10010 ,
b10010 9
b1001010111111 +
#47995
0'
#48000
1'
b110011001110 (
b110011001110 ,
b110011001110 9
b10000 )
b10000 -
b10000 :
b1001011000000 +
#48005
0'
#48010
1'
b1110 )
b1110 -
b1110 :
b1001011000001 +
#48015
0'
#48020
1'
b1100 )
b1100 -
b1100 :
b1001011000010 +
#48025
0'
#48030
1'
b110110110110 (
b110110110110 ,
b110110110110 9
b110111000101 )
b110111000101 -
b110111000101 :
b1001011000011 +
#48035
0'
#48040
1'
b110110111000 (
b110110111000 ,
b110110111000 9
b110111000011 )
b110111000011 -
b110111000011 :
b1001011000100 +
#48045
0'
#48050
1'
b110110111001 (
b110110111001 ,
b110110111001 9
b110111000010 )
b110111000010 -
b110111000010 :
b1001011000101 +
#48055
0'
#48060
1'
b111111111101 (
b111111111101 ,
b111111111101 9
b110011001110 )
b110011001110 -
b110011001110 :
b1001011000110 +
#48065
0'
#48070
1'
b111111111111 (
b111111111111 ,
b111111111111 9
b1001011000111 +
#48075
0'
#48080
1'
b0 (
b0 ,
b0 9
b1001011001000 +
#48085
0'
#48090
1'
b110110111100 (
b110110111100 ,
b110110111100 9
b1001000000 )
b1001000000 -
b1001000000 :
b1001011001001 +
#48095
0'
#48100
1'
b110110111010 (
b110110111010 ,
b110110111010 9
b1000111111 )
b1000111111 -
b1000111111 :
b1001011001010 +
#48105
0'
#48110
1'
b110110111001 (
b110110111001 ,
b110110111001 9
b1000111101 )
b1000111101 -
b1000111101 :
b1001011001011 +
#48115
0'
#48120
1'
b111111110111 (
b111111110111 ,
b111111110111 9
b1100110010 )
b1100110010 -
b1100110010 :
b1001011001100 +
#48125
0'
#48130
1'
b111111110101 (
b111111110101 ,
b111111110101 9
b1001011001101 +
#48135
0'
#48140
1'
b111111110011 (
b111111110011 ,
b111111110011 9
b1001011001110 +
#48145
0'
#48150
1'
b111111110001 (
b111111110001 ,
b111111110001 9
b1001011001111 +
#48155
0'
#48160
1'
b111111101111 (
b111111101111 ,
b111111101111 9
b1001011010000 +
#48165
0'
#48170
1'
b111111101101 (
b111111101101 ,
b111111101101 9
b1001011010001 +
#48175
0'
#48180
1'
b110111001101 (
b110111001101 ,
b110111001101 9
b110110101110 )
b110110101110 -
b110110101110 :
b1001011010010 +
#48185
0'
#48190
1'
b110111001111 (
b110111001111 ,
b110111001111 9
b110110101101 )
b110110101101 -
b110110101101 :
b1001011010011 +
#48195
0'
#48200
1'
b110111010000 (
b110111010000 ,
b110111010000 9
b110110101011 )
b110110101011 -
b110110101011 :
b1001011010100 +
#48205
0'
#48210
1'
b1000101110 (
b1000101110 ,
b1000101110 9
b1001010110 )
b1001010110 -
b1001010110 :
b1001011010101 +
#48215
0'
#48220
1'
b1000101100 (
b1000101100 ,
b1000101100 9
b1001011000 )
b1001011000 -
b1001011000 :
b1001011010110 +
#48225
0'
#48230
1'
b1000101011 (
b1000101011 ,
b1000101011 9
b1001011001 )
b1001011001 -
b1001011001 :
b1001011010111 +
#48235
0'
#48240
1'
b110011001110 (
b110011001110 ,
b110011001110 9
b111111011110 )
b111111011110 -
b111111011110 :
b1001011011000 +
#48245
0'
#48250
1'
b110011001111 (
b110011001111 ,
b110011001111 9
b111111011011 )
b111111011011 -
b111111011011 :
b1001011011001 +
#48255
0'
#48260
1'
b111111011001 )
b111111011001 -
b111111011001 :
b1001011011010 +
#48265
0'
#48270
1'
b1100110001 (
b1100110001 ,
b1100110001 9
b101001 )
b101001 -
b101001 :
b1001011011011 +
#48275
0'
#48280
1'
b101011 )
b101011 -
b101011 :
b1001011011100 +
#48285
0'
#48290
1'
b101101 )
b101101 -
b101101 :
b1001011011101 +
#48295
0'
#48300
1'
b1000100000 (
b1000100000 ,
b1000100000 9
b1001100011 )
b1001100011 -
b1001100011 :
b1001011011110 +
#48305
0'
#48310
1'
b1000011110 (
b1000011110 ,
b1000011110 9
b1001100101 )
b1001100101 -
b1001100101 :
b1001011011111 +
#48315
0'
#48320
1'
b1000011101 (
b1000011101 ,
b1000011101 9
b1001100110 )
b1001100110 -
b1001100110 :
b1001011100000 +
#48325
0'
#48330
1'
b1100110001 (
b1100110001 ,
b1100110001 9
b110110 )
b110110 -
b110110 :
b1001011100001 +
#48335
0'
#48340
1'
b1100110000 (
b1100110000 ,
b1100110000 9
b111000 )
b111000 -
b111000 :
b1001011100010 +
#48345
0'
#48350
1'
b111010 )
b111010 -
b111010 :
b1001011100011 +
#48355
0'
#48360
1'
b1001101100 (
b1001101100 ,
b1001101100 9
b110111101010 )
b110111101010 -
b110111101010 :
b1001011100100 +
#48365
0'
#48370
1'
b1001101101 (
b1001101101 ,
b1001101101 9
b110111101100 )
b110111101100 -
b110111101100 :
b1001011100101 +
#48375
0'
#48380
1'
b1001101110 (
b1001101110 ,
b1001101110 9
b110111101101 )
b110111101101 -
b110111101101 :
b1001011100110 +
#48385
0'
#48390
1'
b110111101111 (
b110111101111 ,
b110111101111 9
b110110010000 )
b110110010000 -
b110110010000 :
b1001011100111 +
#48395
0'
#48400
1'
b110111110000 (
b110111110000 ,
b110111110000 9
b110110001111 )
b110110001111 -
b110110001111 :
b1001011101000 +
#48405
0'
#48410
1'
b110111110010 (
b110111110010 ,
b110111110010 9
b110110001101 )
b110110001101 -
b110110001101 :
b1001011101001 +
#48415
0'
#48420
1'
b110111110100 (
b110111110100 ,
b110111110100 9
b110110001100 )
b110110001100 -
b110110001100 :
b1001011101010 +
#48425
0'
#48430
1'
b110111110101 (
b110111110101 ,
b110111110101 9
b110110001011 )
b110110001011 -
b110110001011 :
b1001011101011 +
#48435
0'
#48440
1'
b110111110111 (
b110111110111 ,
b110111110111 9
b110110001001 )
b110110001001 -
b110110001001 :
b1001011101100 +
#48445
0'
#48450
1'
b110110001000 (
b110110001000 ,
b110110001000 9
b1000000111 )
b1000000111 -
b1000000111 :
b1001011101101 +
#48455
0'
#48460
1'
b110110000111 (
b110110000111 ,
b110110000111 9
b1000000110 )
b1000000110 -
b1000000110 :
b1001011101110 +
#48465
0'
#48470
1'
b110110000101 (
b110110000101 ,
b110110000101 9
b1000000100 )
b1000000100 -
b1000000100 :
b1001011101111 +
#48475
0'
#48480
1'
b110011010010 (
b110011010010 ,
b110011010010 9
b111110101010 )
b111110101010 -
b111110101010 :
b1001011110000 +
#48485
0'
#48490
1'
b111110101000 )
b111110101000 -
b111110101000 :
b1001011110001 +
#48495
0'
#48500
1'
b110011010011 (
b110011010011 ,
b110011010011 9
b111110100110 )
b111110100110 -
b111110100110 :
b1001011110010 +
#48505
0'
#48510
1'
b1100101101 (
b1100101101 ,
b1100101101 9
b1011100 )
b1011100 -
b1011100 :
b1001011110011 +
#48515
0'
#48520
1'
b1011110 )
b1011110 -
b1011110 :
b1001011110100 +
#48525
0'
#48530
1'
b1100000 )
b1100000 -
b1100000 :
b1001011110101 +
#48535
0'
#48540
1'
b1100101100 (
b1100101100 ,
b1100101100 9
b1100010 )
b1100010 -
b1100010 :
b1001011110110 +
#48545
0'
#48550
1'
b1100100 )
b1100100 -
b1100100 :
b1001011110111 +
#48555
0'
#48560
1'
b1100111 )
b1100111 -
b1100111 :
b1001011111000 +
#48565
0'
#48570
1'
b1010001000 (
b1010001000 ,
b1010001000 9
b111000001101 )
b111000001101 -
b111000001101 :
b1001011111001 +
#48575
0'
#48580
1'
b1010001001 (
b1010001001 ,
b1010001001 9
b111000001110 )
b111000001110 -
b111000001110 :
b1001011111010 +
#48585
0'
#48590
1'
b1010001011 (
b1010001011 ,
b1010001011 9
b111000010000 )
b111000010000 -
b111000010000 :
b1001011111011 +
#48595
0'
#48600
1'
b1101111 (
b1101111 ,
b1101111 9
b110011010101 )
b110011010101 -
b110011010101 :
b1001011111100 +
#48605
0'
#48610
1'
b1110001 (
b1110001 ,
b1110001 9
b110011010110 )
b110011010110 -
b110011010110 :
b1001011111101 +
#48615
0'
#48620
1'
b1110011 (
b1110011 ,
b1110011 9
b1001011111110 +
#48625
0'
#48630
1'
b1110101 (
b1110101 ,
b1110101 9
b1001011111111 +
#48635
0'
#48640
1'
b1111000 (
b1111000 ,
b1111000 9
b110011010111 )
b110011010111 -
b110011010111 :
b1001100000000 +
#48645
0'
#48650
1'
b1111010 (
b1111010 ,
b1111010 9
b1001100000001 +
#48655
0'
#48660
1'
b111110000100 (
b111110000100 ,
b111110000100 9
b1100101001 )
b1100101001 -
b1100101001 :
b1001100000010 +
#48665
0'
#48670
1'
b111110000010 (
b111110000010 ,
b111110000010 9
b1100101000 )
b1100101000 -
b1100101000 :
b1001100000011 +
#48675
0'
#48680
1'
b111110000000 (
b111110000000 ,
b111110000000 9
b1001100000100 +
#48685
0'
#48690
1'
b10000010 (
b10000010 ,
b10000010 9
b110011011000 )
b110011011000 -
b110011011000 :
b1001100000101 +
#48695
0'
#48700
1'
b10000100 (
b10000100 ,
b10000100 9
b110011011001 )
b110011011001 -
b110011011001 :
b1001100000110 +
#48705
0'
#48710
1'
b10000110 (
b10000110 ,
b10000110 9
b1001100000111 +
#48715
0'
#48720
1'
b110101100101 (
b110101100101 ,
b110101100101 9
b111011001 )
b111011001 -
b111011001 :
b1001100001000 +
#48725
0'
#48730
1'
b110101100100 (
b110101100100 ,
b110101100100 9
b111011000 )
b111011000 -
b111011000 :
b1001100001001 +
#48735
0'
#48740
1'
b110101100010 (
b110101100010 ,
b110101100010 9
b111010110 )
b111010110 -
b111010110 :
b1001100001010 +
#48745
0'
#48750
1'
b110011011010 (
b110011011010 ,
b110011011010 9
b111101110001 )
b111101110001 -
b111101110001 :
b1001100001011 +
#48755
0'
#48760
1'
b110011011011 (
b110011011011 ,
b110011011011 9
b111101101111 )
b111101101111 -
b111101101111 :
b1001100001100 +
#48765
0'
#48770
1'
b111101101101 )
b111101101101 -
b111101101101 :
b1001100001101 +
#48775
0'
#48780
1'
b110101011101 (
b110101011101 ,
b110101011101 9
b111001111 )
b111001111 -
b111001111 :
b1001100001110 +
#48785
0'
#48790
1'
b110101011100 (
b110101011100 ,
b110101011100 9
b111001101 )
b111001101 -
b111001101 :
b1001100001111 +
#48795
0'
#48800
1'
b110101011011 (
b110101011011 ,
b110101011011 9
b111001011 )
b111001011 -
b111001011 :
b1001100010000 +
#48805
0'
#48810
1'
b111101100101 (
b111101100101 ,
b111101100101 9
b1100100011 )
b1100100011 -
b1100100011 :
b1001100010001 +
#48815
0'
#48820
1'
b111101100010 (
b111101100010 ,
b111101100010 9
b1001100010010 +
#48825
0'
#48830
1'
b111101100000 (
b111101100000 ,
b111101100000 9
b1100100010 )
b1100100010 -
b1100100010 :
b1001100010011 +
#48835
0'
#48840
1'
b1100100010 (
b1100100010 ,
b1100100010 9
b10100010 )
b10100010 -
b10100010 :
b1001100010100 +
#48845
0'
#48850
1'
b10100100 )
b10100100 -
b10100100 :
b1001100010101 +
#48855
0'
#48860
1'
b1100100001 (
b1100100001 ,
b1100100001 9
b10100110 )
b10100110 -
b10100110 :
b1001100010110 +
#48865
0'
#48870
1'
b110101010011 (
b110101010011 ,
b110101010011 9
b110111111 )
b110111111 -
b110111111 :
b1001100010111 +
#48875
0'
#48880
1'
b110101010010 (
b110101010010 ,
b110101010010 9
b110111101 )
b110111101 -
b110111101 :
b1001100011000 +
#48885
0'
#48890
1'
b110101010000 (
b110101010000 ,
b110101010000 9
b110111011 )
b110111011 -
b110111011 :
b1001100011001 +
#48895
0'
#48900
1'
b111101010010 (
b111101010010 ,
b111101010010 9
b1100011111 )
b1100011111 -
b1100011111 :
b1001100011010 +
#48905
0'
#48910
1'
b111101010000 (
b111101010000 ,
b111101010000 9
b1001100011011 +
#48915
0'
#48920
1'
b111101001110 (
b111101001110 ,
b111101001110 9
b1100011110 )
b1100011110 -
b1100011110 :
b1001100011100 +
#48925
0'
#48930
1'
b110110100 (
b110110100 ,
b110110100 9
b1010110100 )
b1010110100 -
b1010110100 :
b1001100011101 +
#48935
0'
#48940
1'
b110110010 (
b110110010 ,
b110110010 9
b1010110101 )
b1010110101 -
b1010110101 :
b1001100011110 +
#48945
0'
#48950
1'
b110110000 (
b110110000 ,
b110110000 9
b1010110110 )
b1010110110 -
b1010110110 :
b1001100011111 +
#48955
0'
#48960
1'
b110101111 (
b110101111 ,
b110101111 9
b1010111000 )
b1010111000 -
b1010111000 :
b1001100100000 +
#48965
0'
#48970
1'
b110101101 (
b110101101 ,
b110101101 9
b1010111001 )
b1010111001 -
b1010111001 :
b1001100100001 +
#48975
0'
#48980
1'
b110101011 (
b110101011 ,
b110101011 9
b1010111010 )
b1010111010 -
b1010111010 :
b1001100100010 +
#48985
0'
#48990
1'
b110101001 (
b110101001 ,
b110101001 9
b1010111011 )
b1010111011 -
b1010111011 :
b1001100100011 +
#48995
0'
#49000
1'
b110100111 (
b110100111 ,
b110100111 9
b1010111100 )
b1010111100 -
b1010111100 :
b1001100100100 +
#49005
0'
#49010
1'
b110100110 (
b110100110 ,
b110100110 9
b1010111101 )
b1010111101 -
b1010111101 :
b1001100100101 +
#49015
0'
#49020
1'
b110100100 (
b110100100 ,
b110100100 9
b1010111110 )
b1010111110 -
b1010111110 :
b1001100100110 +
#49025
0'
#49030
1'
b110100010 (
b110100010 ,
b110100010 9
b1010111111 )
b1010111111 -
b1010111111 :
b1001100100111 +
#49035
0'
#49040
1'
b110100000 (
b110100000 ,
b110100000 9
b1011000000 )
b1011000000 -
b1011000000 :
b1001100101000 +
#49045
0'
#49050
1'
b1011000010 (
b1011000010 ,
b1011000010 9
b111001100010 )
b111001100010 -
b111001100010 :
b1001100101001 +
#49055
0'
#49060
1'
b1011000011 (
b1011000011 ,
b1011000011 9
b111001100100 )
b111001100100 -
b111001100100 :
b1001100101010 +
#49065
0'
#49070
1'
b1011000100 (
b1011000100 ,
b1011000100 9
b111001100110 )
b111001100110 -
b111001100110 :
b1001100101011 +
#49075
0'
#49080
1'
b110100111011 (
b110100111011 ,
b110100111011 9
b110011001 )
b110011001 -
b110011001 :
b1001100101100 +
#49085
0'
#49090
1'
b110100111010 (
b110100111010 ,
b110100111010 9
b110010111 )
b110010111 -
b110010111 :
b1001100101101 +
#49095
0'
#49100
1'
b110100111001 (
b110100111001 ,
b110100111001 9
b110010101 )
b110010101 -
b110010101 :
b1001100101110 +
#49105
0'
#49110
1'
b110010011 (
b110010011 ,
b110010011 9
b1011001000 )
b1011001000 -
b1011001000 :
b1001100101111 +
#49115
0'
#49120
1'
b110010001 (
b110010001 ,
b110010001 9
b1011001001 )
b1011001001 -
b1011001001 :
b1001100110000 +
#49125
0'
#49130
1'
b110001111 (
b110001111 ,
b110001111 9
b1011001010 )
b1011001010 -
b1011001010 :
b1001100110001 +
#49135
0'
#49140
1'
b1100010011 (
b1100010011 ,
b1100010011 9
b11100000 )
b11100000 -
b11100000 :
b1001100110010 +
#49145
0'
#49150
1'
b1100010010 (
b1100010010 ,
b1100010010 9
b11100010 )
b11100010 -
b11100010 :
b1001100110011 +
#49155
0'
#49160
1'
b11100100 )
b11100100 -
b11100100 :
b1001100110100 +
#49165
0'
#49170
1'
b110100110010 (
b110100110010 ,
b110100110010 9
b110001000 )
b110001000 -
b110001000 :
b1001100110101 +
#49175
0'
#49180
1'
b110100110001 (
b110100110001 ,
b110100110001 9
b110000110 )
b110000110 -
b110000110 :
b1001100110110 +
#49185
0'
#49190
1'
b110100110000 (
b110100110000 ,
b110100110000 9
b110000100 )
b110000100 -
b110000100 :
b1001100110111 +
#49195
0'
#49200
1'
b111001111110 (
b111001111110 ,
b111001111110 9
b110100101111 )
b110100101111 -
b110100101111 :
b1001100111000 +
#49205
0'
#49210
1'
b111010000000 (
b111010000000 ,
b111010000000 9
b110100101110 )
b110100101110 -
b110100101110 :
b1001100111001 +
#49215
0'
#49220
1'
b111010000010 (
b111010000010 ,
b111010000010 9
b110100101101 )
b110100101101 -
b110100101101 :
b1001100111010 +
#49225
0'
#49230
1'
b1100001101 (
b1100001101 ,
b1100001101 9
b11110011 )
b11110011 -
b11110011 :
b1001100111011 +
#49235
0'
#49240
1'
b11110101 )
b11110101 -
b11110101 :
b1001100111100 +
#49245
0'
#49250
1'
b1100001100 (
b1100001100 ,
b1100001100 9
b11110111 )
b11110111 -
b11110111 :
b1001100111101 +
#49255
0'
#49260
1'
b110100101001 (
b110100101001 ,
b110100101001 9
b101110111 )
b101110111 -
b101110111 :
b1001100111110 +
#49265
0'
#49270
1'
b110100101000 (
b110100101000 ,
b110100101000 9
b101110101 )
b101110101 -
b101110101 :
b1001100111111 +
#49275
0'
#49280
1'
b110100100111 (
b110100100111 ,
b110100100111 9
b101110011 )
b101110011 -
b101110011 :
b1001101000000 +
#49285
0'
#49290
1'
b110100100110 (
b110100100110 ,
b110100100110 9
b101110001 )
b101110001 -
b101110001 :
b1001101000001 +
#49295
0'
#49300
1'
b110100100101 (
b110100100101 ,
b110100100101 9
b101101111 )
b101101111 -
b101101111 :
b1001101000010 +
#49305
0'
#49310
1'
b110100100100 (
b110100100100 ,
b110100100100 9
b101101101 )
b101101101 -
b101101101 :
b1001101000011 +
#49315
0'
#49320
1'
b110100100011 (
b110100100011 ,
b110100100011 9
b101101011 )
b101101011 -
b101101011 :
b1001101000100 +
#49325
0'
#49330
1'
b110100100010 (
b110100100010 ,
b110100100010 9
b101101001 )
b101101001 -
b101101001 :
b1001101000101 +
#49335
0'
#49340
1'
b110100100001 (
b110100100001 ,
b110100100001 9
b101101000 )
b101101000 -
b101101000 :
b1001101000110 +
#49345
0'
#49350
1'
b110100100000 (
b110100100000 ,
b110100100000 9
b101100110 )
b101100110 -
b101100110 :
b1001101000111 +
#49355
0'
#49360
1'
b110100011111 (
b110100011111 ,
b110100011111 9
b101100100 )
b101100100 -
b101100100 :
b1001101001000 +
#49365
0'
#49370
1'
b110100011110 (
b110100011110 ,
b110100011110 9
b101100010 )
b101100010 -
b101100010 :
b1001101001001 +
#49375
0'
#49380
1'
b1011100011 (
b1011100011 ,
b1011100011 9
b111010100000 )
b111010100000 -
b111010100000 :
b1001101001010 +
#49385
0'
#49390
1'
b1011100100 (
b1011100100 ,
b1011100100 9
b111010100010 )
b111010100010 -
b111010100010 :
b1001101001011 +
#49395
0'
#49400
1'
b111010100100 )
b111010100100 -
b111010100100 :
b1001101001100 +
#49405
0'
#49410
1'
b111011101001 (
b111011101001 ,
b111011101001 9
b1100000001 )
b1100000001 -
b1100000001 :
b1001101001101 +
#49415
0'
#49420
1'
b111011100111 (
b111011100111 ,
b111011100111 9
b1100000000 )
b1100000000 -
b1100000000 :
b1001101001110 +
#49425
0'
#49430
1'
b111011100101 (
b111011100101 ,
b111011100101 9
b1001101001111 +
#49435
0'
#49440
1'
b101010100 (
b101010100 ,
b101010100 9
b1011101000 )
b1011101000 -
b1011101000 :
b1001101010000 +
#49445
0'
#49450
1'
b101010010 (
b101010010 ,
b101010010 9
b1011101001 )
b1011101001 -
b1011101001 :
b1001101010001 +
#49455
0'
#49460
1'
b101010000 (
b101010000 ,
b101010000 9
b1011101010 )
b1011101010 -
b1011101010 :
b1001101010010 +
#49465
0'
#49470
1'
b110100000011 (
b110100000011 ,
b110100000011 9
b111011011101 )
b111011011101 -
b111011011101 :
b1001101010011 +
#49475
0'
#49480
1'
b110100000100 (
b110100000100 ,
b110100000100 9
b111011011011 )
b111011011011 -
b111011011011 :
b1001101010100 +
#49485
0'
#49490
1'
b110100000101 (
b110100000101 ,
b110100000101 9
b111011011001 )
b111011011001 -
b111011011001 :
b1001101010101 +
#49495
0'
#49500
1'
b1011111010 (
b1011111010 ,
b1011111010 9
b100101001 )
b100101001 -
b100101001 :
b1001101010110 +
#49505
0'
#49510
1'
b100101011 )
b100101011 -
b100101011 :
b1001101010111 +
#49515
0'
#49520
1'
b1011111001 (
b1011111001 ,
b1011111001 9
b100101101 )
b100101101 -
b100101101 :
b1001101011000 +
#49525
0'
#49530
1'
b111011010001 (
b111011010001 ,
b111011010001 9
b1011111000 )
b1011111000 -
b1011111000 :
b1001101011001 +
#49535
0'
#49540
1'
b111011001111 (
b111011001111 ,
b111011001111 9
b1011110111 )
b1011110111 -
b1011110111 :
b1001101011010 +
#49545
0'
#49550
1'
b111011001101 (
b111011001101 ,
b111011001101 9
b1011110110 )
b1011110110 -
b1011110110 :
b1001101011011 +
#49555
0'
#49560
1'
b100111101 (
b100111101 ,
b100111101 9
b1011110010 )
b1011110010 -
b1011110010 :
b1001101011100 +
#49565
0'
#49570
1'
b100111011 (
b100111011 ,
b100111011 9
b1011110011 )
b1011110011 -
b1011110011 :
b1001101011101 +
#49575
0'
#49580
1'
b100111001 (
b100111001 ,
b100111001 9
b1011110100 )
b1011110100 -
b1011110100 :
b1001101011110 +
#49585
0'
#49590
1'
b111011001001 (
b111011001001 ,
b111011001001 9
b110100001011 )
b110100001011 -
b110100001011 :
b1001101011111 +
#49595
0'
#49600
1'
b111011001011 (
b111011001011 ,
b111011001011 9
b110100001010 )
b110100001010 -
b110100001010 :
b1001101100000 +
#49605
0'
#49610
1'
b111011001101 (
b111011001101 ,
b111011001101 9
b1001101100001 +
#49615
0'
#49620
1'
b111010111111 (
b111010111111 ,
b111010111111 9
b1011110001 )
b1011110001 -
b1011110001 :
b1001101100010 +
#49625
0'
#49630
1'
b111010111101 (
b111010111101 ,
b111010111101 9
b1011110000 )
b1011110000 -
b1011110000 :
b1001101100011 +
#49635
0'
#49640
1'
b111010111011 (
b111010111011 ,
b111010111011 9
b1011101111 )
b1011101111 -
b1011101111 :
b1001101100100 +
#49645
0'
#49650
1'
b110100010010 (
b110100010010 ,
b110100010010 9
b111010111001 )
b111010111001 -
b111010111001 :
b1001101100101 +
#49655
0'
#49660
1'
b110100010011 (
b110100010011 ,
b110100010011 9
b111010110111 )
b111010110111 -
b111010110111 :
b1001101100110 +
#49665
0'
#49670
1'
b110100010100 (
b110100010100 ,
b110100010100 9
b111010110101 )
b111010110101 -
b111010110101 :
b1001101100111 +
#49675
0'
#49680
1'
b101001101 (
b101001101 ,
b101001101 9
b110100010101 )
b110100010101 -
b110100010101 :
b1001101101000 +
#49685
0'
#49690
1'
b101001111 (
b101001111 ,
b101001111 9
b1001101101001 +
#49695
0'
#49700
1'
b101010001 (
b101010001 ,
b101010001 9
b110100010110 )
b110100010110 -
b110100010110 :
b1001101101010 +
#49705
0'
#49710
1'
b110100000010 (
b110100000010 ,
b110100000010 9
b100011111 )
b100011111 -
b100011111 :
b1001101101011 +
#49715
0'
#49720
1'
b110100000001 (
b110100000001 ,
b110100000001 9
b100011101 )
b100011101 -
b100011101 :
b1001101101100 +
#49725
0'
#49730
1'
b110100000000 (
b110100000000 ,
b110100000000 9
b100011011 )
b100011011 -
b100011011 :
b1001101101101 +
#49735
0'
#49740
1'
b1100000000 (
b1100000000 ,
b1100000000 9
b111011100111 )
b111011100111 -
b111011100111 :
b1001101101110 +
#49745
0'
#49750
1'
b1100000001 (
b1100000001 ,
b1100000001 9
b111011101001 )
b111011101001 -
b111011101001 :
b1001101101111 +
#49755
0'
#49760
1'
b1100000010 (
b1100000010 ,
b1100000010 9
b111011101011 )
b111011101011 -
b111011101011 :
b1001101110000 +
#49765
0'
#49770
1'
b101011110 (
b101011110 ,
b101011110 9
b110100011101 )
b110100011101 -
b110100011101 :
b1001101110001 +
#49775
0'
#49780
1'
b101100000 (
b101100000 ,
b101100000 9
b1001101110010 +
#49785
0'
#49790
1'
b101100010 (
b101100010 ,
b101100010 9
b110100011110 )
b110100011110 -
b110100011110 :
b1001101110011 +
#49795
0'
#49800
1'
b1011100001 (
b1011100001 ,
b1011100001 9
b101100100 )
b101100100 -
b101100100 :
b1001101110100 +
#49805
0'
#49810
1'
b1011100000 (
b1011100000 ,
b1011100000 9
b101100110 )
b101100110 -
b101100110 :
b1001101110101 +
#49815
0'
#49820
1'
b1011011111 (
b1011011111 ,
b1011011111 9
b101101000 )
b101101000 -
b101101000 :
b1001101110110 +
#49825
0'
#49830
1'
b111010010110 (
b111010010110 ,
b111010010110 9
b1011011110 )
b1011011110 -
b1011011110 :
b1001101110111 +
#49835
0'
#49840
1'
b111010010100 (
b111010010100 ,
b111010010100 9
b1011011101 )
b1011011101 -
b1011011101 :
b1001101111000 +
#49845
0'
#49850
1'
b111010010010 (
b111010010010 ,
b111010010010 9
b1011011100 )
b1011011100 -
b1011011100 :
b1001101111001 +
#49855
0'
#49860
1'
b1011011011 (
b1011011011 ,
b1011011011 9
b101101111 )
b101101111 -
b101101111 :
b1001101111010 +
#49865
0'
#49870
1'
b1011011010 (
b1011011010 ,
b1011011010 9
b101110001 )
b101110001 -
b101110001 :
b1001101111011 +
#49875
0'
#49880
1'
b1011011001 (
b1011011001 ,
b1011011001 9
b101110011 )
b101110011 -
b101110011 :
b1001101111100 +
#49885
0'
#49890
1'
b111010001011 (
b111010001011 ,
b111010001011 9
b1011011000 )
b1011011000 -
b1011011000 :
b1001101111101 +
#49895
0'
#49900
1'
b111010001001 (
b111010001001 ,
b111010001001 9
b1011010111 )
b1011010111 -
b1011010111 :
b1001101111110 +
#49905
0'
#49910
1'
b111010000111 (
b111010000111 ,
b111010000111 9
b1011010110 )
b1011010110 -
b1011010110 :
b1001101111111 +
#49915
0'
#49920
1'
b111100001100 (
b111100001100 ,
b111100001100 9
b110011110011 )
b110011110011 -
b110011110011 :
b1001110000000 +
#49925
0'
#49930
1'
b111100001110 (
b111100001110 ,
b111100001110 9
b1001110000001 +
#49935
0'
#49940
1'
b111100010000 (
b111100010000 ,
b111100010000 9
b110011110010 )
b110011110010 -
b110011110010 :
b1001110000010 +
#49945
0'
#49950
1'
b110100101110 (
b110100101110 ,
b110100101110 9
b111001111111 )
b111001111111 -
b111001111111 :
b1001110000011 +
#49955
0'
#49960
1'
b110100101111 (
b110100101111 ,
b110100101111 9
b111001111110 )
b111001111110 -
b111001111110 :
b1001110000100 +
#49965
0'
#49970
1'
b110100110000 (
b110100110000 ,
b110100110000 9
b111001111100 )
b111001111100 -
b111001111100 :
b1001110000101 +
#49975
0'
#49980
1'
b111100011000 (
b111100011000 ,
b111100011000 9
b110011101111 )
b110011101111 -
b110011101111 :
b1001110000110 +
#49985
0'
#49990
1'
b111100011010 (
b111100011010 ,
b111100011010 9
b1001110000111 +
#49995
0'
#50000
1'
b1001110001000 +
#50005
0'
#50010
1'
#50015
0'
#50020
1'
#50025
0'
#50030
1'
#50035
0'
#50040
1'
#50045
0'
#50050
1'
#50055
0'
#50060
1'
#50065
0'
#50070
1'
#50075
0'
#50080
1'
#50085
0'
#50090
1'
#50095
0'
#50100
1'
