Sample in Buffer,Sample in Window,TRIGGER,rx_data_valid,rx_data_I[11:0],user_probe_0[4:0],rx_data_Q[11:0],user_probe_1[4:0],valid,bit_out[2:0],phase_out[10:0],tx_data_I[11:0],tx_data_Q[11:0],out_i[11:0],out_q[11:0],data_in_int[13:0],amp_dc[7:0],<const0>_1,<const0>_2,<const0>_3,<const0>_4,<const0>_5,<const0>_6,<const0>_7,<const0>_8,<const0>_9,<const0>_10,amp_ac[7:0],<const0>_11,<const0>_12,<const0>_13,<const0>_14,<const0>_15,<const0>_16,<const0>_17,<const0>_18,<const0>_19,<const0>,frame_start,state[1:0],state__0[1:0],amp[7:0]
Radix - UNSIGNED,UNSIGNED,UNSIGNED,HEX,SIGNED,SIGNED,SIGNED,SIGNED,HEX,UNSIGNED,UNSIGNED,SIGNED,SIGNED,SIGNED,SIGNED,SIGNED,UNSIGNED,HEX,HEX,HEX,HEX,HEX,HEX,HEX,HEX,HEX,HEX,UNSIGNED,HEX,HEX,HEX,HEX,HEX,HEX,HEX,HEX,HEX,HEX,HEX,HEX,HEX,UNSIGNED
0,0,0,1,-20,12,60,-4,0,0,0,0,0,0,0,0,1,0,0,0,0,0,0,0,0,0,0,0,0,0,0,0,0,0,0,0,0,0,0,0,3,1
1,1,0,0,55,-9,-138,-10,0,0,0,0,0,0,0,0,1,0,0,0,0,0,0,0,0,0,0,0,0,0,0,0,0,0,0,0,0,0,0,0,3,1
2,2,0,1,55,-9,-138,-10,0,0,0,0,0,0,0,0,1,0,0,0,0,0,0,0,0,0,0,0,0,0,0,0,0,0,0,0,0,0,0,0,3,2
3,3,0,0,-58,6,89,-7,0,0,0,0,0,0,0,0,1,0,0,0,0,0,0,0,0,0,0,0,0,0,0,0,0,0,0,0,0,0,0,0,3,1
4,4,0,1,-58,6,89,-7,0,0,0,0,0,0,0,0,1,0,0,0,0,0,0,0,0,0,0,0,0,0,0,0,0,0,0,0,0,0,0,0,3,0
5,5,0,0,88,-8,-103,-7,0,0,0,0,0,0,0,0,1,0,0,0,0,0,0,0,0,0,0,0,0,0,0,0,0,0,0,0,0,0,0,0,3,0
6,6,0,1,88,-8,-103,-7,0,0,0,0,0,0,0,0,1,0,0,0,0,0,0,0,0,0,0,0,0,0,0,0,0,0,0,0,0,0,0,0,3,0
7,7,0,0,-42,-10,74,10,0,0,0,0,0,0,0,0,1,0,0,0,0,0,0,0,0,0,0,0,0,0,0,0,0,0,0,0,0,0,0,0,3,0
8,8,0,1,-42,-10,74,10,0,0,0,0,0,0,0,0,1,0,0,0,0,0,0,0,0,0,0,0,0,0,0,0,0,0,0,0,0,0,0,0,3,0
9,9,0,0,26,-6,-73,-9,0,0,0,0,0,0,0,0,1,0,0,0,0,0,0,0,0,0,0,0,0,0,0,0,0,0,0,0,0,0,0,0,3,0
10,10,0,1,26,-6,-73,-9,0,0,0,0,0,0,0,0,1,0,0,0,0,0,0,0,0,0,0,0,0,0,0,0,0,0,0,0,0,0,0,0,3,1
11,11,0,0,12,12,-14,-14,0,0,0,0,0,0,0,0,1,0,0,0,0,0,0,0,0,0,0,0,0,0,0,0,0,0,0,0,0,0,0,0,3,3
12,12,0,1,12,12,-14,-14,0,0,0,0,0,0,0,0,1,0,0,0,0,0,0,0,0,0,0,0,0,0,0,0,0,0,0,0,0,0,0,0,3,2
13,13,0,0,2,2,10,10,0,0,0,0,0,0,0,0,1,0,0,0,0,0,0,0,0,0,0,0,0,0,0,0,0,0,0,0,0,0,0,0,3,1
14,14,0,1,2,2,10,10,0,0,0,0,0,0,0,0,1,0,0,0,0,0,0,0,0,0,0,0,0,0,0,0,0,0,0,0,0,0,0,0,3,1
15,15,0,0,42,10,-55,9,0,0,0,0,0,0,0,0,1,0,0,0,0,0,0,0,0,0,0,0,0,0,0,0,0,0,0,0,0,0,0,0,3,1
16,16,0,1,42,10,-55,9,0,0,0,0,0,0,0,0,1,0,0,0,0,0,0,0,0,0,0,0,0,0,0,0,0,0,0,0,0,0,0,0,3,1
17,17,0,0,11,11,24,-8,0,0,0,0,0,0,0,0,1,0,0,0,0,0,0,0,0,0,0,0,0,0,0,0,0,0,0,0,0,0,0,0,3,1
18,18,0,1,11,11,24,-8,0,0,0,0,0,0,0,0,1,0,0,0,0,0,0,0,0,0,0,0,0,0,0,0,0,0,0,0,0,0,0,0,3,0
19,19,0,0,-36,-4,-17,15,0,0,0,0,0,0,0,0,1,0,0,0,0,0,0,0,0,0,0,0,0,0,0,0,0,0,0,0,0,0,0,0,3,0
20,20,0,1,-36,-4,-17,15,0,0,0,0,0,0,0,0,0,0,0,0,0,0,0,0,0,0,0,0,0,0,0,0,0,0,0,0,0,0,0,0,3,0
21,21,0,0,36,4,-75,-11,0,0,0,0,0,0,0,0,0,0,0,0,0,0,0,0,0,0,0,0,0,0,0,0,0,0,0,0,0,0,0,0,3,3
22,22,0,1,36,4,-75,-11,0,0,0,0,0,0,0,0,0,0,0,0,0,0,0,0,0,0,0,0,0,0,0,0,0,0,0,0,0,0,0,0,3,3
23,23,0,0,-19,13,73,9,0,0,0,0,0,0,0,0,1,0,0,0,0,0,0,0,0,0,0,0,0,0,0,0,0,0,0,0,0,0,0,0,3,0
24,24,0,1,-19,13,73,9,0,0,0,0,0,0,0,0,0,0,0,0,0,0,0,0,0,0,0,0,0,0,0,0,0,0,0,0,0,0,0,0,3,0
25,25,0,0,81,-15,-163,-3,0,0,0,0,0,0,0,0,0,0,0,0,0,0,0,0,0,0,0,0,0,0,0,0,0,0,0,0,0,0,0,0,3,2
26,26,0,1,81,-15,-163,-3,0,0,0,0,0,0,0,0,0,0,0,0,0,0,0,0,0,0,0,0,0,0,0,0,0,0,0,0,0,0,0,0,3,3
27,27,0,0,-29,3,205,13,0,0,0,0,0,0,0,0,1,0,0,0,0,0,0,0,0,0,0,0,0,0,0,0,0,0,0,0,0,0,0,0,3,0
28,28,0,1,-29,3,205,13,0,0,0,0,0,0,0,0,1,0,0,0,0,0,0,0,0,0,0,0,0,0,0,0,0,0,0,0,0,0,0,0,3,1
29,29,0,0,29,-3,-227,-3,0,0,0,0,0,0,0,0,1,0,0,0,0,0,0,0,0,0,0,0,0,0,0,0,0,0,0,0,0,0,0,0,3,1
30,30,0,1,29,-3,-227,-3,0,0,0,0,0,0,0,0,0,0,0,0,0,0,0,0,0,0,0,0,0,0,0,0,0,0,0,0,0,0,0,0,3,2
31,31,0,0,-21,11,143,15,0,0,0,0,0,0,0,0,1,0,0,0,0,0,0,0,0,0,0,0,0,0,0,0,0,0,0,0,0,0,0,0,3,1
32,32,0,1,-21,11,143,15,0,0,0,0,0,0,0,0,1,0,0,0,0,0,0,0,0,0,0,0,0,0,0,0,0,0,0,0,0,0,0,0,3,0
33,33,0,0,23,-9,-67,-3,0,0,0,0,0,0,0,0,0,0,0,0,0,0,0,0,0,0,0,0,0,0,0,0,0,0,0,0,0,0,0,0,3,0
34,34,0,1,23,-9,-67,-3,0,0,0,0,0,0,0,0,0,0,0,0,0,0,0,0,0,0,0,0,0,0,0,0,0,0,0,0,0,0,0,0,3,0
35,35,0,0,45,13,-70,-6,0,0,0,0,0,0,0,0,0,0,0,0,0,0,0,0,0,0,0,0,0,0,0,0,0,0,0,0,0,0,0,0,3,1
36,36,0,1,45,13,-70,-6,0,0,0,0,0,0,0,0,0,0,0,0,0,0,0,0,0,0,0,0,0,0,0,0,0,0,0,0,0,0,0,0,3,1
37,37,0,0,-34,-2,101,5,0,0,0,0,0,0,0,0,0,0,0,0,0,0,0,0,0,0,0,0,0,0,0,0,0,0,0,0,0,0,0,0,3,1
38,38,0,1,-34,-2,101,5,0,0,0,0,0,0,0,0,0,0,0,0,0,0,0,0,0,0,0,0,0,0,0,0,0,0,0,0,0,0,0,0,3,0
39,39,0,0,82,-14,-92,4,0,0,0,0,0,0,0,0,0,0,0,0,0,0,0,0,0,0,0,0,0,0,0,0,0,0,0,0,0,0,0,0,3,1
40,40,0,1,82,-14,-92,4,0,0,0,0,0,0,0,0,0,0,0,0,0,0,0,0,0,0,0,0,0,0,0,0,0,0,0,0,0,0,0,0,3,2
41,41,0,0,-55,9,60,-4,0,0,0,0,0,0,0,0,1,0,0,0,0,0,0,0,0,0,0,0,0,0,0,0,0,0,0,0,0,0,0,0,3,2
42,42,0,1,-55,9,60,-4,0,0,0,0,0,0,0,0,1,0,0,0,0,0,0,0,0,0,0,0,0,0,0,0,0,0,0,0,0,0,0,0,3,1
43,43,0,0,44,12,-108,-12,0,0,0,0,0,0,0,0,1,0,0,0,0,0,0,0,0,0,0,0,0,0,0,0,0,0,0,0,0,0,0,0,3,0
44,44,0,1,44,12,-108,-12,0,0,0,0,0,0,0,0,1,0,0,0,0,0,0,0,0,0,0,0,0,0,0,0,0,0,0,0,0,0,0,0,3,0
45,45,0,0,44,12,85,-11,0,0,0,0,0,0,0,0,0,0,0,0,0,0,0,0,0,0,0,0,0,0,0,0,0,0,0,0,0,0,0,0,3,4
46,46,0,1,44,12,85,-11,0,0,0,0,0,0,0,0,1,0,0,0,0,0,0,0,0,0,0,0,0,0,0,0,0,0,0,0,0,0,0,0,3,3
47,47,0,0,-4,-4,-116,12,0,0,0,0,0,0,0,0,1,0,0,0,0,0,0,0,0,0,0,1,0,0,0,0,0,0,0,0,0,0,0,0,3,3
48,48,0,1,-4,-4,-116,12,0,0,0,0,0,0,0,0,1,0,0,0,0,0,0,0,0,0,0,1,0,0,0,0,0,0,0,0,0,0,0,0,3,2
49,49,0,0,-6,-6,75,11,0,0,0,0,0,0,0,0,1,0,0,0,0,0,0,0,0,0,0,1,0,0,0,0,0,0,0,0,0,0,0,0,3,4
50,50,0,1,-6,-6,75,11,0,0,0,0,0,0,0,0,1,0,0,0,0,0,0,0,0,0,0,1,0,0,0,0,0,0,0,0,0,0,0,0,3,5
51,51,0,0,102,6,-37,-5,0,0,0,0,0,0,0,0,1,0,0,0,0,0,0,0,0,0,0,1,0,0,0,0,0,0,0,0,0,0,0,0,3,0
52,52,0,1,102,6,-37,-5,0,0,0,0,0,0,0,0,1,0,0,0,0,0,0,0,0,0,0,1,0,0,0,0,0,0,0,0,0,0,0,0,3,3
53,53,0,0,-116,12,-40,-8,0,0,0,0,0,0,0,0,1,0,0,0,0,0,0,0,0,0,0,1,0,0,0,0,0,0,0,0,0,0,0,0,3,0
54,54,0,1,-116,12,-40,-8,0,0,0,0,0,0,0,0,1,0,0,0,0,0,0,0,0,0,0,1,0,0,0,0,0,0,0,0,0,0,0,0,3,3
55,55,0,0,133,5,33,1,0,0,0,0,0,0,0,0,1,0,0,0,0,0,0,0,0,0,0,1,0,0,0,0,0,0,0,0,0,0,0,0,3,4
56,56,0,1,133,5,33,1,0,0,0,0,0,0,0,0,1,0,0,0,0,0,0,0,0,0,0,1,0,0,0,0,0,0,0,0,0,0,0,0,3,1
57,57,0,0,-65,-1,-95,1,0,0,0,0,0,0,0,0,1,0,0,0,0,0,0,0,0,0,0,1,0,0,0,0,0,0,0,0,0,0,0,0,3,2
58,58,0,1,-65,-1,-95,1,0,0,0,0,0,0,0,0,1,0,0,0,0,0,0,0,0,0,0,1,0,0,0,0,0,0,0,0,0,0,0,0,3,1
59,59,0,0,100,4,92,-4,0,0,0,0,0,0,0,0,1,0,0,0,0,0,0,0,0,0,0,1,0,0,0,0,0,0,0,0,0,0,0,0,3,2
60,60,0,1,100,4,92,-4,0,0,0,0,0,0,0,0,1,0,0,0,0,0,0,0,0,0,0,1,0,0,0,0,0,0,0,0,0,0,0,0,3,2
61,61,0,0,-77,-13,-126,2,0,0,0,0,0,0,0,0,1,0,0,0,0,0,0,0,0,0,0,1,0,0,0,0,0,0,0,0,0,0,0,0,3,0
62,62,0,1,-77,-13,-126,2,0,0,0,0,0,0,0,0,1,0,0,0,0,0,0,0,0,0,0,1,0,0,0,0,0,0,0,0,0,0,0,0,3,0
63,63,0,0,70,6,83,-13,0,0,0,0,0,0,0,0,1,0,0,0,0,0,0,0,0,0,0,1,0,0,0,0,0,0,0,0,0,0,0,0,3,2
64,64,0,1,70,6,83,-13,0,0,0,0,0,0,0,0,1,0,0,0,0,0,0,0,0,0,0,1,0,0,0,0,0,0,0,0,0,0,0,0,3,3
65,65,0,0,-9,-9,-102,-6,0,0,0,0,0,0,0,0,1,0,0,0,0,0,0,0,0,0,0,1,0,0,0,0,0,0,0,0,0,0,0,0,3,2
66,66,0,1,-9,-9,-102,-6,0,0,0,0,0,0,0,0,1,0,0,0,0,0,0,0,0,0,0,1,0,0,0,0,0,0,0,0,0,0,0,0,3,1
67,67,0,0,58,-6,4,4,0,0,0,0,0,0,0,0,1,0,0,0,0,0,0,0,0,0,0,1,0,0,0,0,0,0,0,0,0,0,0,0,3,2
68,68,0,1,58,-6,4,4,0,0,0,0,0,0,0,0,1,0,0,0,0,0,0,0,0,0,0,1,0,0,0,0,0,0,0,0,0,0,0,0,3,2
69,69,0,0,-31,1,74,10,0,0,0,0,0,0,0,0,1,0,0,0,0,0,0,0,0,0,0,1,0,0,0,0,0,0,0,0,0,0,0,0,3,0
70,70,0,1,-31,1,74,10,0,0,0,0,0,0,0,0,1,0,0,0,0,0,0,0,0,0,0,1,0,0,0,0,0,0,0,0,0,0,0,0,3,1
71,71,0,0,45,13,-147,13,0,0,0,0,0,0,0,0,1,0,0,0,0,0,0,0,0,0,0,1,0,0,0,0,0,0,0,0,0,0,0,0,3,3
72,72,0,1,45,13,-147,13,0,0,0,0,0,0,0,0,1,0,0,0,0,0,0,0,0,0,0,1,0,0,0,0,0,0,0,0,0,0,0,0,3,1
73,73,0,0,-21,11,153,-7,0,0,0,0,0,0,0,0,1,0,0,0,0,0,0,0,0,0,0,1,0,0,0,0,0,0,0,0,0,0,0,0,3,3
74,74,0,1,-21,11,153,-7,0,0,0,0,0,0,0,0,1,0,0,0,0,0,0,0,0,0,0,1,0,0,0,0,0,0,0,0,0,0,0,0,3,1
75,75,0,0,38,6,-199,-7,0,0,0,0,0,0,0,0,1,0,0,0,0,0,0,0,0,0,0,1,0,0,0,0,0,0,0,0,0,0,0,0,3,2
76,76,0,1,38,6,-199,-7,0,0,0,0,0,0,0,0,1,0,0,0,0,0,0,0,0,0,0,1,0,0,0,0,0,0,0,0,0,0,0,0,3,3
77,77,0,0,11,11,142,14,0,0,0,0,0,0,0,0,2,0,0,0,0,0,0,0,0,0,0,1,0,0,0,0,0,0,0,0,0,0,0,0,3,2
78,78,0,1,11,11,142,14,0,0,0,0,0,0,0,0,1,0,0,0,0,0,0,0,0,0,0,1,0,0,0,0,0,0,0,0,0,0,0,0,3,1
79,79,0,0,12,12,-157,3,0,0,0,0,0,0,0,0,1,0,0,0,0,0,0,0,0,0,0,1,0,0,0,0,0,0,0,0,0,0,0,0,3,2
80,80,0,1,12,12,-157,3,0,0,0,0,0,0,0,0,1,0,0,0,0,0,0,0,0,0,0,1,0,0,0,0,0,0,0,0,0,0,0,0,3,2
81,81,0,0,-21,11,193,1,0,0,0,0,0,0,0,0,1,0,0,0,0,0,0,0,0,0,0,1,0,0,0,0,0,0,0,0,0,0,0,0,3,2
82,82,0,1,-21,11,193,1,0,0,0,0,0,0,0,0,1,0,0,0,0,0,0,0,0,0,0,1,0,0,0,0,0,0,0,0,0,0,0,0,3,2
83,83,0,0,1,1,-278,10,0,0,0,0,0,0,0,0,1,0,0,0,0,0,0,0,0,0,0,1,0,0,0,0,0,0,0,0,0,0,0,0,3,1
84,84,0,1,1,1,-278,10,0,0,0,0,0,0,0,0,1,0,0,0,0,0,0,0,0,0,0,0,0,0,0,0,0,0,0,0,0,0,0,0,3,2
85,85,0,0,17,-15,254,-2,0,0,0,0,0,0,0,0,1,0,0,0,0,0,0,0,0,0,0,0,0,0,0,0,0,0,0,0,0,0,0,0,3,2
86,86,0,1,17,-15,254,-2,0,0,0,0,0,0,0,0,1,0,0,0,0,0,0,0,0,0,0,0,0,0,0,0,0,0,0,0,0,0,0,0,3,3
87,87,0,0,69,5,-242,14,0,0,0,0,0,0,0,0,1,0,0,0,0,0,0,0,0,0,0,0,0,0,0,0,0,0,0,0,0,0,0,0,3,1
88,88,0,1,69,5,-242,14,0,0,0,0,0,0,0,0,1,0,0,0,0,0,0,0,0,0,0,0,0,0,0,0,0,0,0,0,0,0,0,0,3,1
89,89,0,0,-106,-10,161,1,0,0,0,0,0,0,0,0,1,0,0,0,0,0,0,0,0,0,0,0,0,0,0,0,0,0,0,0,0,0,0,0,3,2
90,90,0,1,-106,-10,161,1,0,0,0,0,0,0,0,0,1,0,0,0,0,0,0,0,0,0,0,0,0,0,0,0,0,0,0,0,0,0,0,0,3,0
91,91,0,0,192,0,-157,3,0,0,0,0,0,0,0,0,1,0,0,0,0,0,0,0,0,0,0,0,0,0,0,0,0,0,0,0,0,0,0,0,3,3
92,92,0,1,192,0,-157,3,0,0,0,0,0,0,0,0,1,0,0,0,0,0,0,0,0,0,0,0,0,0,0,0,0,0,0,0,0,0,0,0,3,2
93,93,0,0,-176,-16,177,-15,0,0,0,0,0,0,0,0,1,0,0,0,0,0,0,0,0,0,0,0,0,0,0,0,0,0,0,0,0,0,0,0,3,2
94,94,0,1,-176,-16,177,-15,0,0,0,0,0,0,0,0,1,0,0,0,0,0,0,0,0,0,0,0,0,0,0,0,0,0,0,0,0,0,0,0,3,1
95,95,0,0,180,-12,-243,13,0,0,0,0,0,0,0,0,1,0,0,0,0,0,0,0,0,0,0,0,0,0,0,0,0,0,0,0,0,0,0,0,3,4
96,96,0,1,180,-12,-243,13,0,0,0,0,0,0,0,0,1,0,0,0,0,0,0,0,0,0,0,0,0,0,0,0,0,0,0,0,0,0,0,0,3,4
97,97,0,0,-152,8,204,12,0,0,0,0,0,0,0,0,1,0,0,0,0,0,0,0,0,0,0,0,0,0,0,0,0,0,0,0,0,0,0,0,3,1
98,98,0,1,-152,8,204,12,0,0,0,0,0,0,0,0,1,0,0,0,0,0,0,0,0,0,0,0,0,0,0,0,0,0,0,0,0,0,0,0,3,1
99,99,0,0,176,-16,-170,-10,0,0,0,0,0,0,0,0,1,0,0,0,0,0,0,0,0,0,0,0,0,0,0,0,0,0,0,0,0,0,0,0,3,2
100,100,0,1,176,-16,-170,-10,0,0,0,0,0,0,0,0,1,0,0,0,0,0,0,0,0,0,0,0,0,0,0,0,0,0,0,0,0,0,0,0,3,1
101,101,0,0,-102,-6,75,11,0,0,0,0,0,0,0,0,1,0,0,0,0,0,0,0,0,0,0,0,0,0,0,0,0,0,0,0,0,0,0,0,3,3
102,102,0,1,-102,-6,75,11,0,0,0,0,0,0,0,0,1,0,0,0,0,0,0,0,0,0,0,0,0,0,0,0,0,0,0,0,0,0,0,0,3,1
103,103,0,0,-3,-3,-39,-7,0,0,0,0,0,0,0,0,1,0,0,0,0,0,0,0,0,0,0,0,0,0,0,0,0,0,0,0,0,0,0,0,3,6
104,104,0,1,-3,-3,-39,-7,0,0,0,0,0,0,0,0,2,0,0,0,0,0,0,0,0,0,0,1,0,0,0,0,0,0,0,0,0,0,0,0,3,5
105,105,0,0,95,-1,-57,7,0,0,0,0,0,0,0,0,2,0,0,0,0,0,0,0,0,0,0,1,0,0,0,0,0,0,0,0,0,0,0,0,3,3
106,106,0,1,95,-1,-57,7,0,0,0,0,0,0,0,0,2,0,0,0,0,0,0,0,0,0,0,1,0,0,0,0,0,0,0,0,0,0,0,0,3,4
107,107,0,0,-126,2,70,6,0,0,0,0,0,0,0,0,2,0,0,0,0,0,0,0,0,0,0,1,0,0,0,0,0,0,0,0,0,0,0,0,3,4
108,108,0,1,-126,2,70,6,0,0,0,0,0,0,0,0,2,0,0,0,0,0,0,0,0,0,0,1,0,0,0,0,0,0,0,0,0,0,0,0,3,5
109,109,0,0,216,-8,-177,15,0,0,0,0,0,0,0,0,2,0,0,0,0,0,0,0,0,0,0,1,0,0,0,0,0,0,0,0,0,0,0,0,3,2
110,110,0,1,216,-8,-177,15,0,0,0,0,0,0,0,0,2,0,0,0,0,0,0,0,0,0,0,1,0,0,0,0,0,0,0,0,0,0,0,0,3,2
111,111,0,0,-174,-14,225,1,0,0,0,0,0,0,0,0,2,0,0,0,0,0,0,0,0,0,0,1,0,0,0,0,0,0,0,0,0,0,0,0,3,4
112,112,0,1,-174,-14,225,1,0,0,0,0,0,0,0,0,2,0,0,0,0,0,0,0,0,0,0,1,0,0,0,0,0,0,0,0,0,0,0,0,3,4
113,113,0,0,124,-4,-225,-1,0,0,0,0,0,0,0,0,2,0,0,0,0,0,0,0,0,0,0,1,0,0,0,0,0,0,0,0,0,0,0,0,3,3
114,114,0,1,124,-4,-225,-1,0,0,0,0,0,0,0,0,2,0,0,0,0,0,0,0,0,0,0,1,0,0,0,0,0,0,0,0,0,0,0,0,3,2
115,115,0,0,-66,-2,160,0,0,0,0,0,0,0,0,0,2,0,0,0,0,0,0,0,0,0,0,1,0,0,0,0,0,0,0,0,0,0,0,0,3,6
116,116,0,1,-66,-2,160,0,0,0,0,0,0,0,0,0,2,0,0,0,0,0,0,0,0,0,0,1,0,0,0,0,0,0,0,0,0,0,0,0,3,5
117,117,0,0,52,-12,-211,13,0,0,0,0,0,0,0,0,2,0,0,0,0,0,0,0,0,0,0,1,0,0,0,0,0,0,0,0,0,0,0,0,3,2
118,118,0,1,52,-12,-211,13,0,0,0,0,0,0,0,0,2,0,0,0,0,0,0,0,0,0,0,1,0,0,0,0,0,0,0,0,0,0,0,0,3,3
119,119,0,0,-4,-4,150,-10,0,0,0,0,0,0,0,0,2,0,0,0,0,0,0,0,0,0,0,1,0,0,0,0,0,0,0,0,0,0,0,0,3,4
120,120,0,1,-4,-4,150,-10,0,0,0,0,0,0,0,0,2,0,0,0,0,0,0,0,0,0,0,1,0,0,0,0,0,0,0,0,0,0,0,0,3,6
121,121,0,0,55,-9,-128,0,0,0,0,0,0,0,0,0,3,0,0,0,0,0,0,0,0,0,0,1,0,0,0,0,0,0,0,0,0,0,0,0,3,0
122,122,0,1,55,-9,-128,0,0,0,0,0,0,0,0,0,2,0,0,0,0,0,0,0,0,0,0,1,0,0,0,0,0,0,0,0,0,0,0,0,3,3
123,123,0,0,-74,-10,75,11,0,0,0,0,0,0,0,0,3,0,0,0,0,0,0,0,0,0,0,1,0,0,0,0,0,0,0,0,0,0,0,0,3,1
124,124,0,1,-74,-10,75,11,0,0,0,0,0,0,0,0,3,0,0,0,0,0,0,0,0,0,0,1,0,0,0,0,0,0,0,0,0,0,0,0,3,2
125,125,0,0,110,14,-37,-5,0,0,0,0,0,0,0,0,3,0,0,0,0,0,0,0,0,0,0,1,0,0,0,0,0,0,0,0,0,0,0,0,3,4
126,126,0,1,110,14,-37,-5,0,0,0,0,0,0,0,0,3,0,0,0,0,0,0,0,0,0,0,1,0,0,0,0,0,0,0,0,0,0,0,0,3,1
127,127,0,0,-117,11,-44,-12,0,0,0,0,0,0,0,0,3,0,0,0,0,0,0,0,0,0,0,1,0,0,0,0,0,0,0,0,0,0,0,0,3,2
128,128,0,1,-117,11,-44,-12,0,0,0,0,0,0,0,0,3,0,0,0,0,0,0,0,0,0,0,1,0,0,0,0,0,0,0,0,0,0,0,0,3,0
129,129,0,0,158,-2,59,-5,0,0,0,0,0,0,0,0,2,0,0,0,0,0,0,0,0,0,0,1,0,0,0,0,0,0,0,0,0,0,0,0,3,6
130,130,0,1,158,-2,59,-5,0,0,0,0,0,0,0,0,3,0,0,0,0,0,0,0,0,0,0,1,0,0,0,0,0,0,0,0,0,0,0,0,3,4
131,131,0,0,-119,9,-86,10,0,0,0,0,0,0,0,0,3,0,0,0,0,0,0,0,0,0,0,1,0,0,0,0,0,0,0,0,0,0,0,0,3,4
132,132,0,1,-119,9,-86,10,0,0,0,0,0,0,0,0,3,0,0,0,0,0,0,0,0,0,0,1,0,0,0,0,0,0,0,0,0,0,0,0,3,4
133,133,0,0,137,9,74,10,0,0,0,0,0,0,0,0,3,0,0,0,0,0,0,0,0,0,0,1,0,0,0,0,0,0,0,0,0,0,0,0,3,3
134,134,0,1,137,9,74,10,0,0,0,0,0,0,0,0,3,0,0,0,0,0,0,0,0,0,0,1,0,0,0,0,0,0,0,0,0,0,0,0,3,4
135,135,0,0,-115,13,-39,-7,0,0,0,0,0,0,0,0,3,0,0,0,0,0,0,0,0,0,0,1,0,0,0,0,0,0,0,0,0,0,0,0,3,1
136,136,0,1,-115,13,-39,-7,0,0,0,0,0,0,0,0,3,0,0,0,0,0,0,0,0,0,0,1,0,0,0,0,0,0,0,0,0,0,0,0,3,1
137,137,0,0,74,10,-59,5,0,0,0,0,0,0,0,0,3,0,0,0,0,0,0,0,0,0,0,1,0,0,0,0,0,0,0,0,0,0,0,0,3,4
138,138,0,1,74,10,-59,5,0,0,0,0,0,0,0,0,3,0,0,0,0,0,0,0,0,0,0,1,0,0,0,0,0,0,0,0,0,0,0,0,3,4
139,139,0,0,13,13,14,14,0,0,0,0,0,0,0,0,3,0,0,0,0,0,0,0,0,0,0,1,0,0,0,0,0,0,0,0,0,0,0,0,3,1
140,140,0,1,13,13,14,14,0,0,0,0,0,0,0,0,3,0,0,0,0,0,0,0,0,0,0,1,0,0,0,0,0,0,0,0,0,0,0,0,3,2
141,141,0,0,-4,-4,-24,8,0,0,0,0,0,0,0,0,2,0,0,0,0,0,0,0,0,0,0,1,0,0,0,0,0,0,0,0,0,0,0,0,3,1
142,142,0,1,-4,-4,-24,8,0,0,0,0,0,0,0,0,2,0,0,0,0,0,0,0,0,0,0,1,0,0,0,0,0,0,0,0,0,0,0,0,3,2
143,143,0,0,31,-1,9,9,0,0,0,0,0,0,0,0,2,0,0,0,0,0,0,0,0,0,0,1,0,0,0,0,0,0,0,0,0,0,0,0,3,1
144,144,0,1,31,-1,9,9,0,0,0,0,0,0,0,0,2,0,0,0,0,0,0,0,0,0,0,1,0,0,0,0,0,0,0,0,0,0,0,0,3,1
145,145,0,0,-15,-15,-43,-11,0,0,0,0,0,0,0,0,2,0,0,0,0,0,0,0,0,0,0,1,0,0,0,0,0,0,0,0,0,0,0,0,3,2
146,146,0,1,-15,-15,-43,-11,0,0,0,0,0,0,0,0,2,0,0,0,0,0,0,0,0,0,0,1,0,0,0,0,0,0,0,0,0,0,0,0,3,2
147,147,0,0,7,7,-2,-2,0,0,0,0,0,0,0,0,2,0,0,0,0,0,0,0,0,0,0,1,0,0,0,0,0,0,0,0,0,0,0,0,3,2
148,148,0,1,7,7,-2,-2,0,0,0,0,0,0,0,0,2,0,0,0,0,0,0,0,0,0,0,1,0,0,0,0,0,0,0,0,0,0,0,0,3,1
149,149,0,0,58,-6,-61,3,0,0,0,0,0,0,0,0,2,0,0,0,0,0,0,0,0,0,0,1,0,0,0,0,0,0,0,0,0,0,0,0,3,3
150,150,0,1,58,-6,-61,3,0,0,0,0,0,0,0,0,2,0,0,0,0,0,0,0,0,0,0,1,0,0,0,0,0,0,0,0,0,0,0,0,3,3
151,151,0,0,-23,9,65,1,0,0,0,0,0,0,0,0,2,0,0,0,0,0,0,0,0,0,0,1,0,0,0,0,0,0,0,0,0,0,0,0,3,1
152,152,0,1,-23,9,65,1,0,0,0,0,0,0,0,0,2,0,0,0,0,0,0,0,0,0,0,1,0,0,0,0,0,0,0,0,0,0,0,0,3,1
153,153,0,0,-9,-9,-68,-4,0,0,0,0,0,0,0,0,2,0,0,0,0,0,0,0,0,0,0,1,0,0,0,0,0,0,0,0,0,0,0,0,3,2
154,154,0,1,-9,-9,-68,-4,0,0,0,0,0,0,0,0,2,0,0,0,0,0,0,0,0,0,0,1,0,0,0,0,0,0,0,0,0,0,0,0,3,2
155,155,0,0,72,8,18,-14,0,0,0,0,0,0,0,0,2,0,0,0,0,0,0,0,0,0,0,1,0,0,0,0,0,0,0,0,0,0,0,0,3,1
156,156,0,1,72,8,18,-14,0,0,0,0,0,0,0,0,2,0,0,0,0,0,0,0,0,0,0,1,0,0,0,0,0,0,0,0,0,0,0,0,3,3
157,157,0,0,-76,-12,3,3,0,0,0,0,0,0,0,0,2,0,0,0,0,0,0,0,0,0,0,1,0,0,0,0,0,0,0,0,0,0,0,0,3,3
158,158,0,1,-76,-12,3,3,0,0,0,0,0,0,0,0,2,0,0,0,0,0,0,0,0,0,0,1,0,0,0,0,0,0,0,0,0,0,0,0,3,3
159,159,0,0,100,4,-114,14,0,0,0,0,0,0,0,0,2,0,0,0,0,0,0,0,0,0,0,1,0,0,0,0,0,0,0,0,0,0,0,0,3,1
160,160,0,1,100,4,-114,14,0,0,0,0,0,0,0,0,2,0,0,0,0,0,0,0,0,0,0,1,0,0,0,0,0,0,0,0,0,0,0,0,3,0
161,161,0,0,-61,3,120,-8,0,0,0,0,0,0,0,0,2,0,0,0,0,0,0,0,0,0,0,1,0,0,0,0,0,0,0,0,0,0,0,0,3,0
162,162,0,1,-61,3,120,-8,0,0,0,0,0,0,0,0,2,0,0,0,0,0,0,0,0,0,0,0,0,0,0,0,0,0,0,0,0,0,0,0,3,0
163,163,0,0,86,-10,-129,-1,0,0,0,0,0,0,0,0,1,0,0,0,0,0,0,0,0,0,0,0,0,0,0,0,0,0,0,0,0,0,0,0,3,1
164,164,0,1,86,-10,-129,-1,0,0,0,0,0,0,0,0,1,0,0,0,0,0,0,0,0,0,0,0,0,0,0,0,0,0,0,0,0,0,0,0,3,0
165,165,0,0,-102,-6,96,0,0,0,0,0,0,0,0,0,1,0,0,0,0,0,0,0,0,0,0,0,0,0,0,0,0,0,0,0,0,0,0,0,3,1
166,166,0,1,-102,-6,96,0,0,0,0,0,0,0,0,0,1,0,0,0,0,0,0,0,0,0,0,0,0,0,0,0,0,0,0,0,0,0,0,0,3,1
167,167,0,0,129,1,-125,3,0,0,0,0,0,0,0,0,1,0,0,0,0,0,0,0,0,0,0,0,0,0,0,0,0,0,0,0,0,0,0,0,3,1
168,168,0,1,129,1,-125,3,0,0,0,0,0,0,0,0,1,0,0,0,0,0,0,0,0,0,0,0,0,0,0,0,0,0,0,0,0,0,0,0,3,1
169,169,0,0,-88,8,104,8,0,0,0,0,0,0,0,0,1,0,0,0,0,0,0,0,0,0,0,0,0,0,0,0,0,0,0,0,0,0,0,0,3,3
170,170,0,1,-88,8,104,8,0,0,0,0,0,0,0,0,1,0,0,0,0,0,0,0,0,0,0,0,0,0,0,0,0,0,0,0,0,0,0,0,3,1
171,171,0,0,78,14,-123,5,0,0,0,0,0,0,0,0,1,0,0,0,0,0,0,0,0,0,0,0,0,0,0,0,0,0,0,0,0,0,0,0,3,1
172,172,0,1,78,14,-123,5,0,0,0,0,0,0,0,0,1,0,0,0,0,0,0,0,0,0,0,0,0,0,0,0,0,0,0,0,0,0,0,0,3,0
173,173,0,0,19,-13,82,-14,0,0,0,0,0,0,0,0,1,0,0,0,0,0,0,0,0,0,0,0,0,0,0,0,0,0,0,0,0,0,0,0,3,1
174,174,0,1,19,-13,82,-14,0,0,0,0,0,0,0,0,1,0,0,0,0,0,0,0,0,0,0,0,0,0,0,0,0,0,0,0,0,0,0,0,3,2
175,175,0,0,-55,9,-53,11,0,0,0,0,0,0,0,0,1,0,0,0,0,0,0,0,0,0,0,0,0,0,0,0,0,0,0,0,0,0,0,0,3,2
176,176,0,1,-55,9,-53,11,0,0,0,0,0,0,0,0,1,0,0,0,0,0,0,0,0,0,0,0,0,0,0,0,0,0,0,0,0,0,0,0,3,1
177,177,0,0,118,-10,-76,-12,0,0,0,0,0,0,0,0,1,0,0,0,0,0,0,0,0,0,0,0,0,0,0,0,0,0,0,0,0,0,0,0,3,1
178,178,0,1,118,-10,-76,-12,0,0,0,0,0,0,0,0,1,0,0,0,0,0,0,0,0,0,0,0,0,0,0,0,0,0,0,0,0,0,0,0,3,2
179,179,0,0,-99,-3,142,14,0,0,0,0,0,0,0,0,1,0,0,0,0,0,0,0,0,0,0,0,0,0,0,0,0,0,0,0,0,0,0,0,3,4
180,180,0,1,-99,-3,142,14,0,0,0,0,0,0,0,0,1,0,0,0,0,0,0,0,0,0,0,0,0,0,0,0,0,0,0,0,0,0,0,0,3,3
181,181,0,0,69,5,-228,-4,0,0,0,0,0,0,0,0,1,0,0,0,0,0,0,0,0,0,0,0,0,0,0,0,0,0,0,0,0,0,0,0,3,1
182,182,0,1,69,5,-228,-4,0,0,0,0,0,0,0,0,1,0,0,0,0,0,0,0,0,0,0,0,0,0,0,0,0,0,0,0,0,0,0,0,3,1
183,183,0,0,43,11,184,-8,0,0,0,0,0,0,0,0,1,0,0,0,0,0,0,0,0,0,0,0,0,0,0,0,0,0,0,0,0,0,0,0,3,2
184,184,0,1,43,11,184,-8,0,0,0,0,0,0,0,0,1,0,0,0,0,0,0,0,0,0,0,0,0,0,0,0,0,0,0,0,0,0,0,0,3,2
185,185,0,0,-55,9,-169,-9,0,0,0,0,0,0,0,0,1,0,0,0,0,0,0,0,0,0,0,0,0,0,0,0,0,0,0,0,0,0,0,0,3,1
186,186,0,1,-55,9,-169,-9,0,0,0,0,0,0,0,0,1,0,0,0,0,0,0,0,0,0,0,0,0,0,0,0,0,0,0,0,0,0,0,0,3,1
187,187,0,0,15,15,103,7,0,0,0,0,0,0,0,0,1,0,0,0,0,0,0,0,0,0,0,0,0,0,0,0,0,0,0,0,0,0,0,0,3,3
188,188,0,1,15,15,103,7,0,0,0,0,0,0,0,0,1,0,0,0,0,0,0,0,0,0,0,0,0,0,0,0,0,0,0,0,0,0,0,0,3,3
189,189,0,0,46,14,-145,15,0,0,0,0,0,0,0,0,1,0,0,0,0,0,0,0,0,0,0,0,0,0,0,0,0,0,0,0,0,0,0,0,3,1
190,190,0,1,46,14,-145,15,0,0,0,0,0,0,0,0,1,0,0,0,0,0,0,0,0,0,0,0,0,0,0,0,0,0,0,0,0,0,0,0,3,1
191,191,0,0,-51,13,72,8,0,0,0,0,0,0,0,0,1,0,0,0,0,0,0,0,0,0,0,0,0,0,0,0,0,0,0,0,0,0,0,0,3,2
192,192,0,1,-51,13,72,8,0,0,0,0,0,0,0,0,1,0,0,0,0,0,0,0,0,0,0,0,0,0,0,0,0,0,0,0,0,0,0,0,3,4
193,193,0,0,108,12,-56,8,0,0,0,0,0,0,0,0,1,0,0,0,0,0,0,0,0,0,0,0,0,0,0,0,0,0,0,0,0,0,0,0,3,2
194,194,0,1,108,12,-56,8,0,0,0,0,0,0,0,0,1,0,0,0,0,0,0,0,0,0,0,0,0,0,0,0,0,0,0,0,0,0,0,0,3,1
195,195,0,0,-59,5,6,6,0,0,0,0,0,0,0,0,1,0,0,0,0,0,0,0,0,0,0,0,0,0,0,0,0,0,0,0,0,0,0,0,3,1
196,196,0,1,-59,5,6,6,0,0,0,0,0,0,0,0,1,0,0,0,0,0,0,0,0,0,0,0,0,0,0,0,0,0,0,0,0,0,0,0,3,3
197,197,0,0,27,-5,-2,-2,0,0,0,0,0,0,0,0,1,0,0,0,0,0,0,0,0,0,0,0,0,0,0,0,0,0,0,0,0,0,0,0,3,4
198,198,0,1,27,-5,-2,-2,0,0,0,0,0,0,0,0,1,0,0,0,0,0,0,0,0,0,0,0,0,0,0,0,0,0,0,0,0,0,0,0,3,2
199,199,0,0,26,-6,-47,-15,0,0,0,0,0,0,0,0,1,0,0,0,0,0,0,0,0,0,0,0,0,0,0,0,0,0,0,0,0,0,0,0,3,3
200,200,0,1,26,-6,-47,-15,0,0,0,0,0,0,0,0,1,0,0,0,0,0,0,0,0,0,0,0,0,0,0,0,0,0,0,0,0,0,0,0,3,2
201,201,0,0,-7,-7,48,-16,0,0,0,0,0,0,0,0,1,0,0,0,0,0,0,0,0,0,0,0,0,0,0,0,0,0,0,0,0,0,0,0,3,5
202,202,0,1,-7,-7,48,-16,0,0,0,0,0,0,0,0,1,0,0,0,0,0,0,0,0,0,0,1,0,0,0,0,0,0,0,0,0,0,0,0,3,5
203,203,0,0,33,1,-104,-8,0,0,0,0,0,0,0,0,2,0,0,0,0,0,0,0,0,0,0,1,0,0,0,0,0,0,0,0,0,0,0,0,3,3
204,204,0,1,33,1,-104,-8,0,0,0,0,0,0,0,0,2,0,0,0,0,0,0,0,0,0,0,1,0,0,0,0,0,0,0,0,0,0,0,0,3,2
205,205,0,0,35,3,89,-7,0,0,0,0,0,0,0,0,2,0,0,0,0,0,0,0,0,0,0,1,0,0,0,0,0,0,0,0,0,0,0,0,3,2
206,206,0,1,35,3,89,-7,0,0,0,0,0,0,0,0,2,0,0,0,0,0,0,0,0,0,0,1,0,0,0,0,0,0,0,0,0,0,0,0,3,3
207,207,0,0,-110,-14,-93,3,0,0,0,0,0,0,0,0,2,0,0,0,0,0,0,0,0,0,0,1,0,0,0,0,0,0,0,0,0,0,0,0,3,0
208,208,0,1,-110,-14,-93,3,0,0,0,0,0,0,0,0,2,0,0,0,0,0,0,0,0,0,0,1,0,0,0,0,0,0,0,0,0,0,0,0,3,1
209,209,0,0,89,-7,9,9,0,0,0,0,0,0,0,0,2,0,0,0,0,0,0,0,0,0,0,1,0,0,0,0,0,0,0,0,0,0,0,0,3,3
210,210,0,1,89,-7,9,9,0,0,0,0,0,0,0,0,2,0,0,0,0,0,0,0,0,0,0,1,0,0,0,0,0,0,0,0,0,0,0,0,3,3
211,211,0,0,57,-7,-9,-9,0,0,0,0,0,0,0,0,2,0,0,0,0,0,0,0,0,0,0,1,0,0,0,0,0,0,0,0,0,0,0,0,3,0
212,212,0,1,57,-7,-9,-9,0,0,0,0,0,0,0,0,2,0,0,0,0,0,0,0,0,0,0,1,0,0,0,0,0,0,0,0,0,0,0,0,3,1
213,213,0,0,-108,-12,-5,-5,0,0,0,0,0,0,0,0,2,0,0,0,0,0,0,0,0,0,0,1,0,0,0,0,0,0,0,0,0,0,0,0,3,2
214,214,0,1,-108,-12,-5,-5,0,0,0,0,0,0,0,0,2,0,0,0,0,0,0,0,0,0,0,1,0,0,0,0,0,0,0,0,0,0,0,0,3,2
215,215,0,0,136,8,-60,4,0,0,0,0,0,0,0,0,2,0,0,0,0,0,0,0,0,0,0,1,0,0,0,0,0,0,0,0,0,0,0,0,3,0
216,216,0,1,136,8,-60,4,0,0,0,0,0,0,0,0,2,0,0,0,0,0,0,0,0,0,0,1,0,0,0,0,0,0,0,0,0,0,0,0,3,1
217,217,0,0,-116,12,49,-15,0,0,0,0,0,0,0,0,2,0,0,0,0,0,0,0,0,0,0,1,0,0,0,0,0,0,0,0,0,0,0,0,3,0
218,218,0,1,-116,12,49,-15,0,0,0,0,0,0,0,0,2,0,0,0,0,0,0,0,0,0,0,1,0,0,0,0,0,0,0,0,0,0,0,0,3,1
219,219,0,0,131,3,-87,9,0,0,0,0,0,0,0,0,2,0,0,0,0,0,0,0,0,0,0,1,0,0,0,0,0,0,0,0,0,0,0,0,3,1
220,220,0,1,131,3,-87,9,0,0,0,0,0,0,0,0,2,0,0,0,0,0,0,0,0,0,0,1,0,0,0,0,0,0,0,0,0,0,0,0,3,0
221,221,0,0,-74,-10,25,-7,0,0,0,0,0,0,0,0,1,0,0,0,0,0,0,0,0,0,0,1,0,0,0,0,0,0,0,0,0,0,0,0,3,0
222,222,0,1,-74,-10,25,-7,0,0,0,0,0,0,0,0,1,0,0,0,0,0,0,0,0,0,0,1,0,0,0,0,0,0,0,0,0,0,0,0,3,0
223,223,0,0,72,8,-61,3,0,0,0,0,0,0,0,0,1,0,0,0,0,0,0,0,0,0,0,1,0,0,0,0,0,0,0,0,0,0,0,0,3,2
224,224,0,1,72,8,-61,3,0,0,0,0,0,0,0,0,1,0,0,0,0,0,0,0,0,0,0,1,0,0,0,0,0,0,0,0,0,0,0,0,3,2
225,225,0,0,-27,5,28,-4,0,0,0,0,0,0,0,0,1,0,0,0,0,0,0,0,0,0,0,1,0,0,0,0,0,0,0,0,0,0,0,0,3,1
226,226,0,1,-27,5,28,-4,0,0,0,0,0,0,0,0,1,0,0,0,0,0,0,0,0,0,0,1,0,0,0,0,0,0,0,0,0,0,0,0,3,1
227,227,0,0,45,13,-2,-2,0,0,0,0,0,0,0,0,1,0,0,0,0,0,0,0,0,0,0,1,0,0,0,0,0,0,0,0,0,0,0,0,3,3
228,228,0,1,45,13,-2,-2,0,0,0,0,0,0,0,0,1,0,0,0,0,0,0,0,0,0,0,1,0,0,0,0,0,0,0,0,0,0,0,0,3,4
229,229,0,0,-38,-6,-94,2,0,0,0,0,0,0,0,0,1,0,0,0,0,0,0,0,0,0,0,1,0,0,0,0,0,0,0,0,0,0,0,0,3,1
230,230,0,1,-38,-6,-94,2,0,0,0,0,0,0,0,0,1,0,0,0,0,0,0,0,0,0,0,1,0,0,0,0,0,0,0,0,0,0,0,0,3,4
231,231,0,0,56,-8,103,7,0,0,0,0,0,0,0,0,1,0,0,0,0,0,0,0,0,0,0,1,0,0,0,0,0,0,0,0,0,0,0,0,3,3
232,232,0,1,56,-8,103,7,0,0,0,0,0,0,0,0,1,0,0,0,0,0,0,0,0,0,0,1,0,0,0,0,0,0,0,0,0,0,0,0,3,0
233,233,0,0,-27,5,-116,12,0,0,0,0,0,0,0,0,1,0,0,0,0,0,0,0,0,0,0,1,0,0,0,0,0,0,0,0,0,0,0,0,3,2
234,234,0,1,-27,5,-116,12,0,0,0,0,0,0,0,0,1,0,0,0,0,0,0,0,0,0,0,1,0,0,0,0,0,0,0,0,0,0,0,0,3,1
235,235,0,0,76,12,99,3,0,0,0,0,0,0,0,0,1,0,0,0,0,0,0,0,0,0,0,1,0,0,0,0,0,0,0,0,0,0,0,0,3,3
236,236,0,1,76,12,99,3,0,0,0,0,0,0,0,0,1,0,0,0,0,0,0,0,0,0,0,1,0,0,0,0,0,0,0,0,0,0,0,0,3,2
237,237,0,0,-82,14,-107,-11,0,0,0,0,0,0,0,0,1,0,0,0,0,0,0,0,0,0,0,1,0,0,0,0,0,0,0,0,0,0,0,0,3,1
238,238,0,1,-82,14,-107,-11,0,0,0,0,0,0,0,0,1,0,0,0,0,0,0,0,0,0,0,1,0,0,0,0,0,0,0,0,0,0,0,0,3,1
239,239,0,0,91,-5,23,-9,0,0,0,0,0,0,0,0,1,0,0,0,0,0,0,0,0,0,0,1,0,0,0,0,0,0,0,0,0,0,0,0,3,3
240,240,0,1,91,-5,23,-9,0,0,0,0,0,0,0,0,1,0,0,0,0,0,0,0,0,0,0,1,0,0,0,0,0,0,0,0,0,0,0,0,3,4
241,241,0,0,-11,-11,-5,-5,0,0,0,0,0,0,0,0,1,0,0,0,0,0,0,0,0,0,0,1,0,0,0,0,0,0,0,0,0,0,0,0,3,0
242,242,0,1,-11,-11,-5,-5,0,0,0,0,0,0,0,0,1,0,0,0,0,0,0,0,0,0,0,1,0,0,0,0,0,0,0,0,0,0,0,0,3,0
243,243,0,0,71,7,-93,3,0,0,0,0,0,0,0,0,1,0,0,0,0,0,0,0,0,0,0,1,0,0,0,0,0,0,0,0,0,0,0,0,3,1
244,244,0,1,71,7,-93,3,0,0,0,0,0,0,0,0,1,0,0,0,0,0,0,0,0,0,0,1,0,0,0,0,0,0,0,0,0,0,0,0,3,1
245,245,0,0,-54,10,77,13,0,0,0,0,0,0,0,0,1,0,0,0,0,0,0,0,0,0,0,1,0,0,0,0,0,0,0,0,0,0,0,0,3,0
246,246,0,1,-54,10,77,13,0,0,0,0,0,0,0,0,1,0,0,0,0,0,0,0,0,0,0,1,0,0,0,0,0,0,0,0,0,0,0,0,3,0
247,247,0,0,72,8,-67,-3,0,0,0,0,0,0,0,0,1,0,0,0,0,0,0,0,0,0,0,1,0,0,0,0,0,0,0,0,0,0,0,0,3,1
248,248,0,1,72,8,-67,-3,0,0,0,0,0,0,0,0,1,0,0,0,0,0,0,0,0,0,0,1,0,0,0,0,0,0,0,0,0,0,0,0,3,1
249,249,0,0,-36,-4,-7,-7,0,0,0,0,0,0,0,0,1,0,0,0,0,0,0,0,0,0,0,1,0,0,0,0,0,0,0,0,0,0,0,0,3,3
250,250,0,1,-36,-4,-7,-7,0,0,0,0,0,0,0,0,1,0,0,0,0,0,0,0,0,0,0,1,0,0,0,0,0,0,0,0,0,0,0,0,3,1
251,251,0,0,46,14,-24,8,0,0,0,0,0,0,0,0,1,0,0,0,0,0,0,0,0,0,0,1,0,0,0,0,0,0,0,0,0,0,0,0,3,1
252,252,0,1,46,14,-24,8,0,0,0,0,0,0,0,0,1,0,0,0,0,0,0,0,0,0,0,1,0,0,0,0,0,0,0,0,0,0,0,0,3,1
253,253,0,0,2,2,-8,-8,0,0,0,0,0,0,0,0,1,0,0,0,0,0,0,0,0,0,0,0,0,0,0,0,0,0,0,0,0,0,0,0,3,2
254,254,0,1,2,2,-8,-8,0,0,0,0,0,0,0,0,1,0,0,0,0,0,0,0,0,0,0,0,0,0,0,0,0,0,0,0,0,0,0,0,3,2
255,255,0,0,-7,-7,-25,7,0,0,0,0,0,0,0,0,1,0,0,0,0,0,0,0,0,0,0,0,0,0,0,0,0,0,0,0,0,0,0,0,3,2
256,256,0,1,-7,-7,-25,7,0,0,0,0,0,0,0,0,1,0,0,0,0,0,0,0,0,0,0,0,0,0,0,0,0,0,0,0,0,0,0,0,3,1
257,257,0,0,58,-6,47,15,0,0,0,0,0,0,0,0,1,0,0,0,0,0,0,0,0,0,0,0,0,0,0,0,0,0,0,0,0,0,0,0,3,2
258,258,0,1,58,-6,47,15,0,0,0,0,0,0,0,0,1,0,0,0,0,0,0,0,0,0,0,0,0,0,0,0,0,0,0,0,0,0,0,0,3,3
259,259,0,0,-66,-2,-84,12,0,0,0,0,0,0,0,0,1,0,0,0,0,0,0,0,0,0,0,1,0,0,0,0,0,0,0,0,0,0,0,0,3,1
260,260,0,1,-66,-2,-84,12,0,0,0,0,0,0,0,0,1,0,0,0,0,0,0,0,0,0,0,0,0,0,0,0,0,0,0,0,0,0,0,0,3,3
261,261,0,0,78,14,28,-4,0,0,0,0,0,0,0,0,1,0,0,0,0,0,0,0,0,0,0,0,0,0,0,0,0,0,0,0,0,0,0,0,3,1
262,262,0,1,78,14,28,-4,0,0,0,0,0,0,0,0,1,0,0,0,0,0,0,0,0,0,0,0,0,0,0,0,0,0,0,0,0,0,0,0,3,1
263,263,0,0,-23,9,-36,-4,0,0,0,0,0,0,0,0,1,0,0,0,0,0,0,0,0,0,0,0,0,0,0,0,0,0,0,0,0,0,0,0,3,4
264,264,0,1,-23,9,-36,-4,0,0,0,0,0,0,0,0,1,0,0,0,0,0,0,0,0,0,0,0,0,0,0,0,0,0,0,0,0,0,0,0,3,2
265,265,0,0,61,-3,-8,-8,0,0,0,0,0,0,0,0,1,0,0,0,0,0,0,0,0,0,0,0,0,0,0,0,0,0,0,0,0,0,0,0,3,0
266,266,0,1,61,-3,-8,-8,0,0,0,0,0,0,0,0,1,0,0,0,0,0,0,0,0,0,0,0,0,0,0,0,0,0,0,0,0,0,0,0,3,1
267,267,0,0,-74,-10,-2,-2,0,0,0,0,0,0,0,0,1,0,0,0,0,0,0,0,0,0,0,0,0,0,0,0,0,0,0,0,0,0,0,0,3,1
268,268,0,1,-74,-10,-2,-2,0,0,0,0,0,0,0,0,1,0,0,0,0,0,0,0,0,0,0,0,0,0,0,0,0,0,0,0,0,0,0,0,3,2
269,269,0,0,121,-7,-21,11,0,0,0,0,0,0,0,0,1,0,0,0,0,0,0,0,0,0,0,0,0,0,0,0,0,0,0,0,0,0,0,0,3,1
270,270,0,1,121,-7,-21,11,0,0,0,0,0,0,0,0,1,0,0,0,0,0,0,0,0,0,0,0,0,0,0,0,0,0,0,0,0,0,0,0,3,1
271,271,0,0,-114,14,-40,-8,0,0,0,0,0,0,0,0,1,0,0,0,0,0,0,0,0,0,0,0,0,0,0,0,0,0,0,0,0,0,0,0,3,1
272,272,0,1,-114,14,-40,-8,0,0,0,0,0,0,0,0,1,0,0,0,0,0,0,0,0,0,0,0,0,0,0,0,0,0,0,0,0,0,0,0,3,1
273,273,0,0,170,10,75,11,0,0,0,0,0,0,0,0,1,0,0,0,0,0,0,0,0,0,0,0,0,0,0,0,0,0,0,0,0,0,0,0,3,0
274,274,0,1,170,10,75,11,0,0,0,0,0,0,0,0,1,0,0,0,0,0,0,0,0,0,0,0,0,0,0,0,0,0,0,0,0,0,0,0,3,0
275,275,0,0,-112,-16,-172,-12,0,0,0,0,0,0,0,0,1,0,0,0,0,0,0,0,0,0,0,0,0,0,0,0,0,0,0,0,0,0,0,0,3,0
276,276,0,1,-112,-16,-172,-12,0,0,0,0,0,0,0,0,1,0,0,0,0,0,0,0,0,0,0,0,0,0,0,0,0,0,0,0,0,0,0,0,3,0
277,277,0,0,113,-15,222,-2,0,0,0,0,0,0,0,0,1,0,0,0,0,0,0,0,0,0,0,0,0,0,0,0,0,0,0,0,0,0,0,0,3,1
278,278,0,1,113,-15,222,-2,0,0,0,0,0,0,0,0,1,0,0,0,0,0,0,0,0,0,0,0,0,0,0,0,0,0,0,0,0,0,0,0,3,0
279,279,0,0,-56,8,-248,8,0,0,0,0,0,0,0,0,1,0,0,0,0,0,0,0,0,0,0,0,0,0,0,0,0,0,0,0,0,0,0,0,3,2
280,280,0,1,-56,8,-248,8,0,0,0,0,0,0,0,0,1,0,0,0,0,0,0,0,0,0,0,0,0,0,0,0,0,0,0,0,0,0,0,0,3,2
281,281,0,0,59,-5,115,-13,0,0,0,0,0,0,0,0,1,0,0,0,0,0,0,0,0,0,0,0,0,0,0,0,0,0,0,0,0,0,0,0,3,1
282,282,0,1,59,-5,115,-13,0,0,0,0,0,0,0,0,1,0,0,0,0,0,0,0,0,0,0,0,0,0,0,0,0,0,0,0,0,0,0,0,3,2
283,283,0,0,-26,6,-54,10,0,0,0,0,0,0,0,0,1,0,0,0,0,0,0,0,0,0,0,0,0,0,0,0,0,0,0,0,0,0,0,0,3,0
284,284,0,1,-26,6,-54,10,0,0,0,0,0,0,0,0,1,0,0,0,0,0,0,0,0,0,0,0,0,0,0,0,0,0,0,0,0,0,0,0,3,1
285,285,0,0,62,-2,-24,8,0,0,0,0,0,0,0,0,1,0,0,0,0,0,0,0,0,0,0,0,0,0,0,0,0,0,0,0,0,0,0,0,3,1
286,286,0,1,62,-2,-24,8,0,0,0,0,0,0,0,0,1,0,0,0,0,0,0,0,0,0,0,0,0,0,0,0,0,0,0,0,0,0,0,0,3,0
287,287,0,0,-39,-7,13,13,0,0,0,0,0,0,0,0,1,0,0,0,0,0,0,0,0,0,0,0,0,0,0,0,0,0,0,0,0,0,0,0,3,1
288,288,0,1,-39,-7,13,13,0,0,0,0,0,0,0,0,1,0,0,0,0,0,0,0,0,0,0,0,0,0,0,0,0,0,0,0,0,0,0,0,3,0
289,289,0,0,26,-6,-18,14,0,0,0,0,0,0,0,0,1,0,0,0,0,0,0,0,0,0,0,0,0,0,0,0,0,0,0,0,0,0,0,0,3,2
290,290,0,1,26,-6,-18,14,0,0,0,0,0,0,0,0,1,0,0,0,0,0,0,0,0,0,0,0,0,0,0,0,0,0,0,0,0,0,0,0,3,2
291,291,0,0,32,0,-77,-13,0,0,0,0,0,0,0,0,1,0,0,0,0,0,0,0,0,0,0,0,0,0,0,0,0,0,0,0,0,0,0,0,3,1
292,292,0,1,32,0,-77,-13,0,0,0,0,0,0,0,0,1,0,0,0,0,0,0,0,0,0,0,0,0,0,0,0,0,0,0,0,0,0,0,0,3,0
293,293,0,0,61,-3,99,3,0,0,0,0,0,0,0,0,1,0,0,0,0,0,0,0,0,0,0,0,0,0,0,0,0,0,0,0,0,0,0,0,3,3
294,294,0,1,61,-3,99,3,0,0,0,0,0,0,0,0,1,0,0,0,0,0,0,0,0,0,0,0,0,0,0,0,0,0,0,0,0,0,0,0,3,4
295,295,0,0,-58,6,-130,-2,0,0,0,0,0,0,0,0,1,0,0,0,0,0,0,0,0,0,0,0,0,0,0,0,0,0,0,0,0,0,0,0,3,4
296,296,0,1,-58,6,-130,-2,0,0,0,0,0,0,0,0,1,0,0,0,0,0,0,0,0,0,0,0,0,0,0,0,0,0,0,0,0,0,0,0,3,2
297,297,0,0,77,13,120,-8,0,0,0,0,0,0,0,0,1,0,0,0,0,0,0,0,0,0,0,0,0,0,0,0,0,0,0,0,0,0,0,0,3,4
298,298,0,1,77,13,120,-8,0,0,0,0,0,0,0,0,1,0,0,0,0,0,0,0,0,0,0,0,0,0,0,0,0,0,0,0,0,0,0,0,3,4
299,299,0,0,-51,13,-173,-13,0,0,0,0,0,0,0,0,1,0,0,0,0,0,0,0,0,0,0,0,0,0,0,0,0,0,0,0,0,0,0,0,3,4
300,300,0,1,-51,13,-173,-13,0,0,0,0,0,0,0,0,1,0,0,0,0,0,0,0,0,0,0,1,0,0,0,0,0,0,0,0,0,0,0,0,3,6
301,301,0,0,76,12,127,-1,0,0,0,0,0,0,0,0,1,0,0,0,0,0,0,0,0,0,0,1,0,0,0,0,0,0,0,0,0,0,0,0,3,1
302,302,0,1,76,12,127,-1,0,0,0,0,0,0,0,0,1,0,0,0,0,0,0,0,0,0,0,1,0,0,0,0,0,0,0,0,0,0,0,0,3,2
303,303,0,0,-27,5,-132,-4,0,0,0,0,0,0,0,0,1,0,0,0,0,0,0,0,0,0,0,1,0,0,0,0,0,0,0,0,0,0,0,0,3,0
304,304,0,1,-27,5,-132,-4,0,0,0,0,0,0,0,0,1,0,0,0,0,0,0,0,0,0,0,1,0,0,0,0,0,0,0,0,0,0,0,0,3,2
305,305,0,0,88,-8,46,14,0,0,0,0,0,0,0,0,1,0,0,0,0,0,0,0,0,0,0,1,0,0,0,0,0,0,0,0,0,0,0,0,3,1
306,306,0,1,88,-8,46,14,0,0,0,0,0,0,0,0,1,0,0,0,0,0,0,0,0,0,0,1,0,0,0,0,0,0,0,0,0,0,0,0,3,1
307,307,0,0,-50,14,-34,-2,0,0,0,0,0,0,0,0,1,0,0,0,0,0,0,0,0,0,0,1,0,0,0,0,0,0,0,0,0,0,0,0,3,0
308,308,0,1,-50,14,-34,-2,0,0,0,0,0,0,0,0,1,0,0,0,0,0,0,0,0,0,0,1,0,0,0,0,0,0,0,0,0,0,0,0,3,0
309,309,0,0,22,-10,-13,-13,0,0,0,0,0,0,0,0,1,0,0,0,0,0,0,0,0,0,0,1,0,0,0,0,0,0,0,0,0,0,0,0,3,0
310,310,0,1,22,-10,-13,-13,0,0,0,0,0,0,0,0,1,0,0,0,0,0,0,0,0,0,0,1,0,0,0,0,0,0,0,0,0,0,0,0,3,2
311,311,0,0,38,6,-8,-8,0,0,0,0,0,0,0,0,1,0,0,0,0,0,0,0,0,0,0,1,0,0,0,0,0,0,0,0,0,0,0,0,3,2
312,312,0,1,38,6,-8,-8,0,0,0,0,0,0,0,0,1,0,0,0,0,0,0,0,0,0,0,1,0,0,0,0,0,0,0,0,0,0,0,0,3,2
313,313,0,0,-16,-16,-3,-3,0,0,0,0,0,0,0,0,1,0,0,0,0,0,0,0,0,0,0,1,0,0,0,0,0,0,0,0,0,0,0,0,3,2
314,314,0,1,-16,-16,-3,-3,0,0,0,0,0,0,0,0,1,0,0,0,0,0,0,0,0,0,0,1,0,0,0,0,0,0,0,0,0,0,0,0,3,1
315,315,0,0,44,12,-40,-8,0,0,0,0,0,0,0,0,1,0,0,0,0,0,0,0,0,0,0,1,0,0,0,0,0,0,0,0,0,0,0,0,3,2
316,316,0,1,44,12,-40,-8,0,0,0,0,0,0,0,0,1,0,0,0,0,0,0,0,0,0,0,1,0,0,0,0,0,0,0,0,0,0,0,0,3,2
317,317,0,0,-2,-2,31,-1,0,0,0,0,0,0,0,0,1,0,0,0,0,0,0,0,0,0,0,1,0,0,0,0,0,0,0,0,0,0,0,0,3,1
318,318,0,1,-2,-2,31,-1,0,0,0,0,0,0,0,0,1,0,0,0,0,0,0,0,0,0,0,1,0,0,0,0,0,0,0,0,0,0,0,0,3,1
319,319,0,0,-2,-2,-91,5,0,0,0,0,0,0,0,0,1,0,0,0,0,0,0,0,0,0,0,1,0,0,0,0,0,0,0,0,0,0,0,0,3,3
320,320,0,1,-2,-2,-91,5,0,0,0,0,0,0,0,0,1,0,0,0,0,0,0,0,0,0,0,1,0,0,0,0,0,0,0,0,0,0,0,0,3,3
321,321,0,0,29,-3,66,2,0,0,0,0,0,0,0,0,2,0,0,0,0,0,0,0,0,0,0,1,0,0,0,0,0,0,0,0,0,0,0,0,3,1
322,322,0,1,29,-3,66,2,0,0,0,0,0,0,0,0,1,0,0,0,0,0,0,0,0,0,0,1,0,0,0,0,0,0,0,0,0,0,0,0,3,2
323,323,0,0,42,10,-145,15,0,0,0,0,0,0,0,0,1,0,0,0,0,0,0,0,0,0,0,1,0,0,0,0,0,0,0,0,0,0,0,0,3,2
324,324,0,1,42,10,-145,15,0,0,0,0,0,0,0,0,2,0,0,0,0,0,0,0,0,0,0,1,0,0,0,0,0,0,0,0,0,0,0,0,3,3
325,325,0,0,-63,1,143,15,0,0,0,0,0,0,0,0,2,0,0,0,0,0,0,0,0,0,0,1,0,0,0,0,0,0,0,0,0,0,0,0,3,2
326,326,0,1,-63,1,143,15,0,0,0,0,0,0,0,0,2,0,0,0,0,0,0,0,0,0,0,1,0,0,0,0,0,0,0,0,0,0,0,0,3,2
327,327,0,0,130,2,-156,4,0,0,0,0,0,0,0,0,2,0,0,0,0,0,0,0,0,0,0,1,0,0,0,0,0,0,0,0,0,0,0,0,3,0
328,328,0,1,130,2,-156,4,0,0,0,0,0,0,0,0,1,0,0,0,0,0,0,0,0,0,0,1,0,0,0,0,0,0,0,0,0,0,0,0,3,1
329,329,0,0,-147,13,126,-2,0,0,0,0,0,0,0,0,1,0,0,0,0,0,0,0,0,0,0,1,0,0,0,0,0,0,0,0,0,0,0,0,3,1
330,330,0,1,-147,13,126,-2,0,0,0,0,0,0,0,0,1,0,0,0,0,0,0,0,0,0,0,1,0,0,0,0,0,0,0,0,0,0,0,0,3,1
331,331,0,0,172,12,-136,-8,0,0,0,0,0,0,0,0,1,0,0,0,0,0,0,0,0,0,0,0,0,0,0,0,0,0,0,0,0,0,0,0,3,1
332,332,0,1,172,12,-136,-8,0,0,0,0,0,0,0,0,1,0,0,0,0,0,0,0,0,0,0,0,0,0,0,0,0,0,0,0,0,0,0,0,3,1
333,333,0,0,-96,0,86,-10,0,0,0,0,0,0,0,0,1,0,0,0,0,0,0,0,0,0,0,0,0,0,0,0,0,0,0,0,0,0,0,0,3,0
334,334,0,1,-96,0,86,-10,0,0,0,0,0,0,0,0,1,0,0,0,0,0,0,0,0,0,0,0,0,0,0,0,0,0,0,0,0,0,0,0,3,0
335,335,0,0,103,7,-110,-14,0,0,0,0,0,0,0,0,1,0,0,0,0,0,0,0,0,0,0,0,0,0,0,0,0,0,0,0,0,0,0,0,3,1
336,336,0,1,103,7,-110,-14,0,0,0,0,0,0,0,0,1,0,0,0,0,0,0,0,0,0,0,0,0,0,0,0,0,0,0,0,0,0,0,0,3,1
337,337,0,0,-84,12,87,-9,0,0,0,0,0,0,0,0,1,0,0,0,0,0,0,0,0,0,0,0,0,0,0,0,0,0,0,0,0,0,0,0,3,0
338,338,0,1,-84,12,87,-9,0,0,0,0,0,0,0,0,1,0,0,0,0,0,0,0,0,0,0,0,0,0,0,0,0,0,0,0,0,0,0,0,3,0
339,339,0,0,124,-4,-53,11,0,0,0,0,0,0,0,0,1,0,0,0,0,0,0,0,0,0,0,0,0,0,0,0,0,0,0,0,0,0,0,0,3,2
340,340,0,1,124,-4,-53,11,0,0,0,0,0,0,0,0,1,0,0,0,0,0,0,0,0,0,0,0,0,0,0,0,0,0,0,0,0,0,0,0,3,2
341,341,0,0,-117,11,-18,14,0,0,0,0,0,0,0,0,1,0,0,0,0,0,0,0,0,0,0,0,0,0,0,0,0,0,0,0,0,0,0,0,3,1
342,342,0,1,-117,11,-18,14,0,0,0,0,0,0,0,0,1,0,0,0,0,0,0,0,0,0,0,0,0,0,0,0,0,0,0,0,0,0,0,0,3,1
343,343,0,0,184,-8,-35,-3,0,0,0,0,0,0,0,0,1,0,0,0,0,0,0,0,0,0,0,0,0,0,0,0,0,0,0,0,0,0,0,0,3,3
344,344,0,1,184,-8,-35,-3,0,0,0,0,0,0,0,0,1,0,0,0,0,0,0,0,0,0,0,0,0,0,0,0,0,0,0,0,0,0,0,0,3,2
345,345,0,0,-153,7,36,4,0,0,0,0,0,0,0,0,1,0,0,0,0,0,0,0,0,0,0,0,0,0,0,0,0,0,0,0,0,0,0,0,3,2
346,346,0,1,-153,7,36,4,0,0,0,0,0,0,0,0,1,0,0,0,0,0,0,0,0,0,0,0,0,0,0,0,0,0,0,0,0,0,0,0,3,1
347,347,0,0,127,-1,-57,7,0,0,0,0,0,0,0,0,1,0,0,0,0,0,0,0,0,0,0,0,0,0,0,0,0,0,0,0,0,0,0,0,3,4
348,348,0,1,127,-1,-57,7,0,0,0,0,0,0,0,0,1,0,0,0,0,0,0,0,0,0,0,0,0,0,0,0,0,0,0,0,0,0,0,0,3,3
349,349,0,0,-42,-10,47,15,0,0,0,0,0,0,0,0,1,0,0,0,0,0,0,0,0,0,0,0,0,0,0,0,0,0,0,0,0,0,0,0,3,2
350,350,0,1,-42,-10,47,15,0,0,0,0,0,0,0,0,1,0,0,0,0,0,0,0,0,0,0,0,0,0,0,0,0,0,0,0,0,0,0,0,3,1
351,351,0,0,-26,6,-100,-4,0,0,0,0,0,0,0,0,1,0,0,0,0,0,0,0,0,0,0,0,0,0,0,0,0,0,0,0,0,0,0,0,3,4
352,352,0,1,-26,6,-100,-4,0,0,0,0,0,0,0,0,1,0,0,0,0,0,0,0,0,0,0,0,0,0,0,0,0,0,0,0,0,0,0,0,3,5
353,353,0,0,111,15,47,15,0,0,0,0,0,0,0,0,1,0,0,0,0,0,0,0,0,0,0,0,0,0,0,0,0,0,0,0,0,0,0,0,3,0
354,354,0,1,111,15,47,15,0,0,0,0,0,0,0,0,1,0,0,0,0,0,0,0,0,0,0,0,0,0,0,0,0,0,0,0,0,0,0,0,3,1
355,355,0,0,-63,1,-23,9,0,0,0,0,0,0,0,0,1,0,0,0,0,0,0,0,0,0,0,0,0,0,0,0,0,0,0,0,0,0,0,0,3,2
356,356,0,1,-63,1,-23,9,0,0,0,0,0,0,0,0,1,0,0,0,0,0,0,0,0,0,0,0,0,0,0,0,0,0,0,0,0,0,0,0,3,3
357,357,0,0,81,-15,-20,12,0,0,0,0,0,0,0,0,1,0,0,0,0,0,0,0,0,0,0,0,0,0,0,0,0,0,0,0,0,0,0,0,3,1
358,358,0,1,81,-15,-20,12,0,0,0,0,0,0,0,0,1,0,0,0,0,0,0,0,0,0,0,0,0,0,0,0,0,0,0,0,0,0,0,0,3,1
359,359,0,0,-9,-9,31,-1,0,0,0,0,0,0,0,0,1,0,0,0,0,0,0,0,0,0,0,0,0,0,0,0,0,0,0,0,0,0,0,0,3,2
360,360,0,1,-9,-9,31,-1,0,0,0,0,0,0,0,0,1,0,0,0,0,0,0,0,0,0,0,0,0,0,0,0,0,0,0,0,0,0,0,0,3,3
361,361,0,0,-51,13,-96,0,0,0,0,0,0,0,0,0,1,0,0,0,0,0,0,0,0,0,0,0,0,0,0,0,0,0,0,0,0,0,0,0,3,1
362,362,0,1,-51,13,-96,0,0,0,0,0,0,0,0,0,1,0,0,0,0,0,0,0,0,0,0,0,0,0,0,0,0,0,0,0,0,0,0,0,3,1
363,363,0,0,127,-1,66,2,0,0,0,0,0,0,0,0,1,0,0,0,0,0,0,0,0,0,0,0,0,0,0,0,0,0,0,0,0,0,0,0,3,4
364,364,0,1,127,-1,66,2,0,0,0,0,0,0,0,0,1,0,0,0,0,0,0,0,0,0,0,1,0,0,0,0,0,0,0,0,0,0,0,0,3,3
365,365,0,0,-55,9,-99,-3,0,0,0,0,0,0,0,0,1,0,0,0,0,0,0,0,0,0,0,1,0,0,0,0,0,0,0,0,0,0,0,0,3,1
366,366,0,1,-55,9,-99,-3,0,0,0,0,0,0,0,0,1,0,0,0,0,0,0,0,0,0,0,1,0,0,0,0,0,0,0,0,0,0,0,0,3,2
367,367,0,0,25,-7,79,15,0,0,0,0,0,0,0,0,1,0,0,0,0,0,0,0,0,0,0,1,0,0,0,0,0,0,0,0,0,0,0,0,3,1
368,368,0,1,25,-7,79,15,0,0,0,0,0,0,0,0,1,0,0,0,0,0,0,0,0,0,0,1,0,0,0,0,0,0,0,0,0,0,0,0,3,3
369,369,0,0,49,-15,-51,13,0,0,0,0,0,0,0,0,1,0,0,0,0,0,0,0,0,0,0,1,0,0,0,0,0,0,0,0,0,0,0,0,3,0
370,370,0,1,49,-15,-51,13,0,0,0,0,0,0,0,0,1,0,0,0,0,0,0,0,0,0,0,1,0,0,0,0,0,0,0,0,0,0,0,0,3,1
371,371,0,0,-135,-7,-72,-8,0,0,0,0,0,0,0,0,1,0,0,0,0,0,0,0,0,0,0,1,0,0,0,0,0,0,0,0,0,0,0,0,3,2
372,372,0,1,-135,-7,-72,-8,0,0,0,0,0,0,0,0,1,0,0,0,0,0,0,0,0,0,0,1,0,0,0,0,0,0,0,0,0,0,0,0,3,2
373,373,0,0,210,-14,102,6,0,0,0,0,0,0,0,0,1,0,0,0,0,0,0,0,0,0,0,1,0,0,0,0,0,0,0,0,0,0,0,0,3,3
374,374,0,1,210,-14,102,6,0,0,0,0,0,0,0,0,2,0,0,0,0,0,0,0,0,0,0,1,0,0,0,0,0,0,0,0,0,0,0,0,3,3
375,375,0,0,-167,-7,-169,-9,0,0,0,0,0,0,0,0,2,0,0,0,0,0,0,0,0,0,0,1,0,0,0,0,0,0,0,0,0,0,0,0,3,0
376,376,0,1,-167,-7,-169,-9,0,0,0,0,0,0,0,0,2,0,0,0,0,0,0,0,0,0,0,1,0,0,0,0,0,0,0,0,0,0,0,0,3,1
377,377,0,0,132,4,156,-4,0,0,0,0,0,0,0,0,1,0,0,0,0,0,0,0,0,0,0,1,0,0,0,0,0,0,0,0,0,0,0,0,3,1
378,378,0,1,132,4,156,-4,0,0,0,0,0,0,0,0,1,0,0,0,0,0,0,0,0,0,0,1,0,0,0,0,0,0,0,0,0,0,0,0,3,2
379,379,0,0,-42,-10,-128,0,0,0,0,0,0,0,0,0,1,0,0,0,0,0,0,0,0,0,0,1,0,0,0,0,0,0,0,0,0,0,0,0,3,1
380,380,0,1,-42,-10,-128,0,0,0,0,0,0,0,0,0,1,0,0,0,0,0,0,0,0,0,0,1,0,0,0,0,0,0,0,0,0,0,0,0,3,1
381,381,0,0,-32,0,45,13,0,0,0,0,0,0,0,0,1,0,0,0,0,0,0,0,0,0,0,1,0,0,0,0,0,0,0,0,0,0,0,0,3,2
382,382,0,1,-32,0,45,13,0,0,0,0,0,0,0,0,1,0,0,0,0,0,0,0,0,0,0,1,0,0,0,0,0,0,0,0,0,0,0,0,3,2
383,383,0,0,131,3,-78,-14,0,0,0,0,0,0,0,0,1,0,0,0,0,0,0,0,0,0,0,1,0,0,0,0,0,0,0,0,0,0,0,0,3,3
384,384,0,1,131,3,-78,-14,0,0,0,0,0,0,0,0,1,0,0,0,0,0,0,0,0,0,0,1,0,0,0,0,0,0,0,0,0,0,0,0,3,3
385,385,0,0,-129,-1,75,11,0,0,0,0,0,0,0,0,1,0,0,0,0,0,0,0,0,0,0,0,0,0,0,0,0,0,0,0,0,0,0,0,3,2
386,386,0,1,-129,-1,75,11,0,0,0,0,0,0,0,0,1,0,0,0,0,0,0,0,0,0,0,0,0,0,0,0,0,0,0,0,0,0,0,0,3,2
387,387,0,0,179,-13,-114,14,0,0,0,0,0,0,0,0,1,0,0,0,0,0,0,0,0,0,0,1,0,0,0,0,0,0,0,0,0,0,0,0,3,0
388,388,0,1,179,-13,-114,14,0,0,0,0,0,0,0,0,1,0,0,0,0,0,0,0,0,0,0,1,0,0,0,0,0,0,0,0,0,0,0,0,3,1
389,389,0,0,-167,-7,110,14,0,0,0,0,0,0,0,0,1,0,0,0,0,0,0,0,0,0,0,0,0,0,0,0,0,0,0,0,0,0,0,0,3,1
390,390,0,1,-167,-7,110,14,0,0,0,0,0,0,0,0,1,0,0,0,0,0,0,0,0,0,0,0,0,0,0,0,0,0,0,0,0,0,0,0,3,3
391,391,0,0,120,-8,-177,15,0,0,0,0,0,0,0,0,1,0,0,0,0,0,0,0,0,0,0,1,0,0,0,0,0,0,0,0,0,0,0,0,3,4
392,392,0,1,120,-8,-177,15,0,0,0,0,0,0,0,0,1,0,0,0,0,0,0,0,0,0,0,1,0,0,0,0,0,0,0,0,0,0,0,0,3,1
393,393,0,0,-35,-3,106,10,0,0,0,0,0,0,0,0,1,0,0,0,0,0,0,0,0,0,0,1,0,0,0,0,0,0,0,0,0,0,0,0,3,4
394,394,0,1,-35,-3,106,10,0,0,0,0,0,0,0,0,1,0,0,0,0,0,0,0,0,0,0,1,0,0,0,0,0,0,0,0,0,0,0,0,3,4
395,395,0,0,16,-16,-63,1,0,0,0,0,0,0,0,0,1,0,0,0,0,0,0,0,0,0,0,1,0,0,0,0,0,0,0,0,0,0,0,0,3,3
396,396,0,1,16,-16,-63,1,0,0,0,0,0,0,0,0,1,0,0,0,0,0,0,0,0,0,0,1,0,0,0,0,0,0,0,0,0,0,0,0,3,4
397,397,0,0,37,5,-17,15,0,0,0,0,0,0,0,0,1,0,0,0,0,0,0,0,0,0,0,1,0,0,0,0,0,0,0,0,0,0,0,0,3,2
398,398,0,1,37,5,-17,15,0,0,0,0,0,0,0,0,2,0,0,0,0,0,0,0,0,0,0,1,0,0,0,0,0,0,0,0,0,0,0,0,3,4
399,399,0,0,-48,-16,43,11,0,0,0,0,0,0,0,0,2,0,0,0,0,0,0,0,0,0,0,1,0,0,0,0,0,0,0,0,0,0,0,0,3,1
400,400,0,1,-48,-16,43,11,0,0,0,0,0,0,0,0,2,0,0,0,0,0,0,0,0,0,0,1,0,0,0,0,0,0,0,0,0,0,0,0,3,3
401,401,0,0,45,13,-89,7,0,0,0,0,0,0,0,0,2,0,0,0,0,0,0,0,0,0,0,1,0,0,0,0,0,0,0,0,0,0,0,0,3,1
402,402,0,1,45,13,-89,7,0,0,0,0,0,0,0,0,2,0,0,0,0,0,0,0,0,0,0,1,0,0,0,0,0,0,0,0,0,0,0,0,3,1
403,403,0,0,-5,-5,-43,-11,0,0,0,0,0,0,0,0,2,0,0,0,0,0,0,0,0,0,0,1,0,0,0,0,0,0,0,0,0,0,0,0,3,3
404,404,0,1,-5,-5,-43,-11,0,0,0,0,0,0,0,0,2,0,0,0,0,0,0,0,0,0,0,1,0,0,0,0,0,0,0,0,0,0,0,0,3,2
405,405,0,0,71,7,50,-14,0,0,0,0,0,0,0,0,2,0,0,0,0,0,0,0,0,0,0,1,0,0,0,0,0,0,0,0,0,0,0,0,3,1
406,406,0,1,71,7,50,-14,0,0,0,0,0,0,0,0,2,0,0,0,0,0,0,0,0,0,0,1,0,0,0,0,0,0,0,0,0,0,0,0,3,1
407,407,0,0,-67,-3,-76,-12,0,0,0,0,0,0,0,0,2,0,0,0,0,0,0,0,0,0,0,1,0,0,0,0,0,0,0,0,0,0,0,0,3,4
408,408,0,1,-67,-3,-76,-12,0,0,0,0,0,0,0,0,2,0,0,0,0,0,0,0,0,0,0,1,0,0,0,0,0,0,0,0,0,0,0,0,3,4
409,409,0,0,51,-13,18,-14,0,0,0,0,0,0,0,0,2,0,0,0,0,0,0,0,0,0,0,1,0,0,0,0,0,0,0,0,0,0,0,0,3,2
410,410,0,1,51,-13,18,-14,0,0,0,0,0,0,0,0,2,0,0,0,0,0,0,0,0,0,0,1,0,0,0,0,0,0,0,0,0,0,0,0,3,3
411,411,0,0,4,4,-31,1,0,0,0,0,0,0,0,0,2,0,0,0,0,0,0,0,0,0,0,1,0,0,0,0,0,0,0,0,0,0,0,0,3,4
412,412,0,1,4,4,-31,1,0,0,0,0,0,0,0,0,2,0,0,0,0,0,0,0,0,0,0,1,0,0,0,0,0,0,0,0,0,0,0,0,3,5
413,413,0,0,6,6,10,10,0,0,0,0,0,0,0,0,2,0,0,0,0,0,0,0,0,0,0,1,0,0,0,0,0,0,0,0,0,0,0,0,3,1
414,414,0,1,6,6,10,10,0,0,0,0,0,0,0,0,2,0,0,0,0,0,0,0,0,0,0,1,0,0,0,0,0,0,0,0,0,0,0,0,3,2
415,415,0,0,36,4,-78,-14,0,0,0,0,0,0,0,0,2,0,0,0,0,0,0,0,0,0,0,1,0,0,0,0,0,0,0,0,0,0,0,0,3,0
416,416,0,1,36,4,-78,-14,0,0,0,0,0,0,0,0,2,0,0,0,0,0,0,0,0,0,0,1,0,0,0,0,0,0,0,0,0,0,0,0,3,2
417,417,0,0,49,-15,82,-14,0,0,0,0,0,0,0,0,2,0,0,0,0,0,0,0,0,0,0,1,0,0,0,0,0,0,0,0,0,0,0,0,3,1
418,418,0,1,49,-15,82,-14,0,0,0,0,0,0,0,0,2,0,0,0,0,0,0,0,0,0,0,1,0,0,0,0,0,0,0,0,0,0,0,0,3,0
419,419,0,0,-82,14,-125,3,0,0,0,0,0,0,0,0,2,0,0,0,0,0,0,0,0,0,0,1,0,0,0,0,0,0,0,0,0,0,0,0,3,1
420,420,0,1,-82,14,-125,3,0,0,0,0,0,0,0,0,2,0,0,0,0,0,0,0,0,0,0,1,0,0,0,0,0,0,0,0,0,0,0,0,3,0
421,421,0,0,107,11,64,0,0,0,0,0,0,0,0,0,2,0,0,0,0,0,0,0,0,0,0,1,0,0,0,0,0,0,0,0,0,0,0,0,3,2
422,422,0,1,107,11,64,0,0,0,0,0,0,0,0,0,2,0,0,0,0,0,0,0,0,0,0,1,0,0,0,0,0,0,0,0,0,0,0,0,3,4
423,423,0,0,-77,-13,-38,-6,0,0,0,0,0,0,0,0,2,0,0,0,0,0,0,0,0,0,0,1,0,0,0,0,0,0,0,0,0,0,0,0,3,3
424,424,0,1,-77,-13,-38,-6,0,0,0,0,0,0,0,0,2,0,0,0,0,0,0,0,0,0,0,1,0,0,0,0,0,0,0,0,0,0,0,0,3,1
425,425,0,0,102,6,-73,-9,0,0,0,0,0,0,0,0,2,0,0,0,0,0,0,0,0,0,0,1,0,0,0,0,0,0,0,0,0,0,0,0,3,2
426,426,0,1,102,6,-73,-9,0,0,0,0,0,0,0,0,2,0,0,0,0,0,0,0,0,0,0,1,0,0,0,0,0,0,0,0,0,0,0,0,3,1
427,427,0,0,-54,10,60,-4,0,0,0,0,0,0,0,0,2,0,0,0,0,0,0,0,0,0,0,1,0,0,0,0,0,0,0,0,0,0,0,0,3,1
428,428,0,1,-54,10,60,-4,0,0,0,0,0,0,0,0,2,0,0,0,0,0,0,0,0,0,0,1,0,0,0,0,0,0,0,0,0,0,0,0,3,2
429,429,0,0,50,-14,-51,13,0,0,0,0,0,0,0,0,2,0,0,0,0,0,0,0,0,0,0,1,0,0,0,0,0,0,0,0,0,0,0,0,3,0
430,430,0,1,50,-14,-51,13,0,0,0,0,0,0,0,0,1,0,0,0,0,0,0,0,0,0,0,1,0,0,0,0,0,0,0,0,0,0,0,0,3,1
431,431,0,0,-25,7,-27,5,0,0,0,0,0,0,0,0,1,0,0,0,0,0,0,0,0,0,0,1,0,0,0,0,0,0,0,0,0,0,0,0,3,1
432,432,0,1,-25,7,-27,5,0,0,0,0,0,0,0,0,1,0,0,0,0,0,0,0,0,0,0,1,0,0,0,0,0,0,0,0,0,0,0,0,3,0
433,433,0,0,22,-10,25,-7,0,0,0,0,0,0,0,0,1,0,0,0,0,0,0,0,0,0,0,1,0,0,0,0,0,0,0,0,0,0,0,0,3,0
434,434,0,1,22,-10,25,-7,0,0,0,0,0,0,0,0,1,0,0,0,0,0,0,0,0,0,0,1,0,0,0,0,0,0,0,0,0,0,0,0,3,1
435,435,0,0,38,6,-89,7,0,0,0,0,0,0,0,0,1,0,0,0,0,0,0,0,0,0,0,1,0,0,0,0,0,0,0,0,0,0,0,0,3,2
436,436,0,1,38,6,-89,7,0,0,0,0,0,0,0,0,1,0,0,0,0,0,0,0,0,0,0,1,0,0,0,0,0,0,0,0,0,0,0,0,3,2
437,437,0,0,4,4,91,-5,0,0,0,0,0,0,0,0,1,0,0,0,0,0,0,0,0,0,0,1,0,0,0,0,0,0,0,0,0,0,0,0,3,2
438,438,0,1,4,4,91,-5,0,0,0,0,0,0,0,0,1,0,0,0,0,0,0,0,0,0,0,1,0,0,0,0,0,0,0,0,0,0,0,0,3,0
439,439,0,0,-15,-15,-101,-5,0,0,0,0,0,0,0,0,1,0,0,0,0,0,0,0,0,0,0,1,0,0,0,0,0,0,0,0,0,0,0,0,3,3
440,440,0,1,-15,-15,-101,-5,0,0,0,0,0,0,0,0,1,0,0,0,0,0,0,0,0,0,0,1,0,0,0,0,0,0,0,0,0,0,0,0,3,3
441,441,0,0,49,-15,74,10,0,0,0,0,0,0,0,0,1,0,0,0,0,0,0,0,0,0,0,1,0,0,0,0,0,0,0,0,0,0,0,0,3,2
442,442,0,1,49,-15,74,10,0,0,0,0,0,0,0,0,1,0,0,0,0,0,0,0,0,0,0,1,0,0,0,0,0,0,0,0,0,0,0,0,3,2
443,443,0,0,-32,0,-71,-7,0,0,0,0,0,0,0,0,1,0,0,0,0,0,0,0,0,0,0,1,0,0,0,0,0,0,0,0,0,0,0,0,3,0
444,444,0,1,-32,0,-71,-7,0,0,0,0,0,0,0,0,1,0,0,0,0,0,0,0,0,0,0,1,0,0,0,0,0,0,0,0,0,0,0,0,3,2
445,445,0,0,41,9,7,7,0,0,0,0,0,0,0,0,1,0,0,0,0,0,0,0,0,0,0,0,0,0,0,0,0,0,0,0,0,0,0,0,3,4
446,446,0,1,41,9,7,7,0,0,0,0,0,0,0,0,1,0,0,0,0,0,0,0,0,0,0,1,0,0,0,0,0,0,0,0,0,0,0,0,3,2
447,447,0,0,61,-3,-3,-3,0,0,0,0,0,0,0,0,1,0,0,0,0,0,0,0,0,0,0,1,0,0,0,0,0,0,0,0,0,0,0,0,3,0
448,448,0,1,61,-3,-3,-3,0,0,0,0,0,0,0,0,1,0,0,0,0,0,0,0,0,0,0,1,0,0,0,0,0,0,0,0,0,0,0,0,3,1
449,449,0,0,-23,9,-35,-3,0,0,0,0,0,0,0,0,1,0,0,0,0,0,0,0,0,0,0,1,0,0,0,0,0,0,0,0,0,0,0,0,3,0
450,450,0,1,-23,9,-35,-3,0,0,0,0,0,0,0,0,1,0,0,0,0,0,0,0,0,0,0,1,0,0,0,0,0,0,0,0,0,0,0,0,3,2
451,451,0,0,-30,2,37,5,0,0,0,0,0,0,0,0,1,0,0,0,0,0,0,0,0,0,0,1,0,0,0,0,0,0,0,0,0,0,0,0,3,1
452,452,0,1,-30,2,37,5,0,0,0,0,0,0,0,0,1,0,0,0,0,0,0,0,0,0,0,0,0,0,0,0,0,0,0,0,0,0,0,0,3,0
453,453,0,0,73,9,-125,3,0,0,0,0,0,0,0,0,1,0,0,0,0,0,0,0,0,0,0,0,0,0,0,0,0,0,0,0,0,0,0,0,3,0
454,454,0,1,73,9,-125,3,0,0,0,0,0,0,0,0,1,0,0,0,0,0,0,0,0,0,0,0,0,0,0,0,0,0,0,0,0,0,0,0,3,1
455,455,0,0,6,6,89,-7,0,0,0,0,0,0,0,0,1,0,0,0,0,0,0,0,0,0,0,0,0,0,0,0,0,0,0,0,0,0,0,0,3,2
456,456,0,1,6,6,89,-7,0,0,0,0,0,0,0,0,1,0,0,0,0,0,0,0,0,0,0,0,0,0,0,0,0,0,0,0,0,0,0,0,3,1
457,457,0,0,-26,6,-109,-13,0,0,0,0,0,0,0,0,1,0,0,0,0,0,0,0,0,0,0,0,0,0,0,0,0,0,0,0,0,0,0,0,3,1
458,458,0,1,-26,6,-109,-13,0,0,0,0,0,0,0,0,1,0,0,0,0,0,0,0,0,0,0,0,0,0,0,0,0,0,0,0,0,0,0,0,3,1
459,459,0,0,98,2,79,15,0,0,0,0,0,0,0,0,1,0,0,0,0,0,0,0,0,0,0,0,0,0,0,0,0,0,0,0,0,0,0,0,3,1
460,460,0,1,98,2,79,15,0,0,0,0,0,0,0,0,1,0,0,0,0,0,0,0,0,0,0,0,0,0,0,0,0,0,0,0,0,0,0,0,3,2
461,461,0,0,-128,0,-84,12,0,0,0,0,0,0,0,0,1,0,0,0,0,0,0,0,0,0,0,0,0,0,0,0,0,0,0,0,0,0,0,0,3,1
462,462,0,1,-128,0,-84,12,0,0,0,0,0,0,0,0,1,0,0,0,0,0,0,0,0,0,0,0,0,0,0,0,0,0,0,0,0,0,0,0,3,1
463,463,0,0,189,-3,21,-11,0,0,0,0,0,0,0,0,1,0,0,0,0,0,0,0,0,0,0,0,0,0,0,0,0,0,0,0,0,0,0,0,3,1
464,464,0,1,189,-3,21,-11,0,0,0,0,0,0,0,0,1,0,0,0,0,0,0,0,0,0,0,0,0,0,0,0,0,0,0,0,0,0,0,0,3,2
465,465,0,0,-155,5,-87,9,0,0,0,0,0,0,0,0,1,0,0,0,0,0,0,0,0,0,0,0,0,0,0,0,0,0,0,0,0,0,0,0,3,1
466,466,0,1,-155,5,-87,9,0,0,0,0,0,0,0,0,1,0,0,0,0,0,0,0,0,0,0,0,0,0,0,0,0,0,0,0,0,0,0,0,3,2
467,467,0,0,181,-11,65,1,0,0,0,0,0,0,0,0,1,0,0,0,0,0,0,0,0,0,0,0,0,0,0,0,0,0,0,0,0,0,0,0,3,3
468,468,0,1,181,-11,65,1,0,0,0,0,0,0,0,0,1,0,0,0,0,0,0,0,0,0,0,0,0,0,0,0,0,0,0,0,0,0,0,0,3,2
469,469,0,0,-75,-11,-95,1,0,0,0,0,0,0,0,0,1,0,0,0,0,0,0,0,0,0,0,0,0,0,0,0,0,0,0,0,0,0,0,0,3,1
470,470,0,1,-75,-11,-95,1,0,0,0,0,0,0,0,0,1,0,0,0,0,0,0,0,0,0,0,0,0,0,0,0,0,0,0,0,0,0,0,0,3,1
471,471,0,0,21,-11,62,-2,0,0,0,0,0,0,0,0,1,0,0,0,0,0,0,0,0,0,0,0,0,0,0,0,0,0,0,0,0,0,0,0,3,1
472,472,0,1,21,-11,62,-2,0,0,0,0,0,0,0,0,1,0,0,0,0,0,0,0,0,0,0,0,0,0,0,0,0,0,0,0,0,0,0,0,3,1
473,473,0,0,13,13,-56,8,0,0,0,0,0,0,0,0,1,0,0,0,0,0,0,0,0,0,0,0,0,0,0,0,0,0,0,0,0,0,0,0,3,4
474,474,0,1,13,13,-56,8,0,0,0,0,0,0,0,0,1,0,0,0,0,0,0,0,0,0,0,0,0,0,0,0,0,0,0,0,0,0,0,0,3,3
475,475,0,0,-1,-1,-58,6,0,0,0,0,0,0,0,0,1,0,0,0,0,0,0,0,0,0,0,0,0,0,0,0,0,0,0,0,0,0,0,0,3,1
476,476,0,1,-1,-1,-58,6,0,0,0,0,0,0,0,0,1,0,0,0,0,0,0,0,0,0,0,0,0,0,0,0,0,0,0,0,0,0,0,0,3,0
477,477,0,0,43,11,94,-2,0,0,0,0,0,0,0,0,1,0,0,0,0,0,0,0,0,0,0,0,0,0,0,0,0,0,0,0,0,0,0,0,3,2
478,478,0,1,43,11,94,-2,0,0,0,0,0,0,0,0,1,0,0,0,0,0,0,0,0,0,0,0,0,0,0,0,0,0,0,0,0,0,0,0,3,2
479,479,0,0,21,-11,-139,-11,0,0,0,0,0,0,0,0,1,0,0,0,0,0,0,0,0,0,0,0,0,0,0,0,0,0,0,0,0,0,0,0,3,2
480,480,0,1,21,-11,-139,-11,0,0,0,0,0,0,0,0,1,0,0,0,0,0,0,0,0,0,0,0,0,0,0,0,0,0,0,0,0,0,0,0,3,1
481,481,0,0,-59,5,138,10,0,0,0,0,0,0,0,0,1,0,0,0,0,0,0,0,0,0,0,0,0,0,0,0,0,0,0,0,0,0,0,0,3,2
482,482,0,1,-59,5,138,10,0,0,0,0,0,0,0,0,1,0,0,0,0,0,0,0,0,0,0,0,0,0,0,0,0,0,0,0,0,0,0,0,3,2
483,483,0,0,67,3,-177,15,0,0,0,0,0,0,0,0,1,0,0,0,0,0,0,0,0,0,0,0,0,0,0,0,0,0,0,0,0,0,0,0,3,4
484,484,0,1,67,3,-177,15,0,0,0,0,0,0,0,0,1,0,0,0,0,0,0,0,0,0,0,0,0,0,0,0,0,0,0,0,0,0,0,0,3,3
485,485,0,0,-17,15,118,-10,0,0,0,0,0,0,0,0,1,0,0,0,0,0,0,0,0,0,0,0,0,0,0,0,0,0,0,0,0,0,0,0,3,2
486,486,0,1,-17,15,118,-10,0,0,0,0,0,0,0,0,1,0,0,0,0,0,0,0,0,0,0,0,0,0,0,0,0,0,0,0,0,0,0,0,3,2
487,487,0,0,34,2,-144,-16,0,0,0,0,0,0,0,0,1,0,0,0,0,0,0,0,0,0,0,0,0,0,0,0,0,0,0,0,0,0,0,0,3,3
488,488,0,1,34,2,-144,-16,0,0,0,0,0,0,0,0,1,0,0,0,0,0,0,0,0,0,0,0,0,0,0,0,0,0,0,0,0,0,0,0,3,5
489,489,0,0,17,-15,98,2,0,0,0,0,0,0,0,0,1,0,0,0,0,0,0,0,0,0,0,0,0,0,0,0,0,0,0,0,0,0,0,0,3,2
490,490,0,1,17,-15,98,2,0,0,0,0,0,0,0,0,1,0,0,0,0,0,0,0,0,0,0,0,0,0,0,0,0,0,0,0,0,0,0,0,3,2
491,491,0,0,27,-5,-31,1,0,0,0,0,0,0,0,0,1,0,0,0,0,0,0,0,0,0,0,1,0,0,0,0,0,0,0,0,0,0,0,0,3,0
492,492,0,1,27,-5,-31,1,0,0,0,0,0,0,0,0,1,0,0,0,0,0,0,0,0,0,0,1,0,0,0,0,0,0,0,0,0,0,0,0,3,0
493,493,0,0,-40,-8,-55,9,0,0,0,0,0,0,0,0,1,0,0,0,0,0,0,0,0,0,0,1,0,0,0,0,0,0,0,0,0,0,0,0,3,1
494,494,0,1,-40,-8,-55,9,0,0,0,0,0,0,0,0,1,0,0,0,0,0,0,0,0,0,0,1,0,0,0,0,0,0,0,0,0,0,0,0,3,3
495,495,0,0,61,-3,27,-5,0,0,0,0,0,0,0,0,1,0,0,0,0,0,0,0,0,0,0,1,0,0,0,0,0,0,0,0,0,0,0,0,3,2
496,496,0,1,61,-3,27,-5,0,0,0,0,0,0,0,0,1,0,0,0,0,0,0,0,0,0,0,1,0,0,0,0,0,0,0,0,0,0,0,0,3,0
497,497,0,0,-34,-2,-19,13,0,0,0,0,0,0,0,0,1,0,0,0,0,0,0,0,0,0,0,1,0,0,0,0,0,0,0,0,0,0,0,0,3,1
498,498,0,1,-34,-2,-19,13,0,0,0,0,0,0,0,0,1,0,0,0,0,0,0,0,0,0,0,1,0,0,0,0,0,0,0,0,0,0,0,0,3,2
499,499,0,0,48,-16,-34,-2,0,0,0,0,0,0,0,0,1,0,0,0,0,0,0,0,0,0,0,1,0,0,0,0,0,0,0,0,0,0,0,0,3,3
500,500,0,1,48,-16,-34,-2,0,0,0,0,0,0,0,0,1,0,0,0,0,0,0,0,0,0,0,1,0,0,0,0,0,0,0,0,0,0,0,0,3,2
501,501,0,0,0,0,26,-6,0,0,0,0,0,0,0,0,1,0,0,0,0,0,0,0,0,0,0,1,0,0,0,0,0,0,0,0,0,0,0,0,3,1
502,502,0,1,0,0,26,-6,0,0,0,0,0,0,0,0,1,0,0,0,0,0,0,0,0,0,0,1,0,0,0,0,0,0,0,0,0,0,0,0,3,1
503,503,0,0,-24,8,-58,6,0,0,0,0,0,0,0,0,1,0,0,0,0,0,0,0,0,0,0,1,0,0,0,0,0,0,0,0,0,0,0,0,3,3
504,504,0,1,-24,8,-58,6,0,0,0,0,0,0,0,0,1,0,0,0,0,0,0,0,0,0,0,1,0,0,0,0,0,0,0,0,0,0,0,0,3,4
505,505,0,0,30,-2,-16,-16,0,0,0,0,0,0,0,0,2,0,0,0,0,0,0,0,0,0,0,1,0,0,0,0,0,0,0,0,0,0,0,0,3,0
506,506,0,1,30,-2,-16,-16,0,0,0,0,0,0,0,0,1,0,0,0,0,0,0,0,0,0,0,1,0,0,0,0,0,0,0,0,0,0,0,0,3,1
507,507,0,0,59,-5,6,6,0,0,0,0,0,0,0,0,1,0,0,0,0,0,0,0,0,0,0,1,0,0,0,0,0,0,0,0,0,0,0,0,3,2
508,508,0,1,59,-5,6,6,0,0,0,0,0,0,0,0,1,0,0,0,0,0,0,0,0,0,0,1,0,0,0,0,0,0,0,0,0,0,0,0,3,3
509,509,0,0,-37,-5,-45,-13,0,0,0,0,0,0,0,0,1,0,0,0,0,0,0,0,0,0,0,1,0,0,0,0,0,0,0,0,0,0,0,0,3,1
510,510,0,1,-37,-5,-45,-13,0,0,0,0,0,0,0,0,1,0,0,0,0,0,0,0,0,0,0,1,0,0,0,0,0,0,0,0,0,0,0,0,3,2
511,511,0,0,68,4,43,11,0,0,0,0,0,0,0,0,1,0,0,0,0,0,0,0,0,0,0,1,0,0,0,0,0,0,0,0,0,0,0,0,3,1
512,512,0,1,68,4,43,11,0,0,0,0,0,0,0,0,1,0,0,0,0,0,0,0,0,0,0,1,0,0,0,0,0,0,0,0,0,0,0,0,3,1
513,513,0,0,-81,15,-130,-2,0,0,0,0,0,0,0,0,1,0,0,0,0,0,0,0,0,0,0,1,0,0,0,0,0,0,0,0,0,0,0,0,3,2
514,514,0,1,-81,15,-130,-2,0,0,0,0,0,0,0,0,1,0,0,0,0,0,0,0,0,0,0,1,0,0,0,0,0,0,0,0,0,0,0,0,3,1
515,515,0,0,131,3,156,-4,0,0,0,0,0,0,0,0,1,0,0,0,0,0,0,0,0,0,0,1,0,0,0,0,0,0,0,0,0,0,0,0,3,1
516,516,0,1,131,3,156,-4,0,0,0,0,0,0,0,0,1,0,0,0,0,0,0,0,0,0,0,1,0,0,0,0,0,0,0,0,0,0,0,0,3,1
517,517,0,0,-109,-13,-237,-13,0,0,0,0,0,0,0,0,1,0,0,0,0,0,0,0,0,0,0,1,0,0,0,0,0,0,0,0,0,0,0,0,3,0
518,518,0,1,-109,-13,-237,-13,0,0,0,0,0,0,0,0,1,0,0,0,0,0,0,0,0,0,0,1,0,0,0,0,0,0,0,0,0,0,0,0,3,1
519,519,0,0,145,-15,231,7,0,0,0,0,0,0,0,0,1,0,0,0,0,0,0,0,0,0,0,0,0,0,0,0,0,0,0,0,0,0,0,0,3,1
520,520,0,1,145,-15,231,7,0,0,0,0,0,0,0,0,1,0,0,0,0,0,0,0,0,0,0,0,0,0,0,0,0,0,0,0,0,0,0,0,3,1
521,521,0,0,-63,1,-244,12,0,0,0,0,0,0,0,0,1,0,0,0,0,0,0,0,0,0,0,0,0,0,0,0,0,0,0,0,0,0,0,0,3,0
522,522,0,1,-63,1,-244,12,0,0,0,0,0,0,0,0,1,0,0,0,0,0,0,0,0,0,0,0,0,0,0,0,0,0,0,0,0,0,0,0,3,0
523,523,0,0,37,5,190,-2,0,0,0,0,0,0,0,0,1,0,0,0,0,0,0,0,0,0,0,0,0,0,0,0,0,0,0,0,0,0,0,0,3,1
524,524,0,1,37,5,190,-2,0,0,0,0,0,0,0,0,1,0,0,0,0,0,0,0,0,0,0,0,0,0,0,0,0,0,0,0,0,0,0,0,3,2
525,525,0,0,17,-15,-154,6,0,0,0,0,0,0,0,0,1,0,0,0,0,0,0,0,0,0,0,0,0,0,0,0,0,0,0,0,0,0,0,0,3,1
526,526,0,1,17,-15,-154,6,0,0,0,0,0,0,0,0,1,0,0,0,0,0,0,0,0,0,0,0,0,0,0,0,0,0,0,0,0,0,0,0,3,2
527,527,0,0,17,-15,26,-6,0,0,0,0,0,0,0,0,1,0,0,0,0,0,0,0,0,0,0,0,0,0,0,0,0,0,0,0,0,0,0,0,3,2
528,528,0,1,17,-15,26,-6,0,0,0,0,0,0,0,0,1,0,0,0,0,0,0,0,0,0,0,0,0,0,0,0,0,0,0,0,0,0,0,0,3,1
529,529,0,0,41,9,-5,-5,0,0,0,0,0,0,0,0,1,0,0,0,0,0,0,0,0,0,0,0,0,0,0,0,0,0,0,0,0,0,0,0,3,1
530,530,0,1,41,9,-5,-5,0,0,0,0,0,0,0,0,1,0,0,0,0,0,0,0,0,0,0,0,0,0,0,0,0,0,0,0,0,0,0,0,3,0
531,531,0,0,26,-6,-38,-6,0,0,0,0,0,0,0,0,1,0,0,0,0,0,0,0,0,0,0,0,0,0,0,0,0,0,0,0,0,0,0,0,3,1
532,532,0,1,26,-6,-38,-6,0,0,0,0,0,0,0,0,1,0,0,0,0,0,0,0,0,0,0,0,0,0,0,0,0,0,0,0,0,0,0,0,3,1
533,533,0,0,-21,11,50,-14,0,0,0,0,0,0,0,0,1,0,0,0,0,0,0,0,0,0,0,0,0,0,0,0,0,0,0,0,0,0,0,0,3,3
534,534,0,1,-21,11,50,-14,0,0,0,0,0,0,0,0,1,0,0,0,0,0,0,0,0,0,0,0,0,0,0,0,0,0,0,0,0,0,0,0,3,1
535,535,0,0,11,11,-81,15,0,0,0,0,0,0,0,0,1,0,0,0,0,0,0,0,0,0,0,0,0,0,0,0,0,0,0,0,0,0,0,0,3,4
536,536,0,1,11,11,-81,15,0,0,0,0,0,0,0,0,1,0,0,0,0,0,0,0,0,0,0,0,0,0,0,0,0,0,0,0,0,0,0,0,3,2
537,537,0,0,15,15,16,-16,0,0,0,0,0,0,0,0,1,0,0,0,0,0,0,0,0,0,0,0,0,0,0,0,0,0,0,0,0,0,0,0,3,5
538,538,0,1,15,15,16,-16,0,0,0,0,0,0,0,0,1,0,0,0,0,0,0,0,0,0,0,0,0,0,0,0,0,0,0,0,0,0,0,0,3,4
539,539,0,0,48,-16,-34,-2,0,0,0,0,0,0,0,0,1,0,0,0,0,0,0,0,0,0,0,0,0,0,0,0,0,0,0,0,0,0,0,0,3,4
540,540,0,1,48,-16,-34,-2,0,0,0,0,0,0,0,0,1,0,0,0,0,0,0,0,0,0,0,0,0,0,0,0,0,0,0,0,0,0,0,0,3,5
541,541,0,0,-28,4,11,11,0,0,0,0,0,0,0,0,1,0,0,0,0,0,0,0,0,0,0,0,0,0,0,0,0,0,0,0,0,0,0,0,3,4
542,542,0,1,-28,4,11,11,0,0,0,0,0,0,0,0,1,0,0,0,0,0,0,0,0,0,0,1,0,0,0,0,0,0,0,0,0,0,0,0,3,4
543,543,0,0,62,-2,-1,-1,0,0,0,0,0,0,0,0,1,0,0,0,0,0,0,0,0,0,0,1,0,0,0,0,0,0,0,0,0,0,0,0,3,2
544,544,0,1,62,-2,-1,-1,0,0,0,0,0,0,0,0,1,0,0,0,0,0,0,0,0,0,0,1,0,0,0,0,0,0,0,0,0,0,0,0,3,3
545,545,0,0,-26,6,-66,-2,0,0,0,0,0,0,0,0,1,0,0,0,0,0,0,0,0,0,0,1,0,0,0,0,0,0,0,0,0,0,0,0,3,2
546,546,0,1,-26,6,-66,-2,0,0,0,0,0,0,0,0,1,0,0,0,0,0,0,0,0,0,0,1,0,0,0,0,0,0,0,0,0,0,0,0,3,4
547,547,0,0,80,-16,62,-2,0,0,0,0,0,0,0,0,2,0,0,0,0,0,0,0,0,0,0,1,0,0,0,0,0,0,0,0,0,0,0,0,3,2
548,548,0,1,80,-16,62,-2,0,0,0,0,0,0,0,0,2,0,0,0,0,0,0,0,0,0,0,1,0,0,0,0,0,0,0,0,0,0,0,0,3,1
549,549,0,0,-32,0,-135,-7,0,0,0,0,0,0,0,0,2,0,0,0,0,0,0,0,0,0,0,1,0,0,0,0,0,0,0,0,0,0,0,0,3,2
550,550,0,1,-32,0,-135,-7,0,0,0,0,0,0,0,0,2,0,0,0,0,0,0,0,0,0,0,1,0,0,0,0,0,0,0,0,0,0,0,0,3,2
551,551,0,0,118,-10,113,-15,0,0,0,0,0,0,0,0,2,0,0,0,0,0,0,0,0,0,0,1,0,0,0,0,0,0,0,0,0,0,0,0,3,1
552,552,0,1,118,-10,113,-15,0,0,0,0,0,0,0,0,2,0,0,0,0,0,0,0,0,0,0,1,0,0,0,0,0,0,0,0,0,0,0,0,3,0
553,553,0,0,-108,-12,-130,-2,0,0,0,0,0,0,0,0,2,0,0,0,0,0,0,0,0,0,0,1,0,0,0,0,0,0,0,0,0,0,0,0,3,0
554,554,0,1,-108,-12,-130,-2,0,0,0,0,0,0,0,0,2,0,0,0,0,0,0,0,0,0,0,1,0,0,0,0,0,0,0,0,0,0,0,0,3,0
555,555,0,0,126,-2,105,9,0,0,0,0,0,0,0,0,2,0,0,0,0,0,0,0,0,0,0,1,0,0,0,0,0,0,0,0,0,0,0,0,3,2
556,556,0,1,126,-2,105,9,0,0,0,0,0,0,0,0,2,0,0,0,0,0,0,0,0,0,0,1,0,0,0,0,0,0,0,0,0,0,0,0,3,2
557,557,0,0,-97,-1,-152,8,0,0,0,0,0,0,0,0,2,0,0,0,0,0,0,0,0,0,0,1,0,0,0,0,0,0,0,0,0,0,0,0,3,1
558,558,0,1,-97,-1,-152,8,0,0,0,0,0,0,0,0,2,0,0,0,0,0,0,0,0,0,0,1,0,0,0,0,0,0,0,0,0,0,0,0,3,1
559,559,0,0,104,8,93,-3,0,0,0,0,0,0,0,0,2,0,0,0,0,0,0,0,0,0,0,1,0,0,0,0,0,0,0,0,0,0,0,0,3,2
560,560,0,1,104,8,93,-3,0,0,0,0,0,0,0,0,2,0,0,0,0,0,0,0,0,0,0,1,0,0,0,0,0,0,0,0,0,0,0,0,3,1
561,561,0,0,-55,9,-77,-13,0,0,0,0,0,0,0,0,2,0,0,0,0,0,0,0,0,0,0,1,0,0,0,0,0,0,0,0,0,0,0,0,3,0
562,562,0,1,-55,9,-77,-13,0,0,0,0,0,0,0,0,2,0,0,0,0,0,0,0,0,0,0,1,0,0,0,0,0,0,0,0,0,0,0,0,3,0
563,563,0,0,76,12,8,8,0,0,0,0,0,0,0,0,2,0,0,0,0,0,0,0,0,0,0,1,0,0,0,0,0,0,0,0,0,0,0,0,3,1
564,564,0,1,76,12,8,8,0,0,0,0,0,0,0,0,2,0,0,0,0,0,0,0,0,0,0,1,0,0,0,0,0,0,0,0,0,0,0,0,3,1
565,565,0,0,-68,-4,11,11,0,0,0,0,0,0,0,0,2,0,0,0,0,0,0,0,0,0,0,1,0,0,0,0,0,0,0,0,0,0,0,0,3,2
566,566,0,1,-68,-4,11,11,0,0,0,0,0,0,0,0,2,0,0,0,0,0,0,0,0,0,0,1,0,0,0,0,0,0,0,0,0,0,0,0,3,1
567,567,0,0,68,4,-42,-10,0,0,0,0,0,0,0,0,2,0,0,0,0,0,0,0,0,0,0,1,0,0,0,0,0,0,0,0,0,0,0,0,3,2
568,568,0,1,68,4,-42,-10,0,0,0,0,0,0,0,0,1,0,0,0,0,0,0,0,0,0,0,1,0,0,0,0,0,0,0,0,0,0,0,0,3,2
569,569,0,0,-6,-6,-48,-16,0,0,0,0,0,0,0,0,1,0,0,0,0,0,0,0,0,0,0,1,0,0,0,0,0,0,0,0,0,0,0,0,3,3
570,570,0,1,-6,-6,-48,-16,0,0,0,0,0,0,0,0,1,0,0,0,0,0,0,0,0,0,0,1,0,0,0,0,0,0,0,0,0,0,0,0,3,2
571,571,0,0,52,-12,30,-2,0,0,0,0,0,0,0,0,1,0,0,0,0,0,0,0,0,0,0,1,0,0,0,0,0,0,0,0,0,0,0,0,3,3
572,572,0,1,52,-12,30,-2,0,0,0,0,0,0,0,0,1,0,0,0,0,0,0,0,0,0,0,1,0,0,0,0,0,0,0,0,0,0,0,0,3,2
573,573,0,0,5,5,-39,-7,0,0,0,0,0,0,0,0,1,0,0,0,0,0,0,0,0,0,0,1,0,0,0,0,0,0,0,0,0,0,0,0,3,2
574,574,0,1,5,5,-39,-7,0,0,0,0,0,0,0,0,1,0,0,0,0,0,0,0,0,0,0,1,0,0,0,0,0,0,0,0,0,0,0,0,3,2
575,575,0,0,-25,7,23,-9,0,0,0,0,0,0,0,0,1,0,0,0,0,0,0,0,0,0,0,1,0,0,0,0,0,0,0,0,0,0,0,0,3,2
576,576,0,1,-25,7,23,-9,0,0,0,0,0,0,0,0,1,0,0,0,0,0,0,0,0,0,0,1,0,0,0,0,0,0,0,0,0,0,0,0,3,2
577,577,0,0,57,-7,-69,-5,0,0,0,0,0,0,0,0,1,0,0,0,0,0,0,0,0,0,0,1,0,0,0,0,0,0,0,0,0,0,0,0,3,3
578,578,0,1,57,-7,-69,-5,0,0,0,0,0,0,0,0,1,0,0,0,0,0,0,0,0,0,0,1,0,0,0,0,0,0,0,0,0,0,0,0,3,3
579,579,0,0,-50,14,45,13,0,0,0,0,0,0,0,0,1,0,0,0,0,0,0,0,0,0,0,1,0,0,0,0,0,0,0,0,0,0,0,0,3,1
580,580,0,1,-50,14,45,13,0,0,0,0,0,0,0,0,1,0,0,0,0,0,0,0,0,0,0,1,0,0,0,0,0,0,0,0,0,0,0,0,3,2
581,581,0,0,108,12,-64,0,0,0,0,0,0,0,0,0,1,0,0,0,0,0,0,0,0,0,0,1,0,0,0,0,0,0,0,0,0,0,0,0,3,1
582,582,0,1,108,12,-64,0,0,0,0,0,0,0,0,0,1,0,0,0,0,0,0,0,0,0,0,1,0,0,0,0,0,0,0,0,0,0,0,0,3,2
583,583,0,0,-49,15,63,-1,0,0,0,0,0,0,0,0,1,0,0,0,0,0,0,0,0,0,0,1,0,0,0,0,0,0,0,0,0,0,0,0,3,1
584,584,0,1,-49,15,63,-1,0,0,0,0,0,0,0,0,1,0,0,0,0,0,0,0,0,0,0,1,0,0,0,0,0,0,0,0,0,0,0,0,3,1
585,585,0,0,49,-15,-72,-8,0,0,0,0,0,0,0,0,1,0,0,0,0,0,0,0,0,0,0,0,0,0,0,0,0,0,0,0,0,0,0,0,3,0
586,586,0,1,49,-15,-72,-8,0,0,0,0,0,0,0,0,1,0,0,0,0,0,0,0,0,0,0,0,0,0,0,0,0,0,0,0,0,0,0,0,3,1
587,587,0,0,-38,-6,25,-7,0,0,0,0,0,0,0,0,1,0,0,0,0,0,0,0,0,0,0,0,0,0,0,0,0,0,0,0,0,0,0,0,3,1
588,588,0,1,-38,-6,25,-7,0,0,0,0,0,0,0,0,1,0,0,0,0,0,0,0,0,0,0,0,0,0,0,0,0,0,0,0,0,0,0,0,3,3
589,589,0,0,40,8,-91,5,0,0,0,0,0,0,0,0,1,0,0,0,0,0,0,0,0,0,0,0,0,0,0,0,0,0,0,0,0,0,0,0,3,2
590,590,0,1,40,8,-91,5,0,0,0,0,0,0,0,0,1,0,0,0,0,0,0,0,0,0,0,0,0,0,0,0,0,0,0,0,0,0,0,0,3,1
591,591,0,0,48,-16,51,-13,0,0,0,0,0,0,0,0,1,0,0,0,0,0,0,0,0,0,0,0,0,0,0,0,0,0,0,0,0,0,0,0,3,1
592,592,0,1,48,-16,51,-13,0,0,0,0,0,0,0,0,1,0,0,0,0,0,0,0,0,0,0,0,0,0,0,0,0,0,0,0,0,0,0,0,3,2
593,593,0,0,-40,-8,-81,15,0,0,0,0,0,0,0,0,1,0,0,0,0,0,0,0,0,0,0,0,0,0,0,0,0,0,0,0,0,0,0,0,3,1
594,594,0,1,-40,-8,-81,15,0,0,0,0,0,0,0,0,1,0,0,0,0,0,0,0,0,0,0,0,0,0,0,0,0,0,0,0,0,0,0,0,3,0
595,595,0,0,36,4,81,-15,0,0,0,0,0,0,0,0,1,0,0,0,0,0,0,0,0,0,0,0,0,0,0,0,0,0,0,0,0,0,0,0,3,0
596,596,0,1,36,4,81,-15,0,0,0,0,0,0,0,0,1,0,0,0,0,0,0,0,0,0,0,0,0,0,0,0,0,0,0,0,0,0,0,0,3,0
597,597,0,0,11,11,-149,11,0,0,0,0,0,0,0,0,1,0,0,0,0,0,0,0,0,0,0,0,0,0,0,0,0,0,0,0,0,0,0,0,3,2
598,598,0,1,11,11,-149,11,0,0,0,0,0,0,0,0,1,0,0,0,0,0,0,0,0,0,0,0,0,0,0,0,0,0,0,0,0,0,0,0,3,1
599,599,0,0,-38,-6,131,3,0,0,0,0,0,0,0,0,1,0,0,0,0,0,0,0,0,0,0,0,0,0,0,0,0,0,0,0,0,0,0,0,3,0
600,600,0,1,-38,-6,131,3,0,0,0,0,0,0,0,0,1,0,0,0,0,0,0,0,0,0,0,0,0,0,0,0,0,0,0,0,0,0,0,0,3,0
601,601,0,0,95,-1,-156,4,0,0,0,0,0,0,0,0,1,0,0,0,0,0,0,0,0,0,0,0,0,0,0,0,0,0,0,0,0,0,0,0,3,3
602,602,0,1,95,-1,-156,4,0,0,0,0,0,0,0,0,1,0,0,0,0,0,0,0,0,0,0,0,0,0,0,0,0,0,0,0,0,0,0,0,3,3
603,603,0,0,-70,-6,101,5,0,0,0,0,0,0,0,0,1,0,0,0,0,0,0,0,0,0,0,0,0,0,0,0,0,0,0,0,0,0,0,0,3,0
604,604,0,1,-70,-6,101,5,0,0,0,0,0,0,0,0,1,0,0,0,0,0,0,0,0,0,0,0,0,0,0,0,0,0,0,0,0,0,0,0,3,0
605,605,0,0,66,2,-39,-7,0,0,0,0,0,0,0,0,1,0,0,0,0,0,0,0,0,0,0,0,0,0,0,0,0,0,0,0,0,0,0,0,3,1
606,606,0,1,66,2,-39,-7,0,0,0,0,0,0,0,0,1,0,0,0,0,0,0,0,0,0,0,0,0,0,0,0,0,0,0,0,0,0,0,0,3,2
607,607,0,0,-2,-2,-80,-16,0,0,0,0,0,0,0,0,1,0,0,0,0,0,0,0,0,0,0,0,0,0,0,0,0,0,0,0,0,0,0,0,3,0
608,608,0,1,-2,-2,-80,-16,0,0,0,0,0,0,0,0,1,0,0,0,0,0,0,0,0,0,0,0,0,0,0,0,0,0,0,0,0,0,0,0,3,1
609,609,0,0,-53,11,126,-2,0,0,0,0,0,0,0,0,1,0,0,0,0,0,0,0,0,0,0,0,0,0,0,0,0,0,0,0,0,0,0,0,3,2
610,610,0,1,-53,11,126,-2,0,0,0,0,0,0,0,0,1,0,0,0,0,0,0,0,0,0,0,0,0,0,0,0,0,0,0,0,0,0,0,0,3,3
611,611,0,0,137,9,-217,7,0,0,0,0,0,0,0,0,1,0,0,0,0,0,0,0,0,0,0,0,0,0,0,0,0,0,0,0,0,0,0,0,3,2
612,612,0,1,137,9,-217,7,0,0,0,0,0,0,0,0,1,0,0,0,0,0,0,0,0,0,0,0,0,0,0,0,0,0,0,0,0,0,0,0,3,1
613,613,0,0,-106,-10,182,-10,0,0,0,0,0,0,0,0,1,0,0,0,0,0,0,0,0,0,0,0,0,0,0,0,0,0,0,0,0,0,0,0,3,1
614,614,0,1,-106,-10,182,-10,0,0,0,0,0,0,0,0,1,0,0,0,0,0,0,0,0,0,0,0,0,0,0,0,0,0,0,0,0,0,0,0,3,1
615,615,0,0,137,9,-161,-1,0,0,0,0,0,0,0,0,1,0,0,0,0,0,0,0,0,0,0,0,0,0,0,0,0,0,0,0,0,0,0,0,3,1
616,616,0,1,137,9,-161,-1,0,0,0,0,0,0,0,0,1,0,0,0,0,0,0,0,0,0,0,0,0,0,0,0,0,0,0,0,0,0,0,0,3,1
617,617,0,0,-124,4,80,-16,0,0,0,0,0,0,0,0,1,0,0,0,0,0,0,0,0,0,0,0,0,0,0,0,0,0,0,0,0,0,0,0,3,3
618,618,0,1,-124,4,80,-16,0,0,0,0,0,0,0,0,1,0,0,0,0,0,0,0,0,0,0,0,0,0,0,0,0,0,0,0,0,0,0,0,3,2
619,619,0,0,100,4,-44,-12,0,0,0,0,0,0,0,0,1,0,0,0,0,0,0,0,0,0,0,0,0,0,0,0,0,0,0,0,0,0,0,0,3,1
620,620,0,1,100,4,-44,-12,0,0,0,0,0,0,0,0,1,0,0,0,0,0,0,0,0,0,0,0,0,0,0,0,0,0,0,0,0,0,0,0,3,1
621,621,0,0,-48,-16,-67,-3,0,0,0,0,0,0,0,0,1,0,0,0,0,0,0,0,0,0,0,0,0,0,0,0,0,0,0,0,0,0,0,0,3,4
622,622,0,1,-48,-16,-67,-3,0,0,0,0,0,0,0,0,1,0,0,0,0,0,0,0,0,0,0,0,0,0,0,0,0,0,0,0,0,0,0,0,3,4
623,623,0,0,83,-13,20,-12,0,0,0,0,0,0,0,0,1,0,0,0,0,0,0,0,0,0,0,0,0,0,0,0,0,0,0,0,0,0,0,0,3,0
624,624,0,1,83,-13,20,-12,0,0,0,0,0,0,0,0,1,0,0,0,0,0,0,0,0,0,0,0,0,0,0,0,0,0,0,0,0,0,0,0,3,2
625,625,0,0,-18,14,37,5,0,0,0,0,0,0,0,0,1,0,0,0,0,0,0,0,0,0,0,0,0,0,0,0,0,0,0,0,0,0,0,0,3,1
626,626,0,1,-18,14,37,5,0,0,0,0,0,0,0,0,1,0,0,0,0,0,0,0,0,0,0,0,0,0,0,0,0,0,0,0,0,0,0,0,3,3
627,627,0,0,25,-7,-133,-5,0,0,0,0,0,0,0,0,1,0,0,0,0,0,0,0,0,0,0,0,0,0,0,0,0,0,0,0,0,0,0,0,3,3
628,628,0,1,25,-7,-133,-5,0,0,0,0,0,0,0,0,1,0,0,0,0,0,0,0,0,0,0,0,0,0,0,0,0,0,0,0,0,0,0,0,3,0
629,629,0,0,-13,-13,144,-16,0,0,0,0,0,0,0,0,1,0,0,0,0,0,0,0,0,0,0,0,0,0,0,0,0,0,0,0,0,0,0,0,3,2
630,630,0,1,-13,-13,144,-16,0,0,0,0,0,0,0,0,1,0,0,0,0,0,0,0,0,0,0,0,0,0,0,0,0,0,0,0,0,0,0,0,3,0
631,631,0,0,84,-12,-232,-8,0,0,0,0,0,0,0,0,1,0,0,0,0,0,0,0,0,0,0,1,0,0,0,0,0,0,0,0,0,0,0,0,3,6
632,632,0,1,84,-12,-232,-8,0,0,0,0,0,0,0,0,1,0,0,0,0,0,0,0,0,0,0,1,0,0,0,0,0,0,0,0,0,0,0,0,3,5
633,633,0,0,-51,13,193,1,0,0,0,0,0,0,0,0,1,0,0,0,0,0,0,0,0,0,0,1,0,0,0,0,0,0,0,0,0,0,0,0,3,2
634,634,0,1,-51,13,193,1,0,0,0,0,0,0,0,0,1,0,0,0,0,0,0,0,0,0,0,1,0,0,0,0,0,0,0,0,0,0,0,0,3,3
635,635,0,0,124,-4,-130,-2,0,0,0,0,0,0,0,0,1,0,0,0,0,0,0,0,0,0,0,1,0,0,0,0,0,0,0,0,0,0,0,0,3,3
636,636,0,1,124,-4,-130,-2,0,0,0,0,0,0,0,0,1,0,0,0,0,0,0,0,0,0,0,1,0,0,0,0,0,0,0,0,0,0,0,0,3,4
637,637,0,0,-148,12,29,-3,0,0,0,0,0,0,0,0,2,0,0,0,0,0,0,0,0,0,0,1,0,0,0,0,0,0,0,0,0,0,0,0,3,1
638,638,0,1,-148,12,29,-3,0,0,0,0,0,0,0,0,2,0,0,0,0,0,0,0,0,0,0,1,0,0,0,0,0,0,0,0,0,0,0,0,3,2
639,639,0,0,164,4,-16,-16,0,0,0,0,0,0,0,0,2,0,0,0,0,0,0,0,0,0,0,1,0,0,0,0,0,0,0,0,0,0,0,0,3,1
640,640,0,1,164,4,-16,-16,0,0,0,0,0,0,0,0,2,0,0,0,0,0,0,0,0,0,0,1,0,0,0,0,0,0,0,0,0,0,0,0,3,3
641,641,0,0,-127,1,-65,-1,0,0,0,0,0,0,0,0,2,0,0,0,0,0,0,0,0,0,0,1,0,0,0,0,0,0,0,0,0,0,0,0,3,3
642,642,0,1,-127,1,-65,-1,0,0,0,0,0,0,0,0,2,0,0,0,0,0,0,0,0,0,0,1,0,0,0,0,0,0,0,0,0,0,0,0,3,2
643,643,0,0,180,-12,65,1,0,0,0,0,0,0,0,0,2,0,0,0,0,0,0,0,0,0,0,1,0,0,0,0,0,0,0,0,0,0,0,0,3,2
644,644,0,1,180,-12,65,1,0,0,0,0,0,0,0,0,2,0,0,0,0,0,0,0,0,0,0,1,0,0,0,0,0,0,0,0,0,0,0,0,3,2
645,645,0,0,-110,-14,-92,4,0,0,0,0,0,0,0,0,2,0,0,0,0,0,0,0,0,0,0,1,0,0,0,0,0,0,0,0,0,0,0,0,3,1
646,646,0,1,-110,-14,-92,4,0,0,0,0,0,0,0,0,2,0,0,0,0,0,0,0,0,0,0,1,0,0,0,0,0,0,0,0,0,0,0,0,3,1
647,647,0,0,86,-10,85,-11,0,0,0,0,0,0,0,0,2,0,0,0,0,0,0,0,0,0,0,1,0,0,0,0,0,0,0,0,0,0,0,0,3,3
648,648,0,1,86,-10,85,-11,0,0,0,0,0,0,0,0,2,0,0,0,0,0,0,0,0,0,0,1,0,0,0,0,0,0,0,0,0,0,0,0,3,2
649,649,0,0,-24,8,-112,-16,0,0,0,0,0,0,0,0,2,0,0,0,0,0,0,0,0,0,0,1,0,0,0,0,0,0,0,0,0,0,0,0,3,2
650,650,0,1,-24,8,-112,-16,0,0,0,0,0,0,0,0,2,0,0,0,0,0,0,0,0,0,0,1,0,0,0,0,0,0,0,0,0,0,0,0,3,1
651,651,0,0,27,-5,18,-14,0,0,0,0,0,0,0,0,2,0,0,0,0,0,0,0,0,0,0,1,0,0,0,0,0,0,0,0,0,0,0,0,3,5
652,652,0,1,27,-5,18,-14,0,0,0,0,0,0,0,0,2,0,0,0,0,0,0,0,0,0,0,1,0,0,0,0,0,0,0,0,0,0,0,0,3,4
653,653,0,0,9,9,19,-13,0,0,0,0,0,0,0,0,2,0,0,0,0,0,0,0,0,0,0,1,0,0,0,0,0,0,0,0,0,0,0,0,3,2
654,654,0,1,9,9,19,-13,0,0,0,0,0,0,0,0,2,0,0,0,0,0,0,0,0,0,0,1,0,0,0,0,0,0,0,0,0,0,0,0,3,4
655,655,0,0,72,8,-44,-12,0,0,0,0,0,0,0,0,2,0,0,0,0,0,0,0,0,0,0,1,0,0,0,0,0,0,0,0,0,0,0,0,3,3
656,656,0,1,72,8,-44,-12,0,0,0,0,0,0,0,0,2,0,0,0,0,0,0,0,0,0,0,1,0,0,0,0,0,0,0,0,0,0,0,0,3,3
657,657,0,0,-85,11,-30,2,0,0,0,0,0,0,0,0,2,0,0,0,0,0,0,0,0,0,0,1,0,0,0,0,0,0,0,0,0,0,0,0,3,2
658,658,0,1,-85,11,-30,2,0,0,0,0,0,0,0,0,2,0,0,0,0,0,0,0,0,0,0,1,0,0,0,0,0,0,0,0,0,0,0,0,3,2
659,659,0,0,73,9,85,-11,0,0,0,0,0,0,0,0,2,0,0,0,0,0,0,0,0,0,0,1,0,0,0,0,0,0,0,0,0,0,0,0,3,3
660,660,0,1,73,9,85,-11,0,0,0,0,0,0,0,0,2,0,0,0,0,0,0,0,0,0,0,1,0,0,0,0,0,0,0,0,0,0,0,0,3,3
661,661,0,0,-39,-7,-191,1,0,0,0,0,0,0,0,0,2,0,0,0,0,0,0,0,0,0,0,1,0,0,0,0,0,0,0,0,0,0,0,0,3,2
662,662,0,1,-39,-7,-191,1,0,0,0,0,0,0,0,0,2,0,0,0,0,0,0,0,0,0,0,1,0,0,0,0,0,0,0,0,0,0,0,0,3,1
663,663,0,0,67,3,166,6,0,0,0,0,0,0,0,0,2,0,0,0,0,0,0,0,0,0,0,1,0,0,0,0,0,0,0,0,0,0,0,0,3,4
664,664,0,1,67,3,166,6,0,0,0,0,0,0,0,0,2,0,0,0,0,0,0,0,0,0,0,1,0,0,0,0,0,0,0,0,0,0,0,0,3,4
665,665,0,0,-69,-5,-135,-7,0,0,0,0,0,0,0,0,2,0,0,0,0,0,0,0,0,0,0,1,0,0,0,0,0,0,0,0,0,0,0,0,3,1
666,666,0,1,-69,-5,-135,-7,0,0,0,0,0,0,0,0,2,0,0,0,0,0,0,0,0,0,0,1,0,0,0,0,0,0,0,0,0,0,0,0,3,1
667,667,0,0,114,-14,41,9,0,0,0,0,0,0,0,0,2,0,0,0,0,0,0,0,0,0,0,0,0,0,0,0,0,0,0,0,0,0,0,0,3,1
668,668,0,1,114,-14,41,9,0,0,0,0,0,0,0,0,2,0,0,0,0,0,0,0,0,0,0,0,0,0,0,0,0,0,0,0,0,0,0,0,3,2
669,669,0,0,-86,10,-21,11,0,0,0,0,0,0,0,0,2,0,0,0,0,0,0,0,0,0,0,0,0,0,0,0,0,0,0,0,0,0,0,0,3,2
670,670,0,1,-86,10,-21,11,0,0,0,0,0,0,0,0,2,0,0,0,0,0,0,0,0,0,0,0,0,0,0,0,0,0,0,0,0,0,0,0,3,3
671,671,0,0,86,-10,-35,-3,0,0,0,0,0,0,0,0,2,0,0,0,0,0,0,0,0,0,0,0,0,0,0,0,0,0,0,0,0,0,0,0,3,1
672,672,0,1,86,-10,-35,-3,0,0,0,0,0,0,0,0,2,0,0,0,0,0,0,0,0,0,0,0,0,0,0,0,0,0,0,0,0,0,0,0,3,1
673,673,0,0,-49,15,-14,-14,0,0,0,0,0,0,0,0,2,0,0,0,0,0,0,0,0,0,0,0,0,0,0,0,0,0,0,0,0,0,0,0,3,1
674,674,0,1,-49,15,-14,-14,0,0,0,0,0,0,0,0,2,0,0,0,0,0,0,0,0,0,0,0,0,0,0,0,0,0,0,0,0,0,0,0,3,1
675,675,0,0,50,-14,-32,0,0,0,0,0,0,0,0,0,2,0,0,0,0,0,0,0,0,0,0,0,0,0,0,0,0,0,0,0,0,0,0,0,3,2
676,676,0,1,50,-14,-32,0,0,0,0,0,0,0,0,0,2,0,0,0,0,0,0,0,0,0,0,0,0,0,0,0,0,0,0,0,0,0,0,0,3,2
677,677,0,0,3,3,45,13,0,0,0,0,0,0,0,0,2,0,0,0,0,0,0,0,0,0,0,0,0,0,0,0,0,0,0,0,0,0,0,0,3,1
678,678,0,1,3,3,45,13,0,0,0,0,0,0,0,0,2,0,0,0,0,0,0,0,0,0,0,0,0,0,0,0,0,0,0,0,0,0,0,0,3,1
679,679,0,0,-7,-7,-112,-16,0,0,0,0,0,0,0,0,2,0,0,0,0,0,0,0,0,0,0,0,0,0,0,0,0,0,0,0,0,0,0,0,3,1
680,680,0,1,-7,-7,-112,-16,0,0,0,0,0,0,0,0,2,0,0,0,0,0,0,0,0,0,0,0,0,0,0,0,0,0,0,0,0,0,0,0,3,1
681,681,0,0,-4,-4,67,3,0,0,0,0,0,0,0,0,2,0,0,0,0,0,0,0,0,0,0,0,0,0,0,0,0,0,0,0,0,0,0,0,3,5
682,682,0,1,-4,-4,67,3,0,0,0,0,0,0,0,0,2,0,0,0,0,0,0,0,0,0,0,1,0,0,0,0,0,0,0,0,0,0,0,0,3,3
683,683,0,0,20,-12,-97,-1,0,0,0,0,0,0,0,0,2,0,0,0,0,0,0,0,0,0,0,1,0,0,0,0,0,0,0,0,0,0,0,0,3,2
684,684,0,1,20,-12,-97,-1,0,0,0,0,0,0,0,0,2,0,0,0,0,0,0,0,0,0,0,0,0,0,0,0,0,0,0,0,0,0,0,0,3,3
685,685,0,0,77,13,40,8,0,0,0,0,0,0,0,0,2,0,0,0,0,0,0,0,0,0,0,0,0,0,0,0,0,0,0,0,0,0,0,0,3,1
686,686,0,1,77,13,40,8,0,0,0,0,0,0,0,0,2,0,0,0,0,0,0,0,0,0,0,0,0,0,0,0,0,0,0,0,0,0,0,0,3,3
687,687,0,0,-100,-4,-13,-13,0,0,0,0,0,0,0,0,2,0,0,0,0,0,0,0,0,0,0,0,0,0,0,0,0,0,0,0,0,0,0,0,3,2
688,688,0,1,-100,-4,-13,-13,0,0,0,0,0,0,0,0,2,0,0,0,0,0,0,0,0,0,0,0,0,0,0,0,0,0,0,0,0,0,0,0,3,2
689,689,0,0,158,-2,-53,11,0,0,0,0,0,0,0,0,2,0,0,0,0,0,0,0,0,0,0,0,0,0,0,0,0,0,0,0,0,0,0,0,3,0
690,690,0,1,158,-2,-53,11,0,0,0,0,0,0,0,0,1,0,0,0,0,0,0,0,0,0,0,0,0,0,0,0,0,0,0,0,0,0,0,0,3,1
691,691,0,0,-126,2,86,-10,0,0,0,0,0,0,0,0,1,0,0,0,0,0,0,0,0,0,0,0,0,0,0,0,0,0,0,0,0,0,0,0,3,1
692,692,0,1,-126,2,86,-10,0,0,0,0,0,0,0,0,1,0,0,0,0,0,0,0,0,0,0,0,0,0,0,0,0,0,0,0,0,0,0,0,3,2
693,693,0,0,103,7,-144,-16,0,0,0,0,0,0,0,0,1,0,0,0,0,0,0,0,0,0,0,0,0,0,0,0,0,0,0,0,0,0,0,0,3,1
694,694,0,1,103,7,-144,-16,0,0,0,0,0,0,0,0,1,0,0,0,0,0,0,0,0,0,0,0,0,0,0,0,0,0,0,0,0,0,0,0,3,1
695,695,0,0,-58,6,39,7,0,0,0,0,0,0,0,0,1,0,0,0,0,0,0,0,0,0,0,0,0,0,0,0,0,0,0,0,0,0,0,0,3,1
696,696,0,1,-58,6,39,7,0,0,0,0,0,0,0,0,1,0,0,0,0,0,0,0,0,0,0,0,0,0,0,0,0,0,0,0,0,0,0,0,3,1
697,697,0,0,137,9,66,2,0,0,0,0,0,0,0,0,1,0,0,0,0,0,0,0,0,0,0,0,0,0,0,0,0,0,0,0,0,0,0,0,3,1
698,698,0,1,137,9,66,2,0,0,0,0,0,0,0,0,1,0,0,0,0,0,0,0,0,0,0,0,0,0,0,0,0,0,0,0,0,0,0,0,3,0
699,699,0,0,-147,13,-120,8,0,0,0,0,0,0,0,0,1,0,0,0,0,0,0,0,0,0,0,0,0,0,0,0,0,0,0,0,0,0,0,0,3,3
700,700,0,1,-147,13,-120,8,0,0,0,0,0,0,0,0,1,0,0,0,0,0,0,0,0,0,0,0,0,0,0,0,0,0,0,0,0,0,0,0,3,2
701,701,0,0,142,14,60,-4,0,0,0,0,0,0,0,0,1,0,0,0,0,0,0,0,0,0,0,0,0,0,0,0,0,0,0,0,0,0,0,0,3,0
702,702,0,1,142,14,60,-4,0,0,0,0,0,0,0,0,1,0,0,0,0,0,0,0,0,0,0,0,0,0,0,0,0,0,0,0,0,0,0,0,3,0
703,703,0,0,-94,2,-81,15,0,0,0,0,0,0,0,0,1,0,0,0,0,0,0,0,0,0,0,0,0,0,0,0,0,0,0,0,0,0,0,0,3,2
704,704,0,1,-94,2,-81,15,0,0,0,0,0,0,0,0,1,0,0,0,0,0,0,0,0,0,0,0,0,0,0,0,0,0,0,0,0,0,0,0,3,3
705,705,0,0,136,8,2,2,0,0,0,0,0,0,0,0,1,0,0,0,0,0,0,0,0,0,0,0,0,0,0,0,0,0,0,0,0,0,0,0,3,3
706,706,0,1,136,8,2,2,0,0,0,0,0,0,0,0,1,0,0,0,0,0,0,0,0,0,0,0,0,0,0,0,0,0,0,0,0,0,0,0,3,1
707,707,0,0,-71,-7,4,4,0,0,0,0,0,0,0,0,1,0,0,0,0,0,0,0,0,0,0,0,0,0,0,0,0,0,0,0,0,0,0,0,3,1
708,708,0,1,-71,-7,4,4,0,0,0,0,0,0,0,0,1,0,0,0,0,0,0,0,0,0,0,0,0,0,0,0,0,0,0,0,0,0,0,0,3,1
709,709,0,0,41,9,-50,14,0,0,0,0,0,0,0,0,1,0,0,0,0,0,0,0,0,0,0,0,0,0,0,0,0,0,0,0,0,0,0,0,3,3
710,710,0,1,41,9,-50,14,0,0,0,0,0,0,0,0,1,0,0,0,0,0,0,0,0,0,0,0,0,0,0,0,0,0,0,0,0,0,0,0,3,3
711,711,0,0,-14,-14,19,-13,0,0,0,0,0,0,0,0,1,0,0,0,0,0,0,0,0,0,0,0,0,0,0,0,0,0,0,0,0,0,0,0,3,1
712,712,0,1,-14,-14,19,-13,0,0,0,0,0,0,0,0,1,0,0,0,0,0,0,0,0,0,0,0,0,0,0,0,0,0,0,0,0,0,0,0,3,2
713,713,0,0,46,14,-105,-9,0,0,0,0,0,0,0,0,1,0,0,0,0,0,0,0,0,0,0,0,0,0,0,0,0,0,0,0,0,0,0,0,3,3
714,714,0,1,46,14,-105,-9,0,0,0,0,0,0,0,0,1,0,0,0,0,0,0,0,0,0,0,0,0,0,0,0,0,0,0,0,0,0,0,0,3,4
715,715,0,0,-27,5,117,-11,0,0,0,0,0,0,0,0,1,0,0,0,0,0,0,0,0,0,0,0,0,0,0,0,0,0,0,0,0,0,0,0,3,1
716,716,0,1,-27,5,117,-11,0,0,0,0,0,0,0,0,1,0,0,0,0,0,0,0,0,0,0,0,0,0,0,0,0,0,0,0,0,0,0,0,3,2
717,717,0,0,137,9,-163,-3,0,0,0,0,0,0,0,0,1,0,0,0,0,0,0,0,0,0,0,0,0,0,0,0,0,0,0,0,0,0,0,0,3,4
718,718,0,1,137,9,-163,-3,0,0,0,0,0,0,0,0,1,0,0,0,0,0,0,0,0,0,0,0,0,0,0,0,0,0,0,0,0,0,0,0,3,2
719,719,0,0,-165,-5,148,-12,0,0,0,0,0,0,0,0,1,0,0,0,0,0,0,0,0,0,0,0,0,0,0,0,0,0,0,0,0,0,0,0,3,4
720,720,0,1,-165,-5,148,-12,0,0,0,0,0,0,0,0,1,0,0,0,0,0,0,0,0,0,0,1,0,0,0,0,0,0,0,0,0,0,0,0,3,4
721,721,0,0,188,-4,-216,8,0,0,0,0,0,0,0,0,1,0,0,0,0,0,0,0,0,0,0,1,0,0,0,0,0,0,0,0,0,0,0,0,3,2
722,722,0,1,188,-4,-216,8,0,0,0,0,0,0,0,0,1,0,0,0,0,0,0,0,0,0,0,1,0,0,0,0,0,0,0,0,0,0,0,0,3,3
723,723,0,0,-108,-12,179,-13,0,0,0,0,0,0,0,0,1,0,0,0,0,0,0,0,0,0,0,1,0,0,0,0,0,0,0,0,0,0,0,0,3,1
724,724,0,1,-108,-12,179,-13,0,0,0,0,0,0,0,0,1,0,0,0,0,0,0,0,0,0,0,1,0,0,0,0,0,0,0,0,0,0,0,0,3,2
725,725,0,0,78,14,-172,-12,0,0,0,0,0,0,0,0,1,0,0,0,0,0,0,0,0,0,0,1,0,0,0,0,0,0,0,0,0,0,0,0,3,3
726,726,0,1,78,14,-172,-12,0,0,0,0,0,0,0,0,2,0,0,0,0,0,0,0,0,0,0,1,0,0,0,0,0,0,0,0,0,0,0,0,3,3
727,727,0,0,-14,-14,75,11,0,0,0,0,0,0,0,0,2,0,0,0,0,0,0,0,0,0,0,1,0,0,0,0,0,0,0,0,0,0,0,0,3,0
728,728,0,1,-14,-14,75,11,0,0,0,0,0,0,0,0,2,0,0,0,0,0,0,0,0,0,0,1,0,0,0,0,0,0,0,0,0,0,0,0,3,1
729,729,0,0,61,-3,-33,-1,0,0,0,0,0,0,0,0,2,0,0,0,0,0,0,0,0,0,0,1,0,0,0,0,0,0,0,0,0,0,0,0,3,1
730,730,0,1,61,-3,-33,-1,0,0,0,0,0,0,0,0,2,0,0,0,0,0,0,0,0,0,0,1,0,0,0,0,0,0,0,0,0,0,0,0,3,1
731,731,0,0,-47,-15,-17,15,0,0,0,0,0,0,0,0,2,0,0,0,0,0,0,0,0,0,0,1,0,0,0,0,0,0,0,0,0,0,0,0,3,0
732,732,0,1,-47,-15,-17,15,0,0,0,0,0,0,0,0,1,0,0,0,0,0,0,0,0,0,0,1,0,0,0,0,0,0,0,0,0,0,0,0,3,1
733,733,0,0,80,-16,-31,1,0,0,0,0,0,0,0,0,1,0,0,0,0,0,0,0,0,0,0,1,0,0,0,0,0,0,0,0,0,0,0,0,3,3
734,734,0,1,80,-16,-31,1,0,0,0,0,0,0,0,0,2,0,0,0,0,0,0,0,0,0,0,1,0,0,0,0,0,0,0,0,0,0,0,0,3,1
735,735,0,0,8,8,54,-10,0,0,0,0,0,0,0,0,2,0,0,0,0,0,0,0,0,0,0,1,0,0,0,0,0,0,0,0,0,0,0,0,3,1
736,736,0,1,8,8,54,-10,0,0,0,0,0,0,0,0,2,0,0,0,0,0,0,0,0,0,0,1,0,0,0,0,0,0,0,0,0,0,0,0,3,1
737,737,0,0,24,-8,-155,5,0,0,0,0,0,0,0,0,1,0,0,0,0,0,0,0,0,0,0,1,0,0,0,0,0,0,0,0,0,0,0,0,3,5
738,738,0,1,24,-8,-155,5,0,0,0,0,0,0,0,0,2,0,0,0,0,0,0,0,0,0,0,1,0,0,0,0,0,0,0,0,0,0,0,0,3,4
739,739,0,0,0,0,184,-8,0,0,0,0,0,0,0,0,2,0,0,0,0,0,0,0,0,0,0,1,0,0,0,0,0,0,0,0,0,0,0,0,3,3
740,740,0,1,0,0,184,-8,0,0,0,0,0,0,0,0,2,0,0,0,0,0,0,0,0,0,0,1,0,0,0,0,0,0,0,0,0,0,0,0,3,2
741,741,0,0,49,-15,-222,2,0,0,0,0,0,0,0,0,2,0,0,0,0,0,0,0,0,0,0,1,0,0,0,0,0,0,0,0,0,0,0,0,3,5
742,742,0,1,49,-15,-222,2,0,0,0,0,0,0,0,0,2,0,0,0,0,0,0,0,0,0,0,1,0,0,0,0,0,0,0,0,0,0,0,0,3,6
743,743,0,0,-27,5,204,12,0,0,0,0,0,0,0,0,2,0,0,0,0,0,0,0,0,0,0,1,0,0,0,0,0,0,0,0,0,0,0,0,3,2
744,744,0,1,-27,5,204,12,0,0,0,0,0,0,0,0,2,0,0,0,0,0,0,0,0,0,0,1,0,0,0,0,0,0,0,0,0,0,0,0,3,2
745,745,0,0,31,-1,-237,-13,0,0,0,0,0,0,0,0,2,0,0,0,0,0,0,0,0,0,0,1,0,0,0,0,0,0,0,0,0,0,0,0,3,2
746,746,0,1,31,-1,-237,-13,0,0,0,0,0,0,0,0,2,0,0,0,0,0,0,0,0,0,0,1,0,0,0,0,0,0,0,0,0,0,0,0,3,4
747,747,0,0,7,7,173,13,0,0,0,0,0,0,0,0,2,0,0,0,0,0,0,0,0,0,0,1,0,0,0,0,0,0,0,0,0,0,0,0,3,1
748,748,0,1,7,7,173,13,0,0,0,0,0,0,0,0,2,0,0,0,0,0,0,0,0,0,0,1,0,0,0,0,0,0,0,0,0,0,0,0,3,1
749,749,0,0,47,15,-142,-14,0,0,0,0,0,0,0,0,2,0,0,0,0,0,0,0,0,0,0,1,0,0,0,0,0,0,0,0,0,0,0,0,3,1
750,750,0,1,47,15,-142,-14,0,0,0,0,0,0,0,0,2,0,0,0,0,0,0,0,0,0,0,1,0,0,0,0,0,0,0,0,0,0,0,0,3,1
751,751,0,0,-85,11,90,-6,0,0,0,0,0,0,0,0,2,0,0,0,0,0,0,0,0,0,0,1,0,0,0,0,0,0,0,0,0,0,0,0,3,1
752,752,0,1,-85,11,90,-6,0,0,0,0,0,0,0,0,2,0,0,0,0,0,0,0,0,0,0,1,0,0,0,0,0,0,0,0,0,0,0,0,3,1
753,753,0,0,127,-1,-128,0,0,0,0,0,0,0,0,0,2,0,0,0,0,0,0,0,0,0,0,1,0,0,0,0,0,0,0,0,0,0,0,0,3,2
754,754,0,1,127,-1,-128,0,0,0,0,0,0,0,0,0,2,0,0,0,0,0,0,0,0,0,0,1,0,0,0,0,0,0,0,0,0,0,0,0,3,3
755,755,0,0,-73,-9,140,12,0,0,0,0,0,0,0,0,2,0,0,0,0,0,0,0,0,0,0,1,0,0,0,0,0,0,0,0,0,0,0,0,3,1
756,756,0,1,-73,-9,140,12,0,0,0,0,0,0,0,0,2,0,0,0,0,0,0,0,0,0,0,1,0,0,0,0,0,0,0,0,0,0,0,0,3,1
757,757,0,0,69,5,-220,4,0,0,0,0,0,0,0,0,2,0,0,0,0,0,0,0,0,0,0,1,0,0,0,0,0,0,0,0,0,0,0,0,3,4
758,758,0,1,69,5,-220,4,0,0,0,0,0,0,0,0,2,0,0,0,0,0,0,0,0,0,0,1,0,0,0,0,0,0,0,0,0,0,0,0,3,2
759,759,0,0,24,-8,203,11,0,0,0,0,0,0,0,0,2,0,0,0,0,0,0,0,0,0,0,1,0,0,0,0,0,0,0,0,0,0,0,0,3,3
760,760,0,1,24,-8,203,11,0,0,0,0,0,0,0,0,2,0,0,0,0,0,0,0,0,0,0,1,0,0,0,0,0,0,0,0,0,0,0,0,3,2
761,761,0,0,-44,-12,-170,-10,0,0,0,0,0,0,0,0,2,0,0,0,0,0,0,0,0,0,0,1,0,0,0,0,0,0,0,0,0,0,0,0,3,4
762,762,0,1,-44,-12,-170,-10,0,0,0,0,0,0,0,0,2,0,0,0,0,0,0,0,0,0,0,1,0,0,0,0,0,0,0,0,0,0,0,0,3,3
763,763,0,0,24,-8,71,7,0,0,0,0,0,0,0,0,2,0,0,0,0,0,0,0,0,0,0,1,0,0,0,0,0,0,0,0,0,0,0,0,3,2
764,764,0,1,24,-8,71,7,0,0,0,0,0,0,0,0,2,0,0,0,0,0,0,0,0,0,0,1,0,0,0,0,0,0,0,0,0,0,0,0,3,2
765,765,0,0,-3,-3,-89,7,0,0,0,0,0,0,0,0,2,0,0,0,0,0,0,0,0,0,0,1,0,0,0,0,0,0,0,0,0,0,0,0,3,4
766,766,0,1,-3,-3,-89,7,0,0,0,0,0,0,0,0,2,0,0,0,0,0,0,0,0,0,0,1,0,0,0,0,0,0,0,0,0,0,0,0,3,5
767,767,0,0,71,7,67,3,0,0,0,0,0,0,0,0,2,0,0,0,0,0,0,0,0,0,0,1,0,0,0,0,0,0,0,0,0,0,0,0,3,1
768,768,0,1,71,7,67,3,0,0,0,0,0,0,0,0,2,0,0,0,0,0,0,0,0,0,0,1,0,0,0,0,0,0,0,0,0,0,0,0,3,3
769,769,0,0,-82,14,-63,1,0,0,0,0,0,0,0,0,2,0,0,0,0,0,0,0,0,0,0,1,0,0,0,0,0,0,0,0,0,0,0,0,3,1
770,770,0,1,-82,14,-63,1,0,0,0,0,0,0,0,0,2,0,0,0,0,0,0,0,0,0,0,1,0,0,0,0,0,0,0,0,0,0,0,0,3,3
771,771,0,0,135,7,53,-11,0,0,0,0,0,0,0,0,2,0,0,0,0,0,0,0,0,0,0,1,0,0,0,0,0,0,0,0,0,0,0,0,3,1
772,772,0,1,135,7,53,-11,0,0,0,0,0,0,0,0,2,0,0,0,0,0,0,0,0,0,0,1,0,0,0,0,0,0,0,0,0,0,0,0,3,0
773,773,0,0,-127,1,-92,4,0,0,0,0,0,0,0,0,2,0,0,0,0,0,0,0,0,0,0,1,0,0,0,0,0,0,0,0,0,0,0,0,3,4
774,774,0,1,-127,1,-92,4,0,0,0,0,0,0,0,0,2,0,0,0,0,0,0,0,0,0,0,1,0,0,0,0,0,0,0,0,0,0,0,0,3,3
775,775,0,0,130,2,22,-10,0,0,0,0,0,0,0,0,2,0,0,0,0,0,0,0,0,0,0,1,0,0,0,0,0,0,0,0,0,0,0,0,3,2
776,776,0,1,130,2,22,-10,0,0,0,0,0,0,0,0,2,0,0,0,0,0,0,0,0,0,0,1,0,0,0,0,0,0,0,0,0,0,0,0,3,1
777,777,0,0,-26,6,-7,-7,0,0,0,0,0,0,0,0,2,0,0,0,0,0,0,0,0,0,0,1,0,0,0,0,0,0,0,0,0,0,0,0,3,5
778,778,0,1,-26,6,-7,-7,0,0,0,0,0,0,0,0,2,0,0,0,0,0,0,0,0,0,0,1,0,0,0,0,0,0,0,0,0,0,0,0,3,4
779,779,0,0,27,-5,-38,-6,0,0,0,0,0,0,0,0,2,0,0,0,0,0,0,0,0,0,0,1,0,0,0,0,0,0,0,0,0,0,0,0,3,3
780,780,0,1,27,-5,-38,-6,0,0,0,0,0,0,0,0,2,0,0,0,0,0,0,0,0,0,0,1,0,0,0,0,0,0,0,0,0,0,0,0,3,3
781,781,0,0,5,5,24,-8,0,0,0,0,0,0,0,0,2,0,0,0,0,0,0,0,0,0,0,1,0,0,0,0,0,0,0,0,0,0,0,0,3,2
782,782,0,1,5,5,24,-8,0,0,0,0,0,0,0,0,2,0,0,0,0,0,0,0,0,0,0,1,0,0,0,0,0,0,0,0,0,0,0,0,3,4
783,783,0,0,5,5,-61,3,0,0,0,0,0,0,0,0,2,0,0,0,0,0,0,0,0,0,0,1,0,0,0,0,0,0,0,0,0,0,0,0,3,0
784,784,0,1,5,5,-61,3,0,0,0,0,0,0,0,0,2,0,0,0,0,0,0,0,0,0,0,1,0,0,0,0,0,0,0,0,0,0,0,0,3,0
785,785,0,0,61,-3,11,11,0,0,0,0,0,0,0,0,2,0,0,0,0,0,0,0,0,0,0,1,0,0,0,0,0,0,0,0,0,0,0,0,3,1
786,786,0,1,61,-3,11,11,0,0,0,0,0,0,0,0,2,0,0,0,0,0,0,0,0,0,0,1,0,0,0,0,0,0,0,0,0,0,0,0,3,1
787,787,0,0,-53,11,3,3,0,0,0,0,0,0,0,0,2,0,0,0,0,0,0,0,0,0,0,1,0,0,0,0,0,0,0,0,0,0,0,0,3,2
788,788,0,1,-53,11,3,3,0,0,0,0,0,0,0,0,2,0,0,0,0,0,0,0,0,0,0,1,0,0,0,0,0,0,0,0,0,0,0,0,3,1
789,789,0,0,140,12,-55,9,0,0,0,0,0,0,0,0,2,0,0,0,0,0,0,0,0,0,0,1,0,0,0,0,0,0,0,0,0,0,0,0,3,1
790,790,0,1,140,12,-55,9,0,0,0,0,0,0,0,0,2,0,0,0,0,0,0,0,0,0,0,1,0,0,0,0,0,0,0,0,0,0,0,0,3,1
791,791,0,0,-180,12,23,-9,0,0,0,0,0,0,0,0,2,0,0,0,0,0,0,0,0,0,0,1,0,0,0,0,0,0,0,0,0,0,0,0,3,3
792,792,0,1,-180,12,23,-9,0,0,0,0,0,0,0,0,2,0,0,0,0,0,0,0,0,0,0,1,0,0,0,0,0,0,0,0,0,0,0,0,3,2
793,793,0,0,196,4,10,10,0,0,0,0,0,0,0,0,2,0,0,0,0,0,0,0,0,0,0,1,0,0,0,0,0,0,0,0,0,0,0,0,3,2
794,794,0,1,196,4,10,10,0,0,0,0,0,0,0,0,2,0,0,0,0,0,0,0,0,0,0,1,0,0,0,0,0,0,0,0,0,0,0,0,3,2
795,795,0,0,-128,0,-187,5,0,0,0,0,0,0,0,0,2,0,0,0,0,0,0,0,0,0,0,1,0,0,0,0,0,0,0,0,0,0,0,0,3,2
796,796,0,1,-128,0,-187,5,0,0,0,0,0,0,0,0,2,0,0,0,0,0,0,0,0,0,0,1,0,0,0,0,0,0,0,0,0,0,0,0,3,4
797,797,0,0,122,-6,205,13,0,0,0,0,0,0,0,0,2,0,0,0,0,0,0,0,0,0,0,1,0,0,0,0,0,0,0,0,0,0,0,0,3,1
798,798,0,1,122,-6,205,13,0,0,0,0,0,0,0,0,2,0,0,0,0,0,0,0,0,0,0,1,0,0,0,0,0,0,0,0,0,0,0,0,3,0
799,799,0,0,-39,-7,-208,-16,0,0,0,0,0,0,0,0,1,0,0,0,0,0,0,0,0,0,0,1,0,0,0,0,0,0,0,0,0,0,0,0,3,1
800,800,0,1,-39,-7,-208,-16,0,0,0,0,0,0,0,0,1,0,0,0,0,0,0,0,0,0,0,1,0,0,0,0,0,0,0,0,0,0,0,0,3,1
801,801,0,0,7,7,156,-4,0,0,0,0,0,0,0,0,1,0,0,0,0,0,0,0,0,0,0,1,0,0,0,0,0,0,0,0,0,0,0,0,3,0
802,802,0,1,7,7,156,-4,0,0,0,0,0,0,0,0,1,0,0,0,0,0,0,0,0,0,0,1,0,0,0,0,0,0,0,0,0,0,0,0,3,0
803,803,0,0,50,-14,-200,-8,0,0,0,0,0,0,0,0,1,0,0,0,0,0,0,0,0,0,0,1,0,0,0,0,0,0,0,0,0,0,0,0,3,1
804,804,0,1,50,-14,-200,-8,0,0,0,0,0,0,0,0,1,0,0,0,0,0,0,0,0,0,0,1,0,0,0,0,0,0,0,0,0,0,0,0,3,2
805,805,0,0,-40,-8,135,7,0,0,0,0,0,0,0,0,1,0,0,0,0,0,0,0,0,0,0,0,0,0,0,0,0,0,0,0,0,0,0,0,3,2
806,806,0,1,-40,-8,135,7,0,0,0,0,0,0,0,0,1,0,0,0,0,0,0,0,0,0,0,0,0,0,0,0,0,0,0,0,0,0,0,0,3,1
807,807,0,0,94,-2,-103,-7,0,0,0,0,0,0,0,0,1,0,0,0,0,0,0,0,0,0,0,0,0,0,0,0,0,0,0,0,0,0,0,0,3,0
808,808,0,1,94,-2,-103,-7,0,0,0,0,0,0,0,0,1,0,0,0,0,0,0,0,0,0,0,0,0,0,0,0,0,0,0,0,0,0,0,0,3,0
809,809,0,0,-96,0,44,12,0,0,0,0,0,0,0,0,1,0,0,0,0,0,0,0,0,0,0,0,0,0,0,0,0,0,0,0,0,0,0,0,3,3
810,810,0,1,-96,0,44,12,0,0,0,0,0,0,0,0,1,0,0,0,0,0,0,0,0,0,0,0,0,0,0,0,0,0,0,0,0,0,0,0,3,1
811,811,0,0,160,0,-71,-7,0,0,0,0,0,0,0,0,1,0,0,0,0,0,0,0,0,0,0,0,0,0,0,0,0,0,0,0,0,0,0,0,3,3
812,812,0,1,160,0,-71,-7,0,0,0,0,0,0,0,0,1,0,0,0,0,0,0,0,0,0,0,0,0,0,0,0,0,0,0,0,0,0,0,0,3,2
813,813,0,0,-113,15,56,-8,0,0,0,0,0,0,0,0,1,0,0,0,0,0,0,0,0,0,0,0,0,0,0,0,0,0,0,0,0,0,0,0,3,3
814,814,0,1,-113,15,56,-8,0,0,0,0,0,0,0,0,1,0,0,0,0,0,0,0,0,0,0,0,0,0,0,0,0,0,0,0,0,0,0,0,3,5
815,815,0,0,100,4,-90,6,0,0,0,0,0,0,0,0,1,0,0,0,0,0,0,0,0,0,0,1,0,0,0,0,0,0,0,0,0,0,0,0,3,6
816,816,0,1,100,4,-90,6,0,0,0,0,0,0,0,0,1,0,0,0,0,0,0,0,0,0,0,1,0,0,0,0,0,0,0,0,0,0,0,0,3,3
817,817,0,0,-2,-2,7,7,0,0,0,0,0,0,0,0,1,0,0,0,0,0,0,0,0,0,0,1,0,0,0,0,0,0,0,0,0,0,0,0,3,4
818,818,0,1,-2,-2,7,7,0,0,0,0,0,0,0,0,1,0,0,0,0,0,0,0,0,0,0,1,0,0,0,0,0,0,0,0,0,0,0,0,3,4
819,819,0,0,39,7,24,-8,0,0,0,0,0,0,0,0,1,0,0,0,0,0,0,0,0,0,0,1,0,0,0,0,0,0,0,0,0,0,0,0,3,3
820,820,0,1,39,7,24,-8,0,0,0,0,0,0,0,0,2,0,0,0,0,0,0,0,0,0,0,1,0,0,0,0,0,0,0,0,0,0,0,0,3,4
821,821,0,0,-30,2,-90,6,0,0,0,0,0,0,0,0,2,0,0,0,0,0,0,0,0,0,0,1,0,0,0,0,0,0,0,0,0,0,0,0,3,1
822,822,0,1,-30,2,-90,6,0,0,0,0,0,0,0,0,2,0,0,0,0,0,0,0,0,0,0,1,0,0,0,0,0,0,0,0,0,0,0,0,3,1
823,823,0,0,82,-14,72,8,0,0,0,0,0,0,0,0,2,0,0,0,0,0,0,0,0,0,0,1,0,0,0,0,0,0,0,0,0,0,0,0,3,4
824,824,0,1,82,-14,72,8,0,0,0,0,0,0,0,0,2,0,0,0,0,0,0,0,0,0,0,1,0,0,0,0,0,0,0,0,0,0,0,0,3,4
825,825,0,0,-97,-1,-128,0,0,0,0,0,0,0,0,0,2,0,0,0,0,0,0,0,0,0,0,1,0,0,0,0,0,0,0,0,0,0,0,0,3,0
826,826,0,1,-97,-1,-128,0,0,0,0,0,0,0,0,0,2,0,0,0,0,0,0,0,0,0,0,1,0,0,0,0,0,0,0,0,0,0,0,0,3,2
827,827,0,0,180,-12,68,4,0,0,0,0,0,0,0,0,2,0,0,0,0,0,0,0,0,0,0,1,0,0,0,0,0,0,0,0,0,0,0,0,3,2
828,828,0,1,180,-12,68,4,0,0,0,0,0,0,0,0,2,0,0,0,0,0,0,0,0,0,0,1,0,0,0,0,0,0,0,0,0,0,0,0,3,2
829,829,0,0,-120,8,1,1,0,0,0,0,0,0,0,0,2,0,0,0,0,0,0,0,0,0,0,1,0,0,0,0,0,0,0,0,0,0,0,0,3,1
830,830,0,1,-120,8,1,1,0,0,0,0,0,0,0,0,2,0,0,0,0,0,0,0,0,0,0,1,0,0,0,0,0,0,0,0,0,0,0,0,3,0
831,831,0,0,111,15,-89,7,0,0,0,0,0,0,0,0,2,0,0,0,0,0,0,0,0,0,0,1,0,0,0,0,0,0,0,0,0,0,0,0,3,3
832,832,0,1,111,15,-89,7,0,0,0,0,0,0,0,0,2,0,0,0,0,0,0,0,0,0,0,1,0,0,0,0,0,0,0,0,0,0,0,0,3,3
833,833,0,0,-40,-8,107,11,0,0,0,0,0,0,0,0,2,0,0,0,0,0,0,0,0,0,0,1,0,0,0,0,0,0,0,0,0,0,0,0,3,0
834,834,0,1,-40,-8,107,11,0,0,0,0,0,0,0,0,2,0,0,0,0,0,0,0,0,0,0,1,0,0,0,0,0,0,0,0,0,0,0,0,3,1
835,835,0,0,40,8,-160,0,0,0,0,0,0,0,0,0,2,0,0,0,0,0,0,0,0,0,0,1,0,0,0,0,0,0,0,0,0,0,0,0,3,2
836,836,0,1,40,8,-160,0,0,0,0,0,0,0,0,0,2,0,0,0,0,0,0,0,0,0,0,1,0,0,0,0,0,0,0,0,0,0,0,0,3,4
837,837,0,0,30,-2,105,9,0,0,0,0,0,0,0,0,2,0,0,0,0,0,0,0,0,0,0,1,0,0,0,0,0,0,0,0,0,0,0,0,3,2
838,838,0,1,30,-2,105,9,0,0,0,0,0,0,0,0,2,0,0,0,0,0,0,0,0,0,0,1,0,0,0,0,0,0,0,0,0,0,0,0,3,1
839,839,0,0,6,6,-114,14,0,0,0,0,0,0,0,0,2,0,0,0,0,0,0,0,0,0,0,1,0,0,0,0,0,0,0,0,0,0,0,0,3,1
840,840,0,1,6,6,-114,14,0,0,0,0,0,0,0,0,2,0,0,0,0,0,0,0,0,0,0,1,0,0,0,0,0,0,0,0,0,0,0,0,3,0
841,841,0,0,22,-10,90,-6,0,0,0,0,0,0,0,0,2,0,0,0,0,0,0,0,0,0,0,1,0,0,0,0,0,0,0,0,0,0,0,0,3,2
842,842,0,1,22,-10,90,-6,0,0,0,0,0,0,0,0,2,0,0,0,0,0,0,0,0,0,0,1,0,0,0,0,0,0,0,0,0,0,0,0,3,2
843,843,0,0,15,15,-95,1,0,0,0,0,0,0,0,0,2,0,0,0,0,0,0,0,0,0,0,1,0,0,0,0,0,0,0,0,0,0,0,0,3,2
844,844,0,1,15,15,-95,1,0,0,0,0,0,0,0,0,2,0,0,0,0,0,0,0,0,0,0,1,0,0,0,0,0,0,0,0,0,0,0,0,3,1
845,845,0,0,-64,0,30,-2,0,0,0,0,0,0,0,0,2,0,0,0,0,0,0,0,0,0,0,1,0,0,0,0,0,0,0,0,0,0,0,0,3,3
846,846,0,1,-64,0,30,-2,0,0,0,0,0,0,0,0,2,0,0,0,0,0,0,0,0,0,0,1,0,0,0,0,0,0,0,0,0,0,0,0,3,3
847,847,0,0,173,13,-42,-10,0,0,0,0,0,0,0,0,2,0,0,0,0,0,0,0,0,0,0,1,0,0,0,0,0,0,0,0,0,0,0,0,3,4
848,848,0,1,173,13,-42,-10,0,0,0,0,0,0,0,0,2,0,0,0,0,0,0,0,0,0,0,1,0,0,0,0,0,0,0,0,0,0,0,0,3,4
849,849,0,0,-162,-2,16,-16,0,0,0,0,0,0,0,0,2,0,0,0,0,0,0,0,0,0,0,1,0,0,0,0,0,0,0,0,0,0,0,0,3,1
850,850,0,1,-162,-2,16,-16,0,0,0,0,0,0,0,0,2,0,0,0,0,0,0,0,0,0,0,1,0,0,0,0,0,0,0,0,0,0,0,0,3,1
851,851,0,0,167,7,-25,7,0,0,0,0,0,0,0,0,2,0,0,0,0,0,0,0,0,0,0,1,0,0,0,0,0,0,0,0,0,0,0,0,3,3
852,852,0,1,167,7,-25,7,0,0,0,0,0,0,0,0,2,0,0,0,0,0,0,0,0,0,0,1,0,0,0,0,0,0,0,0,0,0,0,0,3,3
853,853,0,0,-108,-12,-3,-3,0,0,0,0,0,0,0,0,1,0,0,0,0,0,0,0,0,0,0,1,0,0,0,0,0,0,0,0,0,0,0,0,3,1
854,854,0,1,-108,-12,-3,-3,0,0,0,0,0,0,0,0,1,0,0,0,0,0,0,0,0,0,0,1,0,0,0,0,0,0,0,0,0,0,0,0,3,0
855,855,0,0,67,3,-12,-12,0,0,0,0,0,0,0,0,1,0,0,0,0,0,0,0,0,0,0,1,0,0,0,0,0,0,0,0,0,0,0,0,3,3
856,856,0,1,67,3,-12,-12,0,0,0,0,0,0,0,0,1,0,0,0,0,0,0,0,0,0,0,1,0,0,0,0,0,0,0,0,0,0,0,0,3,3
857,857,0,0,24,-8,-15,-15,0,0,0,0,0,0,0,0,1,0,0,0,0,0,0,0,0,0,0,1,0,0,0,0,0,0,0,0,0,0,0,0,3,1
858,858,0,1,24,-8,-15,-15,0,0,0,0,0,0,0,0,1,0,0,0,0,0,0,0,0,0,0,0,0,0,0,0,0,0,0,0,0,0,0,0,3,1
859,859,0,0,-37,-5,16,-16,0,0,0,0,0,0,0,0,1,0,0,0,0,0,0,0,0,0,0,0,0,0,0,0,0,0,0,0,0,0,0,0,3,2
860,860,0,1,-37,-5,16,-16,0,0,0,0,0,0,0,0,1,0,0,0,0,0,0,0,0,0,0,0,0,0,0,0,0,0,0,0,0,0,0,0,3,2
861,861,0,0,72,8,-40,-8,0,0,0,0,0,0,0,0,1,0,0,0,0,0,0,0,0,0,0,1,0,0,0,0,0,0,0,0,0,0,0,0,3,1
862,862,0,1,72,8,-40,-8,0,0,0,0,0,0,0,0,1,0,0,0,0,0,0,0,0,0,0,0,0,0,0,0,0,0,0,0,0,0,0,0,3,1
863,863,0,0,-40,-8,39,7,0,0,0,0,0,0,0,0,1,0,0,0,0,0,0,0,0,0,0,0,0,0,0,0,0,0,0,0,0,0,0,0,3,1
864,864,0,1,-40,-8,39,7,0,0,0,0,0,0,0,0,1,0,0,0,0,0,0,0,0,0,0,0,0,0,0,0,0,0,0,0,0,0,0,0,3,2
865,865,0,0,13,13,-125,3,0,0,0,0,0,0,0,0,1,0,0,0,0,0,0,0,0,0,0,0,0,0,0,0,0,0,0,0,0,0,0,0,3,1
866,866,0,1,13,13,-125,3,0,0,0,0,0,0,0,0,1,0,0,0,0,0,0,0,0,0,0,0,0,0,0,0,0,0,0,0,0,0,0,0,3,0
867,867,0,0,86,-10,110,14,0,0,0,0,0,0,0,0,1,0,0,0,0,0,0,0,0,0,0,0,0,0,0,0,0,0,0,0,0,0,0,0,3,4
868,868,0,1,86,-10,110,14,0,0,0,0,0,0,0,0,1,0,0,0,0,0,0,0,0,0,0,0,0,0,0,0,0,0,0,0,0,0,0,0,3,3
869,869,0,0,-79,-15,-96,0,0,0,0,0,0,0,0,0,1,0,0,0,0,0,0,0,0,0,0,0,0,0,0,0,0,0,0,0,0,0,0,0,3,2
870,870,0,1,-79,-15,-96,0,0,0,0,0,0,0,0,0,1,0,0,0,0,0,0,0,0,0,0,0,0,0,0,0,0,0,0,0,0,0,0,0,3,2
871,871,0,0,121,-7,45,13,0,0,0,0,0,0,0,0,1,0,0,0,0,0,0,0,0,0,0,0,0,0,0,0,0,0,0,0,0,0,0,0,3,2
872,872,0,1,121,-7,45,13,0,0,0,0,0,0,0,0,1,0,0,0,0,0,0,0,0,0,0,0,0,0,0,0,0,0,0,0,0,0,0,0,3,3
873,873,0,0,-135,-7,-62,2,0,0,0,0,0,0,0,0,2,0,0,0,0,0,0,0,0,0,0,0,0,0,0,0,0,0,0,0,0,0,0,0,3,0
874,874,0,1,-135,-7,-62,2,0,0,0,0,0,0,0,0,1,0,0,0,0,0,0,0,0,0,0,1,0,0,0,0,0,0,0,0,0,0,0,0,3,2
875,875,0,0,128,0,10,10,0,0,0,0,0,0,0,0,1,0,0,0,0,0,0,0,0,0,0,1,0,0,0,0,0,0,0,0,0,0,0,0,3,0
876,876,0,1,128,0,10,10,0,0,0,0,0,0,0,0,1,0,0,0,0,0,0,0,0,0,0,1,0,0,0,0,0,0,0,0,0,0,0,0,3,2
877,877,0,0,-40,-8,-50,14,0,0,0,0,0,0,0,0,1,0,0,0,0,0,0,0,0,0,0,1,0,0,0,0,0,0,0,0,0,0,0,0,3,2
878,878,0,1,-40,-8,-50,14,0,0,0,0,0,0,0,0,1,0,0,0,0,0,0,0,0,0,0,1,0,0,0,0,0,0,0,0,0,0,0,0,3,0
879,879,0,0,48,-16,41,9,0,0,0,0,0,0,0,0,1,0,0,0,0,0,0,0,0,0,0,1,0,0,0,0,0,0,0,0,0,0,0,0,3,0
880,880,0,1,48,-16,41,9,0,0,0,0,0,0,0,0,1,0,0,0,0,0,0,0,0,0,0,1,0,0,0,0,0,0,0,0,0,0,0,0,3,0
881,881,0,0,-73,-9,-110,-14,0,0,0,0,0,0,0,0,1,0,0,0,0,0,0,0,0,0,0,1,0,0,0,0,0,0,0,0,0,0,0,0,3,1
882,882,0,1,-73,-9,-110,-14,0,0,0,0,0,0,0,0,1,0,0,0,0,0,0,0,0,0,0,0,0,0,0,0,0,0,0,0,0,0,0,0,3,1
883,883,0,0,161,1,82,-14,0,0,0,0,0,0,0,0,1,0,0,0,0,0,0,0,0,0,0,0,0,0,0,0,0,0,0,0,0,0,0,0,3,0
884,884,0,1,161,1,82,-14,0,0,0,0,0,0,0,0,1,0,0,0,0,0,0,0,0,0,0,0,0,0,0,0,0,0,0,0,0,0,0,0,3,1
885,885,0,0,-173,-13,-67,-3,0,0,0,0,0,0,0,0,1,0,0,0,0,0,0,0,0,0,0,0,0,0,0,0,0,0,0,0,0,0,0,0,3,3
886,886,0,1,-173,-13,-67,-3,0,0,0,0,0,0,0,0,1,0,0,0,0,0,0,0,0,0,0,0,0,0,0,0,0,0,0,0,0,0,0,0,3,3
887,887,0,0,169,9,-24,8,0,0,0,0,0,0,0,0,1,0,0,0,0,0,0,0,0,0,0,1,0,0,0,0,0,0,0,0,0,0,0,0,3,3
888,888,0,1,169,9,-24,8,0,0,0,0,0,0,0,0,1,0,0,0,0,0,0,0,0,0,0,1,0,0,0,0,0,0,0,0,0,0,0,0,3,1
889,889,0,0,-51,13,5,5,0,0,0,0,0,0,0,0,1,0,0,0,0,0,0,0,0,0,0,0,0,0,0,0,0,0,0,0,0,0,0,0,3,1
890,890,0,1,-51,13,5,5,0,0,0,0,0,0,0,0,1,0,0,0,0,0,0,0,0,0,0,0,0,0,0,0,0,0,0,0,0,0,0,0,3,2
891,891,0,0,19,-13,-16,-16,0,0,0,0,0,0,0,0,1,0,0,0,0,0,0,0,0,0,0,0,0,0,0,0,0,0,0,0,0,0,0,0,3,2
892,892,0,1,19,-13,-16,-16,0,0,0,0,0,0,0,0,1,0,0,0,0,0,0,0,0,0,0,0,0,0,0,0,0,0,0,0,0,0,0,0,3,1
893,893,0,0,47,15,-25,7,0,0,0,0,0,0,0,0,1,0,0,0,0,0,0,0,0,0,0,0,0,0,0,0,0,0,0,0,0,0,0,0,3,2
894,894,0,1,47,15,-25,7,0,0,0,0,0,0,0,0,1,0,0,0,0,0,0,0,0,0,0,0,0,0,0,0,0,0,0,0,0,0,0,0,3,3
895,895,0,0,-69,-5,-42,-10,0,0,0,0,0,0,0,0,1,0,0,0,0,0,0,0,0,0,0,1,0,0,0,0,0,0,0,0,0,0,0,0,3,2
896,896,0,1,-69,-5,-42,-10,0,0,0,0,0,0,0,0,1,0,0,0,0,0,0,0,0,0,0,1,0,0,0,0,0,0,0,0,0,0,0,0,3,3
897,897,0,0,153,-7,24,-8,0,0,0,0,0,0,0,0,1,0,0,0,0,0,0,0,0,0,0,1,0,0,0,0,0,0,0,0,0,0,0,0,3,1
898,898,0,1,153,-7,24,-8,0,0,0,0,0,0,0,0,1,0,0,0,0,0,0,0,0,0,0,1,0,0,0,0,0,0,0,0,0,0,0,0,3,1
899,899,0,0,-106,-10,-81,15,0,0,0,0,0,0,0,0,1,0,0,0,0,0,0,0,0,0,0,1,0,0,0,0,0,0,0,0,0,0,0,0,3,0
900,900,0,1,-106,-10,-81,15,0,0,0,0,0,0,0,0,1,0,0,0,0,0,0,0,0,0,0,1,0,0,0,0,0,0,0,0,0,0,0,0,3,0
901,901,0,0,104,8,50,-14,0,0,0,0,0,0,0,0,1,0,0,0,0,0,0,0,0,0,0,0,0,0,0,0,0,0,0,0,0,0,0,0,3,3
902,902,0,1,104,8,50,-14,0,0,0,0,0,0,0,0,1,0,0,0,0,0,0,0,0,0,0,1,0,0,0,0,0,0,0,0,0,0,0,0,3,2
903,903,0,0,-34,-2,-24,8,0,0,0,0,0,0,0,0,1,0,0,0,0,0,0,0,0,0,0,1,0,0,0,0,0,0,0,0,0,0,0,0,3,4
904,904,0,1,-34,-2,-24,8,0,0,0,0,0,0,0,0,1,0,0,0,0,0,0,0,0,0,0,1,0,0,0,0,0,0,0,0,0,0,0,0,3,2
905,905,0,0,41,9,-79,-15,0,0,0,0,0,0,0,0,1,0,0,0,0,0,0,0,0,0,0,1,0,0,0,0,0,0,0,0,0,0,0,0,3,2
906,906,0,1,41,9,-79,-15,0,0,0,0,0,0,0,0,1,0,0,0,0,0,0,0,0,0,0,1,0,0,0,0,0,0,0,0,0,0,0,0,3,3
907,907,0,0,13,13,85,-11,0,0,0,0,0,0,0,0,1,0,0,0,0,0,0,0,0,0,0,1,0,0,0,0,0,0,0,0,0,0,0,0,3,4
908,908,0,1,13,13,85,-11,0,0,0,0,0,0,0,0,1,0,0,0,0,0,0,0,0,0,0,1,0,0,0,0,0,0,0,0,0,0,0,0,3,4
909,909,0,0,66,2,-141,-13,0,0,0,0,0,0,0,0,1,0,0,0,0,0,0,0,0,0,0,1,0,0,0,0,0,0,0,0,0,0,0,0,3,1
910,910,0,1,66,2,-141,-13,0,0,0,0,0,0,0,0,1,0,0,0,0,0,0,0,0,0,0,1,0,0,0,0,0,0,0,0,0,0,0,0,3,0
911,911,0,0,-72,-8,136,8,0,0,0,0,0,0,0,0,1,0,0,0,0,0,0,0,0,0,0,1,0,0,0,0,0,0,0,0,0,0,0,0,3,0
912,912,0,1,-72,-8,136,8,0,0,0,0,0,0,0,0,1,0,0,0,0,0,0,0,0,0,0,1,0,0,0,0,0,0,0,0,0,0,0,0,3,1
913,913,0,0,134,6,-123,5,0,0,0,0,0,0,0,0,1,0,0,0,0,0,0,0,0,0,0,1,0,0,0,0,0,0,0,0,0,0,0,0,3,1
914,914,0,1,134,6,-123,5,0,0,0,0,0,0,0,0,1,0,0,0,0,0,0,0,0,0,0,1,0,0,0,0,0,0,0,0,0,0,0,0,3,1
915,915,0,0,-138,-10,65,1,0,0,0,0,0,0,0,0,1,0,0,0,0,0,0,0,0,0,0,1,0,0,0,0,0,0,0,0,0,0,0,0,3,2
916,916,0,1,-138,-10,65,1,0,0,0,0,0,0,0,0,1,0,0,0,0,0,0,0,0,0,0,1,0,0,0,0,0,0,0,0,0,0,0,0,3,1
917,917,0,0,197,5,-95,1,0,0,0,0,0,0,0,0,1,0,0,0,0,0,0,0,0,0,0,1,0,0,0,0,0,0,0,0,0,0,0,0,3,4
918,918,0,1,197,5,-95,1,0,0,0,0,0,0,0,0,1,0,0,0,0,0,0,0,0,0,0,1,0,0,0,0,0,0,0,0,0,0,0,0,3,3
919,919,0,0,-137,-9,64,0,0,0,0,0,0,0,0,0,1,0,0,0,0,0,0,0,0,0,0,1,0,0,0,0,0,0,0,0,0,0,0,0,3,2
920,920,0,1,-137,-9,64,0,0,0,0,0,0,0,0,0,1,0,0,0,0,0,0,0,0,0,0,1,0,0,0,0,0,0,0,0,0,0,0,0,3,2
921,921,0,0,133,5,-93,3,0,0,0,0,0,0,0,0,1,0,0,0,0,0,0,0,0,0,0,1,0,0,0,0,0,0,0,0,0,0,0,0,3,1
922,922,0,1,133,5,-93,3,0,0,0,0,0,0,0,0,1,0,0,0,0,0,0,0,0,0,0,1,0,0,0,0,0,0,0,0,0,0,0,0,3,2
923,923,0,0,-83,13,85,-11,0,0,0,0,0,0,0,0,1,0,0,0,0,0,0,0,0,0,0,1,0,0,0,0,0,0,0,0,0,0,0,0,3,0
924,924,0,1,-83,13,85,-11,0,0,0,0,0,0,0,0,1,0,0,0,0,0,0,0,0,0,0,1,0,0,0,0,0,0,0,0,0,0,0,0,3,2
925,925,0,0,59,-5,-119,9,0,0,0,0,0,0,0,0,1,0,0,0,0,0,0,0,0,0,0,1,0,0,0,0,0,0,0,0,0,0,0,0,3,3
926,926,0,1,59,-5,-119,9,0,0,0,0,0,0,0,0,1,0,0,0,0,0,0,0,0,0,0,1,0,0,0,0,0,0,0,0,0,0,0,0,3,1
927,927,0,0,-16,-16,46,14,0,0,0,0,0,0,0,0,1,0,0,0,0,0,0,0,0,0,0,1,0,0,0,0,0,0,0,0,0,0,0,0,3,1
928,928,0,1,-16,-16,46,14,0,0,0,0,0,0,0,0,1,0,0,0,0,0,0,0,0,0,0,1,0,0,0,0,0,0,0,0,0,0,0,0,3,1
929,929,0,0,31,-1,-39,-7,0,0,0,0,0,0,0,0,1,0,0,0,0,0,0,0,0,0,0,1,0,0,0,0,0,0,0,0,0,0,0,0,3,4
930,930,0,1,31,-1,-39,-7,0,0,0,0,0,0,0,0,1,0,0,0,0,0,0,0,0,0,0,1,0,0,0,0,0,0,0,0,0,0,0,0,3,2
931,931,0,0,20,-12,10,10,0,0,0,0,0,0,0,0,1,0,0,0,0,0,0,0,0,0,0,1,0,0,0,0,0,0,0,0,0,0,0,0,3,2
932,932,0,1,20,-12,10,10,0,0,0,0,0,0,0,0,1,0,0,0,0,0,0,0,0,0,0,1,0,0,0,0,0,0,0,0,0,0,0,0,3,2
933,933,0,0,29,-3,-12,-12,0,0,0,0,0,0,0,0,1,0,0,0,0,0,0,0,0,0,0,1,0,0,0,0,0,0,0,0,0,0,0,0,3,3
934,934,0,1,29,-3,-12,-12,0,0,0,0,0,0,0,0,1,0,0,0,0,0,0,0,0,0,0,1,0,0,0,0,0,0,0,0,0,0,0,0,3,4
935,935,0,0,-54,10,8,8,0,0,0,0,0,0,0,0,2,0,0,0,0,0,0,0,0,0,0,1,0,0,0,0,0,0,0,0,0,0,0,0,3,2
936,936,0,1,-54,10,8,8,0,0,0,0,0,0,0,0,1,0,0,0,0,0,0,0,0,0,0,1,0,0,0,0,0,0,0,0,0,0,0,0,3,1
937,937,0,0,133,5,-77,-13,0,0,0,0,0,0,0,0,1,0,0,0,0,0,0,0,0,0,0,1,0,0,0,0,0,0,0,0,0,0,0,0,3,4
938,938,0,1,133,5,-77,-13,0,0,0,0,0,0,0,0,2,0,0,0,0,0,0,0,0,0,0,1,0,0,0,0,0,0,0,0,0,0,0,0,3,4
939,939,0,0,-130,-2,101,5,0,0,0,0,0,0,0,0,2,0,0,0,0,0,0,0,0,0,0,1,0,0,0,0,0,0,0,0,0,0,0,0,3,0
940,940,0,1,-130,-2,101,5,0,0,0,0,0,0,0,0,1,0,0,0,0,0,0,0,0,0,0,1,0,0,0,0,0,0,0,0,0,0,0,0,3,1
941,941,0,0,206,14,-159,1,0,0,0,0,0,0,0,0,1,0,0,0,0,0,0,0,0,0,0,1,0,0,0,0,0,0,0,0,0,0,0,0,3,3
942,942,0,1,206,14,-159,1,0,0,0,0,0,0,0,0,1,0,0,0,0,0,0,0,0,0,0,1,0,0,0,0,0,0,0,0,0,0,0,0,3,3
943,943,0,0,-183,9,184,-8,0,0,0,0,0,0,0,0,1,0,0,0,0,0,0,0,0,0,0,1,0,0,0,0,0,0,0,0,0,0,0,0,3,1
944,944,0,1,-183,9,184,-8,0,0,0,0,0,0,0,0,2,0,0,0,0,0,0,0,0,0,0,1,0,0,0,0,0,0,0,0,0,0,0,0,3,1
945,945,0,0,130,2,-192,0,0,0,0,0,0,0,0,0,2,0,0,0,0,0,0,0,0,0,0,1,0,0,0,0,0,0,0,0,0,0,0,0,3,2
946,946,0,1,130,2,-192,0,0,0,0,0,0,0,0,0,2,0,0,0,0,0,0,0,0,0,0,1,0,0,0,0,0,0,0,0,0,0,0,0,3,3
947,947,0,0,-20,12,104,8,0,0,0,0,0,0,0,0,2,0,0,0,0,0,0,0,0,0,0,1,0,0,0,0,0,0,0,0,0,0,0,0,3,0
948,948,0,1,-20,12,104,8,0,0,0,0,0,0,0,0,2,0,0,0,0,0,0,0,0,0,0,1,0,0,0,0,0,0,0,0,0,0,0,0,3,0
949,949,0,0,16,-16,-72,-8,0,0,0,0,0,0,0,0,2,0,0,0,0,0,0,0,0,0,0,1,0,0,0,0,0,0,0,0,0,0,0,0,3,0
950,950,0,1,16,-16,-72,-8,0,0,0,0,0,0,0,0,1,0,0,0,0,0,0,0,0,0,0,1,0,0,0,0,0,0,0,0,0,0,0,0,3,1
951,951,0,0,69,5,36,4,0,0,0,0,0,0,0,0,1,0,0,0,0,0,0,0,0,0,0,1,0,0,0,0,0,0,0,0,0,0,0,0,3,1
952,952,0,1,69,5,36,4,0,0,0,0,0,0,0,0,1,0,0,0,0,0,0,0,0,0,0,1,0,0,0,0,0,0,0,0,0,0,0,0,3,1
953,953,0,0,-35,-3,-39,-7,0,0,0,0,0,0,0,0,1,0,0,0,0,0,0,0,0,0,0,1,0,0,0,0,0,0,0,0,0,0,0,0,3,1
954,954,0,1,-35,-3,-39,-7,0,0,0,0,0,0,0,0,1,0,0,0,0,0,0,0,0,0,0,1,0,0,0,0,0,0,0,0,0,0,0,0,3,0
955,955,0,0,-51,13,36,4,0,0,0,0,0,0,0,0,1,0,0,0,0,0,0,0,0,0,0,1,0,0,0,0,0,0,0,0,0,0,0,0,3,1
956,956,0,1,-51,13,36,4,0,0,0,0,0,0,0,0,1,0,0,0,0,0,0,0,0,0,0,1,0,0,0,0,0,0,0,0,0,0,0,0,3,1
957,957,0,0,173,13,-93,3,0,0,0,0,0,0,0,0,1,0,0,0,0,0,0,0,0,0,0,1,0,0,0,0,0,0,0,0,0,0,0,0,3,4
958,958,0,1,173,13,-93,3,0,0,0,0,0,0,0,0,1,0,0,0,0,0,0,0,0,0,0,1,0,0,0,0,0,0,0,0,0,0,0,0,3,2
959,959,0,0,-137,-9,45,13,0,0,0,0,0,0,0,0,1,0,0,0,0,0,0,0,0,0,0,1,0,0,0,0,0,0,0,0,0,0,0,0,3,1
960,960,0,1,-137,-9,45,13,0,0,0,0,0,0,0,0,1,0,0,0,0,0,0,0,0,0,0,1,0,0,0,0,0,0,0,0,0,0,0,0,3,0
961,961,0,0,174,14,-71,-7,0,0,0,0,0,0,0,0,1,0,0,0,0,0,0,0,0,0,0,1,0,0,0,0,0,0,0,0,0,0,0,0,3,5
962,962,0,1,174,14,-71,-7,0,0,0,0,0,0,0,0,1,0,0,0,0,0,0,0,0,0,0,1,0,0,0,0,0,0,0,0,0,0,0,0,3,4
963,963,0,0,-153,7,25,-7,0,0,0,0,0,0,0,0,1,0,0,0,0,0,0,0,0,0,0,1,0,0,0,0,0,0,0,0,0,0,0,0,3,4
964,964,0,1,-153,7,25,-7,0,0,0,0,0,0,0,0,1,0,0,0,0,0,0,0,0,0,0,1,0,0,0,0,0,0,0,0,0,0,0,0,3,4
965,965,0,0,181,-11,21,-11,0,0,0,0,0,0,0,0,1,0,0,0,0,0,0,0,0,0,0,1,0,0,0,0,0,0,0,0,0,0,0,0,3,3
966,966,0,1,181,-11,21,-11,0,0,0,0,0,0,0,0,1,0,0,0,0,0,0,0,0,0,0,1,0,0,0,0,0,0,0,0,0,0,0,0,3,5
967,967,0,0,-148,12,-130,-2,0,0,0,0,0,0,0,0,1,0,0,0,0,0,0,0,0,0,0,1,0,0,0,0,0,0,0,0,0,0,0,0,3,1
968,968,0,1,-148,12,-130,-2,0,0,0,0,0,0,0,0,1,0,0,0,0,0,0,0,0,0,0,1,0,0,0,0,0,0,0,0,0,0,0,0,3,1
969,969,0,0,163,3,76,12,0,0,0,0,0,0,0,0,1,0,0,0,0,0,0,0,0,0,0,1,0,0,0,0,0,0,0,0,0,0,0,0,3,0
970,970,0,1,163,3,76,12,0,0,0,0,0,0,0,0,1,0,0,0,0,0,0,0,0,0,0,1,0,0,0,0,0,0,0,0,0,0,0,0,3,1
971,971,0,0,-42,-10,-62,2,0,0,0,0,0,0,0,0,1,0,0,0,0,0,0,0,0,0,0,1,0,0,0,0,0,0,0,0,0,0,0,0,3,2
972,972,0,1,-42,-10,-62,2,0,0,0,0,0,0,0,0,1,0,0,0,0,0,0,0,0,0,0,1,0,0,0,0,0,0,0,0,0,0,0,0,3,2
973,973,0,0,-12,-12,8,8,0,0,0,0,0,0,0,0,1,0,0,0,0,0,0,0,0,0,0,1,0,0,0,0,0,0,0,0,0,0,0,0,3,0
974,974,0,1,-12,-12,8,8,0,0,0,0,0,0,0,0,1,0,0,0,0,0,0,0,0,0,0,1,0,0,0,0,0,0,0,0,0,0,0,0,3,2
975,975,0,0,86,-10,-12,-12,0,0,0,0,0,0,0,0,1,0,0,0,0,0,0,0,0,0,0,1,0,0,0,0,0,0,0,0,0,0,0,0,3,1
976,976,0,1,86,-10,-12,-12,0,0,0,0,0,0,0,0,1,0,0,0,0,0,0,0,0,0,0,1,0,0,0,0,0,0,0,0,0,0,0,0,3,1
977,977,0,0,-109,-13,-24,8,0,0,0,0,0,0,0,0,1,0,0,0,0,0,0,0,0,0,0,1,0,0,0,0,0,0,0,0,0,0,0,0,3,5
978,978,0,1,-109,-13,-24,8,0,0,0,0,0,0,0,0,1,0,0,0,0,0,0,0,0,0,0,1,0,0,0,0,0,0,0,0,0,0,0,0,3,4
979,979,0,0,156,-4,-56,8,0,0,0,0,0,0,0,0,1,0,0,0,0,0,0,0,0,0,0,1,0,0,0,0,0,0,0,0,0,0,0,0,3,1
980,980,0,1,156,-4,-56,8,0,0,0,0,0,0,0,0,1,0,0,0,0,0,0,0,0,0,0,1,0,0,0,0,0,0,0,0,0,0,0,0,3,1
981,981,0,0,-75,-11,54,-10,0,0,0,0,0,0,0,0,1,0,0,0,0,0,0,0,0,0,0,1,0,0,0,0,0,0,0,0,0,0,0,0,3,3
982,982,0,1,-75,-11,54,-10,0,0,0,0,0,0,0,0,1,0,0,0,0,0,0,0,0,0,0,1,0,0,0,0,0,0,0,0,0,0,0,0,3,4
983,983,0,0,65,1,-83,13,0,0,0,0,0,0,0,0,2,0,0,0,0,0,0,0,0,0,0,1,0,0,0,0,0,0,0,0,0,0,0,0,3,1
984,984,0,1,65,1,-83,13,0,0,0,0,0,0,0,0,2,0,0,0,0,0,0,0,0,0,0,1,0,0,0,0,0,0,0,0,0,0,0,0,3,1
985,985,0,0,30,-2,24,-8,0,0,0,0,0,0,0,0,2,0,0,0,0,0,0,0,0,0,0,1,0,0,0,0,0,0,0,0,0,0,0,0,3,3
986,986,0,1,30,-2,24,-8,0,0,0,0,0,0,0,0,2,0,0,0,0,0,0,0,0,0,0,1,0,0,0,0,0,0,0,0,0,0,0,0,3,3
987,987,0,0,-56,8,-15,-15,0,0,0,0,0,0,0,0,2,0,0,0,0,0,0,0,0,0,0,1,0,0,0,0,0,0,0,0,0,0,0,0,3,4
988,988,0,1,-56,8,-15,-15,0,0,0,0,0,0,0,0,2,0,0,0,0,0,0,0,0,0,0,1,0,0,0,0,0,0,0,0,0,0,0,0,3,3
989,989,0,0,91,-5,-58,6,0,0,0,0,0,0,0,0,2,0,0,0,0,0,0,0,0,0,0,1,0,0,0,0,0,0,0,0,0,0,0,0,3,3
990,990,0,1,91,-5,-58,6,0,0,0,0,0,0,0,0,2,0,0,0,0,0,0,0,0,0,0,1,0,0,0,0,0,0,0,0,0,0,0,0,3,4
991,991,0,0,-45,-13,23,-9,0,0,0,0,0,0,0,0,2,0,0,0,0,0,0,0,0,0,0,1,0,0,0,0,0,0,0,0,0,0,0,0,3,1
992,992,0,1,-45,-13,23,-9,0,0,0,0,0,0,0,0,2,0,0,0,0,0,0,0,0,0,0,1,0,0,0,0,0,0,0,0,0,0,0,0,3,1
993,993,0,0,98,2,-44,-12,0,0,0,0,0,0,0,0,2,0,0,0,0,0,0,0,0,0,0,1,0,0,0,0,0,0,0,0,0,0,0,0,3,0
994,994,0,1,98,2,-44,-12,0,0,0,0,0,0,0,0,2,0,0,0,0,0,0,0,0,0,0,1,0,0,0,0,0,0,0,0,0,0,0,0,3,1
995,995,0,0,-82,14,24,-8,0,0,0,0,0,0,0,0,2,0,0,0,0,0,0,0,0,0,0,1,0,0,0,0,0,0,0,0,0,0,0,0,3,2
996,996,0,1,-82,14,24,-8,0,0,0,0,0,0,0,0,2,0,0,0,0,0,0,0,0,0,0,1,0,0,0,0,0,0,0,0,0,0,0,0,3,1
997,997,0,0,52,-12,-39,-7,0,0,0,0,0,0,0,0,2,0,0,0,0,0,0,0,0,0,0,1,0,0,0,0,0,0,0,0,0,0,0,0,3,1
998,998,0,1,52,-12,-39,-7,0,0,0,0,0,0,0,0,1,0,0,0,0,0,0,0,0,0,0,1,0,0,0,0,0,0,0,0,0,0,0,0,3,2
999,999,0,0,36,4,-26,6,0,0,0,0,0,0,0,0,1,0,0,0,0,0,0,0,0,0,0,1,0,0,0,0,0,0,0,0,0,0,0,0,3,4
1000,1000,0,1,36,4,-26,6,0,0,0,0,0,0,0,0,1,0,0,0,0,0,0,0,0,0,0,1,0,0,0,0,0,0,0,0,0,0,0,0,3,4
1001,1001,0,0,-6,-6,35,3,0,0,0,0,0,0,0,0,2,0,0,0,0,0,0,0,0,0,0,1,0,0,0,0,0,0,0,0,0,0,0,0,3,0
1002,1002,0,1,-6,-6,35,3,0,0,0,0,0,0,0,0,2,0,0,0,0,0,0,0,0,0,0,1,0,0,0,0,0,0,0,0,0,0,0,0,3,1
1003,1003,0,0,19,-13,-112,-16,0,0,0,0,0,0,0,0,2,0,0,0,0,0,0,0,0,0,0,1,0,0,0,0,0,0,0,0,0,0,0,0,3,2
1004,1004,0,1,19,-13,-112,-16,0,0,0,0,0,0,0,0,2,0,0,0,0,0,0,0,0,0,0,1,0,0,0,0,0,0,0,0,0,0,0,0,3,3
1005,1005,0,0,29,-3,125,-3,0,0,0,0,0,0,0,0,2,0,0,0,0,0,0,0,0,0,0,1,0,0,0,0,0,0,0,0,0,0,0,0,3,2
1006,1006,0,1,29,-3,125,-3,0,0,0,0,0,0,0,0,2,0,0,0,0,0,0,0,0,0,0,1,0,0,0,0,0,0,0,0,0,0,0,0,3,0
1007,1007,0,0,-3,-3,-145,15,0,0,0,0,0,0,0,0,2,0,0,0,0,0,0,0,0,0,0,1,0,0,0,0,0,0,0,0,0,0,0,0,3,1
1008,1008,0,1,-3,-3,-145,15,0,0,0,0,0,0,0,0,2,0,0,0,0,0,0,0,0,0,0,1,0,0,0,0,0,0,0,0,0,0,0,0,3,1
1009,1009,0,0,25,-7,55,-9,0,0,0,0,0,0,0,0,2,0,0,0,0,0,0,0,0,0,0,1,0,0,0,0,0,0,0,0,0,0,0,0,3,3
1010,1010,0,1,25,-7,55,-9,0,0,0,0,0,0,0,0,2,0,0,0,0,0,0,0,0,0,0,1,0,0,0,0,0,0,0,0,0,0,0,0,3,2
1011,1011,0,0,-29,3,-42,-10,0,0,0,0,0,0,0,0,1,0,0,0,0,0,0,0,0,0,0,1,0,0,0,0,0,0,0,0,0,0,0,0,3,0
1012,1012,0,1,-29,3,-42,-10,0,0,0,0,0,0,0,0,1,0,0,0,0,0,0,0,0,0,0,1,0,0,0,0,0,0,0,0,0,0,0,0,3,0
1013,1013,0,0,86,-10,-23,9,0,0,0,0,0,0,0,0,1,0,0,0,0,0,0,0,0,0,0,1,0,0,0,0,0,0,0,0,0,0,0,0,3,2
1014,1014,0,1,86,-10,-23,9,0,0,0,0,0,0,0,0,1,0,0,0,0,0,0,0,0,0,0,1,0,0,0,0,0,0,0,0,0,0,0,0,3,2
1015,1015,0,0,-54,10,17,-15,0,0,0,0,0,0,0,0,1,0,0,0,0,0,0,0,0,0,0,1,0,0,0,0,0,0,0,0,0,0,0,0,3,1
1016,1016,0,1,-54,10,17,-15,0,0,0,0,0,0,0,0,1,0,0,0,0,0,0,0,0,0,0,1,0,0,0,0,0,0,0,0,0,0,0,0,3,1
1017,1017,0,0,47,15,-50,14,0,0,0,0,0,0,0,0,1,0,0,0,0,0,0,0,0,0,0,1,0,0,0,0,0,0,0,0,0,0,0,0,3,1
1018,1018,0,1,47,15,-50,14,0,0,0,0,0,0,0,0,1,0,0,0,0,0,0,0,0,0,0,1,0,0,0,0,0,0,0,0,0,0,0,0,3,2
1019,1019,0,0,33,1,49,-15,0,0,0,0,0,0,0,0,1,0,0,0,0,0,0,0,0,0,0,1,0,0,0,0,0,0,0,0,0,0,0,0,3,2
1020,1020,0,1,33,1,49,-15,0,0,0,0,0,0,0,0,1,0,0,0,0,0,0,0,0,0,0,1,0,0,0,0,0,0,0,0,0,0,0,0,3,1
1021,1021,0,0,-33,-1,-122,6,0,0,0,0,0,0,0,0,1,0,0,0,0,0,0,0,0,0,0,1,0,0,0,0,0,0,0,0,0,0,0,0,3,0
1022,1022,0,1,-33,-1,-122,6,0,0,0,0,0,0,0,0,1,0,0,0,0,0,0,0,0,0,0,1,0,0,0,0,0,0,0,0,0,0,0,0,3,0
1023,1023,0,0,157,-3,116,-12,0,0,0,0,0,0,0,0,1,0,0,0,0,0,0,0,0,0,0,0,0,0,0,0,0,0,0,0,0,0,0,0,3,3
1024,1024,0,1,157,-3,116,-12,0,0,0,0,0,0,0,0,1,0,0,0,0,0,0,0,0,0,0,1,0,0,0,0,0,0,0,0,0,0,0,0,3,1
1025,1025,0,0,-123,5,-166,-6,0,0,0,0,0,0,0,0,1,0,0,0,0,0,0,0,0,0,0,0,0,0,0,0,0,0,0,0,0,0,0,0,3,2
1026,1026,0,1,-123,5,-166,-6,0,0,0,0,0,0,0,0,1,0,0,0,0,0,0,0,0,0,0,0,0,0,0,0,0,0,0,0,0,0,0,0,3,1
1027,1027,0,0,148,-12,142,14,0,0,0,0,0,0,0,0,1,0,0,0,0,0,0,0,0,0,0,0,0,0,0,0,0,0,0,0,0,0,0,0,3,3
1028,1028,0,1,148,-12,142,14,0,0,0,0,0,0,0,0,1,0,0,0,0,0,0,0,0,0,0,0,0,0,0,0,0,0,0,0,0,0,0,0,3,4
1029,1029,0,0,-96,0,-122,6,0,0,0,0,0,0,0,0,1,0,0,0,0,0,0,0,0,0,0,1,0,0,0,0,0,0,0,0,0,0,0,0,3,0
1030,1030,0,1,-96,0,-122,6,0,0,0,0,0,0,0,0,1,0,0,0,0,0,0,0,0,0,0,1,0,0,0,0,0,0,0,0,0,0,0,0,3,0
1031,1031,0,0,38,6,1,1,0,0,0,0,0,0,0,0,1,0,0,0,0,0,0,0,0,0,0,1,0,0,0,0,0,0,0,0,0,0,0,0,3,0
1032,1032,0,1,38,6,1,1,0,0,0,0,0,0,0,0,1,0,0,0,0,0,0,0,0,0,0,0,0,0,0,0,0,0,0,0,0,0,0,0,3,1
1033,1033,0,0,110,14,33,1,0,0,0,0,0,0,0,0,1,0,0,0,0,0,0,0,0,0,0,0,0,0,0,0,0,0,0,0,0,0,0,0,3,2
1034,1034,0,1,110,14,33,1,0,0,0,0,0,0,0,0,1,0,0,0,0,0,0,0,0,0,0,0,0,0,0,0,0,0,0,0,0,0,0,0,3,2
1035,1035,0,0,-111,-15,-78,-14,0,0,0,0,0,0,0,0,1,0,0,0,0,0,0,0,0,0,0,0,0,0,0,0,0,0,0,0,0,0,0,0,3,0
1036,1036,0,1,-111,-15,-78,-14,0,0,0,0,0,0,0,0,1,0,0,0,0,0,0,0,0,0,0,0,0,0,0,0,0,0,0,0,0,0,0,0,3,0
1037,1037,0,0,95,-1,86,-10,0,0,0,0,0,0,0,0,1,0,0,0,0,0,0,0,0,0,0,0,0,0,0,0,0,0,0,0,0,0,0,0,3,1
1038,1038,0,1,95,-1,86,-10,0,0,0,0,0,0,0,0,1,0,0,0,0,0,0,0,0,0,0,0,0,0,0,0,0,0,0,0,0,0,0,0,3,2
1039,1039,0,0,-37,-5,-153,7,0,0,0,0,0,0,0,0,1,0,0,0,0,0,0,0,0,0,0,0,0,0,0,0,0,0,0,0,0,0,0,0,3,2
1040,1040,0,1,-37,-5,-153,7,0,0,0,0,0,0,0,0,1,0,0,0,0,0,0,0,0,0,0,0,0,0,0,0,0,0,0,0,0,0,0,0,3,0
1041,1041,0,0,29,-3,67,3,0,0,0,0,0,0,0,0,1,0,0,0,0,0,0,0,0,0,0,0,0,0,0,0,0,0,0,0,0,0,0,0,3,3
1042,1042,0,1,29,-3,67,3,0,0,0,0,0,0,0,0,1,0,0,0,0,0,0,0,0,0,0,0,0,0,0,0,0,0,0,0,0,0,0,0,3,2
1043,1043,0,0,61,-3,-54,10,0,0,0,0,0,0,0,0,1,0,0,0,0,0,0,0,0,0,0,0,0,0,0,0,0,0,0,0,0,0,0,0,3,5
1044,1044,0,1,61,-3,-54,10,0,0,0,0,0,0,0,0,1,0,0,0,0,0,0,0,0,0,0,1,0,0,0,0,0,0,0,0,0,0,0,0,3,3
1045,1045,0,0,-46,-14,-9,-9,0,0,0,0,0,0,0,0,1,0,0,0,0,0,0,0,0,0,0,1,0,0,0,0,0,0,0,0,0,0,0,0,3,3
1046,1046,0,1,-46,-14,-9,-9,0,0,0,0,0,0,0,0,1,0,0,0,0,0,0,0,0,0,0,1,0,0,0,0,0,0,0,0,0,0,0,0,3,3
1047,1047,0,0,56,-8,55,-9,0,0,0,0,0,0,0,0,1,0,0,0,0,0,0,0,0,0,0,1,0,0,0,0,0,0,0,0,0,0,0,0,3,3
1048,1048,0,1,56,-8,55,-9,0,0,0,0,0,0,0,0,1,0,0,0,0,0,0,0,0,0,0,1,0,0,0,0,0,0,0,0,0,0,0,0,3,4
1049,1049,0,0,-41,-9,-123,5,0,0,0,0,0,0,0,0,1,0,0,0,0,0,0,0,0,0,0,1,0,0,0,0,0,0,0,0,0,0,0,0,3,1
1050,1050,0,1,-41,-9,-123,5,0,0,0,0,0,0,0,0,1,0,0,0,0,0,0,0,0,0,0,1,0,0,0,0,0,0,0,0,0,0,0,0,3,4
1051,1051,0,0,54,-10,114,-14,0,0,0,0,0,0,0,0,1,0,0,0,0,0,0,0,0,0,0,1,0,0,0,0,0,0,0,0,0,0,0,0,3,2
1052,1052,0,1,54,-10,114,-14,0,0,0,0,0,0,0,0,1,0,0,0,0,0,0,0,0,0,0,1,0,0,0,0,0,0,0,0,0,0,0,0,3,3
1053,1053,0,0,-1,-1,-139,-11,0,0,0,0,0,0,0,0,1,0,0,0,0,0,0,0,0,0,0,1,0,0,0,0,0,0,0,0,0,0,0,0,3,4
1054,1054,0,1,-1,-1,-139,-11,0,0,0,0,0,0,0,0,2,0,0,0,0,0,0,0,0,0,0,1,0,0,0,0,0,0,0,0,0,0,0,0,3,2
1055,1055,0,0,93,-3,133,5,0,0,0,0,0,0,0,0,2,0,0,0,0,0,0,0,0,0,0,1,0,0,0,0,0,0,0,0,0,0,0,0,3,2
1056,1056,0,1,93,-3,133,5,0,0,0,0,0,0,0,0,2,0,0,0,0,0,0,0,0,0,0,1,0,0,0,0,0,0,0,0,0,0,0,0,3,2
1057,1057,0,0,-97,-1,-155,5,0,0,0,0,0,0,0,0,2,0,0,0,0,0,0,0,0,0,0,1,0,0,0,0,0,0,0,0,0,0,0,0,3,1
1058,1058,0,1,-97,-1,-155,5,0,0,0,0,0,0,0,0,2,0,0,0,0,0,0,0,0,0,0,1,0,0,0,0,0,0,0,0,0,0,0,0,3,2
1059,1059,0,0,100,4,118,-10,0,0,0,0,0,0,0,0,2,0,0,0,0,0,0,0,0,0,0,1,0,0,0,0,0,0,0,0,0,0,0,0,3,4
1060,1060,0,1,100,4,118,-10,0,0,0,0,0,0,0,0,2,0,0,0,0,0,0,0,0,0,0,1,0,0,0,0,0,0,0,0,0,0,0,0,3,4
1061,1061,0,0,-50,14,-145,15,0,0,0,0,0,0,0,0,2,0,0,0,0,0,0,0,0,0,0,1,0,0,0,0,0,0,0,0,0,0,0,0,3,0
1062,1062,0,1,-50,14,-145,15,0,0,0,0,0,0,0,0,2,0,0,0,0,0,0,0,0,0,0,1,0,0,0,0,0,0,0,0,0,0,0,0,3,2
1063,1063,0,0,77,13,112,-16,0,0,0,0,0,0,0,0,2,0,0,0,0,0,0,0,0,0,0,1,0,0,0,0,0,0,0,0,0,0,0,0,3,2
1064,1064,0,1,77,13,112,-16,0,0,0,0,0,0,0,0,2,0,0,0,0,0,0,0,0,0,0,1,0,0,0,0,0,0,0,0,0,0,0,0,3,2
1065,1065,0,0,-12,-12,-140,-12,0,0,0,0,0,0,0,0,2,0,0,0,0,0,0,0,0,0,0,1,0,0,0,0,0,0,0,0,0,0,0,0,3,1
1066,1066,0,1,-12,-12,-140,-12,0,0,0,0,0,0,0,0,2,0,0,0,0,0,0,0,0,0,0,1,0,0,0,0,0,0,0,0,0,0,0,0,3,0
1067,1067,0,0,58,-6,119,-9,0,0,0,0,0,0,0,0,2,0,0,0,0,0,0,0,0,0,0,1,0,0,0,0,0,0,0,0,0,0,0,0,3,1
1068,1068,0,1,58,-6,119,-9,0,0,0,0,0,0,0,0,2,0,0,0,0,0,0,0,0,0,0,1,0,0,0,0,0,0,0,0,0,0,0,0,3,1
1069,1069,0,0,-36,-4,-150,10,0,0,0,0,0,0,0,0,2,0,0,0,0,0,0,0,0,0,0,1,0,0,0,0,0,0,0,0,0,0,0,0,3,3
1070,1070,0,1,-36,-4,-150,10,0,0,0,0,0,0,0,0,2,0,0,0,0,0,0,0,0,0,0,1,0,0,0,0,0,0,0,0,0,0,0,0,3,2
1071,1071,0,0,29,-3,135,7,0,0,0,0,0,0,0,0,2,0,0,0,0,0,0,0,0,0,0,1,0,0,0,0,0,0,0,0,0,0,0,0,3,1
1072,1072,0,1,29,-3,135,7,0,0,0,0,0,0,0,0,2,0,0,0,0,0,0,0,0,0,0,1,0,0,0,0,0,0,0,0,0,0,0,0,3,1
1073,1073,0,0,15,15,-195,-3,0,0,0,0,0,0,0,0,2,0,0,0,0,0,0,0,0,0,0,1,0,0,0,0,0,0,0,0,0,0,0,0,3,2
1074,1074,0,1,15,15,-195,-3,0,0,0,0,0,0,0,0,2,0,0,0,0,0,0,0,0,0,0,1,0,0,0,0,0,0,0,0,0,0,0,0,3,2
1075,1075,0,0,54,-10,209,-15,0,0,0,0,0,0,0,0,2,0,0,0,0,0,0,0,0,0,0,1,0,0,0,0,0,0,0,0,0,0,0,0,3,3
1076,1076,0,1,54,-10,209,-15,0,0,0,0,0,0,0,0,2,0,0,0,0,0,0,0,0,0,0,1,0,0,0,0,0,0,0,0,0,0,0,0,3,1
1077,1077,0,0,-49,15,-199,-7,0,0,0,0,0,0,0,0,2,0,0,0,0,0,0,0,0,0,0,1,0,0,0,0,0,0,0,0,0,0,0,0,3,2
1078,1078,0,1,-49,15,-199,-7,0,0,0,0,0,0,0,0,2,0,0,0,0,0,0,0,0,0,0,1,0,0,0,0,0,0,0,0,0,0,0,0,3,3
1079,1079,0,0,127,-1,118,-10,0,0,0,0,0,0,0,0,2,0,0,0,0,0,0,0,0,0,0,1,0,0,0,0,0,0,0,0,0,0,0,0,3,1
1080,1080,0,1,127,-1,118,-10,0,0,0,0,0,0,0,0,2,0,0,0,0,0,0,0,0,0,0,0,0,0,0,0,0,0,0,0,0,0,0,0,3,2
1081,1081,0,0,-89,7,-79,-15,0,0,0,0,0,0,0,0,1,0,0,0,0,0,0,0,0,0,0,0,0,0,0,0,0,0,0,0,0,0,0,0,3,2
1082,1082,0,1,-89,7,-79,-15,0,0,0,0,0,0,0,0,2,0,0,0,0,0,0,0,0,0,0,0,0,0,0,0,0,0,0,0,0,0,0,0,3,3
1083,1083,0,0,83,-13,-39,-7,0,0,0,0,0,0,0,0,1,0,0,0,0,0,0,0,0,0,0,0,0,0,0,0,0,0,0,0,0,0,0,0,3,1
1084,1084,0,1,83,-13,-39,-7,0,0,0,0,0,0,0,0,1,0,0,0,0,0,0,0,0,0,0,0,0,0,0,0,0,0,0,0,0,0,0,0,3,2
1085,1085,0,0,10,10,58,-6,0,0,0,0,0,0,0,0,1,0,0,0,0,0,0,0,0,0,0,0,0,0,0,0,0,0,0,0,0,0,0,0,3,2
1086,1086,0,1,10,10,58,-6,0,0,0,0,0,0,0,0,1,0,0,0,0,0,0,0,0,0,0,0,0,0,0,0,0,0,0,0,0,0,0,0,3,2
1087,1087,0,0,-6,-6,-114,14,0,0,0,0,0,0,0,0,1,0,0,0,0,0,0,0,0,0,0,0,0,0,0,0,0,0,0,0,0,0,0,0,3,1
1088,1088,0,1,-6,-6,-114,14,0,0,0,0,0,0,0,0,1,0,0,0,0,0,0,0,0,0,0,0,0,0,0,0,0,0,0,0,0,0,0,0,3,1
1089,1089,0,0,55,-9,99,3,0,0,0,0,0,0,0,0,1,0,0,0,0,0,0,0,0,0,0,0,0,0,0,0,0,0,0,0,0,0,0,0,3,3
1090,1090,0,1,55,-9,99,3,0,0,0,0,0,0,0,0,1,0,0,0,0,0,0,0,0,0,0,0,0,0,0,0,0,0,0,0,0,0,0,0,3,2
1091,1091,0,0,-85,11,-79,-15,0,0,0,0,0,0,0,0,1,0,0,0,0,0,0,0,0,0,0,0,0,0,0,0,0,0,0,0,0,0,0,0,3,1
1092,1092,0,1,-85,11,-79,-15,0,0,0,0,0,0,0,0,1,0,0,0,0,0,0,0,0,0,0,0,0,0,0,0,0,0,0,0,0,0,0,0,3,1
1093,1093,0,0,91,-5,12,12,0,0,0,0,0,0,0,0,1,0,0,0,0,0,0,0,0,0,0,0,0,0,0,0,0,0,0,0,0,0,0,0,3,4
1094,1094,0,1,91,-5,12,12,0,0,0,0,0,0,0,0,1,0,0,0,0,0,0,0,0,0,0,0,0,0,0,0,0,0,0,0,0,0,0,0,3,3
1095,1095,0,0,-22,10,-10,-10,0,0,0,0,0,0,0,0,1,0,0,0,0,0,0,0,0,0,0,0,0,0,0,0,0,0,0,0,0,0,0,0,3,4
1096,1096,0,1,-22,10,-10,-10,0,0,0,0,0,0,0,0,1,0,0,0,0,0,0,0,0,0,0,0,0,0,0,0,0,0,0,0,0,0,0,0,3,3
1097,1097,0,0,33,1,-12,-12,0,0,0,0,0,0,0,0,1,0,0,0,0,0,0,0,0,0,0,0,0,0,0,0,0,0,0,0,0,0,0,0,3,3
1098,1098,0,1,33,1,-12,-12,0,0,0,0,0,0,0,0,1,0,0,0,0,0,0,0,0,0,0,0,0,0,0,0,0,0,0,0,0,0,0,0,3,4
1099,1099,0,0,-4,-4,-7,-7,0,0,0,0,0,0,0,0,2,0,0,0,0,0,0,0,0,0,0,1,0,0,0,0,0,0,0,0,0,0,0,0,3,3
1100,1100,0,1,-4,-4,-7,-7,0,0,0,0,0,0,0,0,2,0,0,0,0,0,0,0,0,0,0,1,0,0,0,0,0,0,0,0,0,0,0,0,3,4
1101,1101,0,0,18,-14,-12,-12,0,0,0,0,0,0,0,0,2,0,0,0,0,0,0,0,0,0,0,1,0,0,0,0,0,0,0,0,0,0,0,0,3,0
1102,1102,0,1,18,-14,-12,-12,0,0,0,0,0,0,0,0,2,0,0,0,0,0,0,0,0,0,0,1,0,0,0,0,0,0,0,0,0,0,0,0,3,3
1103,1103,0,0,-4,-4,-52,12,0,0,0,0,0,0,0,0,2,0,0,0,0,0,0,0,0,0,0,1,0,0,0,0,0,0,0,0,0,0,0,0,3,2
1104,1104,0,1,-4,-4,-52,12,0,0,0,0,0,0,0,0,2,0,0,0,0,0,0,0,0,0,0,1,0,0,0,0,0,0,0,0,0,0,0,0,3,3
1105,1105,0,0,51,-13,3,3,0,0,0,0,0,0,0,0,2,0,0,0,0,0,0,0,0,0,0,1,0,0,0,0,0,0,0,0,0,0,0,0,3,1
1106,1106,0,1,51,-13,3,3,0,0,0,0,0,0,0,0,2,0,0,0,0,0,0,0,0,0,0,1,0,0,0,0,0,0,0,0,0,0,0,0,3,0
1107,1107,0,0,0,0,-31,1,0,0,0,0,0,0,0,0,2,0,0,0,0,0,0,0,0,0,0,1,0,0,0,0,0,0,0,0,0,0,0,0,3,2
1108,1108,0,1,0,0,-31,1,0,0,0,0,0,0,0,0,2,0,0,0,0,0,0,0,0,0,0,1,0,0,0,0,0,0,0,0,0,0,0,0,3,2
1109,1109,0,0,-52,12,73,9,0,0,0,0,0,0,0,0,2,0,0,0,0,0,0,0,0,0,0,1,0,0,0,0,0,0,0,0,0,0,0,0,3,1
1110,1110,0,1,-52,12,73,9,0,0,0,0,0,0,0,0,2,0,0,0,0,0,0,0,0,0,0,1,0,0,0,0,0,0,0,0,0,0,0,0,3,1
1111,1111,0,0,149,-11,-180,12,0,0,0,0,0,0,0,0,2,0,0,0,0,0,0,0,0,0,0,1,0,0,0,0,0,0,0,0,0,0,0,0,3,1
1112,1112,0,1,149,-11,-180,12,0,0,0,0,0,0,0,0,2,0,0,0,0,0,0,0,0,0,0,1,0,0,0,0,0,0,0,0,0,0,0,0,3,2
1113,1113,0,0,-171,-11,183,-9,0,0,0,0,0,0,0,0,2,0,0,0,0,0,0,0,0,0,0,1,0,0,0,0,0,0,0,0,0,0,0,0,3,1
1114,1114,0,1,-171,-11,183,-9,0,0,0,0,0,0,0,0,2,0,0,0,0,0,0,0,0,0,0,1,0,0,0,0,0,0,0,0,0,0,0,0,3,2
1115,1115,0,0,159,-1,-239,-15,0,0,0,0,0,0,0,0,2,0,0,0,0,0,0,0,0,0,0,1,0,0,0,0,0,0,0,0,0,0,0,0,3,1
1116,1116,0,1,159,-1,-239,-15,0,0,0,0,0,0,0,0,2,0,0,0,0,0,0,0,0,0,0,1,0,0,0,0,0,0,0,0,0,0,0,0,3,0
1117,1117,0,0,-33,-1,214,-10,0,0,0,0,0,0,0,0,1,0,0,0,0,0,0,0,0,0,0,1,0,0,0,0,0,0,0,0,0,0,0,0,3,0
1118,1118,0,1,-33,-1,214,-10,0,0,0,0,0,0,0,0,1,0,0,0,0,0,0,0,0,0,0,1,0,0,0,0,0,0,0,0,0,0,0,0,3,1
1119,1119,0,0,-10,-10,-176,-16,0,0,0,0,0,0,0,0,1,0,0,0,0,0,0,0,0,0,0,1,0,0,0,0,0,0,0,0,0,0,0,0,3,0
1120,1120,0,1,-10,-10,-176,-16,0,0,0,0,0,0,0,0,1,0,0,0,0,0,0,0,0,0,0,1,0,0,0,0,0,0,0,0,0,0,0,0,3,0
1121,1121,0,0,72,8,120,-8,0,0,0,0,0,0,0,0,1,0,0,0,0,0,0,0,0,0,0,1,0,0,0,0,0,0,0,0,0,0,0,0,3,0
1122,1122,0,1,72,8,120,-8,0,0,0,0,0,0,0,0,1,0,0,0,0,0,0,0,0,0,0,1,0,0,0,0,0,0,0,0,0,0,0,0,3,1
1123,1123,0,0,-42,-10,-91,5,0,0,0,0,0,0,0,0,1,0,0,0,0,0,0,0,0,0,0,1,0,0,0,0,0,0,0,0,0,0,0,0,3,2
1124,1124,0,1,-42,-10,-91,5,0,0,0,0,0,0,0,0,1,0,0,0,0,0,0,0,0,0,0,1,0,0,0,0,0,0,0,0,0,0,0,0,3,2
1125,1125,0,0,69,5,36,4,0,0,0,0,0,0,0,0,1,0,0,0,0,0,0,0,0,0,0,1,0,0,0,0,0,0,0,0,0,0,0,0,3,1
1126,1126,0,1,69,5,36,4,0,0,0,0,0,0,0,0,1,0,0,0,0,0,0,0,0,0,0,1,0,0,0,0,0,0,0,0,0,0,0,0,3,1
1127,1127,0,0,-12,-12,-60,4,0,0,0,0,0,0,0,0,1,0,0,0,0,0,0,0,0,0,0,1,0,0,0,0,0,0,0,0,0,0,0,0,3,0
1128,1128,0,1,-12,-12,-60,4,0,0,0,0,0,0,0,0,1,0,0,0,0,0,0,0,0,0,0,0,0,0,0,0,0,0,0,0,0,0,0,0,3,0
1129,1129,0,0,45,13,44,12,0,0,0,0,0,0,0,0,1,0,0,0,0,0,0,0,0,0,0,0,0,0,0,0,0,0,0,0,0,0,0,0,3,1
1130,1130,0,1,45,13,44,12,0,0,0,0,0,0,0,0,1,0,0,0,0,0,0,0,0,0,0,0,0,0,0,0,0,0,0,0,0,0,0,0,3,0
1131,1131,0,0,26,-6,-58,6,0,0,0,0,0,0,0,0,1,0,0,0,0,0,0,0,0,0,0,0,0,0,0,0,0,0,0,0,0,0,0,0,3,6
1132,1132,0,1,26,-6,-58,6,0,0,0,0,0,0,0,0,1,0,0,0,0,0,0,0,0,0,0,0,0,0,0,0,0,0,0,0,0,0,0,0,3,4
1133,1133,0,0,-17,15,38,6,0,0,0,0,0,0,0,0,1,0,0,0,0,0,0,0,0,0,0,0,0,0,0,0,0,0,0,0,0,0,0,0,3,4
1134,1134,0,1,-17,15,38,6,0,0,0,0,0,0,0,0,1,0,0,0,0,0,0,0,0,0,0,1,0,0,0,0,0,0,0,0,0,0,0,0,3,2
1135,1135,0,0,60,-4,-56,8,0,0,0,0,0,0,0,0,1,0,0,0,0,0,0,0,0,0,0,1,0,0,0,0,0,0,0,0,0,0,0,0,3,4
1136,1136,0,1,60,-4,-56,8,0,0,0,0,0,0,0,0,1,0,0,0,0,0,0,0,0,0,0,1,0,0,0,0,0,0,0,0,0,0,0,0,3,6
1137,1137,0,0,-34,-2,29,-3,0,0,0,0,0,0,0,0,1,0,0,0,0,0,0,0,0,0,0,1,0,0,0,0,0,0,0,0,0,0,0,0,3,3
1138,1138,0,1,-34,-2,29,-3,0,0,0,0,0,0,0,0,1,0,0,0,0,0,0,0,0,0,0,1,0,0,0,0,0,0,0,0,0,0,0,0,3,3
1139,1139,0,0,104,8,-20,12,0,0,0,0,0,0,0,0,1,0,0,0,0,0,0,0,0,0,0,1,0,0,0,0,0,0,0,0,0,0,0,0,3,2
1140,1140,0,1,104,8,-20,12,0,0,0,0,0,0,0,0,1,0,0,0,0,0,0,0,0,0,0,1,0,0,0,0,0,0,0,0,0,0,0,0,3,3
1141,1141,0,0,-102,-6,-4,-4,0,0,0,0,0,0,0,0,1,0,0,0,0,0,0,0,0,0,0,1,0,0,0,0,0,0,0,0,0,0,0,0,3,2
1142,1142,0,1,-102,-6,-4,-4,0,0,0,0,0,0,0,0,1,0,0,0,0,0,0,0,0,0,0,1,0,0,0,0,0,0,0,0,0,0,0,0,3,2
1143,1143,0,0,108,12,-18,14,0,0,0,0,0,0,0,0,1,0,0,0,0,0,0,0,0,0,0,1,0,0,0,0,0,0,0,0,0,0,0,0,3,1
1144,1144,0,1,108,12,-18,14,0,0,0,0,0,0,0,0,1,0,0,0,0,0,0,0,0,0,0,1,0,0,0,0,0,0,0,0,0,0,0,0,3,2
1145,1145,0,0,-65,-1,-26,6,0,0,0,0,0,0,0,0,1,0,0,0,0,0,0,0,0,0,0,1,0,0,0,0,0,0,0,0,0,0,0,0,3,1
1146,1146,0,1,-65,-1,-26,6,0,0,0,0,0,0,0,0,1,0,0,0,0,0,0,0,0,0,0,1,0,0,0,0,0,0,0,0,0,0,0,0,3,2
1147,1147,0,0,92,-4,-46,-14,0,0,0,0,0,0,0,0,1,0,0,0,0,0,0,0,0,0,0,1,0,0,0,0,0,0,0,0,0,0,0,0,3,1
1148,1148,0,1,92,-4,-46,-14,0,0,0,0,0,0,0,0,1,0,0,0,0,0,0,0,0,0,0,1,0,0,0,0,0,0,0,0,0,0,0,0,3,1
1149,1149,0,0,-35,-3,24,-8,0,0,0,0,0,0,0,0,1,0,0,0,0,0,0,0,0,0,0,1,0,0,0,0,0,0,0,0,0,0,0,0,3,1
1150,1150,0,1,-35,-3,24,-8,0,0,0,0,0,0,0,0,1,0,0,0,0,0,0,0,0,0,0,1,0,0,0,0,0,0,0,0,0,0,0,0,3,2
1151,1151,0,0,41,9,-5,-5,0,0,0,0,0,0,0,0,1,0,0,0,0,0,0,0,0,0,0,1,0,0,0,0,0,0,0,0,0,0,0,0,3,1
1152,1152,0,1,41,9,-5,-5,0,0,0,0,0,0,0,0,1,0,0,0,0,0,0,0,0,0,0,1,0,0,0,0,0,0,0,0,0,0,0,0,3,1
1153,1153,0,0,-36,-4,-31,1,0,0,0,0,0,0,0,0,1,0,0,0,0,0,0,0,0,0,0,1,0,0,0,0,0,0,0,0,0,0,0,0,3,0
1154,1154,0,1,-36,-4,-31,1,0,0,0,0,0,0,0,0,1,0,0,0,0,0,0,0,0,0,0,1,0,0,0,0,0,0,0,0,0,0,0,0,3,0
1155,1155,0,0,56,-8,-32,0,0,0,0,0,0,0,0,0,1,0,0,0,0,0,0,0,0,0,0,1,0,0,0,0,0,0,0,0,0,0,0,0,3,1
1156,1156,0,1,56,-8,-32,0,0,0,0,0,0,0,0,0,1,0,0,0,0,0,0,0,0,0,0,1,0,0,0,0,0,0,0,0,0,0,0,0,3,1
1157,1157,0,0,19,-13,4,4,0,0,0,0,0,0,0,0,1,0,0,0,0,0,0,0,0,0,0,1,0,0,0,0,0,0,0,0,0,0,0,0,3,0
1158,1158,0,1,19,-13,4,4,0,0,0,0,0,0,0,0,1,0,0,0,0,0,0,0,0,0,0,1,0,0,0,0,0,0,0,0,0,0,0,0,3,0
1159,1159,0,0,-11,-11,-52,12,0,0,0,0,0,0,0,0,1,0,0,0,0,0,0,0,0,0,0,1,0,0,0,0,0,0,0,0,0,0,0,0,3,3
1160,1160,0,1,-11,-11,-52,12,0,0,0,0,0,0,0,0,1,0,0,0,0,0,0,0,0,0,0,1,0,0,0,0,0,0,0,0,0,0,0,0,3,1
1161,1161,0,0,99,3,55,-9,0,0,0,0,0,0,0,0,1,0,0,0,0,0,0,0,0,0,0,1,0,0,0,0,0,0,0,0,0,0,0,0,3,1
1162,1162,0,1,99,3,55,-9,0,0,0,0,0,0,0,0,1,0,0,0,0,0,0,0,0,0,0,1,0,0,0,0,0,0,0,0,0,0,0,0,3,1
1163,1163,0,0,-134,-6,-65,-1,0,0,0,0,0,0,0,0,1,0,0,0,0,0,0,0,0,0,0,1,0,0,0,0,0,0,0,0,0,0,0,0,3,1
1164,1164,0,1,-134,-6,-65,-1,0,0,0,0,0,0,0,0,1,0,0,0,0,0,0,0,0,0,0,1,0,0,0,0,0,0,0,0,0,0,0,0,3,2
1165,1165,0,0,189,-3,-42,-10,0,0,0,0,0,0,0,0,1,0,0,0,0,0,0,0,0,0,0,0,0,0,0,0,0,0,0,0,0,0,0,0,3,1
1166,1166,0,1,189,-3,-42,-10,0,0,0,0,0,0,0,0,1,0,0,0,0,0,0,0,0,0,0,0,0,0,0,0,0,0,0,0,0,0,0,0,3,1
1167,1167,0,0,-169,-9,52,-12,0,0,0,0,0,0,0,0,1,0,0,0,0,0,0,0,0,0,0,0,0,0,0,0,0,0,0,0,0,0,0,0,3,3
1168,1168,0,1,-169,-9,52,-12,0,0,0,0,0,0,0,0,1,0,0,0,0,0,0,0,0,0,0,0,0,0,0,0,0,0,0,0,0,0,0,0,3,2
1169,1169,0,0,247,-9,-55,9,0,0,0,0,0,0,0,0,1,0,0,0,0,0,0,0,0,0,0,0,0,0,0,0,0,0,0,0,0,0,0,0,3,0
1170,1170,0,1,247,-9,-55,9,0,0,0,0,0,0,0,0,1,0,0,0,0,0,0,0,0,0,0,0,0,0,0,0,0,0,0,0,0,0,0,0,3,0
1171,1171,0,0,-194,-2,17,-15,0,0,0,0,0,0,0,0,1,0,0,0,0,0,0,0,0,0,0,0,0,0,0,0,0,0,0,0,0,0,0,0,3,0
1172,1172,0,1,-194,-2,17,-15,0,0,0,0,0,0,0,0,1,0,0,0,0,0,0,0,0,0,0,0,0,0,0,0,0,0,0,0,0,0,0,0,3,0
1173,1173,0,0,148,-12,-21,11,0,0,0,0,0,0,0,0,1,0,0,0,0,0,0,0,0,0,0,0,0,0,0,0,0,0,0,0,0,0,0,0,3,1
1174,1174,0,1,148,-12,-21,11,0,0,0,0,0,0,0,0,1,0,0,0,0,0,0,0,0,0,0,0,0,0,0,0,0,0,0,0,0,0,0,0,3,1
1175,1175,0,0,-80,-16,-11,-11,0,0,0,0,0,0,0,0,1,0,0,0,0,0,0,0,0,0,0,0,0,0,0,0,0,0,0,0,0,0,0,0,3,1
1176,1176,0,1,-80,-16,-11,-11,0,0,0,0,0,0,0,0,1,0,0,0,0,0,0,0,0,0,0,0,0,0,0,0,0,0,0,0,0,0,0,0,3,2
1177,1177,0,0,100,4,-85,11,0,0,0,0,0,0,0,0,1,0,0,0,0,0,0,0,0,0,0,0,0,0,0,0,0,0,0,0,0,0,0,0,3,1
1178,1178,0,1,100,4,-85,11,0,0,0,0,0,0,0,0,1,0,0,0,0,0,0,0,0,0,0,0,0,0,0,0,0,0,0,0,0,0,0,0,3,0
1179,1179,0,0,-29,3,134,6,0,0,0,0,0,0,0,0,0,0,0,0,0,0,0,0,0,0,0,0,0,0,0,0,0,0,0,0,0,0,0,0,3,1
1180,1180,0,1,-29,3,134,6,0,0,0,0,0,0,0,0,0,0,0,0,0,0,0,0,0,0,0,0,0,0,0,0,0,0,0,0,0,0,0,0,3,1
1181,1181,0,0,41,9,-215,9,0,0,0,0,0,0,0,0,0,0,0,0,0,0,0,0,0,0,0,0,0,0,0,0,0,0,0,0,0,0,0,0,3,3
1182,1182,0,1,41,9,-215,9,0,0,0,0,0,0,0,0,1,0,0,0,0,0,0,0,0,0,0,0,0,0,0,0,0,0,0,0,0,0,0,0,3,1
1183,1183,0,0,-25,7,203,11,0,0,0,0,0,0,0,0,1,0,0,0,0,0,0,0,0,0,0,0,0,0,0,0,0,0,0,0,0,0,0,0,3,2
1184,1184,0,1,-25,7,203,11,0,0,0,0,0,0,0,0,1,0,0,0,0,0,0,0,0,0,0,0,0,0,0,0,0,0,0,0,0,0,0,0,3,3
1185,1185,0,0,83,-13,-198,-6,0,0,0,0,0,0,0,0,1,0,0,0,0,0,0,0,0,0,0,0,0,0,0,0,0,0,0,0,0,0,0,0,3,4
1186,1186,0,1,83,-13,-198,-6,0,0,0,0,0,0,0,0,1,0,0,0,0,0,0,0,0,0,0,0,0,0,0,0,0,0,0,0,0,0,0,0,3,3
1187,1187,0,0,-53,11,66,2,0,0,0,0,0,0,0,0,1,0,0,0,0,0,0,0,0,0,0,0,0,0,0,0,0,0,0,0,0,0,0,0,3,1
1188,1188,0,1,-53,11,66,2,0,0,0,0,0,0,0,0,1,0,0,0,0,0,0,0,0,0,0,0,0,0,0,0,0,0,0,0,0,0,0,0,3,1
1189,1189,0,0,95,-1,-42,-10,0,0,0,0,0,0,0,0,1,0,0,0,0,0,0,0,0,0,0,0,0,0,0,0,0,0,0,0,0,0,0,0,3,5
1190,1190,0,1,95,-1,-42,-10,0,0,0,0,0,0,0,0,1,0,0,0,0,0,0,0,0,0,0,0,0,0,0,0,0,0,0,0,0,0,0,0,3,5
1191,1191,0,0,-55,9,-35,-3,0,0,0,0,0,0,0,0,1,0,0,0,0,0,0,0,0,0,0,1,0,0,0,0,0,0,0,0,0,0,0,0,3,2
1192,1192,0,1,-55,9,-35,-3,0,0,0,0,0,0,0,0,1,0,0,0,0,0,0,0,0,0,0,1,0,0,0,0,0,0,0,0,0,0,0,0,3,3
1193,1193,0,0,43,11,41,9,0,0,0,0,0,0,0,0,1,0,0,0,0,0,0,0,0,0,0,1,0,0,0,0,0,0,0,0,0,0,0,0,3,1
1194,1194,0,1,43,11,41,9,0,0,0,0,0,0,0,0,1,0,0,0,0,0,0,0,0,0,0,1,0,0,0,0,0,0,0,0,0,0,0,0,3,3
1195,1195,0,0,9,9,-61,3,0,0,0,0,0,0,0,0,1,0,0,0,0,0,0,0,0,0,0,1,0,0,0,0,0,0,0,0,0,0,0,0,3,1
1196,1196,0,1,9,9,-61,3,0,0,0,0,0,0,0,0,1,0,0,0,0,0,0,0,0,0,0,1,0,0,0,0,0,0,0,0,0,0,0,0,3,2
1197,1197,0,0,27,-5,-43,-11,0,0,0,0,0,0,0,0,1,0,0,0,0,0,0,0,0,0,0,1,0,0,0,0,0,0,0,0,0,0,0,0,3,4
1198,1198,0,1,27,-5,-43,-11,0,0,0,0,0,0,0,0,1,0,0,0,0,0,0,0,0,0,0,1,0,0,0,0,0,0,0,0,0,0,0,0,3,3
1199,1199,0,0,-26,6,40,8,0,0,0,0,0,0,0,0,1,0,0,0,0,0,0,0,0,0,0,1,0,0,0,0,0,0,0,0,0,0,0,0,3,2
1200,1200,0,1,-26,6,40,8,0,0,0,0,0,0,0,0,1,0,0,0,0,0,0,0,0,0,0,1,0,0,0,0,0,0,0,0,0,0,0,0,3,0
1201,1201,0,0,135,7,-95,1,0,0,0,0,0,0,0,0,1,0,0,0,0,0,0,0,0,0,0,1,0,0,0,0,0,0,0,0,0,0,0,0,3,4
1202,1202,0,1,135,7,-95,1,0,0,0,0,0,0,0,0,1,0,0,0,0,0,0,0,0,0,0,1,0,0,0,0,0,0,0,0,0,0,0,0,3,3
1203,1203,0,0,-161,-1,67,3,0,0,0,0,0,0,0,0,2,0,0,0,0,0,0,0,0,0,0,1,0,0,0,0,0,0,0,0,0,0,0,0,3,2
1204,1204,0,1,-161,-1,67,3,0,0,0,0,0,0,0,0,2,0,0,0,0,0,0,0,0,0,0,1,0,0,0,0,0,0,0,0,0,0,0,0,3,3
1205,1205,0,0,142,14,-40,-8,0,0,0,0,0,0,0,0,2,0,0,0,0,0,0,0,0,0,0,1,0,0,0,0,0,0,0,0,0,0,0,0,3,4
1206,1206,0,1,142,14,-40,-8,0,0,0,0,0,0,0,0,2,0,0,0,0,0,0,0,0,0,0,1,0,0,0,0,0,0,0,0,0,0,0,0,3,5
1207,1207,0,0,-47,-15,-84,12,0,0,0,0,0,0,0,0,2,0,0,0,0,0,0,0,0,0,0,1,0,0,0,0,0,0,0,0,0,0,0,0,3,1
1208,1208,0,1,-47,-15,-84,12,0,0,0,0,0,0,0,0,2,0,0,0,0,0,0,0,0,0,0,1,0,0,0,0,0,0,0,0,0,0,0,0,3,0
1209,1209,0,0,-3,-3,50,-14,0,0,0,0,0,0,0,0,2,0,0,0,0,0,0,0,0,0,0,1,0,0,0,0,0,0,0,0,0,0,0,0,3,2
1210,1210,0,1,-3,-3,50,-14,0,0,0,0,0,0,0,0,2,0,0,0,0,0,0,0,0,0,0,1,0,0,0,0,0,0,0,0,0,0,0,0,3,3
1211,1211,0,0,141,13,-80,-16,0,0,0,0,0,0,0,0,2,0,0,0,0,0,0,0,0,0,0,1,0,0,0,0,0,0,0,0,0,0,0,0,3,2
1212,1212,0,1,141,13,-80,-16,0,0,0,0,0,0,0,0,2,0,0,0,0,0,0,0,0,0,0,1,0,0,0,0,0,0,0,0,0,0,0,0,3,0
1213,1213,0,0,9,9,25,-7,0,0,0,0,0,0,0,0,2,0,0,0,0,0,0,0,0,0,0,1,0,0,0,0,0,0,0,0,0,0,0,0,3,0
1214,1214,0,1,9,9,25,-7,0,0,0,0,0,0,0,0,2,0,0,0,0,0,0,0,0,0,0,1,0,0,0,0,0,0,0,0,0,0,0,0,3,1
1215,1215,0,0,11,11,16,-16,0,0,0,0,0,0,0,0,2,0,0,0,0,0,0,0,0,0,0,1,0,0,0,0,0,0,0,0,0,0,0,0,3,1
1216,1216,0,1,11,11,16,-16,0,0,0,0,0,0,0,0,2,0,0,0,0,0,0,0,0,0,0,1,0,0,0,0,0,0,0,0,0,0,0,0,3,3
1217,1217,0,0,38,6,-100,-4,0,0,0,0,0,0,0,0,2,0,0,0,0,0,0,0,0,0,0,1,0,0,0,0,0,0,0,0,0,0,0,0,3,2
1218,1218,0,1,38,6,-100,-4,0,0,0,0,0,0,0,0,2,0,0,0,0,0,0,0,0,0,0,1,0,0,0,0,0,0,0,0,0,0,0,0,3,1
1219,1219,0,0,-17,15,159,-1,0,0,0,0,0,0,0,0,2,0,0,0,0,0,0,0,0,0,0,1,0,0,0,0,0,0,0,0,0,0,0,0,3,0
1220,1220,0,1,-17,15,159,-1,0,0,0,0,0,0,0,0,2,0,0,0,0,0,0,0,0,0,0,1,0,0,0,0,0,0,0,0,0,0,0,0,3,1
1221,1221,0,0,120,-8,-150,10,0,0,0,0,0,0,0,0,2,0,0,0,0,0,0,0,0,0,0,1,0,0,0,0,0,0,0,0,0,0,0,0,3,4
1222,1222,0,1,120,-8,-150,10,0,0,0,0,0,0,0,0,2,0,0,0,0,0,0,0,0,0,0,1,0,0,0,0,0,0,0,0,0,0,0,0,3,3
1223,1223,0,0,-101,-5,182,-10,0,0,0,0,0,0,0,0,2,0,0,0,0,0,0,0,0,0,0,1,0,0,0,0,0,0,0,0,0,0,0,0,3,3
1224,1224,0,1,-101,-5,182,-10,0,0,0,0,0,0,0,0,2,0,0,0,0,0,0,0,0,0,0,1,0,0,0,0,0,0,0,0,0,0,0,0,3,2
1225,1225,0,0,105,9,-233,-9,0,0,0,0,0,0,0,0,2,0,0,0,0,0,0,0,0,0,0,1,0,0,0,0,0,0,0,0,0,0,0,0,3,2
1226,1226,0,1,105,9,-233,-9,0,0,0,0,0,0,0,0,2,0,0,0,0,0,0,0,0,0,0,1,0,0,0,0,0,0,0,0,0,0,0,0,3,4
1227,1227,0,0,-69,-5,136,8,0,0,0,0,0,0,0,0,2,0,0,0,0,0,0,0,0,0,0,1,0,0,0,0,0,0,0,0,0,0,0,0,3,3
1228,1228,0,1,-69,-5,136,8,0,0,0,0,0,0,0,0,2,0,0,0,0,0,0,0,0,0,0,1,0,0,0,0,0,0,0,0,0,0,0,0,3,2
1229,1229,0,0,112,-16,-53,11,0,0,0,0,0,0,0,0,2,0,0,0,0,0,0,0,0,0,0,1,0,0,0,0,0,0,0,0,0,0,0,0,3,0
1230,1230,0,1,112,-16,-53,11,0,0,0,0,0,0,0,0,2,0,0,0,0,0,0,0,0,0,0,1,0,0,0,0,0,0,0,0,0,0,0,0,3,2
1231,1231,0,0,-75,-11,-85,11,0,0,0,0,0,0,0,0,2,0,0,0,0,0,0,0,0,0,0,1,0,0,0,0,0,0,0,0,0,0,0,0,3,5
1232,1232,0,1,-75,-11,-85,11,0,0,0,0,0,0,0,0,2,0,0,0,0,0,0,0,0,0,0,1,0,0,0,0,0,0,0,0,0,0,0,0,3,5
1233,1233,0,0,131,3,123,-5,0,0,0,0,0,0,0,0,2,0,0,0,0,0,0,0,0,0,0,1,0,0,0,0,0,0,0,0,0,0,0,0,3,3
1234,1234,0,1,131,3,123,-5,0,0,0,0,0,0,0,0,2,0,0,0,0,0,0,0,0,0,0,1,0,0,0,0,0,0,0,0,0,0,0,0,3,1
1235,1235,0,0,-159,1,-101,-5,0,0,0,0,0,0,0,0,2,0,0,0,0,0,0,0,0,0,0,1,0,0,0,0,0,0,0,0,0,0,0,0,3,0
1236,1236,0,1,-159,1,-101,-5,0,0,0,0,0,0,0,0,2,0,0,0,0,0,0,0,0,0,0,1,0,0,0,0,0,0,0,0,0,0,0,0,3,1
1237,1237,0,0,178,-14,27,-5,0,0,0,0,0,0,0,0,2,0,0,0,0,0,0,0,0,0,0,1,0,0,0,0,0,0,0,0,0,0,0,0,3,2
1238,1238,0,1,178,-14,27,-5,0,0,0,0,0,0,0,0,2,0,0,0,0,0,0,0,0,0,0,1,0,0,0,0,0,0,0,0,0,0,0,0,3,1
1239,1239,0,0,-122,6,-48,-16,0,0,0,0,0,0,0,0,1,0,0,0,0,0,0,0,0,0,0,1,0,0,0,0,0,0,0,0,0,0,0,0,3,3
1240,1240,0,1,-122,6,-48,-16,0,0,0,0,0,0,0,0,1,0,0,0,0,0,0,0,0,0,0,1,0,0,0,0,0,0,0,0,0,0,0,0,3,2
1241,1241,0,0,120,-8,37,5,0,0,0,0,0,0,0,0,2,0,0,0,0,0,0,0,0,0,0,1,0,0,0,0,0,0,0,0,0,0,0,0,3,4
1242,1242,0,1,120,-8,37,5,0,0,0,0,0,0,0,0,2,0,0,0,0,0,0,0,0,0,0,1,0,0,0,0,0,0,0,0,0,0,0,0,3,2
1243,1243,0,0,-59,5,-38,-6,0,0,0,0,0,0,0,0,2,0,0,0,0,0,0,0,0,0,0,1,0,0,0,0,0,0,0,0,0,0,0,0,3,3
1244,1244,0,1,-59,5,-38,-6,0,0,0,0,0,0,0,0,2,0,0,0,0,0,0,0,0,0,0,1,0,0,0,0,0,0,0,0,0,0,0,0,3,1
1245,1245,0,0,80,-16,73,9,0,0,0,0,0,0,0,0,2,0,0,0,0,0,0,0,0,0,0,1,0,0,0,0,0,0,0,0,0,0,0,0,3,5
1246,1246,0,1,80,-16,73,9,0,0,0,0,0,0,0,0,2,0,0,0,0,0,0,0,0,0,0,1,0,0,0,0,0,0,0,0,0,0,0,0,3,5
1247,1247,0,0,-52,12,-137,-9,0,0,0,0,0,0,0,0,2,0,0,0,0,0,0,0,0,0,0,1,0,0,0,0,0,0,0,0,0,0,0,0,3,0
1248,1248,0,1,-52,12,-137,-9,0,0,0,0,0,0,0,0,2,0,0,0,0,0,0,0,0,0,0,1,0,0,0,0,0,0,0,0,0,0,0,0,3,3
1249,1249,0,0,-2,-2,110,14,0,0,0,0,0,0,0,0,2,0,0,0,0,0,0,0,0,0,0,1,0,0,0,0,0,0,0,0,0,0,0,0,3,2
1250,1250,0,1,-2,-2,110,14,0,0,0,0,0,0,0,0,2,0,0,0,0,0,0,0,0,0,0,1,0,0,0,0,0,0,0,0,0,0,0,0,3,4
1251,1251,0,0,77,13,-165,-5,0,0,0,0,0,0,0,0,2,0,0,0,0,0,0,0,0,0,0,1,0,0,0,0,0,0,0,0,0,0,0,0,3,3
1252,1252,0,1,77,13,-165,-5,0,0,0,0,0,0,0,0,2,0,0,0,0,0,0,0,0,0,0,1,0,0,0,0,0,0,0,0,0,0,0,0,3,1
1253,1253,0,0,-20,12,217,-7,0,0,0,0,0,0,0,0,2,0,0,0,0,0,0,0,0,0,0,1,0,0,0,0,0,0,0,0,0,0,0,0,3,4
1254,1254,0,1,-20,12,217,-7,0,0,0,0,0,0,0,0,2,0,0,0,0,0,0,0,0,0,0,1,0,0,0,0,0,0,0,0,0,0,0,0,3,2
1255,1255,0,0,16,-16,-227,-3,0,0,0,0,0,0,0,0,2,0,0,0,0,0,0,0,0,0,0,1,0,0,0,0,0,0,0,0,0,0,0,0,3,2
1256,1256,0,1,16,-16,-227,-3,0,0,0,0,0,0,0,0,2,0,0,0,0,0,0,0,0,0,0,1,0,0,0,0,0,0,0,0,0,0,0,0,3,3
1257,1257,0,0,-5,-5,208,-16,0,0,0,0,0,0,0,0,2,0,0,0,0,0,0,0,0,0,0,1,0,0,0,0,0,0,0,0,0,0,0,0,3,3
1258,1258,0,1,-5,-5,208,-16,0,0,0,0,0,0,0,0,2,0,0,0,0,0,0,0,0,0,0,1,0,0,0,0,0,0,0,0,0,0,0,0,3,3
1259,1259,0,0,7,7,-147,13,0,0,0,0,0,0,0,0,2,0,0,0,0,0,0,0,0,0,0,1,0,0,0,0,0,0,0,0,0,0,0,0,3,1
1260,1260,0,1,7,7,-147,13,0,0,0,0,0,0,0,0,2,0,0,0,0,0,0,0,0,0,0,1,0,0,0,0,0,0,0,0,0,0,0,0,3,1
1261,1261,0,0,37,5,68,4,0,0,0,0,0,0,0,0,2,0,0,0,0,0,0,0,0,0,0,1,0,0,0,0,0,0,0,0,0,0,0,0,3,2
1262,1262,0,1,37,5,68,4,0,0,0,0,0,0,0,0,2,0,0,0,0,0,0,0,0,0,0,1,0,0,0,0,0,0,0,0,0,0,0,0,3,3
1263,1263,0,0,44,12,9,9,0,0,0,0,0,0,0,0,2,0,0,0,0,0,0,0,0,0,0,1,0,0,0,0,0,0,0,0,0,0,0,0,3,0
1264,1264,0,1,44,12,9,9,0,0,0,0,0,0,0,0,2,0,0,0,0,0,0,0,0,0,0,1,0,0,0,0,0,0,0,0,0,0,0,0,3,0
1265,1265,0,0,98,2,-145,15,0,0,0,0,0,0,0,0,2,0,0,0,0,0,0,0,0,0,0,1,0,0,0,0,0,0,0,0,0,0,0,0,3,1
1266,1266,0,1,98,2,-145,15,0,0,0,0,0,0,0,0,2,0,0,0,0,0,0,0,0,0,0,1,0,0,0,0,0,0,0,0,0,0,0,0,3,1
1267,1267,0,0,-13,-13,145,-15,0,0,0,0,0,0,0,0,2,0,0,0,0,0,0,0,0,0,0,1,0,0,0,0,0,0,0,0,0,0,0,0,3,3
1268,1268,0,1,-13,-13,145,-15,0,0,0,0,0,0,0,0,2,0,0,0,0,0,0,0,0,0,0,1,0,0,0,0,0,0,0,0,0,0,0,0,3,2
1269,1269,0,0,13,13,-214,10,0,0,0,0,0,0,0,0,2,0,0,0,0,0,0,0,0,0,0,1,0,0,0,0,0,0,0,0,0,0,0,0,3,0
1270,1270,0,1,13,13,-214,10,0,0,0,0,0,0,0,0,2,0,0,0,0,0,0,0,0,0,0,1,0,0,0,0,0,0,0,0,0,0,0,0,3,1
1271,1271,0,0,30,-2,155,-5,0,0,0,0,0,0,0,0,2,0,0,0,0,0,0,0,0,0,0,1,0,0,0,0,0,0,0,0,0,0,0,0,3,4
1272,1272,0,1,30,-2,155,-5,0,0,0,0,0,0,0,0,2,0,0,0,0,0,0,0,0,0,0,1,0,0,0,0,0,0,0,0,0,0,0,0,3,2
1273,1273,0,0,-11,-11,-123,5,0,0,0,0,0,0,0,0,2,0,0,0,0,0,0,0,0,0,0,1,0,0,0,0,0,0,0,0,0,0,0,0,3,4
1274,1274,0,1,-11,-11,-123,5,0,0,0,0,0,0,0,0,2,0,0,0,0,0,0,0,0,0,0,1,0,0,0,0,0,0,0,0,0,0,0,0,3,3
1275,1275,0,0,64,0,47,15,0,0,0,0,0,0,0,0,2,0,0,0,0,0,0,0,0,0,0,1,0,0,0,0,0,0,0,0,0,0,0,0,3,3
1276,1276,0,1,64,0,47,15,0,0,0,0,0,0,0,0,2,0,0,0,0,0,0,0,0,0,0,1,0,0,0,0,0,0,0,0,0,0,0,0,3,3
1277,1277,0,0,-32,0,28,-4,0,0,0,0,0,0,0,0,2,0,0,0,0,0,0,0,0,0,0,1,0,0,0,0,0,0,0,0,0,0,0,0,3,3
1278,1278,0,1,-32,0,28,-4,0,0,0,0,0,0,0,0,2,0,0,0,0,0,0,0,0,0,0,1,0,0,0,0,0,0,0,0,0,0,0,0,3,4
1279,1279,0,0,48,-16,-138,-10,0,0,0,0,0,0,0,0,2,0,0,0,0,0,0,0,0,0,0,1,0,0,0,0,0,0,0,0,0,0,0,0,3,1
1280,1280,0,1,48,-16,-138,-10,0,0,0,0,0,0,0,0,2,0,0,0,0,0,0,0,0,0,0,1,0,0,0,0,0,0,0,0,0,0,0,0,3,3
1281,1281,0,0,-7,-7,196,4,0,0,0,0,0,0,0,0,2,0,0,0,0,0,0,0,0,0,0,1,0,0,0,0,0,0,0,0,0,0,0,0,3,1
1282,1282,0,1,-7,-7,196,4,0,0,0,0,0,0,0,0,2,0,0,0,0,0,0,0,0,0,0,1,0,0,0,0,0,0,0,0,0,0,0,0,3,3
1283,1283,0,0,61,-3,-250,6,0,0,0,0,0,0,0,0,2,0,0,0,0,0,0,0,0,0,0,1,0,0,0,0,0,0,0,0,0,0,0,0,3,2
1284,1284,0,1,61,-3,-250,6,0,0,0,0,0,0,0,0,2,0,0,0,0,0,0,0,0,0,0,1,0,0,0,0,0,0,0,0,0,0,0,0,3,4
1285,1285,0,0,-1,-1,216,-8,0,0,0,0,0,0,0,0,2,0,0,0,0,0,0,0,0,0,0,1,0,0,0,0,0,0,0,0,0,0,0,0,3,6
1286,1286,0,1,-1,-1,216,-8,0,0,0,0,0,0,0,0,2,0,0,0,0,0,0,0,0,0,0,1,0,0,0,0,0,0,0,0,0,0,0,0,3,4
1287,1287,0,0,13,13,-138,-10,0,0,0,0,0,0,0,0,2,0,0,0,0,0,0,0,0,0,0,1,0,0,0,0,0,0,0,0,0,0,0,0,3,1
1288,1288,0,1,13,13,-138,-10,0,0,0,0,0,0,0,0,2,0,0,0,0,0,0,0,0,0,0,1,0,0,0,0,0,0,0,0,0,0,0,0,3,0
1289,1289,0,0,-23,9,56,-8,0,0,0,0,0,0,0,0,2,0,0,0,0,0,0,0,0,0,0,1,0,0,0,0,0,0,0,0,0,0,0,0,3,4
1290,1290,0,1,-23,9,56,-8,0,0,0,0,0,0,0,0,2,0,0,0,0,0,0,0,0,0,0,1,0,0,0,0,0,0,0,0,0,0,0,0,3,4
1291,1291,0,0,79,15,-113,15,0,0,0,0,0,0,0,0,2,0,0,0,0,0,0,0,0,0,0,1,0,0,0,0,0,0,0,0,0,0,0,0,3,1
1292,1292,0,1,79,15,-113,15,0,0,0,0,0,0,0,0,2,0,0,0,0,0,0,0,0,0,0,1,0,0,0,0,0,0,0,0,0,0,0,0,3,2
1293,1293,0,0,-70,-6,136,8,0,0,0,0,0,0,0,0,2,0,0,0,0,0,0,0,0,0,0,1,0,0,0,0,0,0,0,0,0,0,0,0,3,1
1294,1294,0,1,-70,-6,136,8,0,0,0,0,0,0,0,0,2,0,0,0,0,0,0,0,0,0,0,1,0,0,0,0,0,0,0,0,0,0,0,0,3,3
1295,1295,0,0,117,-11,-168,-8,0,0,0,0,0,0,0,0,2,0,0,0,0,0,0,0,0,0,0,1,0,0,0,0,0,0,0,0,0,0,0,0,3,2
1296,1296,0,1,117,-11,-168,-8,0,0,0,0,0,0,0,0,2,0,0,0,0,0,0,0,0,0,0,1,0,0,0,0,0,0,0,0,0,0,0,0,3,1
1297,1297,0,0,-84,12,140,12,0,0,0,0,0,0,0,0,2,0,0,0,0,0,0,0,0,0,0,1,0,0,0,0,0,0,0,0,0,0,0,0,3,1
1298,1298,0,1,-84,12,140,12,0,0,0,0,0,0,0,0,2,0,0,0,0,0,0,0,0,0,0,1,0,0,0,0,0,0,0,0,0,0,0,0,3,1
1299,1299,0,0,93,-3,-112,-16,0,0,0,0,0,0,0,0,2,0,0,0,0,0,0,0,0,0,0,1,0,0,0,0,0,0,0,0,0,0,0,0,3,4
1300,1300,0,1,93,-3,-112,-16,0,0,0,0,0,0,0,0,2,0,0,0,0,0,0,0,0,0,0,1,0,0,0,0,0,0,0,0,0,0,0,0,3,1
1301,1301,0,0,-8,-8,8,8,0,0,0,0,0,0,0,0,2,0,0,0,0,0,0,0,0,0,0,1,0,0,0,0,0,0,0,0,0,0,0,0,3,3
1302,1302,0,1,-8,-8,8,8,0,0,0,0,0,0,0,0,2,0,0,0,0,0,0,0,0,0,0,1,0,0,0,0,0,0,0,0,0,0,0,0,3,2
1303,1303,0,0,-5,-5,69,5,0,0,0,0,0,0,0,0,2,0,0,0,0,0,0,0,0,0,0,1,0,0,0,0,0,0,0,0,0,0,0,0,3,5
1304,1304,0,1,-5,-5,69,5,0,0,0,0,0,0,0,0,2,0,0,0,0,0,0,0,0,0,0,1,0,0,0,0,0,0,0,0,0,0,0,0,3,4
1305,1305,0,0,75,11,-151,9,0,0,0,0,0,0,0,0,2,0,0,0,0,0,0,0,0,0,0,1,0,0,0,0,0,0,0,0,0,0,0,0,3,3
1306,1306,0,1,75,11,-151,9,0,0,0,0,0,0,0,0,2,0,0,0,0,0,0,0,0,0,0,1,0,0,0,0,0,0,0,0,0,0,0,0,3,4
1307,1307,0,0,-79,-15,175,15,0,0,0,0,0,0,0,0,2,0,0,0,0,0,0,0,0,0,0,1,0,0,0,0,0,0,0,0,0,0,0,0,3,0
1308,1308,0,1,-79,-15,175,15,0,0,0,0,0,0,0,0,2,0,0,0,0,0,0,0,0,0,0,1,0,0,0,0,0,0,0,0,0,0,0,0,3,3
1309,1309,0,0,126,-2,-194,-2,0,0,0,0,0,0,0,0,2,0,0,0,0,0,0,0,0,0,0,1,0,0,0,0,0,0,0,0,0,0,0,0,3,0
1310,1310,0,1,126,-2,-194,-2,0,0,0,0,0,0,0,0,2,0,0,0,0,0,0,0,0,0,0,1,0,0,0,0,0,0,0,0,0,0,0,0,3,0
1311,1311,0,0,-109,-13,167,7,0,0,0,0,0,0,0,0,2,0,0,0,0,0,0,0,0,0,0,1,0,0,0,0,0,0,0,0,0,0,0,0,3,3
1312,1312,0,1,-109,-13,167,7,0,0,0,0,0,0,0,0,2,0,0,0,0,0,0,0,0,0,0,1,0,0,0,0,0,0,0,0,0,0,0,0,3,1
1313,1313,0,0,141,13,-218,6,0,0,0,0,0,0,0,0,2,0,0,0,0,0,0,0,0,0,0,1,0,0,0,0,0,0,0,0,0,0,0,0,3,2
1314,1314,0,1,141,13,-218,6,0,0,0,0,0,0,0,0,2,0,0,0,0,0,0,0,0,0,0,1,0,0,0,0,0,0,0,0,0,0,0,0,3,1
1315,1315,0,0,-72,-8,238,14,0,0,0,0,0,0,0,0,2,0,0,0,0,0,0,0,0,0,0,1,0,0,0,0,0,0,0,0,0,0,0,0,3,4
1316,1316,0,1,-72,-8,238,14,0,0,0,0,0,0,0,0,2,0,0,0,0,0,0,0,0,0,0,1,0,0,0,0,0,0,0,0,0,0,0,0,3,4
1317,1317,0,0,60,-4,-250,6,0,0,0,0,0,0,0,0,2,0,0,0,0,0,0,0,0,0,0,1,0,0,0,0,0,0,0,0,0,0,0,0,3,1
1318,1318,0,1,60,-4,-250,6,0,0,0,0,0,0,0,0,2,0,0,0,0,0,0,0,0,0,0,1,0,0,0,0,0,0,0,0,0,0,0,0,3,2
1319,1319,0,0,19,-13,209,-15,0,0,0,0,0,0,0,0,2,0,0,0,0,0,0,0,0,0,0,1,0,0,0,0,0,0,0,0,0,0,0,0,3,1
1320,1320,0,1,19,-13,209,-15,0,0,0,0,0,0,0,0,2,0,0,0,0,0,0,0,0,0,0,1,0,0,0,0,0,0,0,0,0,0,0,0,3,4
1321,1321,0,0,-47,-15,-190,2,0,0,0,0,0,0,0,0,2,0,0,0,0,0,0,0,0,0,0,1,0,0,0,0,0,0,0,0,0,0,0,0,3,1
1322,1322,0,1,-47,-15,-190,2,0,0,0,0,0,0,0,0,2,0,0,0,0,0,0,0,0,0,0,1,0,0,0,0,0,0,0,0,0,0,0,0,3,1
1323,1323,0,0,132,4,65,1,0,0,0,0,0,0,0,0,2,0,0,0,0,0,0,0,0,0,0,1,0,0,0,0,0,0,0,0,0,0,0,0,3,2
1324,1324,0,1,132,4,65,1,0,0,0,0,0,0,0,0,2,0,0,0,0,0,0,0,0,0,0,1,0,0,0,0,0,0,0,0,0,0,0,0,3,1
1325,1325,0,0,-62,2,41,9,0,0,0,0,0,0,0,0,2,0,0,0,0,0,0,0,0,0,0,1,0,0,0,0,0,0,0,0,0,0,0,0,3,4
1326,1326,0,1,-62,2,41,9,0,0,0,0,0,0,0,0,2,0,0,0,0,0,0,0,0,0,0,1,0,0,0,0,0,0,0,0,0,0,0,0,3,2
1327,1327,0,0,97,1,-147,13,0,0,0,0,0,0,0,0,2,0,0,0,0,0,0,0,0,0,0,1,0,0,0,0,0,0,0,0,0,0,0,0,3,3
1328,1328,0,1,97,1,-147,13,0,0,0,0,0,0,0,0,2,0,0,0,0,0,0,0,0,0,0,1,0,0,0,0,0,0,0,0,0,0,0,0,3,2
1329,1329,0,0,-64,0,144,-16,0,0,0,0,0,0,0,0,2,0,0,0,0,0,0,0,0,0,0,1,0,0,0,0,0,0,0,0,0,0,0,0,3,4
1330,1330,0,1,-64,0,144,-16,0,0,0,0,0,0,0,0,2,0,0,0,0,0,0,0,0,0,0,1,0,0,0,0,0,0,0,0,0,0,0,0,3,4
1331,1331,0,0,49,-15,-164,-4,0,0,0,0,0,0,0,0,2,0,0,0,0,0,0,0,0,0,0,1,0,0,0,0,0,0,0,0,0,0,0,0,3,1
1332,1332,0,1,49,-15,-164,-4,0,0,0,0,0,0,0,0,2,0,0,0,0,0,0,0,0,0,0,1,0,0,0,0,0,0,0,0,0,0,0,0,3,1
1333,1333,0,0,44,12,62,-2,0,0,0,0,0,0,0,0,2,0,0,0,0,0,0,0,0,0,0,1,0,0,0,0,0,0,0,0,0,0,0,0,3,5
1334,1334,0,1,44,12,62,-2,0,0,0,0,0,0,0,0,2,0,0,0,0,0,0,0,0,0,0,1,0,0,0,0,0,0,0,0,0,0,0,0,3,4
1335,1335,0,0,-8,-8,-22,10,0,0,0,0,0,0,0,0,2,0,0,0,0,0,0,0,0,0,0,1,0,0,0,0,0,0,0,0,0,0,0,0,3,4
1336,1336,0,1,-8,-8,-22,10,0,0,0,0,0,0,0,0,2,0,0,0,0,0,0,0,0,0,0,1,0,0,0,0,0,0,0,0,0,0,0,0,3,3
1337,1337,0,0,55,-9,-30,2,0,0,0,0,0,0,0,0,2,0,0,0,0,0,0,0,0,0,0,1,0,0,0,0,0,0,0,0,0,0,0,0,3,4
1338,1338,0,1,55,-9,-30,2,0,0,0,0,0,0,0,0,2,0,0,0,0,0,0,0,0,0,0,1,0,0,0,0,0,0,0,0,0,0,0,0,3,4
1339,1339,0,0,-16,-16,37,5,0,0,0,0,0,0,0,0,2,0,0,0,0,0,0,0,0,0,0,1,0,0,0,0,0,0,0,0,0,0,0,0,3,2
1340,1340,0,1,-16,-16,37,5,0,0,0,0,0,0,0,0,2,0,0,0,0,0,0,0,0,0,0,1,0,0,0,0,0,0,0,0,0,0,0,0,3,3
1341,1341,0,0,-49,15,-62,2,0,0,0,0,0,0,0,0,2,0,0,0,0,0,0,0,0,0,0,1,0,0,0,0,0,0,0,0,0,0,0,0,3,3
1342,1342,0,1,-49,15,-62,2,0,0,0,0,0,0,0,0,2,0,0,0,0,0,0,0,0,0,0,1,0,0,0,0,0,0,0,0,0,0,0,0,3,5
1343,1343,0,0,154,-6,6,6,0,0,0,0,0,0,0,0,2,0,0,0,0,0,0,0,0,0,0,1,0,0,0,0,0,0,0,0,0,0,0,0,3,3
1344,1344,0,1,154,-6,6,6,0,0,0,0,0,0,0,0,2,0,0,0,0,0,0,0,0,0,0,1,0,0,0,0,0,0,0,0,0,0,0,0,3,4
1345,1345,0,0,-109,-13,7,7,0,0,0,0,0,0,0,0,2,0,0,0,0,0,0,0,0,0,0,1,0,0,0,0,0,0,0,0,0,0,0,0,3,2
1346,1346,0,1,-109,-13,7,7,0,0,0,0,0,0,0,0,2,0,0,0,0,0,0,0,0,0,0,1,0,0,0,0,0,0,0,0,0,0,0,0,3,1
1347,1347,0,0,63,-1,-6,-6,0,0,0,0,0,0,0,0,2,0,0,0,0,0,0,0,0,0,0,1,0,0,0,0,0,0,0,0,0,0,0,0,3,4
1348,1348,0,1,63,-1,-6,-6,0,0,0,0,0,0,0,0,2,0,0,0,0,0,0,0,0,0,0,1,0,0,0,0,0,0,0,0,0,0,0,0,3,3
1349,1349,0,0,-43,-11,-45,-13,0,0,0,0,0,0,0,0,2,0,0,0,0,0,0,0,0,0,0,1,0,0,0,0,0,0,0,0,0,0,0,0,3,2
1350,1350,0,1,-43,-11,-45,-13,0,0,0,0,0,0,0,0,2,0,0,0,0,0,0,0,0,0,0,1,0,0,0,0,0,0,0,0,0,0,0,0,3,1
1351,1351,0,0,110,14,63,-1,0,0,0,0,0,0,0,0,2,0,0,0,0,0,0,0,0,0,0,1,0,0,0,0,0,0,0,0,0,0,0,0,3,3
1352,1352,0,1,110,14,63,-1,0,0,0,0,0,0,0,0,2,0,0,0,0,0,0,0,0,0,0,1,0,0,0,0,0,0,0,0,0,0,0,0,3,4
1353,1353,0,0,-100,-4,-168,-8,0,0,0,0,0,0,0,0,2,0,0,0,0,0,0,0,0,0,0,1,0,0,0,0,0,0,0,0,0,0,0,0,3,2
1354,1354,0,1,-100,-4,-168,-8,0,0,0,0,0,0,0,0,2,0,0,0,0,0,0,0,0,0,0,1,0,0,0,0,0,0,0,0,0,0,0,0,3,1
1355,1355,0,0,98,2,163,3,0,0,0,0,0,0,0,0,2,0,0,0,0,0,0,0,0,0,0,1,0,0,0,0,0,0,0,0,0,0,0,0,3,0
1356,1356,0,1,98,2,163,3,0,0,0,0,0,0,0,0,2,0,0,0,0,0,0,0,0,0,0,1,0,0,0,0,0,0,0,0,0,0,0,0,3,1
1357,1357,0,0,-10,-10,-97,-1,0,0,0,0,0,0,0,0,2,0,0,0,0,0,0,0,0,0,0,1,0,0,0,0,0,0,0,0,0,0,0,0,3,1
1358,1358,0,1,-10,-10,-97,-1,0,0,0,0,0,0,0,0,2,0,0,0,0,0,0,0,0,0,0,1,0,0,0,0,0,0,0,0,0,0,0,0,3,1
1359,1359,0,0,155,-5,194,2,0,0,0,0,0,0,0,0,2,0,0,0,0,0,0,0,0,0,0,1,0,0,0,0,0,0,0,0,0,0,0,0,3,0
1360,1360,0,1,155,-5,194,2,0,0,0,0,0,0,0,0,2,0,0,0,0,0,0,0,0,0,0,1,0,0,0,0,0,0,0,0,0,0,0,0,3,1
1361,1361,0,0,-115,13,-159,1,0,0,0,0,0,0,0,0,2,0,0,0,0,0,0,0,0,0,0,1,0,0,0,0,0,0,0,0,0,0,0,0,3,1
1362,1362,0,1,-115,13,-159,1,0,0,0,0,0,0,0,0,2,0,0,0,0,0,0,0,0,0,0,1,0,0,0,0,0,0,0,0,0,0,0,0,3,2
1363,1363,0,0,116,-12,88,-8,0,0,0,0,0,0,0,0,2,0,0,0,0,0,0,0,0,0,0,1,0,0,0,0,0,0,0,0,0,0,0,0,3,4
1364,1364,0,1,116,-12,88,-8,0,0,0,0,0,0,0,0,2,0,0,0,0,0,0,0,0,0,0,1,0,0,0,0,0,0,0,0,0,0,0,0,3,3
1365,1365,0,0,4,4,-90,6,0,0,0,0,0,0,0,0,2,0,0,0,0,0,0,0,0,0,0,1,0,0,0,0,0,0,0,0,0,0,0,0,3,1
1366,1366,0,1,4,4,-90,6,0,0,0,0,0,0,0,0,2,0,0,0,0,0,0,0,0,0,0,1,0,0,0,0,0,0,0,0,0,0,0,0,3,2
1367,1367,0,0,-56,8,64,0,0,0,0,0,0,0,0,0,2,0,0,0,0,0,0,0,0,0,0,1,0,0,0,0,0,0,0,0,0,0,0,0,3,0
1368,1368,0,1,-56,8,64,0,0,0,0,0,0,0,0,0,2,0,0,0,0,0,0,0,0,0,0,1,0,0,0,0,0,0,0,0,0,0,0,0,3,1
1369,1369,0,0,141,13,-72,-8,0,0,0,0,0,0,0,0,2,0,0,0,0,0,0,0,0,0,0,1,0,0,0,0,0,0,0,0,0,0,0,0,3,1
1370,1370,0,1,141,13,-72,-8,0,0,0,0,0,0,0,0,2,0,0,0,0,0,0,0,0,0,0,1,0,0,0,0,0,0,0,0,0,0,0,0,3,0
1371,1371,0,0,-155,5,3,3,0,0,0,0,0,0,0,0,1,0,0,0,0,0,0,0,0,0,0,1,0,0,0,0,0,0,0,0,0,0,0,0,3,3
1372,1372,0,1,-155,5,3,3,0,0,0,0,0,0,0,0,1,0,0,0,0,0,0,0,0,0,0,1,0,0,0,0,0,0,0,0,0,0,0,0,3,2
1373,1373,0,0,150,-10,-15,-15,0,0,0,0,0,0,0,0,1,0,0,0,0,0,0,0,0,0,0,1,0,0,0,0,0,0,0,0,0,0,0,0,3,4
1374,1374,0,1,150,-10,-15,-15,0,0,0,0,0,0,0,0,1,0,0,0,0,0,0,0,0,0,0,1,0,0,0,0,0,0,0,0,0,0,0,0,3,3
1375,1375,0,0,-42,-10,-24,8,0,0,0,0,0,0,0,0,1,0,0,0,0,0,0,0,0,0,0,1,0,0,0,0,0,0,0,0,0,0,0,0,3,2
1376,1376,0,1,-42,-10,-24,8,0,0,0,0,0,0,0,0,1,0,0,0,0,0,0,0,0,0,0,1,0,0,0,0,0,0,0,0,0,0,0,0,3,4
1377,1377,0,0,10,10,11,11,0,0,0,0,0,0,0,0,1,0,0,0,0,0,0,0,0,0,0,1,0,0,0,0,0,0,0,0,0,0,0,0,3,2
1378,1378,0,1,10,10,11,11,0,0,0,0,0,0,0,0,1,0,0,0,0,0,0,0,0,0,0,1,0,0,0,0,0,0,0,0,0,0,0,0,3,3
1379,1379,0,0,85,-11,-34,-2,0,0,0,0,0,0,0,0,1,0,0,0,0,0,0,0,0,0,0,1,0,0,0,0,0,0,0,0,0,0,0,0,3,7
1380,1380,0,1,85,-11,-34,-2,0,0,0,0,0,0,0,0,2,0,0,0,0,0,0,0,0,0,0,1,0,0,0,0,0,0,0,0,0,0,0,0,3,5
1381,1381,0,0,-125,3,37,5,0,0,0,0,0,0,0,0,2,0,0,0,0,0,0,0,0,0,0,1,0,0,0,0,0,0,0,0,0,0,0,0,3,2
1382,1382,0,1,-125,3,37,5,0,0,0,0,0,0,0,0,2,0,0,0,0,0,0,0,0,0,0,1,0,0,0,0,0,0,0,0,0,0,0,0,3,3
1383,1383,0,0,196,4,-118,10,0,0,0,0,0,0,0,0,2,0,0,0,0,0,0,0,0,0,0,1,0,0,0,0,0,0,0,0,0,0,0,0,3,2
1384,1384,0,1,196,4,-118,10,0,0,0,0,0,0,0,0,2,0,0,0,0,0,0,0,0,0,0,1,0,0,0,0,0,0,0,0,0,0,0,0,3,4
1385,1385,0,0,-175,-15,133,5,0,0,0,0,0,0,0,0,2,0,0,0,0,0,0,0,0,0,0,1,0,0,0,0,0,0,0,0,0,0,0,0,3,2
1386,1386,0,1,-175,-15,133,5,0,0,0,0,0,0,0,0,2,0,0,0,0,0,0,0,0,0,0,1,0,0,0,0,0,0,0,0,0,0,0,0,3,1
1387,1387,0,0,256,0,-184,8,0,0,0,0,0,0,0,0,2,0,0,0,0,0,0,0,0,0,0,1,0,0,0,0,0,0,0,0,0,0,0,0,3,1
1388,1388,0,1,256,0,-184,8,0,0,0,0,0,0,0,0,2,0,0,0,0,0,0,0,0,0,0,1,0,0,0,0,0,0,0,0,0,0,0,0,3,0
1389,1389,0,0,-230,-6,215,-9,0,0,0,0,0,0,0,0,2,0,0,0,0,0,0,0,0,0,0,1,0,0,0,0,0,0,0,0,0,0,0,0,3,3
1390,1390,0,1,-230,-6,215,-9,0,0,0,0,0,0,0,0,2,0,0,0,0,0,0,0,0,0,0,1,0,0,0,0,0,0,0,0,0,0,0,0,3,3
1391,1391,0,0,286,-2,-247,9,0,0,0,0,0,0,0,0,2,0,0,0,0,0,0,0,0,0,0,1,0,0,0,0,0,0,0,0,0,0,0,0,3,2
1392,1392,0,1,286,-2,-247,9,0,0,0,0,0,0,0,0,2,0,0,0,0,0,0,0,0,0,0,1,0,0,0,0,0,0,0,0,0,0,0,0,3,2
1393,1393,0,0,-162,-2,166,6,0,0,0,0,0,0,0,0,2,0,0,0,0,0,0,0,0,0,0,1,0,0,0,0,0,0,0,0,0,0,0,0,3,2
1394,1394,0,1,-162,-2,166,6,0,0,0,0,0,0,0,0,2,0,0,0,0,0,0,0,0,0,0,1,0,0,0,0,0,0,0,0,0,0,0,0,3,4
1395,1395,0,0,191,-1,-135,-7,0,0,0,0,0,0,0,0,2,0,0,0,0,0,0,0,0,0,0,1,0,0,0,0,0,0,0,0,0,0,0,0,3,1
1396,1396,0,1,191,-1,-135,-7,0,0,0,0,0,0,0,0,2,0,0,0,0,0,0,0,0,0,0,1,0,0,0,0,0,0,0,0,0,0,0,0,3,0
1397,1397,0,0,-109,-13,90,-6,0,0,0,0,0,0,0,0,2,0,0,0,0,0,0,0,0,0,0,1,0,0,0,0,0,0,0,0,0,0,0,0,3,0
1398,1398,0,1,-109,-13,90,-6,0,0,0,0,0,0,0,0,2,0,0,0,0,0,0,0,0,0,0,1,0,0,0,0,0,0,0,0,0,0,0,0,3,1
1399,1399,0,0,34,2,-117,11,0,0,0,0,0,0,0,0,2,0,0,0,0,0,0,0,0,0,0,1,0,0,0,0,0,0,0,0,0,0,0,0,3,3
1400,1400,0,1,34,2,-117,11,0,0,0,0,0,0,0,0,2,0,0,0,0,0,0,0,0,0,0,1,0,0,0,0,0,0,0,0,0,0,0,0,3,0
1401,1401,0,0,10,10,28,-4,0,0,0,0,0,0,0,0,2,0,0,0,0,0,0,0,0,0,0,1,0,0,0,0,0,0,0,0,0,0,0,0,3,2
1402,1402,0,1,10,10,28,-4,0,0,0,0,0,0,0,0,2,0,0,0,0,0,0,0,0,0,0,1,0,0,0,0,0,0,0,0,0,0,0,0,3,0
1403,1403,0,0,57,-7,-184,8,0,0,0,0,0,0,0,0,2,0,0,0,0,0,0,0,0,0,0,1,0,0,0,0,0,0,0,0,0,0,0,0,3,5
1404,1404,0,1,57,-7,-184,8,0,0,0,0,0,0,0,0,2,0,0,0,0,0,0,0,0,0,0,1,0,0,0,0,0,0,0,0,0,0,0,0,3,3
1405,1405,0,0,-50,14,158,-2,0,0,0,0,0,0,0,0,2,0,0,0,0,0,0,0,0,0,0,1,0,0,0,0,0,0,0,0,0,0,0,0,3,3
1406,1406,0,1,-50,14,158,-2,0,0,0,0,0,0,0,0,2,0,0,0,0,0,0,0,0,0,0,1,0,0,0,0,0,0,0,0,0,0,0,0,3,1
1407,1407,0,0,130,2,-185,7,0,0,0,0,0,0,0,0,2,0,0,0,0,0,0,0,0,0,0,1,0,0,0,0,0,0,0,0,0,0,0,0,3,6
1408,1408,0,1,130,2,-185,7,0,0,0,0,0,0,0,0,2,0,0,0,0,0,0,0,0,0,0,1,0,0,0,0,0,0,0,0,0,0,0,0,3,4
1409,1409,0,0,-135,-7,173,13,0,0,0,0,0,0,0,0,2,0,0,0,0,0,0,0,0,0,0,1,0,0,0,0,0,0,0,0,0,0,0,0,3,4
1410,1410,0,1,-135,-7,173,13,0,0,0,0,0,0,0,0,2,0,0,0,0,0,0,0,0,0,0,1,0,0,0,0,0,0,0,0,0,0,0,0,3,3
1411,1411,0,0,115,-13,-183,9,0,0,0,0,0,0,0,0,2,0,0,0,0,0,0,0,0,0,0,1,0,0,0,0,0,0,0,0,0,0,0,0,3,7
1412,1412,0,1,115,-13,-183,9,0,0,0,0,0,0,0,0,2,0,0,0,0,0,0,0,0,0,0,1,0,0,0,0,0,0,0,0,0,0,0,0,3,9
1413,1413,0,0,-65,-1,113,-15,0,0,0,0,0,0,0,0,2,0,0,0,0,0,0,0,0,0,0,1,0,0,0,0,0,0,0,0,0,0,0,0,3,1
1414,1414,0,1,-65,-1,113,-15,0,0,0,0,0,0,0,0,2,0,0,0,0,0,0,0,0,0,0,1,0,0,0,0,0,0,0,0,0,0,0,0,3,2
1415,1415,0,0,65,1,-130,-2,0,0,0,0,0,0,0,0,2,0,0,0,0,0,0,0,0,0,0,1,0,0,0,0,0,0,0,0,0,0,0,0,3,3
1416,1416,0,1,65,1,-130,-2,0,0,0,0,0,0,0,0,2,0,0,0,0,0,0,0,0,0,0,1,0,0,0,0,0,0,0,0,0,0,0,0,3,4
1417,1417,0,0,47,15,121,-7,0,0,0,0,0,0,0,0,2,0,0,0,0,0,0,0,0,0,0,1,0,0,0,0,0,0,0,0,0,0,0,0,3,0
1418,1418,0,1,47,15,121,-7,0,0,0,0,0,0,0,0,2,0,0,0,0,0,0,0,0,0,0,1,0,0,0,0,0,0,0,0,0,0,0,0,3,2
1419,1419,0,0,-114,14,-112,-16,0,0,0,0,0,0,0,0,2,0,0,0,0,0,0,0,0,0,0,1,0,0,0,0,0,0,0,0,0,0,0,0,3,2
1420,1420,0,1,-114,14,-112,-16,0,0,0,0,0,0,0,0,2,0,0,0,0,0,0,0,0,0,0,1,0,0,0,0,0,0,0,0,0,0,0,0,3,3
1421,1421,0,0,152,-8,8,8,0,0,0,0,0,0,0,0,2,0,0,0,0,0,0,0,0,0,0,1,0,0,0,0,0,0,0,0,0,0,0,0,3,1
1422,1422,0,1,152,-8,8,8,0,0,0,0,0,0,0,0,2,0,0,0,0,0,0,0,0,0,0,1,0,0,0,0,0,0,0,0,0,0,0,0,3,2
1423,1423,0,0,-85,11,22,-10,0,0,0,0,0,0,0,0,2,0,0,0,0,0,0,0,0,0,0,1,0,0,0,0,0,0,0,0,0,0,0,0,3,6
1424,1424,0,1,-85,11,22,-10,0,0,0,0,0,0,0,0,2,0,0,0,0,0,0,0,0,0,0,1,0,0,0,0,0,0,0,0,0,0,0,0,3,3
1425,1425,0,0,99,3,-56,8,0,0,0,0,0,0,0,0,2,0,0,0,0,0,0,0,0,0,0,1,0,0,0,0,0,0,0,0,0,0,0,0,3,1
1426,1426,0,1,99,3,-56,8,0,0,0,0,0,0,0,0,2,0,0,0,0,0,0,0,0,0,0,1,0,0,0,0,0,0,0,0,0,0,0,0,3,1
1427,1427,0,0,-74,-10,50,-14,0,0,0,0,0,0,0,0,2,0,0,0,0,0,0,0,0,0,0,1,0,0,0,0,0,0,0,0,0,0,0,0,3,4
1428,1428,0,1,-74,-10,50,-14,0,0,0,0,0,0,0,0,2,0,0,0,0,0,0,0,0,0,0,1,0,0,0,0,0,0,0,0,0,0,0,0,3,4
1429,1429,0,0,151,-9,-47,-15,0,0,0,0,0,0,0,0,2,0,0,0,0,0,0,0,0,0,0,1,0,0,0,0,0,0,0,0,0,0,0,0,3,3
1430,1430,0,1,151,-9,-47,-15,0,0,0,0,0,0,0,0,2,0,0,0,0,0,0,0,0,0,0,1,0,0,0,0,0,0,0,0,0,0,0,0,3,3
1431,1431,0,0,-123,5,9,9,0,0,0,0,0,0,0,0,2,0,0,0,0,0,0,0,0,0,0,1,0,0,0,0,0,0,0,0,0,0,0,0,3,3
1432,1432,0,1,-123,5,9,9,0,0,0,0,0,0,0,0,2,0,0,0,0,0,0,0,0,0,0,1,0,0,0,0,0,0,0,0,0,0,0,0,3,4
1433,1433,0,0,104,8,-42,-10,0,0,0,0,0,0,0,0,3,0,0,0,0,0,0,0,0,0,0,1,0,0,0,0,0,0,0,0,0,0,0,0,3,0
1434,1434,0,1,104,8,-42,-10,0,0,0,0,0,0,0,0,3,0,0,0,0,0,0,0,0,0,0,1,0,0,0,0,0,0,0,0,0,0,0,0,3,1
1435,1435,0,0,15,15,-30,2,0,0,0,0,0,0,0,0,3,0,0,0,0,0,0,0,0,0,0,1,0,0,0,0,0,0,0,0,0,0,0,0,3,2
1436,1436,0,1,15,15,-30,2,0,0,0,0,0,0,0,0,2,0,0,0,0,0,0,0,0,0,0,1,0,0,0,0,0,0,0,0,0,0,0,0,3,4
1437,1437,0,0,-8,-8,48,-16,0,0,0,0,0,0,0,0,3,0,0,0,0,0,0,0,0,0,0,1,0,0,0,0,0,0,0,0,0,0,0,0,3,2
1438,1438,0,1,-8,-8,48,-16,0,0,0,0,0,0,0,0,2,0,0,0,0,0,0,0,0,0,0,1,0,0,0,0,0,0,0,0,0,0,0,0,3,2
1439,1439,0,0,55,-9,-77,-13,0,0,0,0,0,0,0,0,3,0,0,0,0,0,0,0,0,0,0,1,0,0,0,0,0,0,0,0,0,0,0,0,3,2
1440,1440,0,1,55,-9,-77,-13,0,0,0,0,0,0,0,0,2,0,0,0,0,0,0,0,0,0,0,1,0,0,0,0,0,0,0,0,0,0,0,0,3,3
1441,1441,0,0,-99,-3,59,-5,0,0,0,0,0,0,0,0,2,0,0,0,0,0,0,0,0,0,0,1,0,0,0,0,0,0,0,0,0,0,0,0,3,3
1442,1442,0,1,-99,-3,59,-5,0,0,0,0,0,0,0,0,2,0,0,0,0,0,0,0,0,0,0,1,0,0,0,0,0,0,0,0,0,0,0,0,3,3
1443,1443,0,0,165,5,-47,-15,0,0,0,0,0,0,0,0,2,0,0,0,0,0,0,0,0,0,0,1,0,0,0,0,0,0,0,0,0,0,0,0,3,0
1444,1444,0,1,165,5,-47,-15,0,0,0,0,0,0,0,0,2,0,0,0,0,0,0,0,0,0,0,1,0,0,0,0,0,0,0,0,0,0,0,0,3,0
1445,1445,0,0,-105,-9,-32,0,0,0,0,0,0,0,0,0,2,0,0,0,0,0,0,0,0,0,0,1,0,0,0,0,0,0,0,0,0,0,0,0,3,1
1446,1446,0,1,-105,-9,-32,0,0,0,0,0,0,0,0,0,2,0,0,0,0,0,0,0,0,0,0,1,0,0,0,0,0,0,0,0,0,0,0,0,3,2
1447,1447,0,0,103,7,26,-6,0,0,0,0,0,0,0,0,2,0,0,0,0,0,0,0,0,0,0,1,0,0,0,0,0,0,0,0,0,0,0,0,3,0
1448,1448,0,1,103,7,26,-6,0,0,0,0,0,0,0,0,2,0,0,0,0,0,0,0,0,0,0,1,0,0,0,0,0,0,0,0,0,0,0,0,3,0
1449,1449,0,0,-27,5,2,2,0,0,0,0,0,0,0,0,2,0,0,0,0,0,0,0,0,0,0,1,0,0,0,0,0,0,0,0,0,0,0,0,3,3
1450,1450,0,1,-27,5,2,2,0,0,0,0,0,0,0,0,2,0,0,0,0,0,0,0,0,0,0,1,0,0,0,0,0,0,0,0,0,0,0,0,3,3
1451,1451,0,0,18,-14,-77,-13,0,0,0,0,0,0,0,0,2,0,0,0,0,0,0,0,0,0,0,1,0,0,0,0,0,0,0,0,0,0,0,0,3,1
1452,1452,0,1,18,-14,-77,-13,0,0,0,0,0,0,0,0,2,0,0,0,0,0,0,0,0,0,0,1,0,0,0,0,0,0,0,0,0,0,0,0,3,2
1453,1453,0,0,5,5,66,2,0,0,0,0,0,0,0,0,2,0,0,0,0,0,0,0,0,0,0,1,0,0,0,0,0,0,0,0,0,0,0,0,3,1
1454,1454,0,1,5,5,66,2,0,0,0,0,0,0,0,0,2,0,0,0,0,0,0,0,0,0,0,1,0,0,0,0,0,0,0,0,0,0,0,0,3,4
1455,1455,0,0,29,-3,-138,-10,0,0,0,0,0,0,0,0,2,0,0,0,0,0,0,0,0,0,0,1,0,0,0,0,0,0,0,0,0,0,0,0,3,2
1456,1456,0,1,29,-3,-138,-10,0,0,0,0,0,0,0,0,2,0,0,0,0,0,0,0,0,0,0,1,0,0,0,0,0,0,0,0,0,0,0,0,3,0
1457,1457,0,0,11,11,138,10,0,0,0,0,0,0,0,0,2,0,0,0,0,0,0,0,0,0,0,1,0,0,0,0,0,0,0,0,0,0,0,0,3,0
1458,1458,0,1,11,11,138,10,0,0,0,0,0,0,0,0,1,0,0,0,0,0,0,0,0,0,0,1,0,0,0,0,0,0,0,0,0,0,0,0,3,0
1459,1459,0,0,12,12,-188,4,0,0,0,0,0,0,0,0,1,0,0,0,0,0,0,0,0,0,0,1,0,0,0,0,0,0,0,0,0,0,0,0,3,1
1460,1460,0,1,12,12,-188,4,0,0,0,0,0,0,0,0,1,0,0,0,0,0,0,0,0,0,0,1,0,0,0,0,0,0,0,0,0,0,0,0,3,1
1461,1461,0,0,5,5,147,-13,0,0,0,0,0,0,0,0,1,0,0,0,0,0,0,0,0,0,0,1,0,0,0,0,0,0,0,0,0,0,0,0,3,2
1462,1462,0,1,5,5,147,-13,0,0,0,0,0,0,0,0,1,0,0,0,0,0,0,0,0,0,0,1,0,0,0,0,0,0,0,0,0,0,0,0,3,1
1463,1463,0,0,27,-5,-174,-14,0,0,0,0,0,0,0,0,1,0,0,0,0,0,0,0,0,0,0,1,0,0,0,0,0,0,0,0,0,0,0,0,3,4
1464,1464,0,1,27,-5,-174,-14,0,0,0,0,0,0,0,0,1,0,0,0,0,0,0,0,0,0,0,1,0,0,0,0,0,0,0,0,0,0,0,0,3,4
1465,1465,0,0,-9,-9,139,11,0,0,0,0,0,0,0,0,1,0,0,0,0,0,0,0,0,0,0,1,0,0,0,0,0,0,0,0,0,0,0,0,3,2
1466,1466,0,1,-9,-9,139,11,0,0,0,0,0,0,0,0,1,0,0,0,0,0,0,0,0,0,0,1,0,0,0,0,0,0,0,0,0,0,0,0,3,1
1467,1467,0,0,96,0,-186,6,0,0,0,0,0,0,0,0,1,0,0,0,0,0,0,0,0,0,0,1,0,0,0,0,0,0,0,0,0,0,0,0,3,1
1468,1468,0,1,96,0,-186,6,0,0,0,0,0,0,0,0,1,0,0,0,0,0,0,0,0,0,0,1,0,0,0,0,0,0,0,0,0,0,0,0,3,3
1469,1469,0,0,-49,15,194,2,0,0,0,0,0,0,0,0,1,0,0,0,0,0,0,0,0,0,0,1,0,0,0,0,0,0,0,0,0,0,0,0,3,1
1470,1470,0,1,-49,15,194,2,0,0,0,0,0,0,0,0,1,0,0,0,0,0,0,0,0,0,0,1,0,0,0,0,0,0,0,0,0,0,0,0,3,1
1471,1471,0,0,13,13,-178,14,0,0,0,0,0,0,0,0,1,0,0,0,0,0,0,0,0,0,0,1,0,0,0,0,0,0,0,0,0,0,0,0,3,2
1472,1472,0,1,13,13,-178,14,0,0,0,0,0,0,0,0,1,0,0,0,0,0,0,0,0,0,0,1,0,0,0,0,0,0,0,0,0,0,0,0,3,1
1473,1473,0,0,20,-12,83,-13,0,0,0,0,0,0,0,0,1,0,0,0,0,0,0,0,0,0,0,1,0,0,0,0,0,0,0,0,0,0,0,0,3,0
1474,1474,0,1,20,-12,83,-13,0,0,0,0,0,0,0,0,1,0,0,0,0,0,0,0,0,0,0,1,0,0,0,0,0,0,0,0,0,0,0,0,3,0
1475,1475,0,0,55,-9,-67,-3,0,0,0,0,0,0,0,0,1,0,0,0,0,0,0,0,0,0,0,1,0,0,0,0,0,0,0,0,0,0,0,0,3,3
1476,1476,0,1,55,-9,-67,-3,0,0,0,0,0,0,0,0,1,0,0,0,0,0,0,0,0,0,0,1,0,0,0,0,0,0,0,0,0,0,0,0,3,2
1477,1477,0,0,-4,-4,-46,-14,0,0,0,0,0,0,0,0,1,0,0,0,0,0,0,0,0,0,0,1,0,0,0,0,0,0,0,0,0,0,0,0,3,1
1478,1478,0,1,-4,-4,-46,-14,0,0,0,0,0,0,0,0,1,0,0,0,0,0,0,0,0,0,0,0,0,0,0,0,0,0,0,0,0,0,0,0,3,1
1479,1479,0,0,56,-8,109,13,0,0,0,0,0,0,0,0,1,0,0,0,0,0,0,0,0,0,0,0,0,0,0,0,0,0,0,0,0,0,0,0,3,4
1480,1480,0,1,56,-8,109,13,0,0,0,0,0,0,0,0,1,0,0,0,0,0,0,0,0,0,0,1,0,0,0,0,0,0,0,0,0,0,0,0,3,3
1481,1481,0,0,-77,-13,-112,-16,0,0,0,0,0,0,0,0,1,0,0,0,0,0,0,0,0,0,0,1,0,0,0,0,0,0,0,0,0,0,0,0,3,1
1482,1482,0,1,-77,-13,-112,-16,0,0,0,0,0,0,0,0,1,0,0,0,0,0,0,0,0,0,0,0,0,0,0,0,0,0,0,0,0,0,0,0,3,1
1483,1483,0,0,77,13,-2,-2,0,0,0,0,0,0,0,0,1,0,0,0,0,0,0,0,0,0,0,0,0,0,0,0,0,0,0,0,0,0,0,0,3,3
1484,1484,0,1,77,13,-2,-2,0,0,0,0,0,0,0,0,1,0,0,0,0,0,0,0,0,0,0,0,0,0,0,0,0,0,0,0,0,0,0,0,3,3
1485,1485,0,0,-17,15,29,-3,0,0,0,0,0,0,0,0,1,0,0,0,0,0,0,0,0,0,0,1,0,0,0,0,0,0,0,0,0,0,0,0,3,1
1486,1486,0,1,-17,15,29,-3,0,0,0,0,0,0,0,0,1,0,0,0,0,0,0,0,0,0,0,1,0,0,0,0,0,0,0,0,0,0,0,0,3,1
1487,1487,0,0,98,2,-83,13,0,0,0,0,0,0,0,0,1,0,0,0,0,0,0,0,0,0,0,0,0,0,0,0,0,0,0,0,0,0,0,0,3,4
1488,1488,0,1,98,2,-83,13,0,0,0,0,0,0,0,0,1,0,0,0,0,0,0,0,0,0,0,1,0,0,0,0,0,0,0,0,0,0,0,0,3,3
1489,1489,0,0,-87,9,116,-12,0,0,0,0,0,0,0,0,1,0,0,0,0,0,0,0,0,0,0,1,0,0,0,0,0,0,0,0,0,0,0,0,3,3
1490,1490,0,1,-87,9,116,-12,0,0,0,0,0,0,0,0,1,0,0,0,0,0,0,0,0,0,0,1,0,0,0,0,0,0,0,0,0,0,0,0,3,3
1491,1491,0,0,112,-16,-172,-12,0,0,0,0,0,0,0,0,1,0,0,0,0,0,0,0,0,0,0,1,0,0,0,0,0,0,0,0,0,0,0,0,3,2
1492,1492,0,1,112,-16,-172,-12,0,0,0,0,0,0,0,0,1,0,0,0,0,0,0,0,0,0,0,1,0,0,0,0,0,0,0,0,0,0,0,0,3,4
1493,1493,0,0,-46,-14,131,3,0,0,0,0,0,0,0,0,2,0,0,0,0,0,0,0,0,0,0,1,0,0,0,0,0,0,0,0,0,0,0,0,3,1
1494,1494,0,1,-46,-14,131,3,0,0,0,0,0,0,0,0,2,0,0,0,0,0,0,0,0,0,0,1,0,0,0,0,0,0,0,0,0,0,0,0,3,1
1495,1495,0,0,48,-16,-138,-10,0,0,0,0,0,0,0,0,2,0,0,0,0,0,0,0,0,0,0,1,0,0,0,0,0,0,0,0,0,0,0,0,3,2
1496,1496,0,1,48,-16,-138,-10,0,0,0,0,0,0,0,0,1,0,0,0,0,0,0,0,0,0,0,1,0,0,0,0,0,0,0,0,0,0,0,0,3,4
1497,1497,0,0,31,-1,88,-8,0,0,0,0,0,0,0,0,1,0,0,0,0,0,0,0,0,0,0,1,0,0,0,0,0,0,0,0,0,0,0,0,3,2
1498,1498,0,1,31,-1,88,-8,0,0,0,0,0,0,0,0,1,0,0,0,0,0,0,0,0,0,0,1,0,0,0,0,0,0,0,0,0,0,0,0,3,1
1499,1499,0,0,-27,5,-47,-15,0,0,0,0,0,0,0,0,1,0,0,0,0,0,0,0,0,0,0,1,0,0,0,0,0,0,0,0,0,0,0,0,3,2
1500,1500,0,1,-27,5,-47,-15,0,0,0,0,0,0,0,0,2,0,0,0,0,0,0,0,0,0,0,1,0,0,0,0,0,0,0,0,0,0,0,0,3,1
1501,1501,0,0,-8,-8,-10,-10,0,0,0,0,0,0,0,0,1,0,0,0,0,0,0,0,0,0,0,1,0,0,0,0,0,0,0,0,0,0,0,0,3,2
1502,1502,0,1,-8,-8,-10,-10,0,0,0,0,0,0,0,0,1,0,0,0,0,0,0,0,0,0,0,1,0,0,0,0,0,0,0,0,0,0,0,0,3,3
1503,1503,0,0,49,-15,-12,-12,0,0,0,0,0,0,0,0,2,0,0,0,0,0,0,0,0,0,0,1,0,0,0,0,0,0,0,0,0,0,0,0,3,2
1504,1504,0,1,49,-15,-12,-12,0,0,0,0,0,0,0,0,2,0,0,0,0,0,0,0,0,0,0,1,0,0,0,0,0,0,0,0,0,0,0,0,3,2
1505,1505,0,0,7,7,-23,9,0,0,0,0,0,0,0,0,2,0,0,0,0,0,0,0,0,0,0,1,0,0,0,0,0,0,0,0,0,0,0,0,3,1
1506,1506,0,1,7,7,-23,9,0,0,0,0,0,0,0,0,2,0,0,0,0,0,0,0,0,0,0,1,0,0,0,0,0,0,0,0,0,0,0,0,3,1
1507,1507,0,0,75,11,9,9,0,0,0,0,0,0,0,0,2,0,0,0,0,0,0,0,0,0,0,1,0,0,0,0,0,0,0,0,0,0,0,0,3,4
1508,1508,0,1,75,11,9,9,0,0,0,0,0,0,0,0,2,0,0,0,0,0,0,0,0,0,0,1,0,0,0,0,0,0,0,0,0,0,0,0,3,2
1509,1509,0,0,-69,-5,-25,7,0,0,0,0,0,0,0,0,2,0,0,0,0,0,0,0,0,0,0,1,0,0,0,0,0,0,0,0,0,0,0,0,3,2
1510,1510,0,1,-69,-5,-25,7,0,0,0,0,0,0,0,0,2,0,0,0,0,0,0,0,0,0,0,1,0,0,0,0,0,0,0,0,0,0,0,0,3,0
1511,1511,0,0,103,7,-1,-1,0,0,0,0,0,0,0,0,2,0,0,0,0,0,0,0,0,0,0,1,0,0,0,0,0,0,0,0,0,0,0,0,3,4
1512,1512,0,1,103,7,-1,-1,0,0,0,0,0,0,0,0,2,0,0,0,0,0,0,0,0,0,0,1,0,0,0,0,0,0,0,0,0,0,0,0,3,4
1513,1513,0,0,-60,4,11,11,0,0,0,0,0,0,0,0,2,0,0,0,0,0,0,0,0,0,0,1,0,0,0,0,0,0,0,0,0,0,0,0,3,1
1514,1514,0,1,-60,4,11,11,0,0,0,0,0,0,0,0,2,0,0,0,0,0,0,0,0,0,0,1,0,0,0,0,0,0,0,0,0,0,0,0,3,1
1515,1515,0,0,64,0,-92,4,0,0,0,0,0,0,0,0,2,0,0,0,0,0,0,0,0,0,0,1,0,0,0,0,0,0,0,0,0,0,0,0,3,2
1516,1516,0,1,64,0,-92,4,0,0,0,0,0,0,0,0,2,0,0,0,0,0,0,0,0,0,0,1,0,0,0,0,0,0,0,0,0,0,0,0,3,4
1517,1517,0,0,-36,-4,78,14,0,0,0,0,0,0,0,0,2,0,0,0,0,0,0,0,0,0,0,1,0,0,0,0,0,0,0,0,0,0,0,0,3,2
1518,1518,0,1,-36,-4,78,14,0,0,0,0,0,0,0,0,2,0,0,0,0,0,0,0,0,0,0,1,0,0,0,0,0,0,0,0,0,0,0,0,3,1
1519,1519,0,0,114,-14,-40,-8,0,0,0,0,0,0,0,0,2,0,0,0,0,0,0,0,0,0,0,1,0,0,0,0,0,0,0,0,0,0,0,0,3,0
1520,1520,0,1,114,-14,-40,-8,0,0,0,0,0,0,0,0,2,0,0,0,0,0,0,0,0,0,0,1,0,0,0,0,0,0,0,0,0,0,0,0,3,1
1521,1521,0,0,-136,-8,27,-5,0,0,0,0,0,0,0,0,2,0,0,0,0,0,0,0,0,0,0,1,0,0,0,0,0,0,0,0,0,0,0,0,3,1
1522,1522,0,1,-136,-8,27,-5,0,0,0,0,0,0,0,0,1,0,0,0,0,0,0,0,0,0,0,1,0,0,0,0,0,0,0,0,0,0,0,0,3,0
1523,1523,0,0,154,-6,-71,-7,0,0,0,0,0,0,0,0,1,0,0,0,0,0,0,0,0,0,0,1,0,0,0,0,0,0,0,0,0,0,0,0,3,1
1524,1524,0,1,154,-6,-71,-7,0,0,0,0,0,0,0,0,1,0,0,0,0,0,0,0,0,0,0,1,0,0,0,0,0,0,0,0,0,0,0,0,3,2
1525,1525,0,0,-114,14,27,-5,0,0,0,0,0,0,0,0,1,0,0,0,0,0,0,0,0,0,0,1,0,0,0,0,0,0,0,0,0,0,0,0,3,1
1526,1526,0,1,-114,14,27,-5,0,0,0,0,0,0,0,0,1,0,0,0,0,0,0,0,0,0,0,0,0,0,0,0,0,0,0,0,0,0,0,0,3,1
1527,1527,0,0,143,15,-17,15,0,0,0,0,0,0,0,0,1,0,0,0,0,0,0,0,0,0,0,0,0,0,0,0,0,0,0,0,0,0,0,0,3,2
1528,1528,0,1,143,15,-17,15,0,0,0,0,0,0,0,0,1,0,0,0,0,0,0,0,0,0,0,0,0,0,0,0,0,0,0,0,0,0,0,0,3,1
1529,1529,0,0,-50,14,-44,-12,0,0,0,0,0,0,0,0,1,0,0,0,0,0,0,0,0,0,0,0,0,0,0,0,0,0,0,0,0,0,0,0,3,0
1530,1530,0,1,-50,14,-44,-12,0,0,0,0,0,0,0,0,1,0,0,0,0,0,0,0,0,0,0,0,0,0,0,0,0,0,0,0,0,0,0,0,3,0
1531,1531,0,0,31,-1,101,5,0,0,0,0,0,0,0,0,1,0,0,0,0,0,0,0,0,0,0,0,0,0,0,0,0,0,0,0,0,0,0,0,3,2
1532,1532,0,1,31,-1,101,5,0,0,0,0,0,0,0,0,1,0,0,0,0,0,0,0,0,0,0,0,0,0,0,0,0,0,0,0,0,0,0,0,3,2
1533,1533,0,0,-15,-15,-184,8,0,0,0,0,0,0,0,0,1,0,0,0,0,0,0,0,0,0,0,0,0,0,0,0,0,0,0,0,0,0,0,0,3,0
1534,1534,0,1,-15,-15,-184,8,0,0,0,0,0,0,0,0,1,0,0,0,0,0,0,0,0,0,0,0,0,0,0,0,0,0,0,0,0,0,0,0,3,1
1535,1535,0,0,47,15,169,9,0,0,0,0,0,0,0,0,1,0,0,0,0,0,0,0,0,0,0,0,0,0,0,0,0,0,0,0,0,0,0,0,3,3
1536,1536,0,1,47,15,169,9,0,0,0,0,0,0,0,0,1,0,0,0,0,0,0,0,0,0,0,0,0,0,0,0,0,0,0,0,0,0,0,0,3,2
1537,1537,0,0,-42,-10,-180,12,0,0,0,0,0,0,0,0,1,0,0,0,0,0,0,0,0,0,0,0,0,0,0,0,0,0,0,0,0,0,0,0,3,1
1538,1538,0,1,-42,-10,-180,12,0,0,0,0,0,0,0,0,1,0,0,0,0,0,0,0,0,0,0,0,0,0,0,0,0,0,0,0,0,0,0,0,3,1
1539,1539,0,0,101,5,121,-7,0,0,0,0,0,0,0,0,1,0,0,0,0,0,0,0,0,0,0,0,0,0,0,0,0,0,0,0,0,0,0,0,3,3
1540,1540,0,1,101,5,121,-7,0,0,0,0,0,0,0,0,1,0,0,0,0,0,0,0,0,0,0,0,0,0,0,0,0,0,0,0,0,0,0,0,3,1
1541,1541,0,0,-95,1,-58,6,0,0,0,0,0,0,0,0,1,0,0,0,0,0,0,0,0,0,0,0,0,0,0,0,0,0,0,0,0,0,0,0,3,2
1542,1542,0,1,-95,1,-58,6,0,0,0,0,0,0,0,0,1,0,0,0,0,0,0,0,0,0,0,0,0,0,0,0,0,0,0,0,0,0,0,0,3,1
1543,1543,0,0,121,-7,-38,-6,0,0,0,0,0,0,0,0,1,0,0,0,0,0,0,0,0,0,0,0,0,0,0,0,0,0,0,0,0,0,0,0,3,3
1544,1544,0,1,121,-7,-38,-6,0,0,0,0,0,0,0,0,1,0,0,0,0,0,0,0,0,0,0,0,0,0,0,0,0,0,0,0,0,0,0,0,3,4
1545,1545,0,0,-71,-7,-9,-9,0,0,0,0,0,0,0,0,1,0,0,0,0,0,0,0,0,0,0,0,0,0,0,0,0,0,0,0,0,0,0,0,3,0
1546,1546,0,1,-71,-7,-9,-9,0,0,0,0,0,0,0,0,1,0,0,0,0,0,0,0,0,0,0,0,0,0,0,0,0,0,0,0,0,0,0,0,3,1
1547,1547,0,0,105,9,52,-12,0,0,0,0,0,0,0,0,1,0,0,0,0,0,0,0,0,0,0,0,0,0,0,0,0,0,0,0,0,0,0,0,3,3
1548,1548,0,1,105,9,52,-12,0,0,0,0,0,0,0,0,1,0,0,0,0,0,0,0,0,0,0,0,0,0,0,0,0,0,0,0,0,0,0,0,3,4
1549,1549,0,0,-26,6,-112,-16,0,0,0,0,0,0,0,0,1,0,0,0,0,0,0,0,0,0,0,0,0,0,0,0,0,0,0,0,0,0,0,0,3,1
1550,1550,0,1,-26,6,-112,-16,0,0,0,0,0,0,0,0,1,0,0,0,0,0,0,0,0,0,0,0,0,0,0,0,0,0,0,0,0,0,0,0,3,0
1551,1551,0,0,13,13,139,11,0,0,0,0,0,0,0,0,1,0,0,0,0,0,0,0,0,0,0,0,0,0,0,0,0,0,0,0,0,0,0,0,3,2
1552,1552,0,1,13,13,139,11,0,0,0,0,0,0,0,0,1,0,0,0,0,0,0,0,0,0,0,0,0,0,0,0,0,0,0,0,0,0,0,0,3,0
1553,1553,0,0,60,-4,-150,10,0,0,0,0,0,0,0,0,1,0,0,0,0,0,0,0,0,0,0,0,0,0,0,0,0,0,0,0,0,0,0,0,3,4
1554,1554,0,1,60,-4,-150,10,0,0,0,0,0,0,0,0,1,0,0,0,0,0,0,0,0,0,0,0,0,0,0,0,0,0,0,0,0,0,0,0,3,3
1555,1555,0,0,-83,13,72,8,0,0,0,0,0,0,0,0,1,0,0,0,0,0,0,0,0,0,0,1,0,0,0,0,0,0,0,0,0,0,0,0,3,2
1556,1556,0,1,-83,13,72,8,0,0,0,0,0,0,0,0,1,0,0,0,0,0,0,0,0,0,0,1,0,0,0,0,0,0,0,0,0,0,0,0,3,2
1557,1557,0,0,162,2,-65,-1,0,0,0,0,0,0,0,0,1,0,0,0,0,0,0,0,0,0,0,1,0,0,0,0,0,0,0,0,0,0,0,0,3,3
1558,1558,0,1,162,2,-65,-1,0,0,0,0,0,0,0,0,1,0,0,0,0,0,0,0,0,0,0,1,0,0,0,0,0,0,0,0,0,0,0,0,3,4
1559,1559,0,0,-118,10,12,12,0,0,0,0,0,0,0,0,1,0,0,0,0,0,0,0,0,0,0,1,0,0,0,0,0,0,0,0,0,0,0,0,3,2
1560,1560,0,1,-118,10,12,12,0,0,0,0,0,0,0,0,1,0,0,0,0,0,0,0,0,0,0,1,0,0,0,0,0,0,0,0,0,0,0,0,3,2
1561,1561,0,0,86,-10,37,5,0,0,0,0,0,0,0,0,1,0,0,0,0,0,0,0,0,0,0,1,0,0,0,0,0,0,0,0,0,0,0,0,3,1
1562,1562,0,1,86,-10,37,5,0,0,0,0,0,0,0,0,1,0,0,0,0,0,0,0,0,0,0,1,0,0,0,0,0,0,0,0,0,0,0,0,3,2
1563,1563,0,0,12,12,-77,-13,0,0,0,0,0,0,0,0,1,0,0,0,0,0,0,0,0,0,0,1,0,0,0,0,0,0,0,0,0,0,0,0,3,3
1564,1564,0,1,12,12,-77,-13,0,0,0,0,0,0,0,0,1,0,0,0,0,0,0,0,0,0,0,1,0,0,0,0,0,0,0,0,0,0,0,0,3,2
1565,1565,0,0,-36,-4,-3,-3,0,0,0,0,0,0,0,0,1,0,0,0,0,0,0,0,0,0,0,1,0,0,0,0,0,0,0,0,0,0,0,0,3,0
1566,1566,0,1,-36,-4,-3,-3,0,0,0,0,0,0,0,0,1,0,0,0,0,0,0,0,0,0,0,1,0,0,0,0,0,0,0,0,0,0,0,0,3,0
1567,1567,0,0,66,2,14,14,0,0,0,0,0,0,0,0,1,0,0,0,0,0,0,0,0,0,0,1,0,0,0,0,0,0,0,0,0,0,0,0,3,2
1568,1568,0,1,66,2,14,14,0,0,0,0,0,0,0,0,1,0,0,0,0,0,0,0,0,0,0,1,0,0,0,0,0,0,0,0,0,0,0,0,3,3
1569,1569,0,0,15,15,-23,9,0,0,0,0,0,0,0,0,1,0,0,0,0,0,0,0,0,0,0,1,0,0,0,0,0,0,0,0,0,0,0,0,3,2
1570,1570,0,1,15,15,-23,9,0,0,0,0,0,0,0,0,1,0,0,0,0,0,0,0,0,0,0,1,0,0,0,0,0,0,0,0,0,0,0,0,3,1
1571,1571,0,0,-45,-13,27,-5,0,0,0,0,0,0,0,0,1,0,0,0,0,0,0,0,0,0,0,1,0,0,0,0,0,0,0,0,0,0,0,0,3,2
1572,1572,0,1,-45,-13,27,-5,0,0,0,0,0,0,0,0,1,0,0,0,0,0,0,0,0,0,0,1,0,0,0,0,0,0,0,0,0,0,0,0,3,2
1573,1573,0,0,100,4,-67,-3,0,0,0,0,0,0,0,0,1,0,0,0,0,0,0,0,0,0,0,1,0,0,0,0,0,0,0,0,0,0,0,0,3,3
1574,1574,0,1,100,4,-67,-3,0,0,0,0,0,0,0,0,2,0,0,0,0,0,0,0,0,0,0,1,0,0,0,0,0,0,0,0,0,0,0,0,3,3
1575,1575,0,0,-134,-6,39,7,0,0,0,0,0,0,0,0,2,0,0,0,0,0,0,0,0,0,0,1,0,0,0,0,0,0,0,0,0,0,0,0,3,1
1576,1576,0,1,-134,-6,39,7,0,0,0,0,0,0,0,0,2,0,0,0,0,0,0,0,0,0,0,1,0,0,0,0,0,0,0,0,0,0,0,0,3,0
1577,1577,0,0,227,3,-74,-10,0,0,0,0,0,0,0,0,1,0,0,0,0,0,0,0,0,0,0,1,0,0,0,0,0,0,0,0,0,0,0,0,3,4
1578,1578,0,1,227,3,-74,-10,0,0,0,0,0,0,0,0,2,0,0,0,0,0,0,0,0,0,0,1,0,0,0,0,0,0,0,0,0,0,0,0,3,4
1579,1579,0,0,-198,-6,58,-6,0,0,0,0,0,0,0,0,2,0,0,0,0,0,0,0,0,0,0,1,0,0,0,0,0,0,0,0,0,0,0,0,3,1
1580,1580,0,1,-198,-6,58,-6,0,0,0,0,0,0,0,0,2,0,0,0,0,0,0,0,0,0,0,1,0,0,0,0,0,0,0,0,0,0,0,0,3,2
1581,1581,0,0,220,-4,-15,-15,0,0,0,0,0,0,0,0,1,0,0,0,0,0,0,0,0,0,0,1,0,0,0,0,0,0,0,0,0,0,0,0,3,1
1582,1582,0,1,220,-4,-15,-15,0,0,0,0,0,0,0,0,1,0,0,0,0,0,0,0,0,0,0,1,0,0,0,0,0,0,0,0,0,0,0,0,3,3
1583,1583,0,0,-178,14,-81,15,0,0,0,0,0,0,0,0,2,0,0,0,0,0,0,0,0,0,0,1,0,0,0,0,0,0,0,0,0,0,0,0,3,3
1584,1584,0,1,-178,14,-81,15,0,0,0,0,0,0,0,0,2,0,0,0,0,0,0,0,0,0,0,1,0,0,0,0,0,0,0,0,0,0,0,0,3,2
1585,1585,0,0,187,-5,80,-16,0,0,0,0,0,0,0,0,2,0,0,0,0,0,0,0,0,0,0,1,0,0,0,0,0,0,0,0,0,0,0,0,3,1
1586,1586,0,1,187,-5,80,-16,0,0,0,0,0,0,0,0,2,0,0,0,0,0,0,0,0,0,0,1,0,0,0,0,0,0,0,0,0,0,0,0,3,0
1587,1587,0,0,-136,-8,-80,-16,0,0,0,0,0,0,0,0,1,0,0,0,0,0,0,0,0,0,0,1,0,0,0,0,0,0,0,0,0,0,0,0,3,1
1588,1588,0,1,-136,-8,-80,-16,0,0,0,0,0,0,0,0,1,0,0,0,0,0,0,0,0,0,0,1,0,0,0,0,0,0,0,0,0,0,0,0,3,2
1589,1589,0,0,188,-4,-11,-11,0,0,0,0,0,0,0,0,1,0,0,0,0,0,0,0,0,0,0,1,0,0,0,0,0,0,0,0,0,0,0,0,3,1
1590,1590,0,1,188,-4,-11,-11,0,0,0,0,0,0,0,0,1,0,0,0,0,0,0,0,0,0,0,1,0,0,0,0,0,0,0,0,0,0,0,0,3,0
1591,1591,0,0,-152,8,96,0,0,0,0,0,0,0,0,0,1,0,0,0,0,0,0,0,0,0,0,1,0,0,0,0,0,0,0,0,0,0,0,0,3,1
1592,1592,0,1,-152,8,96,0,0,0,0,0,0,0,0,0,1,0,0,0,0,0,0,0,0,0,0,1,0,0,0,0,0,0,0,0,0,0,0,0,3,0
1593,1593,0,0,130,2,-154,6,0,0,0,0,0,0,0,0,1,0,0,0,0,0,0,0,0,0,0,1,0,0,0,0,0,0,0,0,0,0,0,0,3,2
1594,1594,0,1,130,2,-154,6,0,0,0,0,0,0,0,0,1,0,0,0,0,0,0,0,0,0,0,1,0,0,0,0,0,0,0,0,0,0,0,0,3,1
1595,1595,0,0,-2,-2,132,4,0,0,0,0,0,0,0,0,1,0,0,0,0,0,0,0,0,0,0,1,0,0,0,0,0,0,0,0,0,0,0,0,3,2
1596,1596,0,1,-2,-2,132,4,0,0,0,0,0,0,0,0,1,0,0,0,0,0,0,0,0,0,0,1,0,0,0,0,0,0,0,0,0,0,0,0,3,0
1597,1597,0,0,-17,15,-143,-15,0,0,0,0,0,0,0,0,1,0,0,0,0,0,0,0,0,0,0,1,0,0,0,0,0,0,0,0,0,0,0,0,3,5
1598,1598,0,1,-17,15,-143,-15,0,0,0,0,0,0,0,0,1,0,0,0,0,0,0,0,0,0,0,1,0,0,0,0,0,0,0,0,0,0,0,0,3,4
1599,1599,0,0,119,-9,83,-13,0,0,0,0,0,0,0,0,1,0,0,0,0,0,0,0,0,0,0,1,0,0,0,0,0,0,0,0,0,0,0,0,3,2
1600,1600,0,1,119,-9,83,-13,0,0,0,0,0,0,0,0,1,0,0,0,0,0,0,0,0,0,0,1,0,0,0,0,0,0,0,0,0,0,0,0,3,2
1601,1601,0,0,-95,1,-46,-14,0,0,0,0,0,0,0,0,1,0,0,0,0,0,0,0,0,0,0,1,0,0,0,0,0,0,0,0,0,0,0,0,3,4
1602,1602,0,1,-95,1,-46,-14,0,0,0,0,0,0,0,0,1,0,0,0,0,0,0,0,0,0,0,1,0,0,0,0,0,0,0,0,0,0,0,0,3,4
1603,1603,0,0,125,-3,32,0,0,0,0,0,0,0,0,0,1,0,0,0,0,0,0,0,0,0,0,1,0,0,0,0,0,0,0,0,0,0,0,0,3,3
1604,1604,0,1,125,-3,32,0,0,0,0,0,0,0,0,0,2,0,0,0,0,0,0,0,0,0,0,1,0,0,0,0,0,0,0,0,0,0,0,0,3,2
1605,1605,0,0,-119,9,-46,-14,0,0,0,0,0,0,0,0,2,0,0,0,0,0,0,0,0,0,0,1,0,0,0,0,0,0,0,0,0,0,0,0,3,3
1606,1606,0,1,-119,9,-46,-14,0,0,0,0,0,0,0,0,2,0,0,0,0,0,0,0,0,0,0,1,0,0,0,0,0,0,0,0,0,0,0,0,3,3
1607,1607,0,0,131,3,8,8,0,0,0,0,0,0,0,0,2,0,0,0,0,0,0,0,0,0,0,1,0,0,0,0,0,0,0,0,0,0,0,0,3,1
1608,1608,0,1,131,3,8,8,0,0,0,0,0,0,0,0,2,0,0,0,0,0,0,0,0,0,0,1,0,0,0,0,0,0,0,0,0,0,0,0,3,3
1609,1609,0,0,-1,-1,-9,-9,0,0,0,0,0,0,0,0,2,0,0,0,0,0,0,0,0,0,0,1,0,0,0,0,0,0,0,0,0,0,0,0,3,4
1610,1610,0,1,-1,-1,-9,-9,0,0,0,0,0,0,0,0,2,0,0,0,0,0,0,0,0,0,0,1,0,0,0,0,0,0,0,0,0,0,0,0,3,3
1611,1611,0,0,-24,8,16,-16,0,0,0,0,0,0,0,0,2,0,0,0,0,0,0,0,0,0,0,1,0,0,0,0,0,0,0,0,0,0,0,0,3,2
1612,1612,0,1,-24,8,16,-16,0,0,0,0,0,0,0,0,2,0,0,0,0,0,0,0,0,0,0,1,0,0,0,0,0,0,0,0,0,0,0,0,3,2
1613,1613,0,0,51,-13,-61,3,0,0,0,0,0,0,0,0,2,0,0,0,0,0,0,0,0,0,0,1,0,0,0,0,0,0,0,0,0,0,0,0,3,4
1614,1614,0,1,51,-13,-61,3,0,0,0,0,0,0,0,0,2,0,0,0,0,0,0,0,0,0,0,1,0,0,0,0,0,0,0,0,0,0,0,0,3,5
1615,1615,0,0,7,7,70,6,0,0,0,0,0,0,0,0,2,0,0,0,0,0,0,0,0,0,0,1,0,0,0,0,0,0,0,0,0,0,0,0,3,2
1616,1616,0,1,7,7,70,6,0,0,0,0,0,0,0,0,2,0,0,0,0,0,0,0,0,0,0,1,0,0,0,0,0,0,0,0,0,0,0,0,3,1
1617,1617,0,0,15,15,-93,3,0,0,0,0,0,0,0,0,2,0,0,0,0,0,0,0,0,0,0,1,0,0,0,0,0,0,0,0,0,0,0,0,3,2
1618,1618,0,1,15,15,-93,3,0,0,0,0,0,0,0,0,2,0,0,0,0,0,0,0,0,0,0,1,0,0,0,0,0,0,0,0,0,0,0,0,3,3
1619,1619,0,0,67,3,72,8,0,0,0,0,0,0,0,0,2,0,0,0,0,0,0,0,0,0,0,1,0,0,0,0,0,0,0,0,0,0,0,0,3,3
1620,1620,0,1,67,3,72,8,0,0,0,0,0,0,0,0,2,0,0,0,0,0,0,0,0,0,0,1,0,0,0,0,0,0,0,0,0,0,0,0,3,2
1621,1621,0,0,-47,-15,-79,-15,0,0,0,0,0,0,0,0,2,0,0,0,0,0,0,0,0,0,0,1,0,0,0,0,0,0,0,0,0,0,0,0,3,0
1622,1622,0,1,-47,-15,-79,-15,0,0,0,0,0,0,0,0,2,0,0,0,0,0,0,0,0,0,0,1,0,0,0,0,0,0,0,0,0,0,0,0,3,0
1623,1623,0,0,37,5,62,-2,0,0,0,0,0,0,0,0,2,0,0,0,0,0,0,0,0,0,0,1,0,0,0,0,0,0,0,0,0,0,0,0,3,2
1624,1624,0,1,37,5,62,-2,0,0,0,0,0,0,0,0,2,0,0,0,0,0,0,0,0,0,0,1,0,0,0,0,0,0,0,0,0,0,0,0,3,2
1625,1625,0,0,12,12,-143,-15,0,0,0,0,0,0,0,0,2,0,0,0,0,0,0,0,0,0,0,1,0,0,0,0,0,0,0,0,0,0,0,0,3,1
1626,1626,0,1,12,12,-143,-15,0,0,0,0,0,0,0,0,2,0,0,0,0,0,0,0,0,0,0,1,0,0,0,0,0,0,0,0,0,0,0,0,3,1
1627,1627,0,0,-23,9,122,-6,0,0,0,0,0,0,0,0,2,0,0,0,0,0,0,0,0,0,0,1,0,0,0,0,0,0,0,0,0,0,0,0,3,2
1628,1628,0,1,-23,9,122,-6,0,0,0,0,0,0,0,0,2,0,0,0,0,0,0,0,0,0,0,1,0,0,0,0,0,0,0,0,0,0,0,0,3,4
1629,1629,0,0,125,-3,-128,0,0,0,0,0,0,0,0,0,2,0,0,0,0,0,0,0,0,0,0,1,0,0,0,0,0,0,0,0,0,0,0,0,3,2
1630,1630,0,1,125,-3,-128,0,0,0,0,0,0,0,0,0,2,0,0,0,0,0,0,0,0,0,0,1,0,0,0,0,0,0,0,0,0,0,0,0,3,0
1631,1631,0,0,-79,-15,109,13,0,0,0,0,0,0,0,0,2,0,0,0,0,0,0,0,0,0,0,1,0,0,0,0,0,0,0,0,0,0,0,0,3,0
1632,1632,0,1,-79,-15,109,13,0,0,0,0,0,0,0,0,2,0,0,0,0,0,0,0,0,0,0,1,0,0,0,0,0,0,0,0,0,0,0,0,3,0
1633,1633,0,0,59,-5,-51,13,0,0,0,0,0,0,0,0,2,0,0,0,0,0,0,0,0,0,0,1,0,0,0,0,0,0,0,0,0,0,0,0,3,1
1634,1634,0,1,59,-5,-51,13,0,0,0,0,0,0,0,0,2,0,0,0,0,0,0,0,0,0,0,1,0,0,0,0,0,0,0,0,0,0,0,0,3,2
1635,1635,0,0,-11,-11,-64,0,0,0,0,0,0,0,0,0,2,0,0,0,0,0,0,0,0,0,0,1,0,0,0,0,0,0,0,0,0,0,0,0,3,1
1636,1636,0,1,-11,-11,-64,0,0,0,0,0,0,0,0,0,1,0,0,0,0,0,0,0,0,0,0,0,0,0,0,0,0,0,0,0,0,0,0,0,3,0
1637,1637,0,0,50,-14,87,-9,0,0,0,0,0,0,0,0,1,0,0,0,0,0,0,0,0,0,0,1,0,0,0,0,0,0,0,0,0,0,0,0,3,1
1638,1638,0,1,50,-14,87,-9,0,0,0,0,0,0,0,0,1,0,0,0,0,0,0,0,0,0,0,0,0,0,0,0,0,0,0,0,0,0,0,0,3,1
1639,1639,0,0,0,0,-164,-4,0,0,0,0,0,0,0,0,1,0,0,0,0,0,0,0,0,0,0,0,0,0,0,0,0,0,0,0,0,0,0,0,3,2
1640,1640,0,1,0,0,-164,-4,0,0,0,0,0,0,0,0,1,0,0,0,0,0,0,0,0,0,0,0,0,0,0,0,0,0,0,0,0,0,0,0,3,1
1641,1641,0,0,8,8,151,-9,0,0,0,0,0,0,0,0,1,0,0,0,0,0,0,0,0,0,0,0,0,0,0,0,0,0,0,0,0,0,0,0,3,1
1642,1642,0,1,8,8,151,-9,0,0,0,0,0,0,0,0,1,0,0,0,0,0,0,0,0,0,0,0,0,0,0,0,0,0,0,0,0,0,0,0,3,1
1643,1643,0,0,38,6,-135,-7,0,0,0,0,0,0,0,0,1,0,0,0,0,0,0,0,0,0,0,0,0,0,0,0,0,0,0,0,0,0,0,0,3,0
1644,1644,0,1,38,6,-135,-7,0,0,0,0,0,0,0,0,1,0,0,0,0,0,0,0,0,0,0,0,0,0,0,0,0,0,0,0,0,0,0,0,3,1
1645,1645,0,0,-84,12,31,-1,0,0,0,0,0,0,0,0,1,0,0,0,0,0,0,0,0,0,0,0,0,0,0,0,0,0,0,0,0,0,0,0,3,3
1646,1646,0,1,-84,12,31,-1,0,0,0,0,0,0,0,0,1,0,0,0,0,0,0,0,0,0,0,0,0,0,0,0,0,0,0,0,0,0,0,0,3,2
1647,1647,0,0,163,3,22,-10,0,0,0,0,0,0,0,0,1,0,0,0,0,0,0,0,0,0,0,0,0,0,0,0,0,0,0,0,0,0,0,0,3,1
1648,1648,0,1,163,3,22,-10,0,0,0,0,0,0,0,0,1,0,0,0,0,0,0,0,0,0,0,0,0,0,0,0,0,0,0,0,0,0,0,0,3,1
1649,1649,0,0,-102,-6,-120,8,0,0,0,0,0,0,0,0,1,0,0,0,0,0,0,0,0,0,0,0,0,0,0,0,0,0,0,0,0,0,0,0,3,4
1650,1650,0,1,-102,-6,-120,8,0,0,0,0,0,0,0,0,1,0,0,0,0,0,0,0,0,0,0,0,0,0,0,0,0,0,0,0,0,0,0,0,3,4
1651,1651,0,0,90,-6,146,-14,0,0,0,0,0,0,0,0,1,0,0,0,0,0,0,0,0,0,0,0,0,0,0,0,0,0,0,0,0,0,0,0,3,1
1652,1652,0,1,90,-6,146,-14,0,0,0,0,0,0,0,0,1,0,0,0,0,0,0,0,0,0,0,0,0,0,0,0,0,0,0,0,0,0,0,0,3,2
1653,1653,0,0,-24,8,-118,10,0,0,0,0,0,0,0,0,1,0,0,0,0,0,0,0,0,0,0,0,0,0,0,0,0,0,0,0,0,0,0,0,3,0
1654,1654,0,1,-24,8,-118,10,0,0,0,0,0,0,0,0,1,0,0,0,0,0,0,0,0,0,0,0,0,0,0,0,0,0,0,0,0,0,0,0,3,2
1655,1655,0,0,-4,-4,29,-3,0,0,0,0,0,0,0,0,1,0,0,0,0,0,0,0,0,0,0,0,0,0,0,0,0,0,0,0,0,0,0,0,3,3
1656,1656,0,1,-4,-4,29,-3,0,0,0,0,0,0,0,0,1,0,0,0,0,0,0,0,0,0,0,0,0,0,0,0,0,0,0,0,0,0,0,0,3,0
1657,1657,0,0,55,-9,-18,14,0,0,0,0,0,0,0,0,1,0,0,0,0,0,0,0,0,0,0,0,0,0,0,0,0,0,0,0,0,0,0,0,3,1
1658,1658,0,1,55,-9,-18,14,0,0,0,0,0,0,0,0,1,0,0,0,0,0,0,0,0,0,0,0,0,0,0,0,0,0,0,0,0,0,0,0,3,1
1659,1659,0,0,-44,-12,-56,8,0,0,0,0,0,0,0,0,1,0,0,0,0,0,0,0,0,0,0,0,0,0,0,0,0,0,0,0,0,0,0,0,3,4
1660,1660,0,1,-44,-12,-56,8,0,0,0,0,0,0,0,0,1,0,0,0,0,0,0,0,0,0,0,0,0,0,0,0,0,0,0,0,0,0,0,0,3,3
1661,1661,0,0,85,-11,79,15,0,0,0,0,0,0,0,0,1,0,0,0,0,0,0,0,0,0,0,0,0,0,0,0,0,0,0,0,0,0,0,0,3,2
1662,1662,0,1,85,-11,79,15,0,0,0,0,0,0,0,0,1,0,0,0,0,0,0,0,0,0,0,1,0,0,0,0,0,0,0,0,0,0,0,0,3,2
1663,1663,0,0,-40,-8,-116,12,0,0,0,0,0,0,0,0,1,0,0,0,0,0,0,0,0,0,0,0,0,0,0,0,0,0,0,0,0,0,0,0,3,2
1664,1664,0,1,-40,-8,-116,12,0,0,0,0,0,0,0,0,1,0,0,0,0,0,0,0,0,0,0,0,0,0,0,0,0,0,0,0,0,0,0,0,3,4
1665,1665,0,0,6,6,27,-5,0,0,0,0,0,0,0,0,1,0,0,0,0,0,0,0,0,0,0,0,0,0,0,0,0,0,0,0,0,0,0,0,3,1
1666,1666,0,1,6,6,27,-5,0,0,0,0,0,0,0,0,1,0,0,0,0,0,0,0,0,0,0,0,0,0,0,0,0,0,0,0,0,0,0,0,3,1
1667,1667,0,0,46,14,-30,2,0,0,0,0,0,0,0,0,1,0,0,0,0,0,0,0,0,0,0,0,0,0,0,0,0,0,0,0,0,0,0,0,3,4
1668,1668,0,1,46,14,-30,2,0,0,0,0,0,0,0,0,1,0,0,0,0,0,0,0,0,0,0,1,0,0,0,0,0,0,0,0,0,0,0,0,3,4
1669,1669,0,0,4,4,-18,14,0,0,0,0,0,0,0,0,1,0,0,0,0,0,0,0,0,0,0,1,0,0,0,0,0,0,0,0,0,0,0,0,3,3
1670,1670,0,1,4,4,-18,14,0,0,0,0,0,0,0,0,1,0,0,0,0,0,0,0,0,0,0,1,0,0,0,0,0,0,0,0,0,0,0,0,3,1
1671,1671,0,0,31,-1,16,-16,0,0,0,0,0,0,0,0,1,0,0,0,0,0,0,0,0,0,0,1,0,0,0,0,0,0,0,0,0,0,0,0,3,2
1672,1672,0,1,31,-1,16,-16,0,0,0,0,0,0,0,0,1,0,0,0,0,0,0,0,0,0,0,1,0,0,0,0,0,0,0,0,0,0,0,0,3,3
1673,1673,0,0,-15,-15,-18,14,0,0,0,0,0,0,0,0,2,0,0,0,0,0,0,0,0,0,0,1,0,0,0,0,0,0,0,0,0,0,0,0,3,1
1674,1674,0,1,-15,-15,-18,14,0,0,0,0,0,0,0,0,2,0,0,0,0,0,0,0,0,0,0,1,0,0,0,0,0,0,0,0,0,0,0,0,3,3
1675,1675,0,0,48,-16,-43,-11,0,0,0,0,0,0,0,0,2,0,0,0,0,0,0,0,0,0,0,1,0,0,0,0,0,0,0,0,0,0,0,0,3,1
1676,1676,0,1,48,-16,-43,-11,0,0,0,0,0,0,0,0,2,0,0,0,0,0,0,0,0,0,0,1,0,0,0,0,0,0,0,0,0,0,0,0,3,0
1677,1677,0,0,-14,-14,15,15,0,0,0,0,0,0,0,0,2,0,0,0,0,0,0,0,0,0,0,1,0,0,0,0,0,0,0,0,0,0,0,0,3,1
1678,1678,0,1,-14,-14,15,15,0,0,0,0,0,0,0,0,2,0,0,0,0,0,0,0,0,0,0,1,0,0,0,0,0,0,0,0,0,0,0,0,3,1
1679,1679,0,0,43,11,-88,8,0,0,0,0,0,0,0,0,1,0,0,0,0,0,0,0,0,0,0,1,0,0,0,0,0,0,0,0,0,0,0,0,3,2
1680,1680,0,1,43,11,-88,8,0,0,0,0,0,0,0,0,2,0,0,0,0,0,0,0,0,0,0,1,0,0,0,0,0,0,0,0,0,0,0,0,3,0
1681,1681,0,0,32,0,89,-7,0,0,0,0,0,0,0,0,1,0,0,0,0,0,0,0,0,0,0,1,0,0,0,0,0,0,0,0,0,0,0,0,3,2
1682,1682,0,1,32,0,89,-7,0,0,0,0,0,0,0,0,1,0,0,0,0,0,0,0,0,0,0,1,0,0,0,0,0,0,0,0,0,0,0,0,3,2
1683,1683,0,0,-34,-2,-69,-5,0,0,0,0,0,0,0,0,1,0,0,0,0,0,0,0,0,0,0,1,0,0,0,0,0,0,0,0,0,0,0,0,3,2
1684,1684,0,1,-34,-2,-69,-5,0,0,0,0,0,0,0,0,1,0,0,0,0,0,0,0,0,0,0,1,0,0,0,0,0,0,0,0,0,0,0,0,3,3
1685,1685,0,0,48,-16,3,3,0,0,0,0,0,0,0,0,1,0,0,0,0,0,0,0,0,0,0,1,0,0,0,0,0,0,0,0,0,0,0,0,3,1
1686,1686,0,1,48,-16,3,3,0,0,0,0,0,0,0,0,1,0,0,0,0,0,0,0,0,0,0,1,0,0,0,0,0,0,0,0,0,0,0,0,3,0
1687,1687,0,0,-3,-3,-24,8,0,0,0,0,0,0,0,0,1,0,0,0,0,0,0,0,0,0,0,1,0,0,0,0,0,0,0,0,0,0,0,0,3,1
1688,1688,0,1,-3,-3,-24,8,0,0,0,0,0,0,0,0,1,0,0,0,0,0,0,0,0,0,0,1,0,0,0,0,0,0,0,0,0,0,0,0,3,1
1689,1689,0,0,24,-8,8,8,0,0,0,0,0,0,0,0,1,0,0,0,0,0,0,0,0,0,0,1,0,0,0,0,0,0,0,0,0,0,0,0,3,1
1690,1690,0,1,24,-8,8,8,0,0,0,0,0,0,0,0,1,0,0,0,0,0,0,0,0,0,0,1,0,0,0,0,0,0,0,0,0,0,0,0,0,0
1691,1691,0,0,92,-4,-14,-14,0,0,0,0,0,0,0,0,1,0,0,0,0,0,0,0,0,0,0,1,0,0,0,0,0,0,0,0,0,0,0,0,0,1
1692,1692,0,1,92,-4,-14,-14,0,0,0,0,0,0,0,0,1,0,0,0,0,0,0,0,0,0,0,1,0,0,0,0,0,0,0,0,0,0,0,0,0,0
1693,1693,0,0,-113,15,18,-14,0,0,0,0,0,0,0,0,1,0,0,0,0,0,0,0,0,0,0,1,0,0,0,0,0,0,0,0,0,0,0,0,0,0
1694,1694,0,1,-113,15,18,-14,0,0,0,0,0,0,0,0,1,0,0,0,0,0,0,0,0,0,0,1,0,0,0,0,0,0,0,0,0,0,0,0,0,1
1695,1695,0,0,182,-10,-61,3,0,0,0,0,0,0,0,0,1,0,0,0,0,0,0,0,0,0,0,1,0,0,0,0,0,0,0,0,0,0,0,0,0,1
1696,1696,0,1,182,-10,-61,3,0,0,0,0,0,0,0,0,1,0,0,0,0,0,0,0,0,0,0,1,0,0,0,0,0,0,0,0,0,0,0,0,1,1
1697,1697,0,0,-145,15,60,-4,0,0,0,0,0,0,0,0,1,0,0,0,0,0,0,0,0,0,0,0,0,0,0,0,0,0,0,0,0,0,0,0,1,0
1698,1698,0,1,-145,15,60,-4,0,0,0,0,0,0,0,0,1,0,0,0,0,0,0,0,0,0,0,0,0,0,0,0,0,0,0,0,0,0,0,0,1,1
1699,1699,0,0,171,11,-142,-14,0,0,0,0,0,0,0,0,1,0,0,0,0,0,0,0,0,0,0,0,0,0,0,0,0,0,0,0,0,0,0,0,1,2
1700,1700,0,1,171,11,-142,-14,0,0,0,0,0,0,0,0,1,0,0,0,0,0,0,0,0,0,0,0,0,0,0,0,0,0,0,0,0,0,0,0,1,2
1701,1701,0,0,-18,14,91,-5,0,0,0,0,0,0,0,0,1,0,0,0,0,0,0,0,0,0,0,0,0,0,0,0,0,0,0,0,0,0,0,0,1,1
1702,1702,0,1,-18,14,91,-5,0,0,0,630,261,0,0,0,1,0,0,0,0,0,0,0,0,0,0,0,0,0,0,0,0,0,0,0,0,0,0,0,1,1
1703,1703,0,0,-11,-11,-41,-9,0,0,0,630,261,0,0,0,1,0,0,0,0,0,0,0,0,0,0,0,0,0,0,0,0,0,0,0,0,0,0,0,1,0
1704,1704,0,1,-11,-11,-41,-9,0,0,0,630,261,0,0,0,1,0,0,0,0,0,0,0,0,0,0,0,0,0,0,0,0,0,0,0,0,0,0,0,1,2
1705,1705,0,0,30,-2,-15,-15,0,0,0,630,261,0,0,0,1,0,0,0,0,0,0,0,0,0,0,0,0,0,0,0,0,0,0,0,0,0,0,0,1,1
1706,1706,0,1,30,-2,-15,-15,0,0,0,630,261,0,0,0,1,0,0,0,0,0,0,0,0,0,0,0,0,0,0,0,0,0,0,0,0,0,0,0,1,1
1707,1707,0,0,-16,-16,6,6,0,0,0,630,261,0,0,0,1,0,0,0,0,0,0,0,0,0,0,0,0,0,0,0,0,0,0,0,0,0,0,0,1,0
1708,1708,0,1,-16,-16,6,6,0,0,0,-261,630,0,0,0,1,0,0,0,0,0,0,0,0,0,0,0,0,0,0,0,0,0,0,0,0,0,0,0,1,0
1709,1709,0,0,50,-14,-73,-9,0,0,0,-261,630,0,0,0,1,0,0,0,0,0,0,0,0,0,0,0,0,0,0,0,0,0,0,0,0,0,0,0,1,1
1710,1710,0,1,50,-14,-73,-9,0,0,0,-261,630,0,0,0,1,0,0,0,0,0,0,0,0,0,0,0,0,0,0,0,0,0,0,0,0,0,0,0,1,2
1711,1711,0,0,28,-4,98,2,0,0,0,-261,630,0,0,0,1,0,0,0,0,0,0,0,0,0,0,0,0,0,0,0,0,0,0,0,0,0,0,0,1,3
1712,1712,0,1,28,-4,98,2,0,0,0,-261,630,0,0,0,1,0,0,0,0,0,0,0,0,0,0,0,0,0,0,0,0,0,0,0,0,0,0,0,1,1
1713,1713,0,0,18,-14,-69,-5,0,0,0,-261,630,0,0,0,1,0,0,0,0,0,0,0,0,0,0,0,0,0,0,0,0,0,0,0,0,0,0,0,1,1
1714,1714,0,1,18,-14,-69,-5,0,0,0,-680,-261,0,0,0,1,0,0,0,0,0,0,0,0,0,0,0,0,0,0,0,0,0,0,0,0,0,0,0,1,0
1715,1715,0,0,-23,9,16,-16,0,0,0,-680,-261,0,0,0,1,0,0,0,0,0,0,0,0,0,0,0,0,0,0,0,0,0,0,0,0,0,0,0,1,4
1716,1716,0,1,-23,9,16,-16,0,0,0,-680,-261,0,0,0,1,0,0,0,0,0,0,0,0,0,0,0,0,0,0,0,0,0,0,0,0,0,0,0,1,3
1717,1717,0,0,19,-13,-4,-4,0,0,0,-680,-261,0,0,0,1,0,0,0,0,0,0,0,0,0,0,0,0,0,0,0,0,0,0,0,0,0,0,0,1,1
1718,1718,0,1,19,-13,-4,-4,0,0,0,-680,-261,0,0,0,1,0,0,0,0,0,0,0,0,0,0,0,0,0,0,0,0,0,0,0,0,0,0,0,1,1
1719,1719,0,0,59,-5,-75,-11,0,0,0,-680,-261,0,0,0,1,0,0,0,0,0,0,0,0,0,0,0,0,0,0,0,0,0,0,0,0,0,0,0,1,5
1720,1720,0,1,59,-5,-75,-11,0,0,0,261,-680,0,0,0,1,0,0,0,0,0,0,0,0,0,0,0,0,0,0,0,0,0,0,0,0,0,0,0,1,6
1721,1721,0,0,-72,-8,111,15,0,0,0,261,-680,0,0,0,1,0,0,0,0,0,0,0,0,0,0,0,0,0,0,0,0,0,0,0,0,0,0,0,1,2
1722,1722,0,1,-72,-8,111,15,0,0,0,261,-680,0,0,0,1,0,0,0,0,0,0,0,0,0,0,0,0,0,0,0,0,0,0,0,0,0,0,0,1,2
1723,1723,0,0,127,-1,-170,-10,0,0,0,261,-680,0,0,0,1,0,0,0,0,0,0,0,0,0,0,0,0,0,0,0,0,0,0,0,0,0,0,0,1,0
1724,1724,0,1,127,-1,-170,-10,0,0,0,261,-680,0,0,0,1,0,0,0,0,0,0,0,0,0,0,0,0,0,0,0,0,0,0,0,0,0,0,0,1,1
1725,1725,0,0,-112,-16,168,8,0,0,0,261,-680,0,0,0,1,0,0,0,0,0,0,0,0,0,0,0,0,0,0,0,0,0,0,0,0,0,0,0,1,1
1726,1726,0,1,-112,-16,168,8,0,0,0,630,261,0,0,0,1,0,0,0,0,0,0,0,0,0,0,0,0,0,0,0,0,0,0,0,0,0,0,0,1,0
1727,1727,0,0,162,2,-189,3,0,0,0,630,261,0,0,0,1,0,0,0,0,0,0,0,0,0,0,0,0,0,0,0,0,0,0,0,0,0,0,0,1,0
1728,1728,0,1,162,2,-189,3,0,0,0,630,261,0,0,0,1,0,0,0,0,0,0,0,0,0,0,0,0,0,0,0,0,0,0,0,0,0,0,0,1,1
1729,1729,0,0,-119,9,153,-7,0,0,0,630,261,0,0,0,1,0,0,0,0,0,0,0,0,0,0,0,0,0,0,0,0,0,0,0,0,0,0,0,1,2
1730,1730,0,1,-119,9,153,-7,0,0,0,630,261,0,0,0,1,0,0,0,0,0,0,0,0,0,0,0,0,0,0,0,0,0,0,0,0,0,0,0,1,2
1731,1731,0,0,125,-3,-152,8,0,0,0,630,261,0,0,0,1,0,0,0,0,0,0,0,0,0,0,0,0,0,0,0,0,0,0,0,0,0,0,0,1,3
1732,1732,0,1,125,-3,-152,8,0,0,0,-261,630,0,0,0,1,0,0,0,0,0,0,0,0,0,0,1,0,0,0,0,0,0,0,0,0,0,0,0,1,2
1733,1733,0,0,-30,2,122,-6,0,0,0,-261,630,0,0,0,1,0,0,0,0,0,0,0,0,0,0,1,0,0,0,0,0,0,0,0,0,0,0,0,1,1
1734,1734,0,1,-30,2,122,-6,0,0,0,-261,630,0,0,0,1,0,0,0,0,0,0,0,0,0,0,1,0,0,0,0,0,0,0,0,0,0,0,0,1,1
1735,1735,0,0,10,10,-107,-11,0,0,0,-261,630,0,0,0,1,0,0,0,0,0,0,0,0,0,0,1,0,0,0,0,0,0,0,0,0,0,0,0,1,0
1736,1736,0,1,10,10,-107,-11,0,0,0,-261,630,0,0,0,1,0,0,0,0,0,0,0,0,0,0,1,0,0,0,0,0,0,0,0,0,0,0,0,1,0
1737,1737,0,0,49,-15,88,-8,0,0,0,-261,630,0,0,0,1,0,0,0,0,0,0,0,0,0,0,1,0,0,0,0,0,0,0,0,0,0,0,0,1,0
1738,1738,0,1,49,-15,88,-8,0,0,0,-680,-261,0,0,0,1,0,0,0,0,0,0,0,0,0,0,1,0,0,0,0,0,0,0,0,0,0,0,0,1,1
1739,1739,0,0,-90,6,-125,3,0,0,0,-680,-261,0,0,0,1,0,0,0,0,0,0,0,0,0,0,1,0,0,0,0,0,0,0,0,0,0,0,0,1,3
1740,1740,0,1,-90,6,-125,3,0,0,0,-680,-261,0,0,0,1,0,0,0,0,0,0,0,0,0,0,1,0,0,0,0,0,0,0,0,0,0,0,0,1,0
1741,1741,0,0,203,11,56,-8,0,0,0,-680,-261,0,0,0,1,0,0,0,0,0,0,0,0,0,0,1,0,0,0,0,0,0,0,0,0,0,0,0,1,2
1742,1742,0,1,203,11,56,-8,0,0,0,-680,-261,0,0,0,1,0,0,0,0,0,0,0,0,0,0,1,0,0,0,0,0,0,0,0,0,0,0,0,1,0
1743,1743,0,0,-196,-4,-55,9,0,0,0,-680,-261,0,0,0,1,0,0,0,0,0,0,0,0,0,0,1,0,0,0,0,0,0,0,0,0,0,0,0,1,4
1744,1744,0,1,-196,-4,-55,9,0,0,0,261,-680,0,0,0,1,0,0,0,0,0,0,0,0,0,0,1,0,0,0,0,0,0,0,0,0,0,0,0,1,3
1745,1745,0,0,222,-2,39,7,0,0,0,261,-680,0,0,0,1,0,0,0,0,0,0,0,0,0,0,1,0,0,0,0,0,0,0,0,0,0,0,0,1,2
1746,1746,0,1,222,-2,39,7,0,0,0,261,-680,0,0,0,1,0,0,0,0,0,0,0,0,0,0,1,0,0,0,0,0,0,0,0,0,0,0,0,1,2
1747,1747,0,0,-173,-13,-34,-2,0,0,0,261,-680,0,0,0,1,0,0,0,0,0,0,0,0,0,0,1,0,0,0,0,0,0,0,0,0,0,0,0,1,4
1748,1748,0,1,-173,-13,-34,-2,0,0,0,261,-680,0,0,0,1,0,0,0,0,0,0,0,0,0,0,1,0,0,0,0,0,0,0,0,0,0,0,0,1,4
1749,1749,0,0,156,-4,-76,-12,0,0,0,261,-680,0,0,0,1,0,0,0,0,0,0,0,0,0,0,1,0,0,0,0,0,0,0,0,0,0,0,0,1,1
1750,1750,0,1,156,-4,-76,-12,0,0,0,630,261,0,0,0,1,0,0,0,0,0,0,0,0,0,0,1,0,0,0,0,0,0,0,0,0,0,0,0,1,2
1751,1751,0,0,-73,-9,143,15,0,0,0,630,261,0,0,0,1,0,0,0,0,0,0,0,0,0,0,1,0,0,0,0,0,0,0,0,0,0,0,0,1,3
1752,1752,0,1,-73,-9,143,15,0,0,0,630,261,0,0,0,1,0,0,0,0,0,0,0,0,0,0,1,0,0,0,0,0,0,0,0,0,0,0,0,1,4
1753,1753,0,0,88,-8,-252,4,0,0,0,630,261,0,0,0,1,0,0,0,0,0,0,0,0,0,0,1,0,0,0,0,0,0,0,0,0,0,0,0,1,1
1754,1754,0,1,88,-8,-252,4,0,0,0,630,261,0,0,0,1,0,0,0,0,0,0,0,0,0,0,1,0,0,0,0,0,0,0,0,0,0,0,0,1,2
1755,1755,0,0,-24,8,305,-15,0,0,0,630,261,0,0,0,1,0,0,0,0,0,0,0,0,0,0,1,0,0,0,0,0,0,0,0,0,0,0,0,1,1
1756,1756,0,1,-24,8,305,-15,0,0,0,-261,630,0,0,0,1,0,0,0,0,0,0,0,0,0,0,1,0,0,0,0,0,0,0,0,0,0,0,0,1,1
1757,1757,0,0,9,9,-308,12,0,0,0,-261,630,0,0,0,1,0,0,0,0,0,0,0,0,0,0,1,0,0,0,0,0,0,0,0,0,0,0,0,1,1
1758,1758,0,1,9,9,-308,12,0,0,0,-261,630,0,0,0,1,0,0,0,0,0,0,0,0,0,0,1,0,0,0,0,0,0,0,0,0,0,0,0,1,0
1759,1759,0,0,56,-8,214,-10,0,0,0,-261,630,0,0,0,1,0,0,0,0,0,0,0,0,0,0,1,0,0,0,0,0,0,0,0,0,0,0,0,1,2
1760,1760,0,1,56,-8,214,-10,0,0,0,-261,630,0,0,0,1,0,0,0,0,0,0,0,0,0,0,1,0,0,0,0,0,0,0,0,0,0,0,0,1,3
1761,1761,0,0,-10,-10,-197,-5,0,0,0,-261,630,0,0,0,1,0,0,0,0,0,0,0,0,0,0,1,0,0,0,0,0,0,0,0,0,0,0,0,1,5
1762,1762,0,1,-10,-10,-197,-5,0,0,0,-680,-261,0,0,0,1,0,0,0,0,0,0,0,0,0,0,1,0,0,0,0,0,0,0,0,0,0,0,0,1,3
1763,1763,0,0,79,15,167,7,0,0,0,-680,-261,0,0,0,1,0,0,0,0,0,0,0,0,0,0,1,0,0,0,0,0,0,0,0,0,0,0,0,1,2
1764,1764,0,1,79,15,167,7,0,0,0,-680,-261,0,0,0,1,0,0,0,0,0,0,0,0,0,0,1,0,0,0,0,0,0,0,0,0,0,0,0,1,2
1765,1765,0,0,-52,12,-188,4,0,0,0,-680,-261,0,0,0,1,0,0,0,0,0,0,0,0,0,0,1,0,0,0,0,0,0,0,0,0,0,0,0,1,4
1766,1766,0,1,-52,12,-188,4,0,0,0,-680,-261,0,0,0,1,0,0,0,0,0,0,0,0,0,0,1,0,0,0,0,0,0,0,0,0,0,0,0,1,4
1767,1767,0,0,77,13,182,-10,0,0,0,-680,-261,0,0,0,2,0,0,0,0,0,0,0,0,0,0,1,0,0,0,0,0,0,0,0,0,0,0,0,1,1
1768,1768,0,1,77,13,182,-10,0,0,0,261,-680,0,0,0,2,0,0,0,0,0,0,0,0,0,0,1,0,0,0,0,0,0,0,0,0,0,0,0,1,3
1769,1769,0,0,-31,1,-159,1,0,0,0,261,-680,0,0,0,2,0,0,0,0,0,0,0,0,0,0,1,0,0,0,0,0,0,0,0,0,0,0,0,1,4
1770,1770,0,1,-31,1,-159,1,0,0,0,261,-680,0,0,0,2,0,0,0,0,0,0,0,0,0,0,1,0,0,0,0,0,0,0,0,0,0,0,0,1,3
1771,1771,0,0,62,-2,82,-14,0,0,0,261,-680,0,0,0,2,0,0,0,0,0,0,0,0,0,0,1,0,0,0,0,0,0,0,0,0,0,0,0,1,3
1772,1772,0,1,62,-2,82,-14,0,0,0,261,-680,0,0,0,2,0,0,0,0,0,0,0,0,0,0,1,0,0,0,0,0,0,0,0,0,0,0,0,1,0
1773,1773,0,0,-26,6,-97,-1,0,0,0,261,-680,0,0,0,2,0,0,0,0,0,0,0,0,0,0,1,0,0,0,0,0,0,0,0,0,0,0,0,1,5
1774,1774,0,1,-26,6,-97,-1,0,0,0,630,261,0,0,0,2,0,0,0,0,0,0,0,0,0,0,1,0,0,0,0,0,0,0,0,0,0,0,0,1,4
1775,1775,0,0,125,-3,76,12,0,0,0,630,261,0,0,0,2,0,0,0,0,0,0,0,0,0,0,1,0,0,0,0,0,0,0,0,0,0,0,0,1,5
1776,1776,0,1,125,-3,76,12,0,0,0,630,261,0,0,0,2,0,0,0,0,0,0,0,0,0,0,1,0,0,0,0,0,0,0,0,0,0,0,0,1,4
1777,1777,0,0,-105,-9,-67,-3,0,0,0,630,261,0,0,0,2,0,0,0,0,0,0,0,0,0,0,1,0,0,0,0,0,0,0,0,0,0,0,0,1,5
1778,1778,0,1,-105,-9,-67,-3,0,0,0,630,261,0,0,0,2,0,0,0,0,0,0,0,0,0,0,1,0,0,0,0,0,0,0,0,0,0,0,0,1,6
1779,1779,0,0,96,0,7,7,0,0,0,630,261,0,0,0,2,0,0,0,0,0,0,0,0,0,0,1,0,0,0,0,0,0,0,0,0,0,0,0,1,2
1780,1780,0,1,96,0,7,7,0,0,0,-261,630,0,0,0,2,0,0,0,0,0,0,0,0,0,0,1,0,0,0,0,0,0,0,0,0,0,0,0,1,4
1781,1781,0,0,-28,4,11,11,0,0,0,-261,630,0,0,0,2,0,0,0,0,0,0,0,0,0,0,1,0,0,0,0,0,0,0,0,0,0,0,0,1,2
1782,1782,0,1,-28,4,11,11,0,0,0,-261,630,0,0,0,2,0,0,0,0,0,0,0,0,0,0,1,0,0,0,0,0,0,0,0,0,0,0,0,1,3
1783,1783,0,0,27,-5,-57,7,0,0,0,-261,630,0,0,0,2,0,0,0,0,0,0,0,0,0,0,1,0,0,0,0,0,0,0,0,0,0,0,0,1,2
1784,1784,0,1,27,-5,-57,7,0,0,0,-261,630,0,0,0,2,0,0,0,0,0,0,0,0,0,0,1,0,0,0,0,0,0,0,0,0,0,0,0,1,3
1785,1785,0,0,46,14,33,1,0,0,0,-261,630,0,0,0,2,0,0,0,0,0,0,0,0,0,0,1,0,0,0,0,0,0,0,0,0,0,0,0,1,3
1786,1786,0,1,46,14,33,1,0,0,0,-680,-261,0,0,0,2,0,0,0,0,0,0,0,0,0,0,1,0,0,0,0,0,0,0,0,0,0,0,0,1,3
1787,1787,0,0,-58,6,18,-14,0,0,0,-680,-261,0,0,0,2,0,0,0,0,0,0,0,0,0,0,1,0,0,0,0,0,0,0,0,0,0,0,0,1,2
1788,1788,0,1,-58,6,18,-14,0,0,0,-680,-261,0,0,0,2,0,0,0,0,0,0,0,0,0,0,1,0,0,0,0,0,0,0,0,0,0,0,0,1,4
1789,1789,0,0,109,13,-85,11,0,0,0,-680,-261,0,0,0,3,0,0,0,0,0,0,0,0,0,0,1,0,0,0,0,0,0,0,0,0,0,0,0,1,2
1790,1790,0,1,109,13,-85,11,0,0,0,-680,-261,0,0,0,3,0,0,0,0,0,0,0,0,0,0,1,0,0,0,0,0,0,0,0,0,0,0,0,1,3
1791,1791,0,0,-97,-1,87,-9,0,0,0,-680,-261,0,0,0,3,0,0,0,0,0,0,0,0,0,0,1,0,0,0,0,0,0,0,0,0,0,0,0,1,1
1792,1792,0,1,-97,-1,87,-9,0,0,0,261,-680,0,0,0,3,0,0,0,0,0,0,0,0,0,0,1,0,0,0,0,0,0,0,0,0,0,0,0,1,1
1793,1793,0,0,136,8,-126,2,0,0,0,261,-680,0,0,0,3,0,0,0,0,0,0,0,0,0,0,1,0,0,0,0,0,0,0,0,0,0,0,0,1,1
1794,1794,0,1,136,8,-126,2,0,0,0,261,-680,0,0,0,2,0,0,0,0,0,0,0,0,0,0,1,0,0,0,0,0,0,0,0,0,0,0,0,1,1
1795,1795,0,0,-31,1,50,-14,0,0,0,261,-680,0,0,0,2,0,0,0,0,0,0,0,0,0,0,1,0,0,0,0,0,0,0,0,0,0,0,0,1,3
1796,1796,0,1,-31,1,50,-14,0,0,0,261,-680,0,0,0,2,0,0,0,0,0,0,0,0,0,0,1,0,0,0,0,0,0,0,0,0,0,0,0,1,2
1797,1797,0,0,12,12,14,14,0,0,0,261,-680,0,0,0,2,0,0,0,0,0,0,0,0,0,0,1,0,0,0,0,0,0,0,0,0,0,0,0,1,1
1798,1798,0,1,12,12,14,14,0,0,0,630,261,0,0,0,2,0,0,0,0,0,0,0,0,0,0,1,0,0,0,0,0,0,0,0,0,0,0,0,1,2
1799,1799,0,0,51,-13,-116,12,0,0,0,630,261,0,0,0,2,0,0,0,0,0,0,0,0,0,0,1,0,0,0,0,0,0,0,0,0,0,0,0,1,1
1800,1800,0,1,51,-13,-116,12,0,0,0,630,261,0,0,0,2,0,0,0,0,0,0,0,0,0,0,1,0,0,0,0,0,0,0,0,0,0,0,0,1,2
1801,1801,0,0,-13,-13,87,-9,0,0,0,630,261,0,0,0,2,0,0,0,0,0,0,0,0,0,0,1,0,0,0,0,0,0,0,0,0,0,0,0,1,0
1802,1802,0,1,-13,-13,87,-9,0,0,0,630,261,0,0,0,2,0,0,0,0,0,0,0,0,0,0,1,0,0,0,0,0,0,0,0,0,0,0,0,1,0
1803,1803,0,0,59,-5,-165,-5,0,0,0,630,261,0,0,0,2,0,0,0,0,0,0,0,0,0,0,1,0,0,0,0,0,0,0,0,0,0,0,0,1,1
1804,1804,0,1,59,-5,-165,-5,0,0,0,-261,630,0,0,0,2,0,0,0,0,0,0,0,0,0,0,1,0,0,0,0,0,0,0,0,0,0,0,0,1,1
1805,1805,0,0,-8,-8,145,-15,0,0,0,-261,630,0,0,0,2,0,0,0,0,0,0,0,0,0,0,1,0,0,0,0,0,0,0,0,0,0,0,0,1,2
1806,1806,0,1,-8,-8,145,-15,0,0,0,-261,630,0,0,0,2,0,0,0,0,0,0,0,0,0,0,1,0,0,0,0,0,0,0,0,0,0,0,0,1,1
1807,1807,0,0,36,4,-97,-1,0,0,0,-261,630,0,0,0,2,0,0,0,0,0,0,0,0,0,0,1,0,0,0,0,0,0,0,0,0,0,0,0,1,1
1808,1808,0,1,36,4,-97,-1,0,0,0,-261,630,0,0,0,2,0,0,0,0,0,0,0,0,0,0,1,0,0,0,0,0,0,0,0,0,0,0,0,1,0
1809,1809,0,0,36,4,-8,-8,0,0,0,-261,630,0,0,0,2,0,0,0,0,0,0,0,0,0,0,1,0,0,0,0,0,0,0,0,0,0,0,0,1,3
1810,1810,0,1,36,4,-8,-8,0,0,0,-680,-261,0,0,0,1,0,0,0,0,0,0,0,0,0,0,1,0,0,0,0,0,0,0,0,0,0,0,0,1,2
1811,1811,0,0,-14,-14,71,7,0,0,0,-680,-261,0,0,0,1,0,0,0,0,0,0,0,0,0,0,0,0,0,0,0,0,0,0,0,0,0,0,0,1,1
1812,1812,0,1,-14,-14,71,7,0,0,0,-680,-261,0,0,0,1,0,0,0,0,0,0,0,0,0,0,0,0,0,0,0,0,0,0,0,0,0,0,0,1,0
1813,1813,0,0,-47,-15,-121,7,0,0,0,-680,-261,0,0,0,1,0,0,0,0,0,0,0,0,0,0,0,0,0,0,0,0,0,0,0,0,0,0,0,1,4
1814,1814,0,1,-47,-15,-121,7,0,0,0,-680,-261,0,0,0,1,0,0,0,0,0,0,0,0,0,0,1,0,0,0,0,0,0,0,0,0,0,0,0,1,5
1815,1815,0,0,211,-13,41,9,0,0,0,-680,-261,0,0,0,1,0,0,0,0,0,0,0,0,0,0,1,0,0,0,0,0,0,0,0,0,0,0,0,1,1
1816,1816,0,1,211,-13,41,9,0,0,0,261,-680,0,0,0,1,0,0,0,0,0,0,0,0,0,0,1,0,0,0,0,0,0,0,0,0,0,0,0,1,1
1817,1817,0,0,-161,-1,-22,10,0,0,0,261,-680,0,0,0,1,0,0,0,0,0,0,0,0,0,0,1,0,0,0,0,0,0,0,0,0,0,0,0,1,1
1818,1818,0,1,-161,-1,-22,10,0,0,0,261,-680,0,0,0,1,0,0,0,0,0,0,0,0,0,0,1,0,0,0,0,0,0,0,0,0,0,0,0,1,1
1819,1819,0,0,7,7,27,-5,0,0,0,261,-680,0,0,0,1,0,0,0,0,0,0,0,0,0,0,1,0,0,0,0,0,0,0,0,0,0,0,0,1,4
1820,1820,0,1,7,7,27,-5,0,0,0,261,-680,0,0,0,1,0,0,0,0,0,0,0,0,0,0,1,0,0,0,0,0,0,0,0,0,0,0,0,1,2
1821,1821,0,0,223,-1,-176,-16,0,0,0,261,-680,0,0,0,1,0,0,0,0,0,0,0,0,0,0,1,0,0,0,0,0,0,0,0,0,0,0,0,1,0
1822,1822,0,1,223,-1,-176,-16,0,0,0,630,261,0,0,0,1,0,0,0,0,0,0,0,0,0,0,1,0,0,0,0,0,0,0,0,0,0,0,0,1,0
1823,1823,0,0,904,8,-237,-13,0,0,0,630,261,0,0,0,1,0,0,0,0,0,0,0,0,0,0,1,0,0,0,0,0,0,0,0,0,0,0,0,1,4
1824,1824,0,1,904,8,-237,-13,0,0,0,630,261,0,0,0,1,0,0,0,0,0,0,0,0,0,0,1,0,0,0,0,0,0,0,0,0,0,0,0,1,4
1825,1825,0,0,396,12,-101,-5,0,0,0,630,261,0,0,0,1,0,0,0,0,0,0,0,0,0,0,1,0,0,0,0,0,0,0,0,0,0,0,0,1,2
1826,1826,0,1,396,12,-101,-5,0,0,0,630,261,0,0,0,1,0,0,0,0,0,0,0,0,0,0,1,0,0,0,0,0,0,0,0,0,0,0,0,1,3
1827,1827,0,0,-92,4,-104,-8,0,0,0,630,261,0,0,0,1,0,0,0,0,0,0,0,0,0,0,1,0,0,0,0,0,0,0,0,0,0,0,0,1,1
1828,1828,0,1,-92,4,-104,-8,0,0,0,-261,630,0,0,0,1,0,0,0,0,0,0,0,0,0,0,1,0,0,0,0,0,0,0,0,0,0,0,0,1,4
1829,1829,0,0,361,9,-864,0,0,0,0,-261,630,0,0,0,1,0,0,0,0,0,0,0,0,0,0,1,0,0,0,0,0,0,0,0,0,0,0,0,1,2
1830,1830,0,1,361,9,-864,0,0,0,0,-261,630,0,0,0,1,0,0,0,0,0,0,0,0,0,0,1,0,0,0,0,0,0,0,0,0,0,0,0,1,1
1831,1831,0,0,665,-7,-1440,0,0,0,0,-261,630,0,0,0,1,0,0,0,0,0,0,0,0,0,0,1,0,0,0,0,0,0,0,0,0,0,0,0,1,2
1832,1832,0,1,665,-7,-1440,0,0,0,0,-261,630,0,0,0,1,0,0,0,0,0,0,0,0,0,0,1,0,0,0,0,0,0,0,0,0,0,0,0,1,1
1833,1833,0,0,947,-13,-963,-3,0,0,0,-261,630,0,0,0,1,0,0,0,0,0,0,0,0,0,0,1,0,0,0,0,0,0,0,0,0,0,0,0,1,3
1834,1834,0,1,947,-13,-963,-3,0,0,0,-680,-261,0,0,0,1,0,0,0,0,0,0,0,0,0,0,1,0,0,0,0,0,0,0,0,0,0,0,0,1,4
1835,1835,0,0,837,5,391,7,0,0,0,-680,-261,0,0,0,1,0,0,0,0,0,0,0,0,0,0,1,0,0,0,0,0,0,0,0,0,0,0,0,1,6
1836,1836,0,1,837,5,391,7,0,0,0,-680,-261,0,0,0,2,0,0,0,0,0,0,0,0,0,0,1,0,0,0,0,0,0,0,0,0,0,0,0,1,4
1837,1837,0,0,1382,6,850,-14,0,0,0,-680,-261,0,0,0,2,0,0,0,0,0,0,0,0,0,0,1,0,0,0,0,0,0,0,0,0,0,0,0,1,2
1838,1838,0,1,1382,6,850,-14,0,0,0,-680,-261,0,0,0,2,0,0,0,0,0,0,0,0,0,0,1,0,0,0,0,0,0,0,0,0,0,0,0,1,5
1839,1839,0,0,929,1,730,-6,0,0,0,-680,-261,0,0,0,2,0,0,0,0,0,0,0,0,0,0,1,0,0,0,0,0,0,0,0,0,0,0,0,1,1
1840,1840,0,1,929,1,730,-6,0,0,0,261,-680,0,0,0,2,0,0,0,0,0,0,0,0,0,0,1,0,0,0,0,0,0,0,0,0,0,0,0,1,4
1841,1841,0,0,-271,-15,963,3,0,0,0,261,-680,0,0,0,2,0,0,0,0,0,0,0,0,0,0,1,0,0,0,0,0,0,0,0,0,0,0,0,1,14
1842,1842,0,1,-271,-15,963,3,0,0,0,261,-680,0,0,0,2,0,0,0,0,0,0,0,0,0,0,1,0,0,0,0,0,0,0,0,0,0,0,0,1,28
1843,1843,0,0,-881,15,1341,-3,0,0,0,261,-680,0,0,0,3,0,0,0,0,0,0,0,0,0,0,2,0,0,0,0,0,0,0,0,0,0,0,0,1,43
1844,1844,0,1,-881,15,1341,-3,0,0,0,261,-680,0,0,0,4,0,0,0,0,0,0,0,0,0,0,3,0,0,0,0,0,0,0,0,0,0,0,0,1,44
1845,1845,0,0,-764,4,981,-11,0,0,0,261,-680,0,0,0,6,0,0,0,0,0,0,0,0,0,0,5,0,0,0,0,0,0,0,0,0,0,0,0,1,33
1846,1846,0,1,-764,4,981,-11,0,0,0,630,261,0,0,0,7,0,0,0,0,0,0,0,0,0,0,5,0,0,0,0,0,0,0,0,0,0,0,0,1,18
1847,1847,0,0,-908,-12,-350,2,0,0,0,630,261,0,0,0,7,0,0,0,0,0,0,0,0,0,0,6,0,0,0,0,0,0,0,0,0,0,0,0,1,10
1848,1848,0,1,-908,-12,-350,2,0,0,0,630,261,0,0,0,7,0,0,0,0,0,0,0,0,0,0,6,0,0,0,0,0,0,0,0,0,0,0,0,1,22
1849,1849,0,0,-1415,-7,-898,-2,0,0,0,630,261,0,0,0,8,0,0,0,0,0,0,0,0,0,0,6,0,0,0,0,0,0,0,0,0,0,0,0,1,43
1850,1850,0,1,-1415,-7,-898,-2,0,0,0,630,261,0,0,0,9,0,0,0,0,0,0,0,0,0,0,7,0,0,0,0,0,0,0,0,0,0,0,0,1,67
1851,1851,0,0,-1027,-3,-800,0,0,0,0,630,261,0,0,0,11,0,0,0,0,0,0,0,0,0,0,9,0,0,0,0,0,0,0,0,0,0,0,0,1,84
1852,1852,0,1,-1027,-3,-800,0,0,0,0,-261,630,0,0,0,14,0,0,0,0,0,0,0,0,0,0,11,0,0,0,0,0,0,0,0,0,0,0,0,1,90
1853,1853,0,0,402,-14,-879,-15,0,0,0,-261,630,0,0,0,17,0,0,0,0,0,0,0,0,0,0,14,0,0,0,0,0,0,0,0,0,0,0,0,1,83
1854,1854,0,1,402,-14,-879,-15,0,0,0,-261,630,0,0,0,19,0,0,0,0,0,0,0,0,0,0,16,0,0,0,0,0,0,0,0,0,0,0,0,1,65
1855,1855,0,0,887,-9,-1257,-9,0,0,0,-261,630,0,0,0,21,0,0,0,0,0,0,0,0,0,0,17,0,0,0,0,0,0,0,0,0,0,0,0,1,56
1856,1856,0,1,887,-9,-1257,-9,0,0,0,-261,630,0,0,0,23,0,0,0,0,0,0,0,0,0,0,18,0,0,0,0,0,0,0,0,0,0,0,0,1,69
1857,1857,0,0,833,1,-962,-2,0,0,0,-261,630,0,0,0,25,0,0,0,0,0,0,0,0,0,0,19,0,0,0,0,0,0,0,0,0,0,0,0,1,85
1858,1858,0,1,833,1,-962,-2,0,0,0,-680,-261,0,0,0,28,0,0,0,0,0,0,0,0,0,0,21,0,0,0,0,0,0,0,0,0,0,0,0,1,89
1859,1859,0,0,845,13,375,-9,0,0,0,-680,-261,0,0,0,30,0,0,0,0,0,0,0,0,0,0,23,0,0,0,0,0,0,0,0,0,0,0,0,1,78
1860,1860,0,1,845,13,375,-9,0,0,0,-680,-261,0,0,0,33,0,0,0,0,0,0,0,0,0,0,25,0,0,0,0,0,0,0,0,0,0,0,0,1,62
1861,1861,0,0,1387,11,820,-12,0,0,0,-680,-261,0,0,0,34,0,0,0,0,0,0,0,0,0,0,25,0,0,0,0,0,0,0,0,0,0,0,0,1,57
1862,1862,0,1,1387,11,820,-12,0,0,0,-680,-261,0,0,0,36,0,0,0,0,0,0,0,0,0,0,26,0,0,0,0,0,0,0,0,0,0,0,0,1,70
1863,1863,0,0,872,8,768,0,0,0,0,-680,-261,0,0,0,38,0,0,0,0,0,0,0,0,0,0,27,0,0,0,0,0,0,0,0,0,0,0,0,1,86
1864,1864,0,1,872,8,768,0,0,0,0,261,-680,0,0,0,41,0,0,0,0,0,0,0,0,0,0,29,0,0,0,0,0,0,0,0,0,0,0,0,1,90
1865,1865,0,0,-210,14,879,15,0,0,0,261,-680,0,0,0,44,0,0,0,0,0,0,0,0,0,0,30,0,0,0,0,0,0,0,0,0,0,0,0,1,80
1866,1866,0,1,-210,14,879,15,0,0,0,261,-680,0,0,0,46,0,0,0,0,0,0,0,0,0,0,31,0,0,0,0,0,0,0,0,0,0,0,0,1,62
1867,1867,0,0,-983,9,1423,15,0,0,0,261,-680,0,0,0,48,0,0,0,0,0,0,0,0,0,0,32,0,0,0,0,0,0,0,0,0,0,0,0,1,55
1868,1868,0,1,-983,9,1423,15,0,0,0,261,-680,0,0,0,49,0,0,0,0,0,0,0,0,0,0,32,0,0,0,0,0,0,0,0,0,0,0,0,1,71
1869,1869,0,0,-680,-8,962,2,0,0,0,261,-680,0,0,0,52,0,0,0,0,0,0,0,0,0,0,32,0,0,0,0,0,0,0,0,0,0,0,0,1,89
1870,1870,0,1,-680,-8,962,2,0,0,0,630,261,0,0,0,54,0,0,0,0,0,0,0,0,0,0,33,0,0,0,0,0,0,0,0,0,0,0,0,1,94
1871,1871,0,0,-987,5,-290,-2,0,0,0,630,261,0,0,0,57,0,0,0,0,0,0,0,0,0,0,35,0,0,0,0,0,0,0,0,0,0,0,0,1,84
1872,1872,0,1,-987,5,-290,-2,0,0,0,630,261,0,0,0,60,0,0,0,0,0,0,0,0,0,0,35,0,0,0,0,0,0,0,0,0,0,0,0,1,63
1873,1873,0,0,-1423,-15,-972,-12,0,0,0,630,261,0,0,0,62,0,0,0,0,0,0,0,0,0,0,35,0,0,0,0,0,0,0,0,0,0,0,0,1,54
1874,1874,0,1,-1423,-15,-972,-12,0,0,0,630,261,0,0,0,63,0,0,0,0,0,0,0,0,0,0,35,0,0,0,0,0,0,0,0,0,0,0,0,1,68
1875,1875,0,0,-977,15,-738,-2,0,0,0,630,261,0,0,0,64,0,0,0,0,0,0,0,0,0,0,35,0,0,0,0,0,0,0,0,0,0,0,0,1,83
1876,1876,0,1,-977,15,-738,-2,0,0,0,-261,630,0,0,0,65,0,0,0,0,0,0,0,0,0,0,34,0,0,0,0,0,0,0,0,0,0,0,0,1,88
1877,1877,0,0,290,2,-888,8,0,0,0,-261,630,0,0,0,67,0,0,0,0,0,0,0,0,0,0,33,0,0,0,0,0,0,0,0,0,0,0,0,1,80
1878,1878,0,1,290,2,-888,8,0,0,0,-261,630,0,0,0,68,0,0,0,0,0,0,0,0,0,0,33,0,0,0,0,0,0,0,0,0,0,0,0,1,63
1879,1879,0,0,947,-13,-1254,-6,0,0,0,-261,630,0,0,0,70,0,0,0,0,0,0,0,0,0,0,33,0,0,0,0,0,0,0,0,0,0,0,0,1,54
1880,1880,0,1,947,-13,-1254,-6,0,0,0,-261,630,0,0,0,71,0,0,0,0,0,0,0,0,0,0,33,0,0,0,0,0,0,0,0,0,0,0,0,1,68
1881,1881,0,0,783,15,-969,-9,0,0,0,-261,630,0,0,0,72,0,0,0,0,0,0,0,0,0,0,33,0,0,0,0,0,0,0,0,0,0,0,0,1,85
1882,1882,0,1,783,15,-969,-9,0,0,0,-680,-261,0,0,0,74,0,0,0,0,0,0,0,0,0,0,32,0,0,0,0,0,0,0,0,0,0,0,0,1,88
1883,1883,0,0,827,-5,392,8,0,0,0,-680,-261,0,0,0,74,0,0,0,0,0,0,0,0,0,0,31,0,0,0,0,0,0,0,0,0,0,0,0,1,77
1884,1884,0,1,827,-5,392,8,0,0,0,-680,-261,0,0,0,74,0,0,0,0,0,0,0,0,0,0,29,0,0,0,0,0,0,0,0,0,0,0,0,1,61
1885,1885,0,0,1412,4,788,-12,0,0,0,-680,-261,0,0,0,73,0,0,0,0,0,0,0,0,0,0,27,0,0,0,0,0,0,0,0,0,0,0,0,1,54
1886,1886,0,1,1412,4,788,-12,0,0,0,-680,-261,0,0,0,72,0,0,0,0,0,0,0,0,0,0,25,0,0,0,0,0,0,0,0,0,0,0,0,1,69
1887,1887,0,0,906,10,794,-6,0,0,0,-680,-261,0,0,0,72,0,0,0,0,0,0,0,0,0,0,24,0,0,0,0,0,0,0,0,0,0,0,0,1,88
1888,1888,0,1,906,10,794,-6,0,0,0,261,-680,0,0,0,73,0,0,0,0,0,0,0,0,0,0,23,0,0,0,0,0,0,0,0,0,0,0,0,1,93
1889,1889,0,0,-231,-7,873,9,0,0,0,261,-680,0,0,0,74,0,0,0,0,0,0,0,0,0,0,22,0,0,0,0,0,0,0,0,0,0,0,1,1,81
1890,1890,0,1,-231,-7,873,9,0,0,512,261,-680,0,0,-128,74,0,0,0,0,0,0,0,0,0,0,21,0,0,0,0,0,0,0,0,0,0,0,1,1,61
1891,1891,0,0,-990,2,1413,5,0,0,512,261,-680,-1100,-428,-256,73,0,0,0,0,0,0,0,0,0,0,19,0,0,0,0,0,0,0,0,0,0,0,1,1,57
1892,1892,0,1,-990,2,1413,5,0,0,0,261,-680,-1252,-748,-384,72,0,0,0,0,0,0,0,0,0,0,18,0,0,0,0,0,0,0,0,0,0,0,1,1,74
1893,1893,0,0,-730,6,986,-6,0,0,0,261,-680,-1249,-859,-512,73,0,0,0,0,0,0,0,0,0,0,17,0,0,0,0,0,0,0,0,0,0,0,1,1,91
1894,1894,0,1,-730,6,986,-6,0,0,0,630,261,-1038,-814,-640,74,0,0,0,0,0,0,0,0,0,0,17,0,0,0,0,0,0,0,0,0,0,0,1,1,94
1895,1895,0,0,-936,-8,-354,-2,0,0,1097,630,261,-618,-789,-585,75,0,0,0,0,0,0,0,0,0,0,17,0,0,0,0,0,0,0,0,0,0,0,1,1,82
1896,1896,0,1,-936,-8,-354,-2,0,0,1174,630,261,-77,-860,-607,75,0,0,0,0,0,0,0,0,0,0,16,0,0,0,0,0,0,0,0,0,0,0,1,1,62
1897,1897,0,0,-1426,14,-928,0,0,0,1219,630,261,412,-986,-674,74,0,0,0,0,0,0,0,0,0,0,14,0,0,0,0,0,0,0,0,0,0,0,1,1,53
1898,1898,0,1,-1426,14,-928,0,0,4,1233,630,261,725,-1114,-755,73,0,0,0,0,0,0,0,0,0,0,14,0,0,0,0,0,0,0,0,0,0,0,1,1,67
1899,1899,0,0,-975,-15,-730,6,0,4,1313,630,261,847,-1135,-660,73,0,0,0,0,0,0,0,0,0,0,14,0,0,0,0,0,0,0,0,0,0,0,1,1,83
1900,1900,0,1,-975,-15,-730,6,0,4,1475,-261,630,830,-966,-727,74,0,0,0,0,0,0,0,0,0,0,14,0,0,0,0,0,0,0,0,0,0,0,1,1,89
1901,1901,0,0,313,-7,-891,5,0,4,1665,-261,630,800,-558,-728,74,0,0,0,0,0,0,0,0,0,0,14,0,0,0,0,0,0,0,0,0,0,0,1,1,79
1902,1902,0,1,313,-7,-891,5,0,4,1690,-261,630,845,-21,-754,74,0,0,0,0,0,0,0,0,0,0,13,0,0,0,0,0,0,0,0,0,0,0,1,1,61
1903,1903,0,0,925,-3,-1271,9,0,4,1680,-261,630,999,426,-770,73,0,0,0,0,0,0,0,0,0,0,12,0,0,0,0,0,0,0,0,0,0,0,1,1,53
1904,1904,0,1,925,-3,-1271,9,0,2,1767,-261,630,1201,645,-873,72,0,0,0,0,0,0,0,0,0,0,11,0,0,0,0,0,0,0,0,0,0,0,1,1,67
1905,1905,0,0,761,-7,-949,11,0,2,1915,-261,630,1222,745,-868,72,0,0,0,0,0,0,0,0,0,0,12,0,0,0,0,0,0,0,0,0,0,0,1,1,85
1906,1906,0,1,761,-7,-949,11,0,2,2047,-680,-261,1000,780,-995,73,0,0,0,0,0,0,0,0,0,0,12,0,0,0,0,0,0,0,0,0,0,0,1,1,89
1907,1907,0,0,884,-12,318,-2,0,2,147,-680,-261,590,806,-1014,74,0,0,0,0,0,0,0,0,0,0,12,0,0,0,0,0,0,0,0,0,0,0,1,1,79
1908,1908,0,1,884,-12,318,-2,0,2,142,-680,-261,85,875,-1028,74,0,0,0,0,0,0,0,0,0,0,12,0,0,0,0,0,0,0,0,0,0,0,1,1,62
1909,1909,0,0,1377,1,885,-11,0,2,146,-680,-261,-384,1034,-1046,73,0,0,0,0,0,0,0,0,0,0,11,0,0,0,0,0,0,0,0,0,0,0,1,1,55
1910,1910,0,1,1377,1,885,-11,0,2,215,-680,-261,-719,1218,-1133,72,0,0,0,0,0,0,0,0,0,0,11,0,0,0,0,0,0,0,0,0,0,0,1,1,68
1911,1911,0,0,906,10,725,-11,0,2,307,-680,-261,-843,1247,-1056,72,0,0,0,0,0,0,0,0,0,0,11,0,0,0,0,0,0,0,0,0,0,0,1,1,89
1912,1912,0,1,906,10,725,-11,0,2,498,261,-680,-809,1038,-1170,73,0,0,0,0,0,0,0,0,0,0,11,0,0,0,0,0,0,0,0,0,0,0,1,1,93
1913,1913,0,0,-265,-9,915,-13,0,2,596,261,-680,-803,594,-1126,74,0,0,0,0,0,0,0,0,0,0,12,0,0,0,0,0,0,0,0,0,0,0,1,1,82
1914,1914,0,1,-265,-9,915,-13,0,2,692,261,-680,-898,33,-1178,74,0,0,0,0,0,0,0,0,0,0,12,0,0,0,0,0,0,0,0,0,0,0,1,1,62
1915,1915,0,0,-923,5,1371,-5,0,2,640,261,-680,-1074,-442,-1178,73,0,0,0,0,0,0,0,0,0,0,12,0,0,0,0,0,0,0,0,0,0,0,1,1,56
1916,1916,0,1,-923,5,1371,-5,0,2,721,261,-680,-1243,-726,-1259,73,0,0,0,0,0,0,0,0,0,0,12,0,0,0,0,0,0,0,0,0,0,0,1,1,73
1917,1917,0,0,-740,-4,977,-15,0,2,890,261,-680,-1253,-819,-1253,73,0,0,0,0,0,0,0,0,0,0,12,0,0,0,0,0,0,0,0,0,0,0,1,1,90
1918,1918,0,1,-740,-4,977,-15,0,2,1012,630,261,-1037,-790,-1369,74,0,0,0,0,0,0,0,0,0,0,12,0,0,0,0,0,0,0,0,0,0,0,1,1,93
1919,1919,0,0,-926,2,-360,-8,0,2,1046,630,261,-604,-784,-1263,75,0,0,0,0,0,0,0,0,0,0,12,0,0,0,0,0,0,0,0,0,0,0,1,1,81
1920,1920,0,1,-926,2,-360,-8,0,2,1163,630,261,-59,-860,-1274,75,0,0,0,0,0,0,0,0,0,0,12,0,0,0,0,0,0,0,0,0,0,0,1,1,61
1921,1921,0,0,-1464,8,-864,0,0,2,1156,630,261,412,-998,-1278,74,0,0,0,0,0,0,0,0,0,0,12,0,0,0,0,0,0,0,0,0,0,0,1,1,54
1922,1922,0,1,-1464,8,-864,0,0,2,1234,630,261,681,-1151,-1360,73,0,0,0,0,0,0,0,0,0,0,12,0,0,0,0,0,0,0,0,0,0,0,1,1,67
1923,1923,0,0,-959,1,-810,-10,0,2,1323,630,261,821,-1147,-1275,73,0,0,0,0,0,0,0,0,0,0,12,0,0,0,0,0,0,0,0,0,0,0,1,1,83
1924,1924,0,1,-959,1,-810,-10,0,2,1516,-261,630,806,-972,-1383,74,0,0,0,0,0,0,0,0,0,0,12,0,0,0,0,0,0,0,0,0,0,0,1,1,88
1925,1925,0,0,249,-7,-815,-15,0,2,1567,-261,630,799,-577,-1286,74,0,0,0,0,0,0,0,0,0,0,12,0,0,0,0,0,0,0,0,0,0,0,1,1,79
1926,1926,0,1,249,-7,-815,-15,0,2,1670,-261,630,869,-72,-1292,74,0,0,0,0,0,0,0,0,0,0,12,0,0,0,0,0,0,0,0,0,0,0,1,1,61
1927,1927,0,0,1033,9,-1365,11,0,2,1737,-261,630,1037,379,-1365,73,0,0,0,0,0,0,0,0,0,0,11,0,0,0,0,0,0,0,0,0,0,0,1,1,54
1928,1928,0,1,1033,9,-1365,11,0,2,1728,-261,630,1209,653,-1429,72,0,0,0,0,0,0,0,0,0,0,12,0,0,0,0,0,0,0,0,0,0,0,1,1,69
1929,1929,0,0,685,13,-875,-11,0,2,1845,-261,630,1218,754,-1354,72,0,0,0,0,0,0,0,0,0,0,11,0,0,0,0,0,0,0,0,0,0,0,1,1,86
1930,1930,0,1,685,13,-875,-11,0,2,2022,-680,-261,1000,748,-1456,73,0,0,0,0,0,0,0,0,0,0,11,0,0,0,0,0,0,0,0,0,0,0,1,1,89
1931,1931,0,0,950,-10,295,7,0,2,80,-680,-261,592,770,-1408,74,0,0,0,0,0,0,0,0,0,0,12,0,0,0,0,0,0,0,0,0,0,0,1,1,78
1932,1932,0,1,950,-10,295,7,0,2,128,-680,-261,62,880,-1408,74,0,0,0,0,0,0,0,0,0,0,11,0,0,0,0,0,0,0,0,0,0,0,1,1,60
1933,1933,0,0,1290,10,901,5,0,2,149,-680,-261,-393,1042,-1429,73,0,0,0,0,0,0,0,0,0,0,11,0,0,0,0,0,0,0,0,0,0,0,1,1,55
1934,1934,0,1,1290,10,901,5,0,2,208,-680,-261,-699,1201,-1509,72,0,0,0,0,0,0,0,0,0,0,12,0,0,0,0,0,0,0,0,0,0,0,1,1,69
1935,1935,0,0,928,0,743,7,0,2,364,-680,-261,-818,1217,-1489,72,0,0,0,0,0,0,0,0,0,0,11,0,0,0,0,0,0,0,0,0,0,0,1,1,87
1936,1936,0,1,928,0,743,7,0,2,490,261,-680,-802,1015,-1595,73,0,0,0,0,0,0,0,0,0,0,11,0,0,0,0,0,0,0,0,0,0,0,1,1,92
1937,1937,0,0,-259,-3,859,-5,0,2,581,261,-680,-805,583,-1536,74,0,0,0,0,0,0,0,0,0,0,12,0,0,0,0,0,0,0,0,0,0,0,1,1,80
1938,1938,0,1,-259,-3,859,-5,0,2,682,261,-680,-899,38,-1578,74,0,0,0,0,0,0,0,0,0,0,12,0,0,0,0,0,0,0,0,0,0,0,1,1,62
1939,1939,0,0,-938,-10,1460,-12,0,2,705,261,-680,-1085,-418,-1643,73,0,0,0,0,0,0,0,0,0,0,11,0,0,0,0,0,0,0,0,0,0,0,1,1,56
1940,1940,0,1,-938,-10,1460,-12,0,2,713,261,-680,-1270,-684,-1716,72,0,0,0,0,0,0,0,0,0,0,12,0,0,0,0,0,0,0,0,0,0,0,1,1,72
1941,1941,0,0,-695,9,917,-11,0,2,829,261,-680,-1280,-796,-1649,73,0,0,0,0,0,0,0,0,0,0,11,0,0,0,0,0,0,0,0,0,0,0,1,1,90
1942,1942,0,1,-695,9,917,-11,0,2,1012,630,261,-1050,-811,-1765,74,0,0,0,0,0,0,0,0,0,0,11,0,0,0,0,0,0,0,0,0,0,0,1,1,93
1943,1943,0,0,-984,8,-307,13,0,2,1119,630,261,-610,-809,-1732,75,0,0,0,0,0,0,0,0,0,0,12,0,0,0,0,0,0,0,0,0,0,0,1,1,83
1944,1944,0,1,-984,8,-307,13,0,2,1152,630,261,-80,-842,-1732,74,0,0,0,0,0,0,0,0,0,0,12,0,0,0,0,0,0,0,0,0,0,0,1,1,63
1945,1945,0,0,-1410,-2,-967,-7,0,2,1173,630,261,414,-980,-1753,74,0,0,0,0,0,0,0,0,0,0,11,0,0,0,0,0,0,0,0,0,0,0,1,1,52
1946,1946,0,1,-1410,-2,-967,-7,0,2,1237,630,261,747,-1169,-1838,73,0,0,0,0,0,0,0,0,0,0,12,0,0,0,0,0,0,0,0,0,0,0,1,1,66
1947,1947,0,0,-959,1,-763,5,0,2,1311,630,261,855,-1186,-1741,73,0,0,0,0,0,0,0,0,0,0,12,0,0,0,0,0,0,0,0,0,0,0,1,1,86
1948,1948,0,1,-959,1,-763,5,0,2,1506,-261,630,793,-963,-1839,74,0,0,0,0,0,0,0,0,0,0,11,0,0,0,0,0,0,0,0,0,0,0,1,1,91
1949,1949,0,0,261,5,-870,-6,0,2,1664,-261,630,778,-549,-1839,74,0,0,0,0,0,0,0,0,0,0,12,0,0,0,0,0,0,0,0,0,0,0,1,1,77
1950,1950,0,1,261,5,-870,-6,0,2,1672,-261,630,884,-46,-1847,74,0,0,0,0,0,0,0,0,0,0,12,0,0,0,0,0,0,0,0,0,0,0,1,1,59
1951,1951,0,0,1015,-9,-1268,12,0,2,1666,-261,630,1040,395,-1849,73,0,0,0,0,0,0,0,0,0,0,11,0,0,0,0,0,0,0,0,0,0,0,1,1,55
1952,1952,0,1,1015,-9,-1268,12,0,2,1752,-261,630,1162,683,-1937,72,0,0,0,0,0,0,0,0,0,0,12,0,0,0,0,0,0,0,0,0,0,0,1,1,69
1953,1953,0,0,685,13,-926,2,0,2,1912,-261,630,1157,794,-1929,72,0,0,0,0,0,0,0,0,0,0,11,0,0,0,0,0,0,0,0,0,0,0,1,1,84
1954,1954,0,1,685,13,-926,2,0,2,2031,-680,-261,969,782,-2040,73,0,0,0,0,0,0,0,0,0,0,11,0,0,0,0,0,0,0,0,0,0,0,1,1,88
1955,1955,0,0,927,-1,289,1,0,2,69,-680,-261,584,777,-1981,74,0,0,0,0,0,0,0,0,0,0,11,0,0,0,0,0,0,0,0,0,0,0,1,1,77
1956,1956,0,1,927,-1,289,1,0,2,132,-680,-261,78,854,-1985,74,0,0,0,0,0,0,0,0,0,0,11,0,0,0,0,0,0,0,0,0,0,0,1,1,61
1957,1957,0,0,1328,-16,891,-5,0,2,196,-680,-261,-389,1035,-2053,73,0,0,0,0,0,0,0,0,0,0,11,0,0,0,0,0,0,0,0,0,0,0,1,1,53
1958,1958,0,1,1328,-16,891,-5,0,2,212,-680,-261,-700,1234,-2137,72,0,0,0,0,0,0,0,0,0,0,12,0,0,0,0,0,0,0,0,0,0,0,1,1,68
1959,1959,0,0,953,-7,720,-16,0,2,384,-680,-261,-808,1249,-2137,72,0,0,0,0,0,0,0,0,0,0,11,0,0,0,0,0,0,0,0,0,0,0,1,1,89
1960,1960,0,1,953,-7,720,-16,0,2,483,261,-680,-779,1008,-2236,73,0,0,0,0,0,0,0,0,0,0,11,0,0,0,0,0,0,0,0,0,0,0,1,1,93
1961,1961,0,0,-294,-6,962,2,0,2,596,261,-680,-792,570,-2192,74,0,0,0,0,0,0,0,0,0,0,12,0,0,0,0,0,0,0,0,0,0,0,1,1,80
1962,1962,0,1,-294,-6,962,2,0,2,694,261,-680,-916,40,-2246,74,0,0,0,0,0,0,0,0,0,0,12,0,0,0,0,0,0,0,0,0,0,0,1,1,61
1963,1963,0,0,-923,5,1303,-9,0,2,650,261,-680,-1097,-426,-2256,73,0,0,0,0,0,0,0,0,0,0,12,0,0,0,0,0,0,0,0,0,0,0,1,1,57
1964,1964,0,1,-923,5,1303,-9,0,2,757,261,-680,-1267,-703,-2373,72,0,0,0,0,0,0,0,0,0,0,12,0,0,0,0,0,0,0,0,0,0,0,1,1,73
1965,1965,0,0,-746,-10,1078,-10,0,2,822,261,-680,-1265,-816,-2299,73,0,0,0,0,0,0,0,0,0,0,11,0,0,0,0,0,0,0,0,0,0,0,1,1,91
1966,1966,0,1,-746,-10,1078,-10,0,2,1002,630,261,-1046,-796,-2405,74,0,0,0,0,0,0,0,0,0,0,11,0,0,0,0,0,0,0,0,0,0,0,1,1,93
1967,1967,0,0,-936,-8,-443,5,0,2,1097,630,261,-630,-786,-2350,75,0,0,0,0,0,0,0,0,0,0,12,0,0,0,0,0,0,0,0,0,0,0,1,1,82
1968,1968,0,1,-936,-8,-443,5,0,2,1202,630,261,-215,-844,-2400,74,0,0,0,0,0,0,0,0,0,0,12,0,0,0,0,0,0,0,0,0,0,0,1,1,62
1969,1969,0,0,-1388,-12,-862,2,0,2,1162,630,261,254,-1050,-2410,73,0,0,0,0,0,0,0,0,0,0,12,0,0,0,0,0,0,0,0,0,0,0,1,1,53
1970,1970,0,1,-1388,-12,-862,2,0,2,1155,630,261,567,-1239,-2413,73,0,0,0,0,0,0,0,0,0,0,12,0,0,0,0,0,0,0,0,0,0,0,1,1,66
1971,1971,0,0,-993,-1,-774,-6,0,2,1342,630,261,670,-1270,-2347,73,0,0,0,0,0,0,0,0,0,0,12,0,0,0,0,0,0,0,0,0,0,0,1,1,84
1972,1972,0,1,-993,-1,-774,-6,0,2,1472,-261,630,634,-1086,-2411,74,0,0,0,0,0,0,0,0,0,0,12,0,0,0,0,0,0,0,0,0,0,0,1,1,89
1973,1973,0,0,282,-6,-864,0,0,2,1539,-261,630,678,-697,-2286,74,0,0,0,0,0,0,0,0,0,0,12,0,0,0,0,0,0,0,0,0,0,0,1,1,77
1974,1974,0,1,282,-6,-864,0,0,2,1674,-261,630,859,-203,-2296,74,0,0,0,0,0,0,0,0,0,0,12,0,0,0,0,0,0,0,0,0,0,0,1,1,59
1975,1975,0,0,990,-2,-1269,11,0,2,1708,-261,630,1097,221,-2340,73,0,0,0,0,0,0,0,0,0,0,12,0,0,0,0,0,0,0,0,0,0,0,1,1,54
1976,1976,0,1,990,-2,-1269,11,0,2,1668,-261,630,1287,486,-2344,72,0,0,0,0,0,0,0,0,0,0,12,0,0,0,0,0,0,0,0,0,0,0,1,1,69
1977,1977,0,0,718,14,-955,5,0,2,1738,-261,630,1311,591,-2418,72,0,0,0,0,0,0,0,0,0,0,12,0,0,0,0,0,0,0,0,0,0,0,1,1,85
1978,1978,0,1,718,14,-955,5,0,2,1974,-680,-261,1118,613,-2472,73,0,0,0,0,0,0,0,0,0,0,11,0,0,0,0,0,0,0,0,0,0,0,1,1,89
1979,1979,0,0,932,4,364,12,0,2,7,-680,-261,718,700,-2351,74,0,0,0,0,0,0,0,0,0,0,12,0,0,0,0,0,0,0,0,0,0,0,1,1,79
1980,1980,0,1,932,4,364,12,0,2,4,-680,-261,200,890,-2227,73,0,0,0,0,0,0,0,0,0,0,11,0,0,0,0,0,0,0,0,0,0,0,1,1,62
1981,1981,0,0,1319,7,844,12,0,2,145,-680,-261,-242,1110,-2244,73,0,0,0,0,0,0,0,0,0,0,11,0,0,0,0,0,0,0,0,0,0,0,1,1,56
1982,1982,0,1,1319,7,844,12,0,2,130,-680,-261,-522,1287,-2246,72,0,0,0,0,0,0,0,0,0,0,12,0,0,0,0,0,0,0,0,0,0,0,1,1,70
1983,1983,0,0,1001,9,736,0,0,2,154,-680,-261,-629,1334,-2272,72,0,0,0,0,0,0,0,0,0,0,11,0,0,0,0,0,0,0,0,0,0,0,1,1,85
1984,1984,0,1,1001,9,736,0,0,2,504,261,-680,-639,1175,-2392,73,0,0,0,0,0,0,0,0,0,0,11,0,0,0,0,0,0,0,0,0,0,0,1,1,91
1985,1985,0,0,-408,8,957,-3,0,2,582,261,-680,-712,742,-2334,74,0,0,0,0,0,0,0,0,0,0,12,0,0,0,0,0,0,0,0,0,0,0,1,1,82
1986,1986,0,1,-408,8,957,-3,0,2,589,261,-680,-897,150,-2283,74,0,0,0,0,0,0,0,0,0,0,11,0,0,0,0,0,0,0,0,0,0,0,1,1,64
1987,1987,0,0,-824,8,1300,-12,0,2,654,261,-680,-1135,-305,-2297,73,0,0,0,0,0,0,0,0,0,0,11,0,0,0,0,0,0,0,0,0,0,0,1,1,56
1988,1988,0,1,-824,8,1300,-12,0,2,640,261,-680,-1335,-512,-2297,72,0,0,0,0,0,0,0,0,0,0,12,0,0,0,0,0,0,0,0,0,0,0,1,1,72
1989,1989,0,0,-825,7,1053,-3,0,2,721,261,-680,-1363,-591,-2378,73,0,0,0,0,0,0,0,0,0,0,11,0,0,0,0,0,0,0,0,0,0,0,1,1,88
1990,1990,0,1,-825,7,1053,-3,0,2,1020,630,261,-1165,-624,-2502,74,0,0,0,0,0,0,0,0,0,0,11,0,0,0,0,0,0,0,0,0,0,0,1,1,92
1991,1991,0,0,-866,-2,-391,-7,0,2,1029,630,261,-752,-695,-2379,75,0,0,0,0,0,0,0,0,0,0,12,0,0,0,0,0,0,0,0,0,0,0,1,1,81
1992,1992,0,1,-866,-2,-391,-7,0,2,1030,630,261,-219,-842,-2257,74,0,0,0,0,0,0,0,0,0,0,11,0,0,0,0,0,0,0,0,0,0,0,1,1,63
1993,1993,0,0,-1467,5,-870,-6,0,2,1172,630,261,264,-1042,-2277,73,0,0,0,0,0,0,0,0,0,0,11,0,0,0,0,0,0,0,0,0,0,0,1,1,53
1994,1994,0,1,-1467,5,-870,-6,0,2,1152,630,261,568,-1230,-2277,73,0,0,0,0,0,0,0,0,0,0,11,0,0,0,0,0,0,0,0,0,0,0,1,1,66
1995,1995,0,0,-966,-6,-828,4,0,2,1234,630,261,672,-1270,-2359,73,0,0,0,0,0,0,0,0,0,0,11,0,0,0,0,0,0,0,0,0,0,0,1,1,84
1996,1996,0,1,-966,-6,-828,4,0,2,1454,-261,630,656,-1090,-2405,74,0,0,0,0,0,0,0,0,0,0,11,0,0,0,0,0,0,0,0,0,0,0,1,1,89
1997,1997,0,0,305,-15,-815,-15,0,2,1536,-261,630,705,-683,-2533,74,0,0,0,0,0,0,0,0,0,0,11,0,0,0,0,0,0,0,0,0,0,0,1,1,79
1998,1998,0,1,305,-15,-815,-15,0,2,1677,-261,630,877,-158,-2546,74,0,0,0,0,0,0,0,0,0,0,11,0,0,0,0,0,0,0,0,0,0,0,1,1,61
1999,1999,0,0,962,2,-1348,-4,0,2,1687,-261,630,1102,250,-2569,73,0,0,0,0,0,0,0,0,0,0,11,0,0,0,0,0,0,0,0,0,0,0,1,1,55
2000,2000,0,1,962,2,-1348,-4,0,2,1696,-261,630,1283,480,-2601,72,0,0,0,0,0,0,0,0,0,0,11,0,0,0,0,0,0,0,0,0,0,0,1,1,69
2001,2001,0,0,742,6,-858,6,0,2,1903,-261,630,1312,570,-2584,72,0,0,0,0,0,0,0,0,0,0,11,0,0,0,0,0,0,0,0,0,0,0,1,1,84
2002,2002,0,1,742,6,-858,6,0,2,2024,-680,-261,1131,603,-2688,73,0,0,0,0,0,0,0,0,0,0,11,0,0,0,0,0,0,0,0,0,0,0,1,1,88
2003,2003,0,0,919,-9,271,15,0,2,0,-680,-261,709,704,-2816,74,0,0,0,0,0,0,0,0,0,0,11,0,0,0,0,0,0,0,0,0,0,0,1,1,79
2004,2004,0,1,919,-9,271,15,0,2,4,-680,-261,158,897,-2692,74,0,0,0,0,0,0,0,0,0,0,11,0,0,0,0,0,0,0,0,0,0,0,1,1,62
2005,2005,0,0,1249,1,924,-4,0,2,132,-680,-261,-269,1113,-2696,73,0,0,0,0,0,0,0,0,0,0,11,0,0,0,0,0,0,0,0,0,0,0,1,1,56
2006,2006,0,1,1249,1,924,-4,0,2,151,-680,-261,-460,1297,-2719,72,0,0,0,0,0,0,0,0,0,0,11,0,0,0,0,0,0,0,0,0,0,0,1,1,71
2007,2007,0,0,1059,3,674,2,0,2,214,-680,-261,-592,1315,-2805,72,0,0,0,0,0,0,0,0,0,0,11,0,0,0,0,0,0,0,0,0,0,0,1,1,85
2008,2008,0,1,1059,3,674,2,0,2,496,261,-680,-618,1186,-2917,73,0,0,0,0,0,0,0,0,0,0,10,0,0,0,0,0,0,0,0,0,0,0,1,1,90
2009,2009,0,0,-446,2,958,-2,0,2,580,261,-680,-726,746,-2857,74,0,0,0,0,0,0,0,0,0,0,11,0,0,0,0,0,0,0,0,0,0,0,1,1,82
2010,2010,0,1,-446,2,958,-2,0,2,583,261,-680,-874,175,-2800,74,0,0,0,0,0,0,0,0,0,0,11,0,0,0,0,0,0,0,0,0,0,0,1,1,64
2011,2011,0,0,-760,8,1344,0,0,2,514,261,-680,-1112,-273,-2674,73,0,0,0,0,0,0,0,0,0,0,11,0,0,0,0,0,0,0,0,0,0,0,1,1,55
2012,2012,0,1,-760,8,1344,0,0,2,668,261,-680,-1349,-504,-2702,72,0,0,0,0,0,0,0,0,0,0,11,0,0,0,0,0,0,0,0,0,0,0,1,1,71
2013,2013,0,0,-903,-7,996,4,0,2,722,261,-680,-1392,-607,-2784,73,0,0,0,0,0,0,0,0,0,0,11,0,0,0,0,0,0,0,0,0,0,0,1,1,89
2014,2014,0,1,-903,-7,996,4,0,2,938,630,261,-1168,-659,-2826,74,0,0,0,0,0,0,0,0,0,0,11,0,0,0,0,0,0,0,0,0,0,0,1,1,94
2015,2015,0,0,-838,-6,-344,8,0,2,1102,630,261,-729,-718,-2776,75,0,0,0,0,0,0,0,0,0,0,11,0,0,0,0,0,0,0,0,0,0,0,1,1,83
2016,2016,0,1,-838,-6,-344,8,0,2,1108,630,261,-192,-833,-2732,74,0,0,0,0,0,0,0,0,0,0,11,0,0,0,0,0,0,0,0,0,0,0,1,1,63
2017,2017,0,0,-1473,-1,-908,-12,0,2,1108,630,261,262,-1041,-2688,74,0,0,0,0,0,0,0,0,0,0,11,0,0,0,0,0,0,0,0,0,0,0,1,1,53
2018,2018,0,1,-1473,-1,-908,-12,0,2,1158,630,261,546,-1252,-2694,73,0,0,0,0,0,0,0,0,0,0,11,0,0,0,0,0,0,0,0,0,0,0,1,1,66
2019,2019,0,0,-1002,-10,-825,7,0,2,1116,630,261,652,-1281,-2658,73,0,0,0,0,0,0,0,0,0,0,11,0,0,0,0,0,0,0,0,0,0,0,1,1,85
2020,2020,0,1,-1002,-10,-825,7,0,2,1470,-261,630,657,-1058,-2720,74,0,0,0,0,0,0,0,0,0,0,11,0,0,0,0,0,0,0,0,0,0,0,1,1,89
2021,2021,0,0,363,11,-764,4,0,2,1550,-261,630,712,-658,-2606,74,0,0,0,0,0,0,0,0,0,0,11,0,0,0,0,0,0,0,0,0,0,0,1,1,77
2022,2022,0,1,363,11,-764,4,0,2,1541,-261,630,863,-182,-2483,74,0,0,0,0,0,0,0,0,0,0,11,0,0,0,0,0,0,0,0,0,0,0,1,1,60
2023,2023,0,0,898,2,-1372,4,0,2,1672,-261,630,1059,235,-2491,73,0,0,0,0,0,0,0,0,0,0,11,0,0,0,0,0,0,0,0,0,0,0,1,1,55
2024,2024,0,1,898,2,-1372,4,0,2,1668,-261,630,1229,511,-2495,72,0,0,0,0,0,0,0,0,0,0,11,0,0,0,0,0,0,0,0,0,0,0,1,1,68
2025,2025,0,0,764,-4,-879,-15,0,2,1966,-261,630,1279,605,-2541,72,0,0,0,0,0,0,0,0,0,0,11,0,0,0,0,0,0,0,0,0,0,0,1,1,83
2026,2026,0,1,764,-4,-879,-15,0,2,1981,-680,-261,1131,592,-2602,73,0,0,0,0,0,0,0,0,0,0,11,0,0,0,0,0,0,0,0,0,0,0,1,1,88
2027,2027,0,0,871,7,306,-14,0,2,6,-680,-261,715,669,-2480,74,0,0,0,0,0,0,0,0,0,0,11,0,0,0,0,0,0,0,0,0,0,0,1,1,80
2028,2028,0,1,871,7,306,-14,0,2,87,-680,-261,146,878,-2439,74,0,0,0,0,0,0,0,0,0,0,11,0,0,0,0,0,0,0,0,0,0,0,1,1,61
2029,2029,0,0,1354,10,836,4,0,2,142,-680,-261,-275,1115,-2453,73,0,0,0,0,0,0,0,0,0,0,11,0,0,0,0,0,0,0,0,0,0,0,1,1,55
2030,2030,0,1,1354,10,836,4,0,2,149,-680,-261,-457,1296,-2474,72,0,0,0,0,0,0,0,0,0,0,11,0,0,0,0,0,0,0,0,0,0,0,1,1,72
2031,2031,0,0,965,5,838,6,0,2,212,-680,-261,-568,1325,-2558,72,0,0,0,0,0,0,0,0,0,0,11,0,0,0,0,0,0,0,0,0,0,0,1,1,85
2032,2032,0,1,965,5,838,6,0,2,507,261,-680,-669,1150,-2681,73,0,0,0,0,0,0,0,0,0,0,11,0,0,0,0,0,0,0,0,0,0,0,1,1,90
2033,2033,0,0,-325,-5,769,1,0,2,590,261,-680,-759,738,-2631,74,0,0,0,0,0,0,0,0,0,0,11,0,0,0,0,0,0,0,0,0,0,0,1,1,82
2034,2034,0,1,-325,-5,769,1,0,2,583,261,-680,-878,190,-2574,74,0,0,0,0,0,0,0,0,0,0,11,0,0,0,0,0,0,0,0,0,0,0,1,1,65
2035,2035,0,0,-892,4,1526,-10,0,2,516,261,-680,-1091,-267,-2450,73,0,0,0,0,0,0,0,0,0,0,11,0,0,0,0,0,0,0,0,0,0,0,1,1,56
2036,2036,0,1,-892,4,1526,-10,0,2,683,261,-680,-1338,-520,-2493,72,0,0,0,0,0,0,0,0,0,0,11,0,0,0,0,0,0,0,0,0,0,0,1,1,70
2037,2037,0,0,-788,12,826,-6,0,2,821,261,-680,-1397,-632,-2418,73,0,0,0,0,0,0,0,0,0,0,11,0,0,0,0,0,0,0,0,0,0,0,1,1,89
2038,2038,0,1,-788,12,826,-6,0,2,1019,630,261,-1178,-667,-2541,74,0,0,0,0,0,0,0,0,0,0,11,0,0,0,0,0,0,0,0,0,0,0,1,1,95
2039,2039,0,0,-883,13,-235,-11,0,2,1029,630,261,-722,-704,-2418,75,0,0,0,0,0,0,0,0,0,0,11,0,0,0,0,0,0,0,0,0,0,0,1,1,84
2040,2040,0,1,-883,13,-235,-11,0,2,1113,630,261,-159,-803,-2379,74,0,0,0,0,0,0,0,0,0,0,11,0,0,0,0,0,0,0,0,0,0,0,1,1,62
2041,2041,0,0,-1465,7,-991,1,0,2,1154,630,261,286,-1011,-2381,74,0,0,0,0,0,0,0,0,0,0,11,0,0,0,0,0,0,0,0,0,0,0,1,1,51
2042,2042,0,1,-1465,7,-991,1,0,2,1191,630,261,518,-1252,-2420,73,0,0,0,0,0,0,0,0,0,0,12,0,0,0,0,0,0,0,0,0,0,0,1,1,65
2043,2043,0,0,-948,12,-687,-15,0,2,1234,630,261,623,-1288,-2502,73,0,0,0,0,0,0,0,0,0,0,12,0,0,0,0,0,0,0,0,0,0,0,1,1,84
2044,2044,0,1,-948,12,-687,-15,0,2,1506,-261,630,647,-1070,-2600,74,0,0,0,0,0,0,0,0,0,0,11,0,0,0,0,0,0,0,0,0,0,0,1,1,89
2045,2045,0,0,295,7,-906,-10,0,2,1545,-261,630,701,-665,-2481,74,0,0,0,0,0,0,0,0,0,0,12,0,0,0,0,0,0,0,0,0,0,0,1,1,77
2046,2046,0,1,295,7,-906,-10,0,2,1558,-261,630,846,-176,-2375,74,0,0,0,0,0,0,0,0,0,0,11,0,0,0,0,0,0,0,0,0,0,0,1,1,60
2047,2047,0,0,951,-9,-1292,-12,0,2,1681,-261,630,1063,221,-2392,73,0,0,0,0,0,0,0,0,0,0,11,0,0,0,0,0,0,0,0,0,0,0,1,1,54
2048,2048,0,1,951,-9,-1292,-12,0,2,1664,-261,630,1267,459,-2392,72,0,0,0,0,0,0,0,0,0,0,12,0,0,0,0,0,0,0,0,0,0,0,1,1,67
2049,2049,0,0,749,13,-894,2,0,2,1850,-261,630,1313,585,-2322,72,0,0,0,0,0,0,0,0,0,0,11,0,0,0,0,0,0,0,0,0,0,0,1,1,84
2050,2050,0,1,749,13,-894,2,0,2,2046,-680,-261,1125,651,-2448,73,0,0,0,0,0,0,0,0,0,0,11,0,0,0,0,0,0,0,0,0,0,0,1,1,90
2051,2051,0,0,948,-12,236,12,0,2,34,-680,-261,711,701,-2354,74,0,0,0,0,0,0,0,0,0,0,11,0,0,0,0,0,0,0,0,0,0,0,1,1,81
2052,2052,0,1,948,-12,236,12,0,2,80,-680,-261,181,813,-2306,74,0,0,0,0,0,0,0,0,0,0,11,0,0,0,0,0,0,0,0,0,0,0,1,1,62
2053,2053,0,0,1261,13,941,13,0,2,136,-680,-261,-245,1060,-2314,73,0,0,0,0,0,0,0,0,0,0,11,0,0,0,0,0,0,0,0,0,0,0,1,1,52
2054,2054,0,1,1261,13,941,13,0,2,139,-680,-261,-487,1339,-2325,72,0,0,0,0,0,0,0,0,0,0,12,0,0,0,0,0,0,0,0,0,0,0,1,1,68
2055,2055,0,0,969,9,732,-4,0,2,212,-680,-261,-598,1372,-2409,72,0,0,0,0,0,0,0,0,0,0,11,0,0,0,0,0,0,0,0,0,0,0,1,1,89
2056,2056,0,1,969,9,732,-4,0,2,441,261,-680,-647,1097,-2466,73,0,0,0,0,0,0,0,0,0,0,11,0,0,0,0,0,0,0,0,0,0,0,1,1,93
2057,2057,0,0,-303,-15,876,12,0,2,521,261,-680,-719,666,-2347,74,0,0,0,0,0,0,0,0,0,0,12,0,0,0,0,0,0,0,0,0,0,0,1,1,80
2058,2058,0,1,-303,-15,876,12,0,2,512,261,-680,-865,197,-2475,74,0,0,0,0,0,0,0,0,0,0,12,0,0,0,0,0,0,0,0,0,0,0,1,1,61
2059,2059,0,0,-939,-11,1403,-5,0,2,644,261,-680,-1115,-192,-2479,73,0,0,0,0,0,0,0,0,0,0,12,0,0,0,0,0,0,0,0,0,0,0,1,1,55
2060,2060,0,1,-939,-11,1403,-5,0,2,652,261,-680,-1367,-479,-2491,72,0,0,0,0,0,0,0,0,0,0,12,0,0,0,0,0,0,0,0,0,0,0,1,1,71
2061,2061,0,0,-676,-4,953,-7,0,2,877,261,-680,-1405,-586,-2472,73,0,0,0,0,0,0,0,0,0,0,12,0,0,0,0,0,0,0,0,0,0,0,1,1,90
2062,2062,0,1,-676,-4,953,-7,0,2,1024,630,261,-1167,-576,-2600,74,0,0,0,0,0,0,0,0,0,0,12,0,0,0,0,0,0,0,0,0,0,0,1,1,95
2063,2063,0,0,-994,-2,-308,12,0,2,1072,630,261,-733,-642,-2520,74,0,0,0,0,0,0,0,0,0,0,12,0,0,0,0,0,0,0,0,0,0,0,1,1,81
2064,2064,0,1,-994,-2,-308,12,0,2,1100,630,261,-222,-834,-2468,74,0,0,0,0,0,0,0,0,0,0,12,0,0,0,0,0,0,0,0,0,0,0,1,1,60
2065,2065,0,0,-1359,-15,-909,-13,0,2,1024,630,261,213,-1075,-2596,73,0,0,0,0,0,0,0,0,0,0,12,0,0,0,0,0,0,0,0,0,0,0,1,1,53
2066,2066,0,1,-1359,-15,-909,-13,0,2,1046,630,261,482,-1270,-2490,72,0,0,0,0,0,0,0,0,0,0,12,0,0,0,0,0,0,0,0,0,0,0,1,1,68
2067,2067,0,0,-1087,1,-803,-3,0,2,1256,630,261,593,-1290,-2594,73,0,0,0,0,0,0,0,0,0,0,12,0,0,0,0,0,0,0,0,0,0,0,1,1,84
2068,2068,0,1,-1087,1,-803,-3,0,2,1452,-261,630,612,-1094,-2638,73,0,0,0,0,0,0,0,0,0,0,12,0,0,0,0,0,0,0,0,0,0,0,1,1,88
2069,2069,0,0,405,-11,-846,-14,0,2,1590,-261,630,688,-720,-2564,74,0,0,0,0,0,0,0,0,0,0,12,0,0,0,0,0,0,0,0,0,0,0,1,1,78
2070,2070,0,1,405,-11,-846,-14,0,2,1606,-261,630,868,-257,-2506,74,0,0,0,0,0,0,0,0,0,0,12,0,0,0,0,0,0,0,0,0,0,0,1,1,62
2071,2071,0,0,884,-12,-1336,8,0,2,1676,-261,630,1089,160,-2518,73,0,0,0,0,0,0,0,0,0,0,12,0,0,0,0,0,0,0,0,0,0,0,1,1,56
2072,2072,0,1,884,-12,-1336,8,0,2,1669,-261,630,1264,451,-2523,72,0,0,0,0,0,0,0,0,0,0,12,0,0,0,0,0,0,0,0,0,0,0,1,1,68
2073,2073,0,0,797,-3,-843,-11,0,2,1744,-261,630,1296,571,-2603,72,0,0,0,0,0,0,0,0,0,0,12,0,0,0,0,0,0,0,0,0,0,0,1,1,84
2074,2074,0,1,797,-3,-843,-11,0,2,2020,-680,-261,1125,582,-2703,73,0,0,0,0,0,0,0,0,0,0,11,0,0,0,0,0,0,0,0,0,0,0,1,1,87
2075,2075,0,0,846,14,243,-13,0,2,38,-680,-261,740,648,-2613,74,0,0,0,0,0,0,0,0,0,0,12,0,0,0,0,0,0,0,0,0,0,0,1,1,79
2076,2076,0,1,846,14,243,-13,0,2,70,-680,-261,233,831,-2555,73,0,0,0,0,0,0,0,0,0,0,11,0,0,0,0,0,0,0,0,0,0,0,1,1,61
2077,2077,0,0,1340,-4,942,14,0,2,6,-680,-261,-191,1095,-2433,73,0,0,0,0,0,0,0,0,0,0,11,0,0,0,0,0,0,0,0,0,0,0,1,1,53
2078,2078,0,1,1340,-4,942,14,0,2,26,-680,-261,-446,1334,-2331,72,0,0,0,0,0,0,0,0,0,0,12,0,0,0,0,0,0,0,0,0,0,0,1,1,69
2079,2079,0,0,950,-10,642,2,0,2,202,-680,-261,-534,1373,-2405,72,0,0,0,0,0,0,0,0,0,0,12,0,0,0,0,0,0,0,0,0,0,0,1,1,87
2080,2080,0,1,950,-10,642,2,0,2,423,261,-680,-542,1155,-2444,73,0,0,0,0,0,0,0,0,0,0,11,0,0,0,0,0,0,0,0,0,0,0,1,1,92
2081,2081,0,0,-265,-9,988,-4,0,2,550,261,-680,-646,742,-2354,74,0,0,0,0,0,0,0,0,0,0,12,0,0,0,0,0,0,0,0,0,0,0,1,1,79
2082,2082,0,1,-265,-9,988,-4,0,2,512,261,-680,-887,238,-2482,74,0,0,0,0,0,0,0,0,0,0,12,0,0,0,0,0,0,0,0,0,0,0,1,1,61
2083,2083,0,0,-902,-6,1345,1,0,2,520,261,-680,-1151,-173,-2362,73,0,0,0,0,0,0,0,0,0,0,11,0,0,0,0,0,0,0,0,0,0,0,1,1,57
2084,2084,0,1,-902,-6,1345,1,0,2,652,261,-680,-1351,-434,-2374,72,0,0,0,0,0,0,0,0,0,0,12,0,0,0,0,0,0,0,0,0,0,0,1,1,73
2085,2085,0,0,-830,2,1010,-14,0,2,673,261,-680,-1401,-549,-2407,72,0,0,0,0,0,0,0,0,0,0,11,0,0,0,0,0,0,0,0,0,0,0,1,1,88
2086,2086,0,1,-830,2,1010,-14,0,2,940,630,261,-1235,-578,-2451,74,0,0,0,0,0,0,0,0,0,0,11,0,0,0,0,0,0,0,0,0,0,0,1,1,94
2087,2087,0,0,-863,1,-332,-12,0,2,1031,630,261,-799,-667,-2330,74,0,0,0,0,0,0,0,0,0,0,12,0,0,0,0,0,0,0,0,0,0,0,1,1,85
2088,2088,0,1,-863,1,-332,-12,0,2,1093,630,261,-222,-834,-2271,74,0,0,0,0,0,0,0,0,0,0,12,0,0,0,0,0,0,0,0,0,0,0,1,1,64
2089,2089,0,0,-1465,7,-972,-12,0,2,1040,630,261,228,-1072,-2159,73,0,0,0,0,0,0,0,0,0,0,11,0,0,0,0,0,0,0,0,0,0,0,1,1,53
2090,2090,0,1,-1465,7,-972,-12,0,2,1166,630,261,453,-1283,-2173,73,0,0,0,0,0,0,0,0,0,0,12,0,0,0,0,0,0,0,0,0,0,0,1,1,68
2091,2091,0,0,-985,7,-697,7,0,2,1154,630,261,549,-1303,-2175,73,0,0,0,0,0,0,0,0,0,0,11,0,0,0,0,0,0,0,0,0,0,0,1,1,85
2092,2092,0,1,-985,7,-697,7,0,2,1452,-261,630,599,-1088,-2219,74,0,0,0,0,0,0,0,0,0,0,11,0,0,0,0,0,0,0,0,0,0,0,1,1,87
2093,2093,0,0,362,10,-922,6,0,2,1538,-261,630,676,-701,-2093,74,0,0,0,0,0,0,0,0,0,0,12,0,0,0,0,0,0,0,0,0,0,0,1,1,77
2094,2094,0,1,362,10,-922,6,0,2,1604,-261,630,825,-242,-2033,74,0,0,0,0,0,0,0,0,0,0,11,0,0,0,0,0,0,0,0,0,0,0,1,1,61
2095,2095,0,0,860,-4,-1260,-12,0,2,1665,-261,630,1056,162,-2034,73,0,0,0,0,0,0,0,0,0,0,11,0,0,0,0,0,0,0,0,0,0,0,1,1,53
2096,2096,0,1,860,-4,-1260,-12,0,2,1666,-261,630,1284,428,-2036,72,0,0,0,0,0,0,0,0,0,0,11,0,0,0,0,0,0,0,0,0,0,0,1,1,66
2097,2097,0,0,811,11,-934,-6,0,2,1753,-261,630,1331,520,-2125,72,0,0,0,0,0,0,0,0,0,0,11,0,0,0,0,0,0,0,0,0,0,0,1,1,84
2098,2098,0,1,811,11,-934,-6,0,2,1964,-680,-261,1134,516,-2169,73,0,0,0,0,0,0,0,0,0,0,11,0,0,0,0,0,0,0,0,0,0,0,1,1,89
2099,2099,0,0,873,9,277,-11,0,2,33,-680,-261,747,615,-2074,74,0,0,0,0,0,0,0,0,0,0,11,0,0,0,0,0,0,0,0,0,0,0,1,1,78
2100,2100,0,1,873,9,277,-11,0,2,72,-680,-261,271,861,-2018,73,0,0,0,0,0,0,0,0,0,0,11,0,0,0,0,0,0,0,0,0,0,0,1,1,61
2101,2101,0,0,1309,-3,933,5,0,2,25,-680,-261,-133,1136,-1915,73,0,0,0,0,0,0,0,0,0,0,11,0,0,0,0,0,0,0,0,0,0,0,1,1,56
2102,2102,0,1,1309,-3,933,5,0,2,138,-680,-261,-403,1338,-1925,72,0,0,0,0,0,0,0,0,0,0,11,0,0,0,0,0,0,0,0,0,0,0,1,1,71
2103,2103,0,0,998,6,698,-6,0,2,222,-680,-261,-539,1376,-2019,72,0,0,0,0,0,0,0,0,0,0,11,0,0,0,0,0,0,0,0,0,0,0,1,1,86
2104,2104,0,1,998,6,698,-6,0,2,446,261,-680,-597,1197,-2081,73,0,0,0,0,0,0,0,0,0,0,11,0,0,0,0,0,0,0,0,0,0,0,1,1,92
2105,2105,0,0,-335,-15,939,11,0,2,516,261,-680,-688,780,-1957,74,0,0,0,0,0,0,0,0,0,0,11,0,0,0,0,0,0,0,0,0,0,0,1,1,83
2106,2106,0,1,-335,-15,939,11,0,2,598,261,-680,-857,242,-1915,74,0,0,0,0,0,0,0,0,0,0,11,0,0,0,0,0,0,0,0,0,0,0,1,1,64
2107,2107,0,0,-919,9,1374,-2,0,2,520,261,-680,-1124,-197,-1795,73,0,0,0,0,0,0,0,0,0,0,11,0,0,0,0,0,0,0,0,0,0,0,1,1,55
2108,2108,0,1,-919,9,1374,-2,0,2,662,261,-680,-1386,-450,-1817,72,0,0,0,0,0,0,0,0,0,0,12,0,0,0,0,0,0,0,0,0,0,0,1,1,71
2109,2109,0,0,-768,0,979,-13,0,2,715,261,-680,-1437,-532,-1892,73,0,0,0,0,0,0,0,0,0,0,11,0,0,0,0,0,0,0,0,0,0,0,1,1,90
2110,2110,0,1,-768,0,979,-13,0,2,935,630,261,-1205,-536,-1931,74,0,0,0,0,0,0,0,0,0,0,11,0,0,0,0,0,0,0,0,0,0,0,1,1,95
2111,2111,0,0,-913,15,-368,-16,0,2,1047,630,261,-759,-628,-1826,75,0,0,0,0,0,0,0,0,0,0,12,0,0,0,0,0,0,0,0,0,0,0,1,1,81
2112,2112,0,1,-913,15,-368,-16,0,2,1094,630,261,-227,-843,-1768,74,0,0,0,0,0,0,0,0,0,0,11,0,0,0,0,0,0,0,0,0,0,0,1,1,61
2113,2113,0,0,-1438,2,-878,-14,0,2,1043,630,261,189,-1086,-1659,74,0,0,0,0,0,0,0,0,0,0,11,0,0,0,0,0,0,0,0,0,0,0,1,1,54
2114,2114,0,1,-1438,2,-878,-14,0,2,1152,630,261,414,-1266,-1659,73,0,0,0,0,0,0,0,0,0,0,12,0,0,0,0,0,0,0,0,0,0,0,1,1,69
2115,2115,0,0,-984,8,-791,9,0,2,1153,630,261,530,-1292,-1660,73,0,0,0,0,0,0,0,0,0,0,11,0,0,0,0,0,0,0,0,0,0,0,1,1,82
2116,2116,0,1,-984,8,-791,9,0,2,1468,-261,630,587,-1125,-1720,74,0,0,0,0,0,0,0,0,0,0,11,0,0,0,0,0,0,0,0,0,0,0,1,1,87
2117,2117,0,0,268,12,-833,-1,0,2,1559,-261,630,678,-751,-1615,74,0,0,0,0,0,0,0,0,0,0,12,0,0,0,0,0,0,0,0,0,0,0,1,1,79
2118,2118,0,1,268,12,-833,-1,0,2,1620,-261,630,841,-261,-1571,74,0,0,0,0,0,0,0,0,0,0,11,0,0,0,0,0,0,0,0,0,0,0,1,1,63
2119,2119,0,0,973,13,-1339,5,0,2,1598,-261,630,1070,165,-1505,73,0,0,0,0,0,0,0,0,0,0,11,0,0,0,0,0,0,0,0,0,0,0,1,1,55
2120,2120,0,1,973,13,-1339,5,0,2,1692,-261,630,1284,430,-1533,72,0,0,0,0,0,0,0,0,0,0,11,0,0,0,0,0,0,0,0,0,0,0,1,1,67
2121,2121,0,0,757,-11,-875,-11,0,2,1742,-261,630,1338,525,-1611,72,0,0,0,0,0,0,0,0,0,0,11,0,0,0,0,0,0,0,0,0,0,0,1,1,84
2122,2122,0,1,757,-11,-875,-11,0,2,1983,-680,-261,1162,533,-1674,73,0,0,0,0,0,0,0,0,0,0,11,0,0,0,0,0,0,0,0,0,0,0,1,1,90
2123,2123,0,0,862,-2,253,-3,0,2,40,-680,-261,763,629,-1586,74,0,0,0,0,0,0,0,0,0,0,11,0,0,0,0,0,0,0,0,0,0,0,1,1,80
2124,2124,0,1,862,-2,253,-3,0,2,72,-680,-261,247,855,-1530,74,0,0,0,0,0,0,0,0,0,0,11,0,0,0,0,0,0,0,0,0,0,0,1,1,61
2125,2125,0,0,1356,12,951,-9,0,2,89,-680,-261,-175,1129,-1491,73,0,0,0,0,0,0,0,0,0,0,11,0,0,0,0,0,0,0,0,0,0,0,1,1,55
2126,2126,0,1,1356,12,951,-9,0,2,2,-680,-261,-423,1348,-1365,72,0,0,0,0,0,0,0,0,0,0,11,0,0,0,0,0,0,0,0,0,0,0,1,1,71
2127,2127,0,0,937,9,692,-12,0,2,160,-680,-261,-525,1383,-1397,72,0,0,0,0,0,0,0,0,0,0,11,0,0,0,0,0,0,0,0,0,0,0,1,1,87
2128,2128,0,1,937,9,692,-12,0,2,430,261,-680,-563,1181,-1443,73,0,0,0,0,0,0,0,0,0,0,11,0,0,0,0,0,0,0,0,0,0,0,1,1,92
2129,2129,0,0,-317,3,907,11,0,2,560,261,-680,-668,754,-1363,74,0,0,0,0,0,0,0,0,0,0,11,0,0,0,0,0,0,0,0,0,0,0,1,1,81
2130,2130,0,1,-317,3,907,11,0,2,577,261,-680,-872,226,-1300,74,0,0,0,0,0,0,0,0,0,0,11,0,0,0,0,0,0,0,0,0,0,0,1,1,62
2131,2131,0,0,-851,13,1407,-1,0,2,516,261,-680,-1141,-188,-1176,73,0,0,0,0,0,0,0,0,0,0,11,0,0,0,0,0,0,0,0,0,0,0,1,1,56
2132,2132,0,1,-851,13,1407,-1,0,2,656,261,-680,-1377,-402,-1192,73,0,0,0,0,0,0,0,0,0,0,11,0,0,0,0,0,0,0,0,0,0,0,1,1,71
2133,2133,0,0,-761,7,939,11,0,2,708,261,-680,-1417,-508,-1260,73,0,0,0,0,0,0,0,0,0,0,11,0,0,0,0,0,0,0,0,0,0,0,1,1,89
2134,2134,0,1,-761,7,939,11,0,2,941,630,261,-1207,-560,-1305,74,0,0,0,0,0,0,0,0,0,0,11,0,0,0,0,0,0,0,0,0,0,0,1,1,93
2135,2135,0,0,-953,7,-282,6,0,2,1028,630,261,-791,-646,-1181,75,0,0,0,0,0,0,0,0,0,0,12,0,0,0,0,0,0,0,0,0,0,0,1,1,83
2136,2136,0,1,-953,7,-282,6,0,2,1116,630,261,-273,-811,-1145,75,0,0,0,0,0,0,0,0,0,0,11,0,0,0,0,0,0,0,0,0,0,0,1,1,63
2137,2137,0,0,-1397,11,-945,15,0,2,1094,630,261,172,-1056,-1087,74,0,0,0,0,0,0,0,0,0,0,11,0,0,0,0,0,0,0,0,0,0,0,1,1,53
2138,2138,0,1,-1397,11,-945,15,0,2,1158,630,261,447,-1292,-1093,73,0,0,0,0,0,0,0,0,0,0,12,0,0,0,0,0,0,0,0,0,0,0,1,1,66
2139,2139,0,0,-1041,15,-772,-4,0,2,1238,630,261,571,-1328,-1179,73,0,0,0,0,0,0,0,0,0,0,11,0,0,0,0,0,0,0,0,0,0,0,2,1,85
2140,2140,0,1,-1041,15,-772,-4,0,2,1468,-261,630,591,-1114,-1239,74,0,0,0,0,0,0,0,0,0,0,11,0,0,0,0,0,0,0,0,0,0,0,2,1,89
2141,2141,0,0,371,-13,-838,-6,0,2,1586,-261,630,654,-721,-1161,74,0,0,0,0,0,0,0,0,0,0,12,0,0,0,0,0,0,0,0,0,0,0,2,1,78
2142,2142,0,1,371,-13,-838,-6,0,2,1603,-261,630,823,-251,-1100,74,0,0,0,0,0,0,0,0,0,0,11,0,0,0,0,0,0,0,0,0,0,0,2,1,60
2143,2143,0,0,902,6,-1364,12,0,2,1667,-261,630,1073,151,-1103,73,0,0,0,0,0,0,0,0,0,0,11,0,0,0,0,0,0,0,0,0,0,0,2,1,53
2144,2144,0,1,902,6,-1364,12,0,2,1693,-261,630,1308,419,-1132,72,0,0,0,0,0,0,0,0,0,0,12,0,0,0,0,0,0,0,0,0,0,0,2,1,68
2145,2145,0,0,790,-10,-819,13,0,2,1735,-261,630,1352,521,-1203,72,0,0,0,0,0,0,0,0,0,0,11,0,0,0,0,0,0,0,0,0,0,0,2,1,85
2146,2146,0,1,790,-10,-819,13,0,2,1962,-680,-261,1141,538,-1245,73,0,0,0,0,0,0,0,0,0,0,11,0,0,0,0,0,0,0,0,0,0,0,2,1,90
2147,2147,0,0,883,-13,195,3,0,2,11,-680,-261,735,618,-1128,74,0,0,0,0,0,0,0,0,0,0,11,0,0,0,0,0,0,0,0,0,0,0,2,1,78
2148,2148,0,1,883,-13,195,3,0,2,68,-680,-261,243,835,-1068,74,0,0,0,0,0,0,0,0,0,0,11,0,0,0,0,0,0,0,0,0,0,0,2,1,59
2149,2149,0,0,1297,-15,994,2,0,2,70,-680,-261,-149,1113,-1010,73,0,0,0,0,0,0,0,0,0,0,11,0,0,0,0,0,0,0,0,0,0,0,2,1,54
2150,2150,0,1,1297,-15,994,2,0,2,198,-680,-261,-373,1344,-1080,72,0,0,0,0,0,0,0,0,0,0,12,0,0,0,0,0,0,0,0,0,0,0,2,1,70
2151,2151,0,0,1045,-11,593,-15,0,2,163,-680,-261,-479,1378,-1115,72,0,0,0,0,0,0,0,0,0,0,12,0,0,0,0,0,0,0,0,0,0,0,2,1,87
2152,2152,0,1,1045,-11,593,-15,0,2,430,261,-680,-543,1166,-1161,73,0,0,0,0,0,0,0,0,0,0,11,0,0,0,0,0,0,0,0,0,0,0,2,1,90
2153,2153,0,0,-406,10,1025,1,0,2,514,261,-680,-666,762,-1035,74,0,0,0,0,0,0,0,0,0,0,12,0,0,0,0,0,0,0,0,0,0,0,2,1,80
2154,2154,0,1,-406,10,1025,1,0,2,526,261,-680,-881,272,-921,74,0,0,0,0,0,0,0,0,0,0,12,0,0,0,0,0,0,0,0,0,0,0,2,1,62
2155,2155,0,0,-774,-6,1338,-6,0,2,586,261,-680,-1146,-148,-867,73,0,0,0,0,0,0,0,0,0,0,11,0,0,0,0,0,0,0,0,0,0,0,2,1,57
2156,2156,0,1,-774,-6,1338,-6,0,2,525,261,-680,-1373,-408,-752,72,0,0,0,0,0,0,0,0,0,0,12,0,0,0,0,0,0,0,0,0,0,0,2,1,72
2157,2157,0,0,-898,-2,1003,11,0,2,712,261,-680,-1421,-531,-824,73,0,0,0,0,0,0,0,0,0,0,11,0,0,0,0,0,0,0,0,0,0,0,2,1,89
2158,2158,0,1,-898,-2,1003,11,0,2,1024,630,261,-1228,-558,-952,74,0,0,0,0,0,0,0,0,0,0,11,0,0,0,0,0,0,0,0,0,0,0,2,1,94
2159,2159,0,0,-781,-13,-338,14,0,2,1025,630,261,-793,-635,-825,74,0,0,0,0,0,0,0,0,0,0,12,0,0,0,0,0,0,0,0,0,0,0,2,1,83
2160,2160,0,1,-781,-13,-338,14,0,2,1094,630,261,-232,-820,-767,74,0,0,0,0,0,0,0,0,0,0,12,0,0,0,0,0,0,0,0,0,0,0,2,1,63
2161,2161,0,0,-1585,15,-964,-4,0,2,1092,630,261,200,-1075,-707,73,0,0,0,0,0,0,0,0,0,0,11,0,0,0,0,0,0,0,0,0,0,0,2,1,53
2162,2162,0,1,-1585,15,-964,-4,0,2,1162,630,261,434,-1303,-717,72,0,0,0,0,0,0,0,0,0,0,12,0,0,0,0,0,0,0,0,0,0,0,2,1,68
2163,2163,0,0,-816,-16,-709,-5,0,2,1243,630,261,536,-1323,-808,73,0,0,0,0,0,0,0,0,0,0,12,0,0,0,0,0,0,0,0,0,0,0,2,1,85
2164,2164,0,1,-816,-16,-709,-5,0,2,1446,-261,630,588,-1094,-846,74,0,0,0,0,0,0,0,0,0,0,11,0,0,0,0,0,0,0,0,0,0,0,2,1,89
2165,2165,0,0,176,-16,-863,1,0,2,1588,-261,630,680,-712,-770,74,0,0,0,0,0,0,0,0,0,0,12,0,0,0,0,0,0,0,0,0,0,0,2,1,76
2166,2166,0,1,176,-16,-863,1,0,2,1600,-261,630,838,-271,-706,74,0,0,0,0,0,0,0,0,0,0,11,0,0,0,0,0,0,0,0,0,0,0,2,1,61
2167,2167,0,0,996,4,-1274,6,0,2,1628,-261,630,1065,134,-670,73,0,0,0,0,0,0,0,0,0,0,11,0,0,0,0,0,0,0,0,0,0,0,2,1,54
2168,2168,0,1,996,4,-1274,6,0,2,1680,-261,630,1285,428,-686,72,0,0,0,0,0,0,0,0,0,0,12,0,0,0,0,0,0,0,0,0,0,0,2,1,66
2169,2169,0,0,739,3,-977,15,0,2,1616,-261,630,1348,514,-638,72,0,0,0,0,0,0,0,0,0,0,11,0,0,0,0,0,0,0,0,0,0,0,2,1,84
2170,2170,0,1,739,3,-977,15,0,2,1980,-680,-261,1177,481,-698,73,0,0,0,0,0,0,0,0,0,0,11,0,0,0,0,0,0,0,0,0,0,0,2,1,90
2171,2171,0,0,866,2,372,-12,0,2,15,-680,-261,765,588,-585,74,0,0,0,0,0,0,0,0,0,0,11,0,0,0,0,0,0,0,0,0,0,0,2,1,79
2172,2172,0,1,866,2,372,-12,0,2,72,-680,-261,236,876,-529,73,0,0,0,0,0,0,0,0,0,0,11,0,0,0,0,0,0,0,0,0,0,0,2,1,60
2173,2173,0,0,1411,3,782,14,0,2,71,-680,-261,-162,1163,-472,73,0,0,0,0,0,0,0,0,0,0,11,0,0,0,0,0,0,0,0,0,0,0,2,1,56
2174,2174,0,1,1411,3,782,14,0,2,30,-680,-261,-362,1339,-374,72,0,0,0,0,0,0,0,0,0,0,12,0,0,0,0,0,0,0,0,0,0,0,2,1,73
2175,2175,0,0,873,9,825,-7,0,2,181,-680,-261,-492,1360,-427,72,0,0,0,0,0,0,0,0,0,0,11,0,0,0,0,0,0,0,0,0,0,0,2,1,86
2176,2176,0,1,873,9,825,-7,0,2,427,261,-680,-595,1189,-470,73,0,0,0,0,0,0,0,0,0,0,11,0,0,0,0,0,0,0,0,0,0,0,2,1,90
2177,2177,0,0,-253,3,841,9,0,2,549,261,-680,-693,782,-379,74,0,0,0,0,0,0,0,0,0,0,11,0,0,0,0,0,0,0,0,0,0,0,2,1,82
2178,2178,0,1,-253,3,841,9,0,2,581,261,-680,-835,238,-320,74,0,0,0,0,0,0,0,0,0,0,11,0,0,0,0,0,0,0,0,0,0,0,2,1,65
2179,2179,0,0,-970,-10,1458,-14,0,2,512,261,-680,-1115,-201,-448,73,0,0,0,0,0,0,0,0,0,0,11,0,0,0,0,0,0,0,0,0,0,0,2,1,54
2180,2180,0,1,-970,-10,1458,-14,0,2,662,261,-680,-1423,-439,-470,72,0,0,0,0,0,0,0,0,0,0,11,0,0,0,0,0,0,0,0,0,0,0,2,1,70
2181,2181,0,0,-711,-7,908,12,0,2,748,261,-680,-1453,-527,-578,73,0,0,0,0,0,0,0,0,0,0,11,0,0,0,0,0,0,0,0,0,0,0,2,1,93
2182,2182,0,1,-711,-7,908,12,0,2,933,630,261,-1151,-550,-615,74,0,0,0,0,0,0,0,0,0,0,11,0,0,0,0,0,0,0,0,0,0,0,2,1,95
2183,2183,0,0,-932,-4,-300,-12,0,2,1058,630,261,-717,-627,-521,75,0,0,0,0,0,0,0,0,0,0,12,0,0,0,0,0,0,0,0,0,0,0,2,1,79
2184,2184,0,1,-932,-4,-300,-12,0,2,1104,630,261,-273,-800,-473,74,0,0,0,0,0,0,0,0,0,0,11,0,0,0,0,0,0,0,0,0,0,0,2,1,59
2185,2185,0,0,-1439,1,-919,9,0,2,1072,630,261,129,-1040,-393,73,0,0,0,0,0,0,0,0,0,0,11,0,0,0,0,0,0,0,0,0,0,0,2,1,52
2186,2186,0,1,-1439,1,-919,9,0,2,1168,630,261,437,-1264,-409,73,0,0,0,0,0,0,0,0,0,0,12,0,0,0,0,0,0,0,0,0,0,0,2,1,65
2187,2187,0,0,-998,-6,-755,13,0,2,1192,630,261,567,-1325,-449,73,0,0,0,0,0,0,0,0,0,0,12,0,0,0,0,0,0,0,0,0,0,0,2,1,83
2188,2188,0,1,-998,-6,-755,13,0,2,1533,-261,630,571,-1151,-574,74,0,0,0,0,0,0,0,0,0,0,11,0,0,0,0,0,0,0,0,0,0,0,2,1,90
2189,2189,0,0,334,14,-856,8,0,2,1536,-261,630,641,-740,-702,74,0,0,0,0,0,0,0,0,0,0,12,0,0,0,0,0,0,0,0,0,0,0,2,1,80
2190,2190,0,1,334,14,-856,8,0,2,1602,-261,630,831,-220,-640,74,0,0,0,0,0,0,0,0,0,0,12,0,0,0,0,0,0,0,0,0,0,0,2,1,60
2191,2191,0,0,875,11,-1325,-13,0,2,1666,-261,630,1095,161,-642,73,0,0,0,0,0,0,0,0,0,0,11,0,0,0,0,0,0,0,0,0,0,0,2,1,53
2192,2192,0,1,875,11,-1325,-13,0,2,1686,-261,630,1325,353,-664,72,0,0,0,0,0,0,0,0,0,0,12,0,0,0,0,0,0,0,0,0,0,0,2,1,69
2193,2193,0,0,867,3,-899,-3,0,2,1704,-261,630,1354,454,-704,72,0,0,0,0,0,0,0,0,0,0,11,0,0,0,0,0,0,0,0,0,0,0,2,1,85
2194,2194,0,1,867,3,-899,-3,0,2,1964,-680,-261,1131,560,-748,73,0,0,0,0,0,0,0,0,0,0,11,0,0,0,0,0,0,0,0,0,0,0,2,1,89
2195,2195,0,0,782,14,316,-4,0,2,38,-680,-261,735,668,-658,74,0,0,0,0,0,0,0,0,0,0,12,0,0,0,0,0,0,0,0,0,0,0,2,1,78
2196,2196,0,1,782,14,316,-4,0,2,21,-680,-261,262,833,-551,73,0,0,0,0,0,0,0,0,0,0,11,0,0,0,0,0,0,0,0,0,0,0,2,1,61
2197,2197,0,0,1437,-3,862,-2,0,2,72,-680,-261,-147,1097,-495,73,0,0,0,0,0,0,0,0,0,0,11,0,0,0,0,0,0,0,0,0,0,0,2,1,54
2198,2198,0,1,1437,-3,862,-2,0,2,150,-680,-261,-412,1366,-517,72,0,0,0,0,0,0,0,0,0,0,12,0,0,0,0,0,0,0,0,0,0,0,2,1,69
2199,2199,0,0,842,10,782,14,0,2,145,-680,-261,-520,1411,-534,72,0,0,0,0,0,0,0,0,0,0,12,0,0,0,0,0,0,0,0,0,0,0,2,1,88
2200,2200,0,1,842,10,782,14,0,2,509,261,-680,-548,1163,-659,73,0,0,0,0,0,0,0,0,0,0,11,0,0,0,0,0,0,0,0,0,0,0,2,1,93
2201,2201,0,0,-208,-16,803,3,0,2,514,261,-680,-642,734,-533,74,0,0,0,0,0,0,0,0,0,0,12,0,0,0,0,0,0,0,0,0,0,0,2,1,80
2202,2202,0,1,-208,-16,803,3,0,2,599,261,-680,-860,246,-492,74,0,0,0,0,0,0,0,0,0,0,12,0,0,0,0,0,0,0,0,0,0,0,2,1,60
2203,2203,0,0,-936,-8,1490,-14,0,2,522,261,-680,-1144,-154,-374,73,0,0,0,0,0,0,0,0,0,0,12,0,0,0,0,0,0,0,0,0,0,0,2,1,55
2204,2204,0,1,-936,-8,1490,-14,0,2,518,261,-680,-1386,-393,-252,72,0,0,0,0,0,0,0,0,0,0,12,0,0,0,0,0,0,0,0,0,0,0,2,1,72
2205,2205,0,0,-728,8,894,-2,0,2,744,261,-680,-1430,-499,-356,73,0,0,0,0,0,0,0,0,0,0,12,0,0,0,0,0,0,0,0,0,0,0,2,1,90
2206,2206,0,1,-728,8,894,-2,0,2,934,630,261,-1213,-543,-394,74,0,0,0,0,0,0,0,0,0,0,12,0,0,0,0,0,0,0,0,0,0,0,2,1,94
2207,2207,0,0,-964,-4,-250,6,0,2,1059,630,261,-779,-631,-301,74,0,0,0,0,0,0,0,0,0,0,12,0,0,0,0,0,0,0,0,0,0,0,2,1,82
2208,2208,0,1,-964,-4,-250,6,0,2,1106,630,261,-248,-818,-255,74,0,0,0,0,0,0,0,0,0,0,12,0,0,0,0,0,0,0,0,0,0,0,2,1,62
2209,2209,0,0,-1407,1,-952,8,0,2,1092,630,261,173,-1066,-195,73,0,0,0,0,0,0,0,0,0,0,12,0,0,0,0,0,0,0,0,0,0,0,2,1,53
2210,2210,0,1,-1407,1,-952,8,0,2,1160,630,261,414,-1284,-203,72,0,0,0,0,0,0,0,0,0,0,12,0,0,0,0,0,0,0,0,0,0,0,2,1,67
2211,2211,0,0,-1023,1,-750,-14,0,2,1172,630,261,540,-1326,-223,72,0,0,0,0,0,0,0,0,0,0,12,0,0,0,0,0,0,0,0,0,0,0,2,1,84
2212,2212,0,1,-1023,1,-750,-14,0,2,1472,-261,630,614,-1132,-287,73,0,0,0,0,0,0,0,0,0,0,12,0,0,0,0,0,0,0,0,0,0,0,2,1,89
2213,2213,0,0,317,-3,-868,-4,0,2,1587,-261,630,687,-727,-210,74,0,0,0,0,0,0,0,0,0,0,12,0,0,0,0,0,0,0,0,0,0,0,2,1,80
2214,2214,0,1,317,-3,-868,-4,0,2,1604,-261,630,817,-229,-150,74,0,0,0,0,0,0,0,0,0,0,12,0,0,0,0,0,0,0,0,0,0,0,2,1,62
2215,2215,0,0,992,0,-1307,5,0,2,1628,-261,630,1059,165,-114,73,0,0,0,0,0,0,0,0,0,0,12,0,0,0,0,0,0,0,0,0,0,0,2,1,53
2216,2216,0,1,992,0,-1307,5,0,2,1697,-261,630,1320,385,-147,72,0,0,0,0,0,0,0,0,0,0,12,0,0,0,0,0,0,0,0,0,0,0,2,1,67
2217,2217,0,0,711,7,-875,-11,0,2,1750,-261,630,1362,494,-233,72,0,0,0,0,0,0,0,0,0,0,12,0,0,0,0,0,0,0,0,0,0,0,2,1,85
2218,2218,0,1,711,7,-875,-11,0,2,1968,-680,-261,1120,566,-281,73,0,0,0,0,0,0,0,0,0,0,12,0,0,0,0,0,0,0,0,0,0,0,2,1,90
2219,2219,0,0,923,-5,240,-16,0,2,33,-680,-261,717,645,-186,74,0,0,0,0,0,0,0,0,0,0,12,0,0,0,0,0,0,0,0,0,0,0,2,1,78
2220,2220,0,1,923,-5,240,-16,0,2,84,-680,-261,268,797,-142,74,0,0,0,0,0,0,0,0,0,0,12,0,0,0,0,0,0,0,0,0,0,0,2,1,60
2221,2221,0,0,1275,-5,954,-6,0,2,0,-680,-261,-122,1072,-270,73,0,0,0,0,0,0,0,0,0,0,12,0,0,0,0,0,0,0,0,0,0,0,2,1,52
2222,2222,0,1,1275,-5,954,-6,0,2,30,-680,-261,-386,1364,-172,72,0,0,0,0,0,0,0,0,0,0,12,0,0,0,0,0,0,0,0,0,0,0,2,1,67
2223,2223,0,0,1031,7,659,-13,0,2,175,-680,-261,-507,1416,-219,72,0,0,0,0,0,0,0,0,0,0,12,0,0,0,0,0,0,0,0,0,0,0,2,1,88
2224,2224,0,1,1031,7,659,-13,0,2,407,261,-680,-549,1167,-242,73,0,0,0,0,0,0,0,0,0,0,12,0,0,0,0,0,0,0,0,0,0,0,2,1,93
2225,2225,0,0,-364,-12,923,-5,0,2,516,261,-680,-657,747,-118,74,0,0,0,0,0,0,0,0,0,0,12,0,0,0,0,0,0,0,0,0,0,0,2,1,80
2226,2226,0,1,-364,-12,923,-5,0,2,528,261,-680,-877,276,-6,74,0,0,0,0,0,0,0,0,0,0,12,0,0,0,0,0,0,0,0,0,0,0,2,1,61
2227,2227,0,0,-823,9,1432,-8,0,2,582,261,-680,-1150,-132,52,73,0,0,0,0,0,0,0,0,0,0,12,0,0,0,0,0,0,0,0,0,0,0,2,1,57
2228,2228,0,1,-823,9,1432,-8,0,2,518,261,-680,-1378,-408,174,72,0,0,0,0,0,0,0,0,0,0,12,0,0,0,0,0,0,0,0,0,0,0,2,1,71
2229,2229,0,0,-824,8,956,-4,0,2,714,261,-680,-1422,-525,100,73,0,0,0,0,0,0,0,0,0,0,12,0,0,0,0,0,0,0,0,0,0,0,2,1,89
2230,2230,0,1,-824,8,956,-4,0,2,1021,630,261,-1219,-557,-25,74,0,0,0,0,0,0,0,0,0,0,12,0,0,0,0,0,0,0,0,0,0,0,2,1,94
2231,2231,0,0,-923,5,-377,7,0,2,1028,630,261,-795,-635,99,74,0,0,0,0,0,0,0,0,0,0,12,0,0,0,0,0,0,0,0,0,0,0,2,1,83
2232,2232,0,1,-923,5,-377,7,0,2,1110,630,261,-255,-822,141,74,0,0,0,0,0,0,0,0,0,0,12,0,0,0,0,0,0,0,0,0,0,0,2,1,63
2233,2233,0,0,-1416,-8,-871,-7,0,2,1090,630,261,203,-1073,203,73,0,0,0,0,0,0,0,0,0,0,12,0,0,0,0,0,0,0,0,0,0,0,2,1,53
2234,2234,0,1,-1416,-8,-871,-7,0,2,1034,630,261,480,-1287,321,72,0,0,0,0,0,0,0,0,0,0,12,0,0,0,0,0,0,0,0,0,0,0,2,1,68
2235,2235,0,0,-989,3,-797,3,0,2,1243,630,261,576,-1311,230,73,0,0,0,0,0,0,0,0,0,0,12,0,0,0,0,0,0,0,0,0,0,0,2,1,85
2236,2236,0,1,-989,3,-797,3,0,2,1472,-261,630,574,-1101,166,74,0,0,0,0,0,0,0,0,0,0,12,0,0,0,0,0,0,0,0,0,0,0,2,1,89
2237,2237,0,0,330,10,-845,-13,0,2,1588,-261,630,650,-715,242,74,0,0,0,0,0,0,0,0,0,0,12,0,0,0,0,0,0,0,0,0,0,0,2,1,77
2238,2238,0,1,330,10,-845,-13,0,2,1540,-261,630,839,-257,366,74,0,0,0,0,0,0,0,0,0,0,12,0,0,0,0,0,0,0,0,0,0,0,2,1,60
2239,2239,0,0,907,11,-1269,11,0,2,1543,-261,630,1077,157,487,73,0,0,0,0,0,0,0,0,0,0,12,0,0,0,0,0,0,0,0,0,0,0,2,1,54
2240,2240,0,1,907,11,-1269,11,0,2,1667,-261,630,1280,429,484,72,0,0,0,0,0,0,0,0,0,0,12,0,0,0,0,0,0,0,0,0,0,0,2,1,67
2241,2241,0,0,768,0,-975,-15,0,2,1752,-261,630,1324,535,396,72,0,0,0,0,0,0,0,0,0,0,12,0,0,0,0,0,0,0,0,0,0,0,2,1,84
2242,2242,0,1,768,0,-975,-15,0,2,1968,-680,-261,1161,520,348,73,0,0,0,0,0,0,0,0,0,0,11,0,0,0,0,0,0,0,0,0,0,0,2,1,89
2243,2243,0,0,875,11,314,-6,0,2,46,-680,-261,757,608,430,74,0,0,0,0,0,0,0,0,0,0,12,0,0,0,0,0,0,0,0,0,0,0,2,1,79
2244,2244,0,1,875,11,314,-6,0,2,72,-680,-261,229,840,486,73,0,0,0,0,0,0,0,0,0,0,12,0,0,0,0,0,0,0,0,0,0,0,2,1,60
2245,2245,0,0,1346,2,873,9,0,2,28,-680,-261,-175,1128,586,73,0,0,0,0,0,0,0,0,0,0,11,0,0,0,0,0,0,0,0,0,0,0,2,1,54
2246,2246,0,1,1346,2,873,9,0,2,8,-680,-261,-388,1359,706,72,0,0,0,0,0,0,0,0,0,0,12,0,0,0,0,0,0,0,0,0,0,0,2,1,71
2247,2247,0,0,954,-6,725,-11,0,2,252,-680,-261,-507,1390,582,72,0,0,0,0,0,0,0,0,0,0,12,0,0,0,0,0,0,0,0,0,0,0,2,1,88
2248,2248,0,1,954,-6,725,-11,0,2,425,261,-680,-590,1173,541,73,0,0,0,0,0,0,0,0,0,0,11,0,0,0,0,0,0,0,0,0,0,0,2,1,92
2249,2249,0,0,-256,0,952,-8,0,2,560,261,-680,-712,738,621,74,0,0,0,0,0,0,0,0,0,0,12,0,0,0,0,0,0,0,0,0,0,0,2,1,81
2250,2250,0,1,-256,0,952,-8,0,2,603,261,-680,-900,200,658,74,0,0,0,0,0,0,0,0,0,0,12,0,0,0,0,0,0,0,0,0,0,0,2,1,64
2251,2251,0,0,-971,-11,1370,-6,0,2,577,261,-680,-1141,-208,721,73,0,0,0,0,0,0,0,0,0,0,11,0,0,0,0,0,0,0,0,0,0,0,2,1,57
2252,2252,0,1,-971,-11,1370,-6,0,2,663,261,-680,-1358,-429,698,72,0,0,0,0,0,0,0,0,0,0,12,0,0,0,0,0,0,0,0,0,0,0,2,1,72
2253,2253,0,0,-708,-4,951,-9,0,2,658,261,-680,-1396,-528,680,73,0,0,0,0,0,0,0,0,0,0,11,0,0,0,0,0,0,0,0,0,0,0,2,1,89
2254,2254,0,1,-708,-4,951,-9,0,2,954,630,261,-1188,-588,622,74,0,0,0,0,0,0,0,0,0,0,11,0,0,0,0,0,0,0,0,0,0,0,2,1,93
2255,2255,0,0,-949,11,-307,13,0,2,1083,630,261,-761,-672,691,75,0,0,0,0,0,0,0,0,0,0,12,0,0,0,0,0,0,0,0,0,0,0,2,1,82
2256,2256,0,1,-949,11,-307,13,0,2,1091,630,261,-225,-828,752,74,0,0,0,0,0,0,0,0,0,0,11,0,0,0,0,0,0,0,0,0,0,0,2,1,63
2257,2257,0,0,-1410,-2,-960,0,0,2,1031,630,261,213,-1042,873,74,0,0,0,0,0,0,0,0,0,0,11,0,0,0,0,0,0,0,0,0,0,0,2,1,53
2258,2258,0,1,-1410,-2,-960,0,0,2,1172,630,261,467,-1243,853,73,0,0,0,0,0,0,0,0,0,0,12,0,0,0,0,0,0,0,0,0,0,0,2,1,65
2259,2259,0,0,-1030,-6,-705,-1,0,2,1226,630,261,567,-1297,779,73,0,0,0,0,0,0,0,0,0,0,11,0,0,0,0,0,0,0,0,0,0,0,2,1,82
2260,2260,0,1,-1030,-6,-705,-1,0,2,1450,-261,630,592,-1135,737,74,0,0,0,0,0,0,0,0,0,0,11,0,0,0,0,0,0,0,0,0,0,0,2,1,87
2261,2261,0,0,291,3,-902,-6,0,2,1552,-261,630,670,-742,849,74,0,0,0,0,0,0,0,0,0,0,12,0,0,0,0,0,0,0,0,0,0,0,2,1,80
2262,2262,0,1,291,3,-902,-6,0,2,1604,-261,630,839,-230,909,74,0,0,0,0,0,0,0,0,0,0,11,0,0,0,0,0,0,0,0,0,0,0,2,1,62
2263,2263,0,0,950,-10,-1268,12,0,2,1668,-261,630,1076,186,905,73,0,0,0,0,0,0,0,0,0,0,11,0,0,0,0,0,0,0,0,0,0,0,2,1,54
2264,2264,0,1,950,-10,-1268,12,0,2,1685,-261,630,1290,427,884,72,0,0,0,0,0,0,0,0,0,0,11,0,0,0,0,0,0,0,0,0,0,0,2,1,68
2265,2265,0,0,737,1,-956,4,0,2,1766,-261,630,1326,529,782,72,0,0,0,0,0,0,0,0,0,0,11,0,0,0,0,0,0,0,0,0,0,0,2,1,85
2266,2266,0,1,737,1,-956,4,0,2,1962,-680,-261,1136,563,740,73,0,0,0,0,0,0,0,0,0,0,11,0,0,0,0,0,0,0,0,0,0,0,2,1,89
2267,2267,0,0,963,3,337,-15,0,2,22,-680,-261,749,664,846,74,0,0,0,0,0,0,0,0,0,0,11,0,0,0,0,0,0,0,0,0,0,0,2,1,79
2268,2268,0,1,963,3,337,-15,0,2,79,-680,-261,259,870,895,74,0,0,0,0,0,0,0,0,0,0,11,0,0,0,0,0,0,0,0,0,0,0,2,1,62
2269,2269,0,0,1232,-16,893,-3,0,2,28,-680,-261,-178,1125,995,73,0,0,0,0,0,0,0,0,0,0,11,0,0,0,0,0,0,0,0,0,0,0,2,1,56
2270,2270,0,1,1232,-16,893,-3,0,2,133,-680,-261,-462,1337,990,72,0,0,0,0,0,0,0,0,0,0,11,0,0,0,0,0,0,0,0,0,0,0,2,1,71
2271,2271,0,0,1076,-12,702,-2,0,2,204,-680,-261,-580,1355,914,72,0,0,0,0,0,0,0,0,0,0,11,0,0,0,0,0,0,0,0,0,0,0,2,1,87
2272,2272,0,1,1076,-12,702,-2,0,2,484,261,-680,-584,1143,814,73,0,0,0,0,0,0,0,0,0,0,11,0,0,0,0,0,0,0,0,0,0,0,2,1,91
2273,2273,0,0,-441,7,940,12,0,2,547,261,-680,-668,729,907,74,0,0,0,0,0,0,0,0,0,0,11,0,0,0,0,0,0,0,0,0,0,0,2,1,80
2274,2274,0,1,-441,7,940,12,0,2,579,261,-680,-875,222,968,74,0,0,0,0,0,0,0,0,0,0,11,0,0,0,0,0,0,0,0,0,0,0,2,1,61
2275,2275,0,0,-767,1,1337,-7,0,2,643,261,-680,-1141,-204,965,73,0,0,0,0,0,0,0,0,0,0,11,0,0,0,0,0,0,0,0,0,0,0,2,1,56
2276,2276,0,1,-767,1,1337,-7,0,2,651,261,-680,-1365,-471,954,72,0,0,0,0,0,0,0,0,0,0,11,0,0,0,0,0,0,0,0,0,0,0,2,1,72
2277,2277,0,0,-827,5,1011,-13,0,2,720,261,-680,-1405,-564,874,73,0,0,0,0,0,0,0,0,0,0,11,0,0,0,0,0,0,0,0,0,0,0,2,1,90
2278,2278,0,1,-827,5,1011,-13,0,2,959,630,261,-1202,-570,811,74,0,0,0,0,0,0,0,0,0,0,11,0,0,0,0,0,0,0,0,0,0,0,2,1,94
2279,2279,0,0,-873,-9,-331,-11,0,2,1072,630,261,-782,-640,891,75,0,0,0,0,0,0,0,0,0,0,11,0,0,0,0,0,0,0,0,0,0,0,2,1,82
2280,2280,0,1,-873,-9,-331,-11,0,2,1099,630,261,-250,-830,944,74,0,0,0,0,0,0,0,0,0,0,11,0,0,0,0,0,0,0,0,0,0,0,2,1,62
2281,2281,0,0,-1477,-5,-911,-15,0,2,1036,630,261,200,-1066,1060,74,0,0,0,0,0,0,0,0,0,0,11,0,0,0,0,0,0,0,0,0,0,0,2,1,53
2282,2282,0,1,-1477,-5,-911,-15,0,2,1168,630,261,482,-1257,1044,73,0,0,0,0,0,0,0,0,0,0,11,0,0,0,0,0,0,0,0,0,0,0,2,1,67
2283,2283,0,0,-946,14,-737,-1,0,2,1239,630,261,597,-1290,957,73,0,0,0,0,0,0,0,0,0,0,11,0,0,0,0,0,0,0,0,0,0,0,2,1,83
2284,2284,0,1,-946,14,-737,-1,0,2,1506,-261,630,607,-1114,859,74,0,0,0,0,0,0,0,0,0,0,11,0,0,0,0,0,0,0,0,0,0,0,2,1,88
2285,2285,0,0,206,14,-915,13,0,2,1588,-261,630,689,-722,935,74,0,0,0,0,0,0,0,0,0,0,12,0,0,0,0,0,0,0,0,0,0,0,2,1,79
2286,2286,0,1,206,14,-915,13,0,2,1558,-261,630,882,-212,1041,74,0,0,0,0,0,0,0,0,0,0,11,0,0,0,0,0,0,0,0,0,0,0,2,1,62
2287,2287,0,0,1060,4,-1246,2,0,2,1676,-261,630,1094,216,1029,73,0,0,0,0,0,0,0,0,0,0,11,0,0,0,0,0,0,0,0,0,0,0,2,1,56
2288,2288,0,1,1060,4,-1246,2,0,2,1721,-261,630,1253,467,972,72,0,0,0,0,0,0,0,0,0,0,11,0,0,0,0,0,0,0,0,0,0,0,2,1,69
2289,2289,0,0,661,-11,-966,-6,0,2,1744,-261,630,1298,550,892,72,0,0,0,0,0,0,0,0,0,0,11,0,0,0,0,0,0,0,0,0,0,0,2,1,84
2290,2290,0,1,661,-11,-966,-6,0,2,1972,-680,-261,1159,556,840,73,0,0,0,0,0,0,0,0,0,0,11,0,0,0,0,0,0,0,0,0,0,0,2,1,87
2291,2291,0,0,924,-4,367,15,0,2,0,-680,-261,750,652,712,74,0,0,0,0,0,0,0,0,0,0,11,0,0,0,0,0,0,0,0,0,0,0,2,1,80
2292,2292,0,1,924,-4,367,15,0,2,84,-680,-261,187,868,756,74,0,0,0,0,0,0,0,0,0,0,11,0,0,0,0,0,0,0,0,0,0,0,2,1,62
2293,2293,0,0,1328,-16,819,-13,0,2,129,-680,-261,-233,1115,755,73,0,0,0,0,0,0,0,0,0,0,11,0,0,0,0,0,0,0,0,0,0,0,2,1,55
2294,2294,0,1,1328,-16,819,-13,0,2,128,-680,-261,-420,1298,755,72,0,0,0,0,0,0,0,0,0,0,11,0,0,0,0,0,0,0,0,0,0,0,2,1,71
2295,2295,0,0,939,11,791,-9,0,2,161,-680,-261,-503,1337,722,72,0,0,0,0,0,0,0,0,0,0,11,0,0,0,0,0,0,0,0,0,0,0,2,1,85
2296,2296,0,1,939,11,791,-9,0,2,508,261,-680,-592,1167,598,73,0,0,0,0,0,0,0,0,0,0,11,0,0,0,0,0,0,0,0,0,0,0,2,1,89
2297,2297,0,0,-287,1,805,5,0,2,579,261,-680,-700,764,659,74,0,0,0,0,0,0,0,0,0,0,11,0,0,0,0,0,0,0,0,0,0,0,2,1,81
2298,2298,0,1,-287,1,805,5,0,2,580,261,-680,-868,227,719,74,0,0,0,0,0,0,0,0,0,0,11,0,0,0,0,0,0,0,0,0,0,0,2,1,64
2299,2299,0,0,-859,5,1499,-5,0,2,515,261,-680,-1121,-211,844,73,0,0,0,0,0,0,0,0,0,0,11,0,0,0,0,0,0,0,0,0,0,0,2,1,56
2300,2300,0,1,-859,5,1499,-5,0,2,656,261,-680,-1373,-448,828,72,0,0,0,0,0,0,0,0,0,0,11,0,0,0,0,0,0,0,0,0,0,0,2,1,71
2301,2301,0,0,-813,-13,883,-13,0,2,657,261,-680,-1411,-543,811,73,0,0,0,0,0,0,0,0,0,0,11,0,0,0,0,0,0,0,0,0,0,0,2,1,90
2302,2302,0,1,-813,-13,883,-13,0,2,941,630,261,-1177,-581,766,74,0,0,0,0,0,0,0,0,0,0,11,0,0,0,0,0,0,0,0,0,0,0,2,1,94
2303,2303,0,0,-892,4,-245,11,0,2,1044,630,261,-766,-665,874,75,0,0,0,0,0,0,0,0,0,0,11,0,0,0,0,0,0,0,0,0,0,0,2,1,81
2304,2304,0,1,-892,4,-245,11,0,2,1095,630,261,-273,-843,931,74,0,0,0,0,0,0,0,0,0,0,11,0,0,0,0,0,0,0,0,0,0,0,2,1,63
2305,2305,0,0,-1502,2,-1003,-11,0,2,1030,630,261,192,-1066,1053,73,0,0,0,0,0,0,0,0,0,0,11,0,0,0,0,0,0,0,0,0,0,0,2,1,55
2306,2306,0,1,-1502,2,-1003,-11,0,2,1172,630,261,529,-1254,1033,73,0,0,0,0,0,0,0,0,0,0,11,0,0,0,0,0,0,0,0,0,0,0,2,1,67
2307,2307,0,0,-920,8,-724,12,0,2,1224,630,261,637,-1288,961,73,0,0,0,0,0,0,0,0,0,0,11,0,0,0,0,0,0,0,0,0,0,0,2,1,85
2308,2308,0,1,-920,8,-724,12,0,2,1466,-261,630,597,-1106,903,74,0,0,0,0,0,0,0,0,0,0,11,0,0,0,0,0,0,0,0,0,0,0,2,1,90
2309,2309,0,0,284,-4,-840,-8,0,2,1586,-261,630,641,-704,981,74,0,0,0,0,0,0,0,0,0,0,11,0,0,0,0,0,0,0,0,0,0,0,2,1,78
2310,2310,0,1,284,-4,-840,-8,0,2,1539,-261,630,844,-190,1106,74,0,0,0,0,0,0,0,0,0,0,11,0,0,0,0,0,0,0,0,0,0,0,2,1,59
2311,2311,0,0,919,-9,-1327,-15,0,2,1684,-261,630,1092,215,1086,73,0,0,0,0,0,0,0,0,0,0,11,0,0,0,0,0,0,0,0,0,0,0,2,1,54
2312,2312,0,1,919,-9,-1327,-15,0,2,1673,-261,630,1282,433,1077,72,0,0,0,0,0,0,0,0,0,0,11,0,0,0,0,0,0,0,0,0,0,0,2,1,69
2313,2313,0,0,778,10,-890,6,0,2,1785,-261,630,1306,536,956,72,0,0,0,0,0,0,0,0,0,0,11,0,0,0,0,0,0,0,0,0,0,0,2,1,84
2314,2314,0,1,778,10,-890,6,0,2,1977,-680,-261,1098,619,899,73,0,0,0,0,0,0,0,0,0,0,11,0,0,0,0,0,0,0,0,0,0,0,2,1,87
2315,2315,0,0,848,-16,263,7,0,2,20,-680,-261,702,684,1007,74,0,0,0,0,0,0,0,0,0,0,11,0,0,0,0,0,0,0,0,0,0,0,2,1,79
2316,2316,0,1,848,-16,263,7,0,2,2,-680,-261,200,817,1133,74,0,0,0,0,0,0,0,0,0,0,11,0,0,0,0,0,0,0,0,0,0,0,2,1,61
2317,2317,0,0,1352,8,880,-16,0,2,95,-680,-261,-185,1074,1166,73,0,0,0,0,0,0,0,0,0,0,11,0,0,0,0,0,0,0,0,0,0,0,2,1,52
2318,2318,0,1,1352,8,880,-16,0,2,134,-680,-261,-424,1347,1160,72,0,0,0,0,0,0,0,0,0,0,11,0,0,0,0,0,0,0,0,0,0,0,2,1,67
2319,2319,0,0,980,-12,761,-7,0,2,219,-680,-261,-582,1374,1069,72,0,0,0,0,0,0,0,0,0,0,11,0,0,0,0,0,0,0,0,0,0,0,2,1,88
2320,2320,0,1,980,-12,761,-7,0,2,433,261,-680,-648,1125,1020,73,0,0,0,0,0,0,0,0,0,0,11,0,0,0,0,0,0,0,0,0,0,0,2,1,93
2321,2321,0,0,-311,9,848,-16,0,2,534,261,-680,-729,699,1126,74,0,0,0,0,0,0,0,0,0,0,11,0,0,0,0,0,0,0,0,0,0,0,2,1,81
2322,2322,0,1,-311,9,848,-16,0,2,578,261,-680,-879,211,1188,74,0,0,0,0,0,0,0,0,0,0,11,0,0,0,0,0,0,0,0,0,0,0,2,1,63
2323,2323,0,0,-905,-9,1472,0,0,2,657,261,-680,-1127,-223,1171,73,0,0,0,0,0,0,0,0,0,0,11,0,0,0,0,0,0,0,0,0,0,0,2,1,56
2324,2324,0,1,-905,-9,1472,0,0,2,651,261,-680,-1376,-521,1160,72,0,0,0,0,0,0,0,0,0,0,11,0,0,0,0,0,0,0,0,0,0,0,2,1,72
2325,2325,0,0,-784,-16,890,-6,0,2,816,261,-680,-1403,-637,1240,73,0,0,0,0,0,0,0,0,0,0,11,0,0,0,0,0,0,0,0,0,0,0,2,1,91
2326,2326,0,1,-784,-16,890,-6,0,2,948,630,261,-1145,-635,1188,74,0,0,0,0,0,0,0,0,0,0,11,0,0,0,0,0,0,0,0,0,0,0,2,1,97
2327,2327,0,0,-861,3,-280,8,0,2,1063,630,261,-700,-668,1277,75,0,0,0,0,0,0,0,0,0,0,12,0,0,0,0,0,0,0,0,0,0,0,2,1,82
2328,2328,0,1,-861,3,-280,8,0,2,1028,630,261,-191,-812,1401,74,0,0,0,0,0,0,0,0,0,0,12,0,0,0,0,0,0,0,0,0,0,0,2,1,60
2329,2329,0,0,-1505,-1,-950,10,0,2,1154,630,261,236,-1036,1399,74,0,0,0,0,0,0,0,0,0,0,12,0,0,0,0,0,0,0,0,0,0,0,2,1,52
2330,2330,0,1,-1505,-1,-950,10,0,2,1156,630,261,507,-1246,1395,73,0,0,0,0,0,0,0,0,0,0,12,0,0,0,0,0,0,0,0,0,0,0,2,1,66
2331,2331,0,0,-971,-11,-749,-13,0,2,1271,630,261,627,-1279,1276,73,0,0,0,0,0,0,0,0,0,0,12,0,0,0,0,0,0,0,0,0,0,0,2,1,84
2332,2332,0,1,-971,-11,-749,-13,0,2,1470,-261,630,662,-1068,1214,74,0,0,0,0,0,0,0,0,0,0,12,0,0,0,0,0,0,0,0,0,0,0,2,1,89
2333,2333,0,0,337,-15,-840,-8,0,2,1600,-261,630,706,-674,1278,74,0,0,0,0,0,0,0,0,0,0,12,0,0,0,0,0,0,0,0,0,0,0,2,1,78
2334,2334,0,1,337,-15,-840,-8,0,2,1620,-261,630,832,-192,1322,74,0,0,0,0,0,0,0,0,0,0,12,0,0,0,0,0,0,0,0,0,0,0,2,1,60
2335,2335,0,0,881,-15,-1309,3,0,2,1684,-261,630,1043,219,1302,73,0,0,0,0,0,0,0,0,0,0,12,0,0,0,0,0,0,0,0,0,0,0,2,1,53
2336,2336,0,1,881,-15,-1309,3,0,2,1683,-261,630,1263,472,1283,72,0,0,0,0,0,0,0,0,0,0,12,0,0,0,0,0,0,0,0,0,0,0,2,1,66
2337,2337,0,0,809,9,-933,-5,0,2,1833,-261,630,1308,601,1370,72,0,0,0,0,0,0,0,0,0,0,12,0,0,0,0,0,0,0,0,0,0,0,2,1,84
2338,2338,0,1,809,9,-933,-5,0,2,1982,-680,-261,1122,630,1308,73,0,0,0,0,0,0,0,0,0,0,12,0,0,0,0,0,0,0,0,0,0,0,2,1,90
2339,2339,0,0,867,3,251,-5,0,2,2,-680,-261,712,687,1434,74,0,0,0,0,0,0,0,0,0,0,12,0,0,0,0,0,0,0,0,0,0,0,2,1,80
2340,2340,0,1,867,3,251,-5,0,2,84,-680,-261,188,835,1478,73,0,0,0,0,0,0,0,0,0,0,12,0,0,0,0,0,0,0,0,0,0,0,2,1,61
2341,2341,0,0,1377,1,937,9,0,2,172,-680,-261,-247,1083,1434,73,0,0,0,0,0,0,0,0,0,0,12,0,0,0,0,0,0,0,0,0,0,0,2,1,53
2342,2342,0,1,1377,1,937,9,0,2,164,-680,-261,-506,1329,1398,72,0,0,0,0,0,0,0,0,0,0,12,0,0,0,0,0,0,0,0,0,0,0,2,1,69
2343,2343,0,0,941,13,680,8,0,2,208,-680,-261,-606,1372,1318,72,0,0,0,0,0,0,0,0,0,0,12,0,0,0,0,0,0,0,0,0,0,0,2,1,89
2344,2344,0,1,941,13,680,8,0,2,440,261,-680,-645,1122,1262,73,0,0,0,0,0,0,0,0,0,0,12,0,0,0,0,0,0,0,0,0,0,0,2,1,93
2345,2345,0,0,-331,-11,941,13,0,2,615,261,-680,-709,689,1287,74,0,0,0,0,0,0,0,0,0,0,12,0,0,0,0,0,0,0,0,0,0,0,2,1,80
2346,2346,0,1,-331,-11,941,13,0,2,534,261,-680,-857,191,1393,74,0,0,0,0,0,0,0,0,0,0,12,0,0,0,0,0,0,0,0,0,0,0,2,1,61
2347,2347,0,0,-839,-7,1373,-3,0,2,662,261,-680,-1113,-231,1371,73,0,0,0,0,0,0,0,0,0,0,12,0,0,0,0,0,0,0,0,0,0,0,2,1,54
2348,2348,0,1,-839,-7,1373,-3,0,2,649,261,-680,-1363,-518,1362,72,0,0,0,0,0,0,0,0,0,0,13,0,0,0,0,0,0,0,0,0,0,0,2,1,71
2349,2349,0,0,-786,14,971,11,0,2,814,261,-680,-1422,-613,1444,72,0,0,0,0,0,0,0,0,0,0,12,0,0,0,0,0,0,0,0,0,0,0,2,1,91
2350,2350,0,1,-786,14,971,11,0,2,1018,630,261,-1180,-626,1322,74,0,0,0,0,0,0,0,0,0,0,12,0,0,0,0,0,0,0,0,0,0,0,2,1,96
2351,2351,0,0,-939,-11,-288,0,0,2,1025,630,261,-721,-677,1449,75,0,0,0,0,0,0,0,0,0,0,13,0,0,0,0,0,0,0,0,0,0,0,2,1,83
2352,2352,0,1,-939,-11,-288,0,0,2,1028,630,261,-181,-822,1573,74,0,0,0,0,0,0,0,0,0,0,12,0,0,0,0,0,0,0,0,0,0,0,2,1,61
2353,2353,0,0,-1384,-8,-931,-3,0,2,1172,630,261,251,-1038,1553,73,0,0,0,0,0,0,0,0,0,0,12,0,0,0,0,0,0,0,0,0,0,0,2,1,52
2354,2354,0,1,-1384,-8,-931,-3,0,2,1182,630,261,501,-1242,1523,73,0,0,0,0,0,0,0,0,0,0,13,0,0,0,0,0,0,0,0,0,0,0,2,1,66
2355,2355,0,0,-1096,-8,-788,12,0,2,1221,630,261,624,-1277,1454,73,0,0,0,0,0,0,0,0,0,0,12,0,0,0,0,0,0,0,0,0,0,0,2,1,84
2356,2356,0,1,-1096,-8,-788,12,0,2,1465,-261,630,665,-1096,1397,74,0,0,0,0,0,0,0,0,0,0,12,0,0,0,0,0,0,0,0,0,0,0,2,1,88
2357,2357,0,0,397,13,-844,-12,0,2,1605,-261,630,724,-711,1456,74,0,0,0,0,0,0,0,0,0,0,13,0,0,0,0,0,0,0,0,0,0,0,2,1,80
2358,2358,0,1,397,13,-844,-12,0,2,1556,-261,630,853,-217,1564,74,0,0,0,0,0,0,0,0,0,0,12,0,0,0,0,0,0,0,0,0,0,0,2,1,62
2359,2359,0,0,882,-14,-1299,13,0,2,1684,-261,630,1068,221,1544,73,0,0,0,0,0,0,0,0,0,0,12,0,0,0,0,0,0,0,0,0,0,0,2,1,55
2360,2360,0,1,882,-14,-1299,13,0,2,1713,-261,630,1284,504,1495,72,0,0,0,0,0,0,0,0,0,0,12,0,0,0,0,0,0,0,0,0,0,0,2,1,67
2361,2361,0,0,777,9,-968,-8,0,2,1837,-261,630,1319,606,1578,72,0,0,0,0,0,0,0,0,0,0,12,0,0,0,0,0,0,0,0,0,0,0,2,1,86
2362,2362,0,1,777,9,-968,-8,0,2,1936,-680,-261,1110,601,1562,73,0,0,0,0,0,0,0,0,0,0,12,0,0,0,0,0,0,0,0,0,0,0,2,1,90
2363,2363,0,0,911,15,393,9,0,2,33,-680,-261,689,672,1657,74,0,0,0,0,0,0,0,0,0,0,12,0,0,0,0,0,0,0,0,0,0,0,2,1,78
2364,2364,0,1,911,15,393,9,0,2,82,-680,-261,178,868,1703,74,0,0,0,0,0,0,0,0,0,0,12,0,0,0,0,0,0,0,0,0,0,0,2,1,59
2365,2365,0,0,1269,-11,777,9,0,2,2,-680,-261,-232,1111,1829,73,0,0,0,0,0,0,0,0,0,0,12,0,0,0,0,0,0,0,0,0,0,0,2,1,55
2366,2366,0,1,1269,-11,777,9,0,2,147,-680,-261,-469,1306,1810,72,0,0,0,0,0,0,0,0,0,0,12,0,0,0,0,0,0,0,0,0,0,0,2,1,71
2367,2367,0,0,1035,11,819,-13,0,2,219,-680,-261,-581,1333,1719,72,0,0,0,0,0,0,0,0,0,0,12,0,0,0,0,0,0,0,0,0,0,0,2,1,86
2368,2368,0,1,1035,11,819,-13,0,2,512,261,-680,-636,1136,1591,73,0,0,0,0,0,0,0,0,0,0,12,0,0,0,0,0,0,0,0,0,0,0,2,1,90
2369,2369,0,0,-367,-15,800,0,0,2,515,261,-680,-728,731,1716,74,0,0,0,0,0,0,0,0,0,0,12,0,0,0,0,0,0,0,0,0,0,0,2,1,80
2370,2370,0,1,-367,-15,800,0,0,2,582,261,-680,-896,214,1774,74,0,0,0,0,0,0,0,0,0,0,12,0,0,0,0,0,0,0,0,0,0,0,2,1,64
2371,2371,0,0,-810,-10,1516,12,0,2,532,261,-680,-1122,-230,1882,73,0,0,0,0,0,0,0,0,0,0,12,0,0,0,0,0,0,0,0,0,0,0,2,1,57
2372,2372,0,1,-810,-10,1516,12,0,2,644,261,-680,-1329,-511,1878,72,0,0,0,0,0,0,0,0,0,0,12,0,0,0,0,0,0,0,0,0,0,0,2,1,71
2373,2373,0,0,-802,-2,862,-2,0,2,727,261,-680,-1389,-628,1791,73,0,0,0,0,0,0,0,0,0,0,12,0,0,0,0,0,0,0,0,0,0,0,2,1,88
2374,2374,0,1,-802,-2,862,-2,0,2,957,630,261,-1216,-647,1730,74,0,0,0,0,0,0,0,0,0,0,11,0,0,0,0,0,0,0,0,0,0,0,2,1,95
2375,2375,0,0,-905,-9,-206,-14,0,2,1024,630,261,-798,-681,1602,75,0,0,0,0,0,0,0,0,0,0,12,0,0,0,0,0,0,0,0,0,0,0,2,1,86
2376,2376,0,1,-905,-9,-206,-14,0,2,1046,630,261,-205,-838,1708,75,0,0,0,0,0,0,0,0,0,0,12,0,0,0,0,0,0,0,0,0,0,0,2,1,64
2377,2377,0,0,-1454,-14,-1048,8,0,2,1194,630,261,259,-1060,1666,74,0,0,0,0,0,0,0,0,0,0,12,0,0,0,0,0,0,0,0,0,0,0,2,1,53
2378,2378,0,1,-1454,-14,-1048,8,0,2,1181,630,261,494,-1264,1637,73,0,0,0,0,0,0,0,0,0,0,12,0,0,0,0,0,0,0,0,0,0,0,2,1,67
2379,2379,0,0,-987,5,-682,-10,0,2,1190,630,261,615,-1287,1599,73,0,0,0,0,0,0,0,0,0,0,12,0,0,0,0,0,0,0,0,0,0,0,2,1,84
2380,2380,0,1,-987,5,-682,-10,0,2,1458,-261,630,617,-1134,1549,74,0,0,0,0,0,0,0,0,0,0,12,0,0,0,0,0,0,0,0,0,0,0,2,1,88
2381,2381,0,0,328,8,-895,1,0,2,1605,-261,630,706,-717,1608,74,0,0,0,0,0,0,0,0,0,0,12,0,0,0,0,0,0,0,0,0,0,0,2,1,80
2382,2382,0,1,328,8,-895,1,0,2,1600,-261,630,878,-182,1672,74,0,0,0,0,0,0,0,0,0,0,12,0,0,0,0,0,0,0,0,0,0,0,2,1,62
2383,2383,0,0,936,8,-1280,0,0,2,1672,-261,630,1084,225,1664,73,0,0,0,0,0,0,0,0,0,0,11,0,0,0,0,0,0,0,0,0,0,0,2,1,55
2384,2384,0,1,936,8,-1280,0,0,2,1698,-261,630,1256,430,1630,72,0,0,0,0,0,0,0,0,0,0,12,0,0,0,0,0,0,0,0,0,0,0,2,1,68
2385,2385,0,0,717,13,-882,14,0,2,1684,-261,630,1307,530,1610,72,0,0,0,0,0,0,0,0,0,0,11,0,0,0,0,0,0,0,0,0,0,0,2,1,82
2386,2386,0,1,717,13,-882,14,0,2,1982,-680,-261,1163,597,1548,73,0,0,0,0,0,0,0,0,0,0,11,0,0,0,0,0,0,0,0,0,0,0,2,1,87
2387,2387,0,0,945,-15,241,-15,0,2,66,-680,-261,760,682,1610,74,0,0,0,0,0,0,0,0,0,0,11,0,0,0,0,0,0,0,0,0,0,0,2,1,80
2388,2388,0,1,945,-15,241,-15,0,2,82,-680,-261,206,831,1656,74,0,0,0,0,0,0,0,0,0,0,11,0,0,0,0,0,0,0,0,0,0,0,2,1,63
2389,2389,0,0,1285,5,958,-2,0,2,85,-680,-261,-216,1092,1699,73,0,0,0,0,0,0,0,0,0,0,11,0,0,0,0,0,0,0,0,0,0,0,2,1,53
2390,2390,0,1,1285,5,958,-2,0,2,144,-680,-261,-423,1366,1683,72,0,0,0,0,0,0,0,0,0,0,11,0,0,0,0,0,0,0,0,0,0,0,2,1,69
2391,2391,0,0,1018,-6,645,5,0,2,204,-680,-261,-527,1401,1607,72,0,0,0,0,0,0,0,0,0,0,11,0,0,0,0,0,0,0,0,0,0,0,2,1,88
2392,2392,0,1,1018,-6,645,5,0,2,442,261,-680,-634,1123,1549,73,0,0,0,0,0,0,0,0,0,0,11,0,0,0,0,0,0,0,0,0,0,0,2,1,92
2393,2393,0,0,-360,-8,1002,10,0,2,512,261,-680,-730,702,1421,74,0,0,0,0,0,0,0,0,0,0,11,0,0,0,0,0,0,0,0,0,0,0,2,1,80
2394,2394,0,1,-360,-8,1002,10,0,2,576,261,-680,-885,226,1485,74,0,0,0,0,0,0,0,0,0,0,11,0,0,0,0,0,0,0,0,0,0,0,2,1,63
2395,2395,0,0,-862,2,1320,8,0,2,595,261,-680,-1127,-219,1530,73,0,0,0,0,0,0,0,0,0,0,11,0,0,0,0,0,0,0,0,0,0,0,2,1,56
2396,2396,0,1,-862,2,1320,8,0,2,646,261,-680,-1368,-543,1524,73,0,0,0,0,0,0,0,0,0,0,11,0,0,0,0,0,0,0,0,0,0,0,2,1,71
2397,2397,0,0,-760,8,1071,15,0,2,935,261,-680,-1430,-625,1485,73,0,0,0,0,0,0,0,0,0,0,11,0,0,0,0,0,0,0,0,0,0,0,2,1,91
2398,2398,0,1,-760,8,1071,15,0,2,943,630,261,-1175,-624,1438,74,0,0,0,0,0,0,0,0,0,0,11,0,0,0,0,0,0,0,0,0,0,0,2,1,96
2399,2399,0,0,-967,-7,-422,-6,0,2,1063,630,261,-729,-662,1527,75,0,0,0,0,0,0,0,0,0,0,12,0,0,0,0,0,0,0,0,0,0,0,2,1,82
2400,2400,0,1,-967,-7,-422,-6,0,2,1104,630,261,-188,-836,1575,75,0,0,0,0,0,0,0,0,0,0,11,0,0,0,0,0,0,0,0,0,0,0,2,1,61
2401,2401,0,0,-1380,-4,-870,-6,0,2,1159,630,261,261,-1064,1568,74,0,0,0,0,0,0,0,0,0,0,11,0,0,0,0,0,0,0,0,0,0,0,2,1,53
2402,2402,0,1,-1380,-4,-870,-6,0,2,1183,630,261,532,-1245,1537,73,0,0,0,0,0,0,0,0,0,0,12,0,0,0,0,0,0,0,0,0,0,0,2,1,68
2403,2403,0,0,-1008,-16,-792,8,0,2,1222,630,261,629,-1258,1467,73,0,0,0,0,0,0,0,0,0,0,12,0,0,0,0,0,0,0,0,0,0,0,2,1,83
2404,2404,0,1,-1008,-16,-792,8,0,2,1528,-261,630,632,-1061,1347,74,0,0,0,0,0,0,0,0,0,0,11,0,0,0,0,0,0,0,0,0,0,0,2,1,87
2405,2405,0,0,331,11,-835,-3,0,2,1605,-261,630,698,-685,1406,74,0,0,0,0,0,0,0,0,0,0,12,0,0,0,0,0,0,0,0,0,0,0,2,1,76
2406,2406,0,1,331,11,-835,-3,0,2,1667,-261,630,873,-216,1403,74,0,0,0,0,0,0,0,0,0,0,11,0,0,0,0,0,0,0,0,0,0,0,2,1,60
2407,2407,0,0,933,5,-1301,11,0,2,1566,-261,630,1091,215,1501,73,0,0,0,0,0,0,0,0,0,0,11,0,0,0,0,0,0,0,0,0,0,0,2,1,55
2408,2408,0,1,933,5,-1301,11,0,2,1670,-261,630,1268,510,1495,72,0,0,0,0,0,0,0,0,0,0,11,0,0,0,0,0,0,0,0,0,0,0,2,1,68
2409,2409,0,0,729,-7,-986,6,0,2,1852,-261,630,1303,607,1563,72,0,0,0,0,0,0,0,0,0,0,11,0,0,0,0,0,0,0,0,0,0,0,2,1,84
2410,2410,0,1,729,-7,-986,6,0,2,1970,-680,-261,1131,585,1513,73,0,0,0,0,0,0,0,0,0,0,11,0,0,0,0,0,0,0,0,0,0,0,2,1,88
2411,2411,0,0,917,-11,387,3,0,2,20,-680,-261,729,665,1621,74,0,0,0,0,0,0,0,0,0,0,11,0,0,0,0,0,0,0,0,0,0,0,2,1,79
2412,2412,0,1,917,-11,387,3,0,2,66,-680,-261,193,894,1683,74,0,0,0,0,0,0,0,0,0,0,11,0,0,0,0,0,0,0,0,0,0,0,2,1,61
2413,2413,0,0,1307,-5,778,10,0,2,132,-680,-261,-244,1141,1679,73,0,0,0,0,0,0,0,0,0,0,11,0,0,0,0,0,0,0,0,0,0,0,2,1,56
2414,2414,0,1,1307,-5,778,10,0,2,155,-680,-261,-488,1312,1652,72,0,0,0,0,0,0,0,0,0,0,11,0,0,0,0,0,0,0,0,0,0,0,2,1,72
2415,2415,0,0,976,-16,885,-11,0,2,209,-680,-261,-584,1345,1571,72,0,0,0,0,0,0,0,0,0,0,11,0,0,0,0,0,0,0,0,0,0,0,2,1,86
2416,2416,0,1,976,-16,885,-11,0,2,443,261,-680,-633,1170,1512,73,0,0,0,0,0,0,0,0,0,0,11,0,0,0,0,0,0,0,0,0,0,0,2,1,90
2417,2417,0,0,-341,11,766,-2,0,2,517,261,-680,-727,743,1635,74,0,0,0,0,0,0,0,0,0,0,11,0,0,0,0,0,0,0,0,0,0,0,2,1,82
2418,2418,0,1,-341,11,766,-2,0,2,596,261,-680,-918,161,1679,74,0,0,0,0,0,0,0,0,0,0,11,0,0,0,0,0,0,0,0,0,0,0,2,1,64
2419,2419,0,0,-863,1,1491,-13,0,2,517,261,-680,-1147,-296,1802,73,0,0,0,0,0,0,0,0,0,0,11,0,0,0,0,0,0,0,0,0,0,0,2,1,58
2420,2420,0,1,-863,1,1491,-13,0,2,640,261,-680,-1340,-511,1802,72,0,0,0,0,0,0,0,0,0,0,11,0,0,0,0,0,0,0,0,0,0,0,2,1,73
2421,2421,0,0,-814,-14,873,9,0,2,722,261,-680,-1354,-617,1720,73,0,0,0,0,0,0,0,0,0,0,11,0,0,0,0,0,0,0,0,0,0,0,2,1,88
2422,2422,0,1,-814,-14,873,9,0,2,1008,630,261,-1159,-650,1608,74,0,0,0,0,0,0,0,0,0,0,11,0,0,0,0,0,0,0,0,0,0,0,2,1,92
2423,2423,0,0,-827,5,-290,-2,0,2,1050,630,261,-745,-699,1710,75,0,0,0,0,0,0,0,0,0,0,11,0,0,0,0,0,0,0,0,0,0,0,2,1,83
2424,2424,0,1,-827,5,-290,-2,0,2,1045,630,261,-195,-835,1817,74,0,0,0,0,0,0,0,0,0,0,11,0,0,0,0,0,0,0,0,0,0,0,2,1,63
2425,2425,0,0,-1566,2,-925,3,0,2,1163,630,261,264,-1043,1806,74,0,0,0,0,0,0,0,0,0,0,11,0,0,0,0,0,0,0,0,0,0,0,2,1,53
2426,2426,0,1,-1566,2,-925,3,0,2,1190,630,261,547,-1240,1768,73,0,0,0,0,0,0,0,0,0,0,11,0,0,0,0,0,0,0,0,0,0,0,2,1,67
2427,2427,0,0,-906,-10,-728,8,0,2,1220,630,261,623,-1304,1700,73,0,0,0,0,0,0,0,0,0,0,11,0,0,0,0,0,0,0,0,0,0,0,2,1,83
2428,2428,0,1,-906,-10,-728,8,0,2,1470,-261,630,626,-1126,1638,74,0,0,0,0,0,0,0,0,0,0,11,0,0,0,0,0,0,0,0,0,0,0,2,1,89
2429,2429,0,0,225,1,-939,-11,0,2,1536,-261,630,694,-708,1510,74,0,0,0,0,0,0,0,0,0,0,11,0,0,0,0,0,0,0,0,0,0,0,2,1,80
2430,2430,0,1,225,1,-939,-11,0,2,1670,-261,630,870,-168,1504,74,0,0,0,0,0,0,0,0,0,0,11,0,0,0,0,0,0,0,0,0,0,0,2,1,62
2431,2431,0,0,1021,-3,-1190,-6,0,2,1687,-261,630,1088,244,1481,73,0,0,0,0,0,0,0,0,0,0,11,0,0,0,0,0,0,0,0,0,0,0,2,1,55
2432,2432,0,1,1021,-3,-1190,-6,0,2,1700,-261,630,1265,457,1445,72,0,0,0,0,0,0,0,0,0,0,11,0,0,0,0,0,0,0,0,0,0,0,2,1,69
2433,2433,0,0,673,1,-1035,-11,0,2,1683,-261,630,1301,578,1426,72,0,0,0,0,0,0,0,0,0,0,11,0,0,0,0,0,0,0,0,0,0,0,2,1,83
2434,2434,0,1,673,1,-1035,-11,0,2,2042,-680,-261,1130,666,1304,73,0,0,0,0,0,0,0,0,0,0,10,0,0,0,0,0,0,0,0,0,0,0,2,1,88
2435,2435,0,0,990,-2,421,5,0,2,39,-680,-261,722,733,1393,74,0,0,0,0,0,0,0,0,0,0,11,0,0,0,0,0,0,0,0,0,0,0,2,1,81
2436,2436,0,1,990,-2,421,5,0,2,80,-680,-261,180,833,1441,74,0,0,0,0,0,0,0,0,0,0,11,0,0,0,0,0,0,0,0,0,0,0,2,1,63
2437,2437,0,0,1219,3,785,-15,0,2,128,-680,-261,-248,1061,1441,73,0,0,0,0,0,0,0,0,0,0,11,0,0,0,0,0,0,0,0,0,0,0,2,1,53
2438,2438,0,1,1219,3,785,-15,0,2,133,-680,-261,-499,1321,1436,72,0,0,0,0,0,0,0,0,0,0,11,0,0,0,0,0,0,0,0,0,0,0,2,1,67
2439,2439,0,0,985,-7,804,4,0,2,292,-680,-261,-596,1378,1528,72,0,0,0,0,0,0,0,0,0,0,11,0,0,0,0,0,0,0,0,0,0,0,2,1,87
2440,2440,0,1,985,-7,804,4,0,2,508,261,-680,-655,1124,1404,73,0,0,0,0,0,0,0,0,0,0,11,0,0,0,0,0,0,0,0,0,0,0,2,1,93
2441,2441,0,0,-252,4,824,-8,0,2,515,261,-680,-721,682,1529,74,0,0,0,0,0,0,0,0,0,0,11,0,0,0,0,0,0,0,0,0,0,0,2,1,80
2442,2442,0,1,-252,4,824,-8,0,2,581,261,-680,-856,180,1588,74,0,0,0,0,0,0,0,0,0,0,11,0,0,0,0,0,0,0,0,0,0,0,2,1,61
2443,2443,0,0,-962,-2,1465,-7,0,2,532,261,-680,-1119,-233,1696,73,0,0,0,0,0,0,0,0,0,0,11,0,0,0,0,0,0,0,0,0,0,0,2,1,54
2444,2444,0,1,-962,-2,1465,-7,0,2,651,261,-680,-1403,-489,1685,73,0,0,0,0,0,0,0,0,0,0,11,0,0,0,0,0,0,0,0,0,0,0,2,1,71
2445,2445,0,0,-654,-14,928,0,0,2,874,261,-680,-1436,-608,1707,73,0,0,0,0,0,0,0,0,0,0,11,0,0,0,0,0,0,0,0,0,0,0,2,1,91
2446,2446,0,1,-654,-14,928,0,0,2,957,630,261,-1163,-630,1646,74,0,0,0,0,0,0,0,0,0,0,11,0,0,0,0,0,0,0,0,0,0,0,2,1,97
2447,2447,0,0,-1051,5,-307,13,0,2,1091,630,261,-719,-706,1707,75,0,0,0,0,0,0,0,0,0,0,12,0,0,0,0,0,0,0,0,0,0,0,2,1,82
2448,2448,0,1,-1051,5,-307,13,0,2,1092,630,261,-221,-870,1767,75,0,0,0,0,0,0,0,0,0,0,12,0,0,0,0,0,0,0,0,0,0,0,2,1,62
2449,2449,0,0,-1354,-10,-916,12,0,2,1154,630,261,229,-1066,1765,74,0,0,0,0,0,0,0,0,0,0,11,0,0,0,0,0,0,0,0,0,0,0,2,1,55
2450,2450,0,1,-1354,-10,-916,12,0,2,1152,630,261,567,-1214,1765,73,0,0,0,0,0,0,0,0,0,0,12,0,0,0,0,0,0,0,0,0,0,0,2,1,67
2451,2451,0,0,-1024,0,-811,-11,0,2,1172,630,261,663,-1264,1745,73,0,0,0,0,0,0,0,0,0,0,12,0,0,0,0,0,0,0,0,0,0,0,2,1,82
2452,2452,0,1,-1024,0,-811,-11,0,2,1455,-261,630,626,-1122,1698,74,0,0,0,0,0,0,0,0,0,0,11,0,0,0,0,0,0,0,0,0,0,0,2,1,88
2453,2453,0,0,340,-12,-759,9,0,2,1603,-261,630,686,-721,1759,74,0,0,0,0,0,0,0,0,0,0,12,0,0,0,0,0,0,0,0,0,0,0,2,1,80
2454,2454,0,1,340,-12,-759,9,0,2,1668,-261,630,895,-166,1755,74,0,0,0,0,0,0,0,0,0,0,12,0,0,0,0,0,0,0,0,0,0,0,2,1,61
2455,2455,0,0,909,13,-1343,1,0,2,1674,-261,630,1108,262,1745,73,0,0,0,0,0,0,0,0,0,0,11,0,0,0,0,0,0,0,0,0,0,0,2,1,56
2456,2456,0,1,909,13,-1343,1,0,2,1700,-261,630,1237,474,1709,72,0,0,0,0,0,0,0,0,0,0,12,0,0,0,0,0,0,0,0,0,0,0,2,1,70
2457,2457,0,0,763,-5,-911,-15,0,2,1750,-261,630,1252,569,1623,72,0,0,0,0,0,0,0,0,0,0,11,0,0,0,0,0,0,0,0,0,0,0,2,1,82
2458,2458,0,1,763,-5,-911,-15,0,2,2022,-680,-261,1103,631,1521,73,0,0,0,0,0,0,0,0,0,0,11,0,0,0,0,0,0,0,0,0,0,0,2,1,85
2459,2459,0,0,862,-2,319,-1,0,2,10,-680,-261,740,702,1639,74,0,0,0,0,0,0,0,0,0,0,11,0,0,0,0,0,0,0,0,0,0,0,2,1,78
2460,2460,0,1,862,-2,319,-1,0,2,86,-680,-261,229,835,1681,74,0,0,0,0,0,0,0,0,0,0,11,0,0,0,0,0,0,0,0,0,0,0,2,1,63
2461,2461,0,0,1385,9,845,13,0,2,139,-680,-261,-221,1082,1670,73,0,0,0,0,0,0,0,0,0,0,11,0,0,0,0,0,0,0,0,0,0,0,2,1,53
2462,2462,0,1,1385,9,845,13,0,2,128,-680,-261,-507,1343,1670,72,0,0,0,0,0,0,0,0,0,0,11,0,0,0,0,0,0,0,0,0,0,0,2,1,67
2463,2463,0,0,893,-3,734,-2,0,2,214,-680,-261,-610,1382,1584,72,0,0,0,0,0,0,0,0,0,0,11,0,0,0,0,0,0,0,0,0,0,0,2,1,88
2464,2464,0,1,893,-3,734,-2,0,2,426,261,-680,-603,1137,1542,73,0,0,0,0,0,0,0,0,0,0,11,0,0,0,0,0,0,0,0,0,0,0,2,1,93
2465,2465,0,0,-226,-2,913,-15,0,2,512,261,-680,-698,701,1414,74,0,0,0,0,0,0,0,0,0,0,12,0,0,0,0,0,0,0,0,0,0,0,2,1,79
2466,2466,0,1,-226,-2,913,-15,0,2,533,261,-680,-933,194,1521,74,0,0,0,0,0,0,0,0,0,0,11,0,0,0,0,0,0,0,0,0,0,0,2,1,60
2467,2467,0,0,-995,-3,1434,-6,0,2,519,261,-680,-1182,-234,1642,73,0,0,0,0,0,0,0,0,0,0,11,0,0,0,0,0,0,0,0,0,0,0,2,1,59
2468,2468,0,1,-995,-3,1434,-6,0,2,670,261,-680,-1348,-512,1612,72,0,0,0,0,0,0,0,0,0,0,12,0,0,0,0,0,0,0,0,0,0,0,2,1,75
2469,2469,0,0,-728,8,924,-4,0,2,670,261,-680,-1367,-631,1582,73,0,0,0,0,0,0,0,0,0,0,11,0,0,0,0,0,0,0,0,0,0,0,2,1,89
2470,2470,0,1,-728,8,924,-4,0,2,1022,630,261,-1172,-664,1456,74,0,0,0,0,0,0,0,0,0,0,11,0,0,0,0,0,0,0,0,0,0,0,2,1,92
2471,2471,0,0,-911,-15,-326,-6,0,2,1078,630,261,-746,-695,1530,75,0,0,0,0,0,0,0,0,0,0,12,0,0,0,0,0,0,0,0,0,0,0,2,1,83
2472,2472,0,1,-911,-15,-326,-6,0,2,1095,630,261,-184,-798,1587,74,0,0,0,0,0,0,0,0,0,0,11,0,0,0,0,0,0,0,0,0,0,0,2,1,63
2473,2473,0,0,-1441,-1,-887,9,0,2,1156,630,261,273,-1009,1583,73,0,0,0,0,0,0,0,0,0,0,11,0,0,0,0,0,0,0,0,0,0,0,2,1,50
2474,2474,0,1,-1441,-1,-887,9,0,2,1192,630,261,530,-1244,1543,73,0,0,0,0,0,0,0,0,0,0,12,0,0,0,0,0,0,0,0,0,0,0,2,1,65
2475,2475,0,0,-965,-5,-789,11,0,2,1234,630,261,628,-1299,1461,73,0,0,0,0,0,0,0,0,0,0,12,0,0,0,0,0,0,0,0,0,0,0,2,1,83
2476,2476,0,1,-965,-5,-789,11,0,2,1470,-261,630,648,-1096,1399,74,0,0,0,0,0,0,0,0,0,0,11,0,0,0,0,0,0,0,0,0,0,0,2,1,89
2477,2477,0,0,236,12,-854,10,0,2,1558,-261,630,705,-682,1505,74,0,0,0,0,0,0,0,0,0,0,12,0,0,0,0,0,0,0,0,0,0,0,2,1,78
2478,2478,0,1,236,12,-854,10,0,2,1667,-261,630,850,-175,1502,74,0,0,0,0,0,0,0,0,0,0,11,0,0,0,0,0,0,0,0,0,0,0,2,1,60
2479,2479,0,0,1033,9,-1322,-10,0,2,1666,-261,630,1077,235,1500,73,0,0,0,0,0,0,0,0,0,0,11,0,0,0,0,0,0,0,0,0,0,0,2,1,53
2480,2480,0,1,1033,9,-1322,-10,0,2,1709,-261,630,1291,472,1455,72,0,0,0,0,0,0,0,0,0,0,11,0,0,0,0,0,0,0,0,0,0,0,2,1,68
2481,2481,0,0,646,6,-896,0,0,2,1903,-261,630,1316,574,1472,72,0,0,0,0,0,0,0,0,0,0,11,0,0,0,0,0,0,0,0,0,0,0,2,1,85
2482,2482,0,1,646,6,-896,0,0,2,2040,-680,-261,996,742,1352,73,0,0,0,0,0,0,0,0,0,0,11,0,0,0,0,0,0,0,0,0,0,0,2,1,88
2483,2483,0,0,1010,-14,280,-8,0,2,4,-680,-261,597,772,1476,73,0,0,0,0,0,0,0,0,0,0,11,0,0,0,0,0,0,0,0,0,0,0,2,1,78
2484,2484,0,1,1010,-14,280,-8,0,2,82,-680,-261,104,881,1522,73,0,0,0,0,0,0,0,0,0,0,11,0,0,0,0,0,0,0,0,0,0,0,2,1,60
2485,2485,0,0,1254,6,912,-16,0,2,132,-680,-261,-360,1070,1518,72,0,0,0,0,0,0,0,0,0,0,11,0,0,0,0,0,0,0,0,0,0,0,2,1,55
2486,2486,0,1,1254,6,912,-16,0,2,199,-680,-261,-529,1350,1447,72,0,0,0,0,0,0,0,0,0,0,11,0,0,0,0,0,0,0,0,0,0,0,2,1,70
2487,2487,0,0,1015,-9,745,9,0,2,299,-680,-261,-818,1263,1532,72,0,0,0,0,0,0,0,0,0,0,11,0,0,0,0,0,0,0,0,0,0,0,2,1,90
2488,2488,0,1,1015,-9,745,9,0,2,474,261,-680,-785,1026,1442,73,0,0,0,0,0,0,0,0,0,0,11,0,0,0,0,0,0,0,0,0,0,0,2,1,93
2489,2489,0,0,-368,-16,869,5,0,2,578,261,-680,-779,588,1504,74,0,0,0,0,0,0,0,0,0,0,12,0,0,0,0,0,0,0,0,0,0,0,2,1,80
2490,2490,0,1,-368,-16,869,5,0,2,531,261,-680,-881,58,1613,74,0,0,0,0,0,0,0,0,0,0,12,0,0,0,0,0,0,0,0,0,0,0,2,1,61
2491,2491,0,0,-857,7,1398,-10,0,2,659,261,-680,-1074,-387,1594,73,0,0,0,0,0,0,0,0,0,0,12,0,0,0,0,0,0,0,0,0,0,0,2,1,55
2492,2492,0,1,-857,7,1398,-10,0,2,644,261,-680,-1263,-661,1590,72,0,0,0,0,0,0,0,0,0,0,12,0,0,0,0,0,0,0,0,0,0,0,2,1,71
2493,2493,0,0,-767,1,989,-3,0,2,894,261,-680,-1280,-776,1592,72,0,0,0,0,0,0,0,0,0,0,12,0,0,0,0,0,0,0,0,0,0,0,2,1,89
2494,2494,0,1,-767,1,989,-3,0,2,1004,630,261,-1040,-812,1484,74,0,0,0,0,0,0,0,0,0,0,12,0,0,0,0,0,0,0,0,0,0,0,2,1,93
2495,2495,0,0,-919,9,-335,-15,0,2,1104,630,261,-623,-807,1532,74,0,0,0,0,0,0,0,0,0,0,12,0,0,0,0,0,0,0,0,0,0,0,2,1,82
2496,2496,0,1,-919,9,-335,-15,0,2,1173,630,261,-97,-858,1511,74,0,0,0,0,0,0,0,0,0,0,12,0,0,0,0,0,0,0,0,0,0,0,2,1,63
2497,2497,0,0,-1447,-7,-900,-4,0,2,1152,630,261,399,-995,1511,73,0,0,0,0,0,0,0,0,0,0,11,0,0,0,0,0,0,0,0,0,0,0,2,1,53
2498,2498,0,1,-1447,-7,-900,-4,0,2,1174,630,261,745,-1150,1489,72,0,0,0,0,0,0,0,0,0,0,12,0,0,0,0,0,0,0,0,0,0,0,2,1,67
2499,2499,0,0,-999,-7,-774,-6,0,2,1340,630,261,847,-1160,1557,73,0,0,0,0,0,0,0,0,0,0,12,0,0,0,0,0,0,0,0,0,0,0,2,1,85
2500,2500,0,1,-999,-7,-774,-6,0,2,1500,-261,630,776,-957,1465,73,0,0,0,0,0,0,0,0,0,0,12,0,0,0,0,0,0,0,0,0,0,0,2,1,89
2501,2501,0,0,323,3,-886,10,0,2,1555,-261,630,774,-559,1574,74,0,0,0,0,0,0,0,0,0,0,12,0,0,0,0,0,0,0,0,0,0,0,2,1,77
2502,2502,0,1,323,3,-886,10,0,2,1675,-261,630,905,-55,1563,74,0,0,0,0,0,0,0,0,0,0,12,0,0,0,0,0,0,0,0,0,0,0,2,1,59
2503,2503,0,0,942,14,-1280,0,0,2,1675,-261,630,1059,393,1552,72,0,0,0,0,0,0,0,0,0,0,12,0,0,0,0,0,0,0,0,0,0,0,2,1,56
2504,2504,0,1,942,14,-1280,0,0,2,1756,-261,630,1160,690,1460,72,0,0,0,0,0,0,0,0,0,0,12,0,0,0,0,0,0,0,0,0,0,0,2,1,71
2505,2505,0,0,744,8,-921,7,0,2,1901,-261,630,1161,808,1479,72,0,0,0,0,0,0,0,0,0,0,11,0,0,0,0,0,0,0,0,0,0,0,2,1,84
2506,2506,0,1,744,8,-921,7,0,2,2030,-680,-261,1001,793,1369,73,0,0,0,0,0,0,0,0,0,0,11,0,0,0,0,0,0,0,0,0,0,0,2,1,88
2507,2507,0,0,915,-13,323,3,0,2,82,-680,-261,598,785,1415,74,0,0,0,0,0,0,0,0,0,0,11,0,0,0,0,0,0,0,0,0,0,0,2,1,80
2508,2508,0,1,915,-13,323,3,0,2,167,-680,-261,39,857,1376,74,0,0,0,0,0,0,0,0,0,0,11,0,0,0,0,0,0,0,0,0,0,0,2,1,61
2509,2509,0,0,1287,7,876,12,0,2,199,-680,-261,-427,1022,1305,73,0,0,0,0,0,0,0,0,0,0,11,0,0,0,0,0,0,0,0,0,0,0,2,1,53
2510,2510,0,1,1287,7,876,12,0,2,216,-680,-261,-686,1205,1217,72,0,0,0,0,0,0,0,0,0,0,12,0,0,0,0,0,0,0,0,0,0,0,2,1,69
2511,2511,0,0,1012,-12,714,10,0,2,365,-680,-261,-785,1235,1236,72,0,0,0,0,0,0,0,0,0,0,11,0,0,0,0,0,0,0,0,0,0,0,2,1,86
2512,2512,0,1,1012,-12,714,10,0,2,498,261,-680,-793,1034,1122,73,0,0,0,0,0,0,0,0,0,0,11,0,0,0,0,0,0,0,0,0,0,0,2,1,91
2513,2513,0,0,-326,-6,930,2,0,2,656,261,-680,-812,602,1106,74,0,0,0,0,0,0,0,0,0,0,12,0,0,0,0,0,0,0,0,0,0,0,2,1,81
2514,2514,0,1,-326,-6,930,2,0,2,647,261,-680,-900,49,1099,74,0,0,0,0,0,0,0,0,0,0,11,0,0,0,0,0,0,0,0,0,0,0,2,1,63
2515,2515,0,0,-875,-11,1383,7,0,2,656,261,-680,-1073,-419,1083,73,0,0,0,0,0,0,0,0,0,0,11,0,0,0,0,0,0,0,0,0,0,0,2,1,56
2516,2516,0,1,-875,-11,1383,7,0,2,660,261,-680,-1253,-703,1063,72,0,0,0,0,0,0,0,0,0,0,12,0,0,0,0,0,0,0,0,0,0,0,2,1,72
2517,2517,0,0,-760,8,988,-4,0,2,889,261,-680,-1273,-812,1070,73,0,0,0,0,0,0,0,0,0,0,11,0,0,0,0,0,0,0,0,0,0,0,2,1,90
2518,2518,0,1,-760,8,988,-4,0,2,1008,630,261,-1058,-808,958,74,0,0,0,0,0,0,0,0,0,0,11,0,0,0,0,0,0,0,0,0,0,0,2,1,94
2519,2519,0,0,-964,-4,-329,-9,0,2,1104,630,261,-617,-808,1006,75,0,0,0,0,0,0,0,0,0,0,12,0,0,0,0,0,0,0,0,0,0,0,2,1,83
2520,2520,0,1,-964,-4,-329,-9,0,2,1189,630,261,-59,-871,969,74,0,0,0,0,0,0,0,0,0,0,11,0,0,0,0,0,0,0,0,0,0,0,2,1,64
2521,2521,0,0,-1414,-6,-958,2,0,2,1176,630,261,422,-1001,945,73,0,0,0,0,0,0,0,0,0,0,11,0,0,0,0,0,0,0,0,0,0,0,2,1,54
2522,2522,0,1,-1414,-6,-958,2,0,2,1220,630,261,694,-1153,877,73,0,0,0,0,0,0,0,0,0,0,12,0,0,0,0,0,0,0,0,0,0,0,2,1,68
2523,2523,0,0,-1009,15,-770,-2,0,2,1389,630,261,827,-1144,896,73,0,0,0,0,0,0,0,0,0,0,11,0,0,0,0,0,0,0,0,0,0,0,2,1,84
2524,2524,0,1,-1009,15,-770,-2,0,2,1515,-261,630,803,-957,789,74,0,0,0,0,0,0,0,0,0,0,11,0,0,0,0,0,0,0,0,0,0,0,2,1,88
2525,2525,0,0,330,10,-827,5,0,2,1665,-261,630,785,-579,788,74,0,0,0,0,0,0,0,0,0,0,11,0,0,0,0,0,0,0,0,0,0,0,2,1,78
2526,2526,0,1,330,10,-827,5,0,2,1702,-261,630,877,-62,750,74,0,0,0,0,0,0,0,0,0,0,11,0,0,0,0,0,0,0,0,0,0,0,2,1,60
2527,2527,0,0,954,-6,-1332,12,0,2,1667,-261,630,1027,381,747,73,0,0,0,0,0,0,0,0,0,0,11,0,0,0,0,0,0,0,0,0,0,0,2,1,55
2528,2528,0,1,954,-6,-1332,12,0,2,1730,-261,630,1169,650,681,72,0,0,0,0,0,0,0,0,0,0,11,0,0,0,0,0,0,0,0,0,0,0,2,1,68
2529,2529,0,0,718,14,-892,4,0,2,1914,-261,630,1196,746,687,72,0,0,0,0,0,0,0,0,0,0,11,0,0,0,0,0,0,0,0,0,0,0,2,1,84
2530,2530,0,1,718,14,-892,4,0,2,2026,-680,-261,1033,739,581,73,0,0,0,0,0,0,0,0,0,0,11,0,0,0,0,0,0,0,0,0,0,0,2,1,88
2531,2531,0,0,909,13,226,2,0,2,18,-680,-261,633,766,691,74,0,0,0,0,0,0,0,0,0,0,11,0,0,0,0,0,0,0,0,0,0,0,2,1,79
2532,2532,0,1,909,13,226,2,0,2,132,-680,-261,86,882,687,74,0,0,0,0,0,0,0,0,0,0,11,0,0,0,0,0,0,0,0,0,0,0,2,1,62
2533,2533,0,0,1341,-3,965,5,0,2,156,-680,-261,-377,1065,659,73,0,0,0,0,0,0,0,0,0,0,11,0,0,0,0,0,0,0,0,0,0,0,2,1,55
2534,2534,0,1,1341,-3,965,5,0,2,193,-680,-261,-493,1320,594,72,0,0,0,0,0,0,0,0,0,0,11,0,0,0,0,0,0,0,0,0,0,0,2,1,71
2535,2535,0,0,977,-15,636,-4,0,2,336,-680,-261,-760,1250,642,73,0,0,0,0,0,0,0,0,0,0,11,0,0,0,0,0,0,0,0,0,0,0,2,1,87
2536,2536,0,1,977,-15,636,-4,0,2,482,261,-680,-771,1049,544,73,0,0,0,0,0,0,0,0,0,0,11,0,0,0,0,0,0,0,0,0,0,0,2,1,91
2537,2537,0,0,-337,15,1033,9,0,2,582,261,-680,-807,625,602,74,0,0,0,0,0,0,0,0,0,0,11,0,0,0,0,0,0,0,0,0,0,0,2,1,81
2538,2538,0,1,-337,15,1033,9,0,2,579,261,-680,-915,195,663,74,0,0,0,0,0,0,0,0,0,0,11,0,0,0,0,0,0,0,0,0,0,0,2,1,63
2539,2539,0,0,-847,-15,1298,-14,0,2,658,261,-680,-1101,-406,645,73,0,0,0,0,0,0,0,0,0,0,11,0,0,0,0,0,0,0,0,0,0,0,2,1,58
2540,2540,0,1,-847,-15,1298,-14,0,2,717,261,-680,-1363,-540,568,73,0,0,0,0,0,0,0,0,0,0,11,0,0,0,0,0,0,0,0,0,0,0,2,1,73
2541,2541,0,0,-803,-3,997,5,0,2,874,261,-680,-1282,-814,590,73,0,0,0,0,0,0,0,0,0,0,11,0,0,0,0,0,0,0,0,0,0,0,2,1,91
2542,2542,0,1,-803,-3,997,5,0,2,957,630,261,-1074,-794,529,74,0,0,0,0,0,0,0,0,0,0,11,0,0,0,0,0,0,0,0,0,0,0,2,1,94
2543,2543,0,0,-881,15,-315,5,0,2,1106,630,261,-639,-775,575,75,0,0,0,0,0,0,0,0,0,0,11,0,0,0,0,0,0,0,0,0,0,0,2,1,83
2544,2544,0,1,-881,15,-315,5,0,2,1042,630,261,-78,-835,685,75,0,0,0,0,0,0,0,0,0,0,11,0,0,0,0,0,0,0,0,0,0,0,2,1,62
2545,2545,0,0,-1445,-5,-955,5,0,2,1174,630,261,405,-991,663,74,0,0,0,0,0,0,0,0,0,0,11,0,0,0,0,0,0,0,0,0,0,0,2,1,52
2546,2546,0,1,-1445,-5,-955,5,0,2,1159,630,261,550,-1261,656,73,0,0,0,0,0,0,0,0,0,0,11,0,0,0,0,0,0,0,0,0,0,0,2,1,67
2547,2547,0,0,-997,-5,-703,1,0,2,1344,630,261,797,-1185,720,73,0,0,0,0,0,0,0,0,0,0,11,0,0,0,0,0,0,0,0,0,0,0,2,1,85
2548,2548,0,1,-997,-5,-703,1,0,2,1530,-261,630,766,-982,598,74,0,0,0,0,0,0,0,0,0,0,11,0,0,0,0,0,0,0,0,0,0,0,2,1,89
2549,2549,0,0,311,-9,-914,14,0,2,1558,-261,630,768,-594,704,75,0,0,0,0,0,0,0,0,0,0,12,0,0,0,0,0,0,0,0,0,0,0,2,1,77
2550,2550,0,1,311,-9,-914,14,0,2,1604,-261,630,868,-107,764,74,0,0,0,0,0,0,0,0,0,0,11,0,0,0,0,0,0,0,0,0,0,0,2,1,60
2551,2551,0,0,912,-16,-1260,-12,0,2,1670,-261,630,1038,350,758,73,0,0,0,0,0,0,0,0,0,0,11,0,0,0,0,0,0,0,0,0,0,0,2,1,54
2552,2552,0,1,912,-16,-1260,-12,0,2,1751,-261,630,1199,669,671,72,0,0,0,0,0,0,0,0,0,0,11,0,0,0,0,0,0,0,0,0,0,0,2,1,68
2553,2553,0,0,812,12,-1007,-15,0,2,1900,-261,630,1220,771,691,72,0,0,0,0,0,0,0,0,0,0,11,0,0,0,0,0,0,0,0,0,0,0,2,1,85
2554,2554,0,1,812,12,-1007,-15,0,2,2042,-680,-261,1008,750,569,73,0,0,0,0,0,0,0,0,0,0,11,0,0,0,0,0,0,0,0,0,0,0,2,1,91
2555,2555,0,0,885,-11,429,13,0,2,72,-680,-261,591,770,625,74,0,0,0,0,0,0,0,0,0,0,11,0,0,0,0,0,0,0,0,0,0,0,2,1,79
2556,2556,0,1,885,-11,429,13,0,2,133,-680,-261,71,918,620,74,0,0,0,0,0,0,0,0,0,0,11,0,0,0,0,0,0,0,0,0,0,0,2,1,60
2557,2557,0,0,1290,10,804,4,0,2,150,-680,-261,-377,1098,598,73,0,0,0,0,0,0,0,0,0,0,11,0,0,0,0,0,0,0,0,0,0,0,2,1,57
2558,2558,0,1,1290,10,804,4,0,2,206,-680,-261,-642,1211,520,72,0,0,0,0,0,0,0,0,0,0,11,0,0,0,0,0,0,0,0,0,0,0,2,1,72
2559,2559,0,0,1029,5,768,0,0,2,364,-680,-261,-758,1206,540,73,0,0,0,0,0,0,0,0,0,0,11,0,0,0,0,0,0,0,0,0,0,0,2,1,85
2560,2560,0,1,1029,5,768,0,0,2,488,261,-680,-784,1030,436,74,0,0,0,0,0,0,0,0,0,0,11,0,0,0,0,0,0,0,0,0,0,0,2,1,89
2561,2561,0,0,-407,9,896,0,0,2,603,261,-680,-807,629,473,74,0,0,0,0,0,0,0,0,0,0,11,0,0,0,0,0,0,0,0,0,0,0,2,1,81
2562,2562,0,1,-407,9,896,0,0,2,670,261,-680,-885,84,443,74,0,0,0,0,0,0,0,0,0,0,11,0,0,0,0,0,0,0,0,0,0,0,2,1,63
2563,2563,0,0,-813,-13,1367,-9,0,2,646,261,-680,-1062,-396,437,73,0,0,0,0,0,0,0,0,0,0,11,0,0,0,0,0,0,0,0,0,0,0,2,1,55
2564,2564,0,1,-813,-13,1367,-9,0,2,644,261,-680,-1259,-695,433,73,0,0,0,0,0,0,0,0,0,0,11,0,0,0,0,0,0,0,0,0,0,0,2,1,70
2565,2565,0,0,-801,-1,1015,-9,0,2,817,261,-680,-1291,-790,512,73,0,0,0,0,0,0,0,0,0,0,11,0,0,0,0,0,0,0,0,0,0,0,2,1,90
2566,2566,0,1,-801,-1,1015,-9,0,2,1001,630,261,-1077,-756,407,74,0,0,0,0,0,0,0,0,0,0,11,0,0,0,0,0,0,0,0,0,0,0,2,1,95
2567,2567,0,0,-878,-14,-345,7,0,2,1106,630,261,-640,-760,453,75,0,0,0,0,0,0,0,0,0,0,12,0,0,0,0,0,0,0,0,0,0,0,2,1,81
2568,2568,0,1,-878,-14,-345,7,0,2,1154,630,261,-90,-863,451,75,0,0,0,0,0,0,0,0,0,0,11,0,0,0,0,0,0,0,0,0,0,0,2,1,62
2569,2569,0,0,-1527,9,-913,15,0,2,1171,630,261,381,-1017,432,74,0,0,0,0,0,0,0,0,0,0,11,0,0,0,0,0,0,0,0,0,0,0,2,1,54
2570,2570,0,1,-1527,9,-913,15,0,2,1222,630,261,524,-1246,362,73,0,0,0,0,0,0,0,0,0,0,12,0,0,0,0,0,0,0,0,0,0,0,2,1,68
2571,2571,0,0,-910,-14,-790,10,0,2,1341,630,261,799,-1182,429,73,0,0,0,0,0,0,0,0,0,0,11,0,0,0,0,0,0,0,0,0,0,0,2,1,84
2572,2572,0,1,-910,-14,-790,10,0,2,1504,-261,630,808,-1020,333,74,0,0,0,0,0,0,0,0,0,0,11,0,0,0,0,0,0,0,0,0,0,0,2,1,89
2573,2573,0,0,250,-6,-821,11,0,2,1556,-261,630,816,-600,441,74,0,0,0,0,0,0,0,0,0,0,12,0,0,0,0,0,0,0,0,0,0,0,2,1,81
2574,2574,0,1,250,-6,-821,11,0,2,1665,-261,630,880,-143,440,74,0,0,0,0,0,0,0,0,0,0,11,0,0,0,0,0,0,0,0,0,0,0,2,1,63
2575,2575,0,0,985,-7,-1338,6,0,2,1696,-261,630,1016,419,408,73,0,0,0,0,0,0,0,0,0,0,11,0,0,0,0,0,0,0,0,0,0,0,2,1,55
2576,2576,0,1,985,-7,-1338,6,0,2,1746,-261,630,1250,490,326,72,0,0,0,0,0,0,0,0,0,0,11,0,0,0,0,0,0,0,0,0,0,0,2,1,68
2577,2577,0,0,734,-2,-854,10,0,2,1914,-261,630,1201,725,332,72,0,0,0,0,0,0,0,0,0,0,11,0,0,0,0,0,0,0,0,0,0,0,2,1,82
2578,2578,0,1,734,-2,-854,10,0,2,2030,-680,-261,1040,748,222,73,0,0,0,0,0,0,0,0,0,0,11,0,0,0,0,0,0,0,0,0,0,0,2,1,87
2579,2579,0,0,891,-5,238,14,0,2,6,-680,-261,619,785,344,74,0,0,0,0,0,0,0,0,0,0,11,0,0,0,0,0,0,0,0,0,0,0,2,1,80
2580,2580,0,1,891,-5,238,14,0,2,64,-680,-261,161,875,408,74,0,0,0,0,0,0,0,0,0,0,11,0,0,0,0,0,0,0,0,0,0,0,2,1,62
2581,2581,0,0,1321,9,924,-4,0,2,135,-680,-261,-272,1099,401,73,0,0,0,0,0,0,0,0,0,0,11,0,0,0,0,0,0,0,0,0,0,0,2,1,55
2582,2582,0,1,1321,9,924,-4,0,2,130,-680,-261,-485,1300,399,72,0,0,0,0,0,0,0,0,0,0,11,0,0,0,0,0,0,0,0,0,0,0,2,1,69
2583,2583,0,0,988,-4,699,-5,0,2,368,-680,-261,-577,1346,415,72,0,0,0,0,0,0,0,0,0,0,11,0,0,0,0,0,0,0,0,0,0,0,2,1,85
2584,2584,0,1,988,-4,699,-5,0,2,485,261,-680,-771,1060,314,73,0,0,0,0,0,0,0,0,0,0,11,0,0,0,0,0,0,0,0,0,0,0,2,1,90
2585,2585,0,0,-330,-10,954,-6,0,2,591,261,-680,-801,635,363,74,0,0,0,0,0,0,0,0,0,0,11,0,0,0,0,0,0,0,0,0,0,0,2,1,82
2586,2586,0,1,-330,-10,954,-6,0,2,578,261,-680,-889,73,425,74,0,0,0,0,0,0,0,0,0,0,11,0,0,0,0,0,0,0,0,0,0,0,2,1,64
2587,2587,0,0,-902,-6,1357,13,0,2,514,261,-680,-1085,-400,551,73,0,0,0,0,0,0,0,0,0,0,11,0,0,0,0,0,0,0,0,0,0,0,2,1,55
2588,2588,0,1,-902,-6,1357,13,0,2,652,261,-680,-1396,-512,539,72,0,0,0,0,0,0,0,0,0,0,11,0,0,0,0,0,0,0,0,0,0,0,2,1,72
2589,2589,0,0,-763,5,1028,4,0,2,775,261,-680,-1422,-622,660,73,0,0,0,0,0,0,0,0,0,0,11,0,0,0,0,0,0,0,0,0,0,0,2,1,92
2590,2590,0,1,-763,5,1028,4,0,2,998,630,261,-1053,-792,558,74,0,0,0,0,0,0,0,0,0,0,11,0,0,0,0,0,0,0,0,0,0,0,2,1,95
2591,2591,0,0,-960,0,-396,-12,0,2,1107,630,261,-611,-784,603,75,0,0,0,0,0,0,0,0,0,0,11,0,0,0,0,0,0,0,0,0,0,0,2,1,82
2592,2592,0,1,-960,0,-396,-12,0,2,1027,630,261,-95,-837,728,75,0,0,0,0,0,0,0,0,0,0,11,0,0,0,0,0,0,0,0,0,0,0,2,1,62
2593,2593,0,0,-1394,14,-881,15,0,2,1156,630,261,396,-979,724,74,0,0,0,0,0,0,0,0,0,0,11,0,0,0,0,0,0,0,0,0,0,0,2,1,52
2594,2594,0,1,-1394,14,-881,15,0,2,1218,630,261,696,-1165,658,73,0,0,0,0,0,0,0,0,0,0,12,0,0,0,0,0,0,0,0,0,0,0,2,1,66
2595,2595,0,0,-1041,15,-788,12,0,2,1386,630,261,845,-1155,680,73,0,0,0,0,0,0,0,0,0,0,12,0,0,0,0,0,0,0,0,0,0,0,2,1,85
2596,2596,0,1,-1041,15,-788,12,0,2,1500,-261,630,809,-938,588,74,0,0,0,0,0,0,0,0,0,0,11,0,0,0,0,0,0,0,0,0,0,0,2,1,89
2597,2597,0,0,384,0,-844,-12,0,2,1540,-261,630,789,-547,712,74,0,0,0,0,0,0,0,0,0,0,12,0,0,0,0,0,0,0,0,0,0,0,2,1,77
2598,2598,0,1,384,0,-844,-12,0,2,1702,-261,630,862,-68,674,74,0,0,0,0,0,0,0,0,0,0,11,0,0,0,0,0,0,0,0,0,0,0,2,1,59
2599,2599,0,0,896,0,-1271,9,0,2,1741,-261,630,1012,373,597,73,0,0,0,0,0,0,0,0,0,0,11,0,0,0,0,0,0,0,0,0,0,0,2,1,54
2600,2600,0,1,896,0,-1271,9,0,2,1735,-261,630,1163,681,526,72,0,0,0,0,0,0,0,0,0,0,12,0,0,0,0,0,0,0,0,0,0,0,2,1,67
2601,2601,0,0,756,-12,-989,3,0,2,1908,-261,630,1189,795,538,72,0,0,0,0,0,0,0,0,0,0,11,0,0,0,0,0,0,0,0,0,0,0,2,1,84
2602,2602,0,1,756,-12,-989,3,0,2,2021,-680,-261,1009,772,437,73,0,0,0,0,0,0,0,0,0,0,11,0,0,0,0,0,0,0,0,0,0,0,2,1,89
2603,2603,0,0,894,-2,382,-2,0,2,18,-680,-261,598,782,547,74,0,0,0,0,0,0,0,0,0,0,11,0,0,0,0,0,0,0,0,0,0,0,2,1,80
2604,2604,0,1,894,-2,382,-2,0,2,132,-680,-261,75,892,543,74,0,0,0,0,0,0,0,0,0,0,11,0,0,0,0,0,0,0,0,0,0,0,2,1,61
2605,2605,0,0,1371,-5,821,-11,0,2,134,-680,-261,-417,1061,537,73,0,0,0,0,0,0,0,0,0,0,11,0,0,0,0,0,0,0,0,0,0,0,2,1,56
2606,2606,0,1,1371,-5,821,-11,0,2,212,-680,-261,-671,1226,453,72,0,0,0,0,0,0,0,0,0,0,12,0,0,0,0,0,0,0,0,0,0,0,2,1,71
2607,2607,0,0,907,11,801,1,0,2,300,-680,-261,-809,1228,537,72,0,0,0,0,0,0,0,0,0,0,11,0,0,0,0,0,0,0,0,0,0,0,2,1,87
2608,2608,0,1,907,11,801,1,0,2,486,261,-680,-807,1041,435,73,0,0,0,0,0,0,0,0,0,0,11,0,0,0,0,0,0,0,0,0,0,0,2,1,92
2609,2609,0,0,-284,4,869,5,0,2,602,261,-680,-825,605,473,74,0,0,0,0,0,0,0,0,0,0,12,0,0,0,0,0,0,0,0,0,0,0,2,1,83
2610,2610,0,1,-284,4,869,5,0,2,641,261,-680,-920,48,472,74,0,0,0,0,0,0,0,0,0,0,12,0,0,0,0,0,0,0,0,0,0,0,2,1,64
2611,2611,0,0,-909,-13,1397,-11,0,2,725,261,-680,-1082,-448,387,73,0,0,0,0,0,0,0,0,0,0,11,0,0,0,0,0,0,0,0,0,0,0,2,1,57
2612,2612,0,1,-909,-13,1397,-11,0,2,660,261,-680,-1254,-679,367,73,0,0,0,0,0,0,0,0,0,0,12,0,0,0,0,0,0,0,0,0,0,0,2,1,73
2613,2613,0,0,-786,14,965,5,0,2,892,261,-680,-1277,-776,371,73,0,0,0,0,0,0,0,0,0,0,11,0,0,0,0,0,0,0,0,0,0,0,2,1,89
2614,2614,0,1,-786,14,965,5,0,2,1008,630,261,-1085,-781,259,74,0,0,0,0,0,0,0,0,0,0,11,0,0,0,0,0,0,0,0,0,0,0,2,1,93
2615,2615,0,0,-897,-1,-298,-10,0,2,1216,630,261,-642,-787,195,75,0,0,0,0,0,0,0,0,0,0,12,0,0,0,0,0,0,0,0,0,0,0,2,1,83
2616,2616,0,1,-897,-1,-298,-10,0,2,1184,630,261,-59,-848,163,75,0,0,0,0,0,0,0,0,0,0,12,0,0,0,0,0,0,0,0,0,0,0,2,1,63
2617,2617,0,0,-1449,-9,-995,-3,0,2,1170,630,261,419,-984,145,74,0,0,0,0,0,0,0,0,0,0,11,0,0,0,0,0,0,0,0,0,0,0,2,1,53
2618,2618,0,1,-1449,-9,-995,-3,0,2,1226,630,261,685,-1138,71,73,0,0,0,0,0,0,0,0,0,0,12,0,0,0,0,0,0,0,0,0,0,0,2,1,66
2619,2619,0,0,-1011,13,-649,-9,0,2,1322,630,261,623,-1283,157,73,0,0,0,0,0,0,0,0,0,0,12,0,0,0,0,0,0,0,0,0,0,0,2,1,82
2620,2620,0,1,-1011,13,-649,-9,0,2,1515,-261,630,638,-1117,50,74,0,0,0,0,0,0,0,0,0,0,12,0,0,0,0,0,0,0,0,0,0,0,2,1,88
2621,2621,0,0,304,-16,-953,7,0,2,1666,-261,630,705,-707,48,74,0,0,0,0,0,0,0,0,0,0,12,0,0,0,0,0,0,0,0,0,0,0,2,1,79
2622,2622,0,1,304,-16,-953,7,0,2,1670,-261,630,870,-164,42,74,0,0,0,0,0,0,0,0,0,0,12,0,0,0,0,0,0,0,0,0,0,0,2,1,62
2623,2623,0,0,934,6,-1275,5,0,2,1682,-261,630,1096,259,24,73,0,0,0,0,0,0,0,0,0,0,11,0,0,0,0,0,0,0,0,0,0,0,2,1,55
2624,2624,0,1,934,6,-1275,5,0,2,1696,-261,630,1294,481,-8,72,0,0,0,0,0,0,0,0,0,0,12,0,0,0,0,0,0,0,0,0,0,0,2,1,69
2625,2625,0,0,791,-9,-942,-14,0,2,1751,-261,630,1315,584,-95,72,0,0,0,0,0,0,0,0,0,0,11,0,0,0,0,0,0,0,0,0,0,0,2,1,85
2626,2626,0,1,791,-9,-942,-14,0,2,2027,-680,-261,1102,644,-202,73,0,0,0,0,0,0,0,0,0,0,11,0,0,0,0,0,0,0,0,0,0,0,2,1,89
2627,2627,0,0,867,3,370,-14,0,2,3,-680,-261,693,724,-77,74,0,0,0,0,0,0,0,0,0,0,11,0,0,0,0,0,0,0,0,0,0,0,2,1,79
2628,2628,0,1,867,3,370,-14,0,2,4,-680,-261,192,865,47,74,0,0,0,0,0,0,0,0,0,0,11,0,0,0,0,0,0,0,0,0,0,0,2,1,62
2629,2629,0,0,1299,-13,812,12,0,2,136,-680,-261,-227,1089,39,73,0,0,0,0,0,0,0,0,0,0,11,0,0,0,0,0,0,0,0,0,0,0,2,1,55
2630,2630,0,1,1299,-13,812,12,0,2,140,-680,-261,-496,1315,27,72,0,0,0,0,0,0,0,0,0,0,11,0,0,0,0,0,0,0,0,0,0,0,2,1,69
2631,2631,0,0,980,-12,797,-3,0,2,304,-680,-261,-617,1360,107,73,0,0,0,0,0,0,0,0,0,0,11,0,0,0,0,0,0,0,0,0,0,0,2,1,87
2632,2632,0,1,980,-12,797,-3,0,2,442,261,-680,-658,1149,49,74,0,0,0,0,0,0,0,0,0,0,11,0,0,0,0,0,0,0,0,0,0,0,2,1,92
2633,2633,0,0,-335,-15,878,14,0,2,514,261,-680,-725,728,175,74,0,0,0,0,0,0,0,0,0,0,11,0,0,0,0,0,0,0,0,0,0,0,2,1,81
2634,2634,0,1,-335,-15,878,14,0,2,532,261,-680,-882,199,283,74,0,0,0,0,0,0,0,0,0,0,11,0,0,0,0,0,0,0,0,0,0,0,2,1,63
2635,2635,0,0,-866,-2,1402,-6,0,2,514,261,-680,-1127,-260,409,74,0,0,0,0,0,0,0,0,0,0,11,0,0,0,0,0,0,0,0,0,0,0,2,1,56
2636,2636,0,1,-866,-2,1402,-6,0,2,649,261,-680,-1365,-546,400,73,0,0,0,0,0,0,0,0,0,0,11,0,0,0,0,0,0,0,0,0,0,0,2,1,71
2637,2637,0,0,-744,-8,988,-4,0,2,598,261,-680,-1407,-628,442,73,0,0,0,0,0,0,0,0,0,0,11,0,0,0,0,0,0,0,0,0,0,0,2,1,91
2638,2638,0,1,-744,-8,988,-4,0,2,1017,630,261,-1086,-738,321,74,0,0,0,0,0,0,0,0,0,0,11,0,0,0,0,0,0,0,0,0,0,0,2,1,95
2639,2639,0,0,-996,-4,-321,-1,0,2,1025,630,261,-650,-741,448,75,0,0,0,0,0,0,0,0,0,0,12,0,0,0,0,0,0,0,0,0,0,0,2,1,82
2640,2640,0,1,-996,-4,-321,-1,0,2,1052,630,261,-97,-872,548,75,0,0,0,0,0,0,0,0,0,0,11,0,0,0,0,0,0,0,0,0,0,0,2,1,61
2641,2641,0,0,-1340,4,-966,-6,0,2,1032,630,261,381,-1043,668,74,0,0,0,0,0,0,0,0,0,0,11,0,0,0,0,0,0,0,0,0,0,0,2,1,54
2642,2642,0,1,-1340,4,-966,-6,0,2,1218,630,261,685,-1172,602,73,0,0,0,0,0,0,0,0,0,0,12,0,0,0,0,0,0,0,0,0,0,0,2,1,69
2643,2643,0,0,-1102,-14,-748,-12,0,2,1334,630,261,805,-1173,676,73,0,0,0,0,0,0,0,0,0,0,11,0,0,0,0,0,0,0,0,0,0,0,2,1,85
2644,2644,0,1,-1102,-14,-748,-12,0,2,1499,-261,630,827,-966,585,74,0,0,0,0,0,0,0,0,0,0,11,0,0,0,0,0,0,0,0,0,0,0,2,1,89
2645,2645,0,0,450,2,-888,8,0,2,1601,-261,630,813,-557,648,74,0,0,0,0,0,0,0,0,0,0,12,0,0,0,0,0,0,0,0,0,0,0,2,1,79
2646,2646,0,1,450,2,-888,8,0,2,1706,-261,630,864,-20,606,74,0,0,0,0,0,0,0,0,0,0,11,0,0,0,0,0,0,0,0,0,0,0,2,1,61
2647,2647,0,0,824,-8,-1251,-3,0,2,1666,-261,630,994,415,604,73,0,0,0,0,0,0,0,0,0,0,11,0,0,0,0,0,0,0,0,0,0,0,2,1,54
2648,2648,0,1,824,-8,-1251,-3,0,2,1734,-261,630,1142,659,534,72,0,0,0,0,0,0,0,0,0,0,12,0,0,0,0,0,0,0,0,0,0,0,2,1,67
2649,2649,0,0,831,-1,-950,10,0,2,1837,-261,630,1171,765,617,72,0,0,0,0,0,0,0,0,0,0,11,0,0,0,0,0,0,0,0,0,0,0,2,1,82
2650,2650,0,1,831,-1,-950,10,0,2,0,-680,-261,997,793,489,73,0,0,0,0,0,0,0,0,0,0,11,0,0,0,0,0,0,0,0,0,0,0,2,1,87
2651,2651,0,0,813,13,324,4,0,2,144,-680,-261,591,813,473,74,0,0,0,0,0,0,0,0,0,0,11,0,0,0,0,0,0,0,0,0,0,0,2,1,80
2652,2652,0,1,813,13,324,4,0,2,138,-680,-261,48,879,463,74,0,0,0,0,0,0,0,0,0,0,11,0,0,0,0,0,0,0,0,0,0,0,2,1,62
2653,2653,0,0,1365,-11,864,0,0,2,178,-680,-261,-409,1033,413,73,0,0,0,0,0,0,0,0,0,0,11,0,0,0,0,0,0,0,0,0,0,0,2,1,55
2654,2654,0,1,1365,-11,864,0,0,2,219,-680,-261,-680,1210,322,72,0,0,0,0,0,0,0,0,0,0,11,0,0,0,0,0,0,0,0,0,0,0,2,1,69
2655,2655,0,0,936,8,718,14,0,2,309,-680,-261,-781,1237,397,72,0,0,0,0,0,0,0,0,0,0,11,0,0,0,0,0,0,0,0,0,0,0,2,1,86
2656,2656,0,1,936,8,718,14,0,2,494,261,-680,-786,1035,287,73,0,0,0,0,0,0,0,0,0,0,11,0,0,0,0,0,0,0,0,0,0,0,2,1,91
2657,2657,0,0,-269,-13,930,2,0,2,578,261,-680,-807,628,349,74,0,0,0,0,0,0,0,0,0,0,12,0,0,0,0,0,0,0,0,0,0,0,2,1,81
2658,2658,0,1,-269,-13,930,2,0,2,679,261,-680,-932,77,310,74,0,0,0,0,0,0,0,0,0,0,11,0,0,0,0,0,0,0,0,0,0,0,2,1,63
2659,2659,0,0,-955,5,1437,-3,0,2,662,261,-680,-1097,-403,288,73,0,0,0,0,0,0,0,0,0,0,11,0,0,0,0,0,0,0,0,0,0,0,2,1,58
2660,2660,0,1,-955,5,1437,-3,0,2,722,261,-680,-1236,-707,206,73,0,0,0,0,0,0,0,0,0,0,12,0,0,0,0,0,0,0,0,0,0,0,2,1,72
2661,2661,0,0,-734,2,916,-12,0,2,817,261,-680,-1267,-812,285,73,0,0,0,0,0,0,0,0,0,0,11,0,0,0,0,0,0,0,0,0,0,0,2,1,89
2662,2662,0,1,-734,2,916,-12,0,2,997,630,261,-1102,-785,184,74,0,0,0,0,0,0,0,0,0,0,11,0,0,0,0,0,0,0,0,0,0,0,2,1,93
2663,2663,0,0,-951,9,-265,-9,0,2,1106,630,261,-656,-781,230,75,0,0,0,0,0,0,0,0,0,0,12,0,0,0,0,0,0,0,0,0,0,0,2,1,84
2664,2664,0,1,-951,9,-265,-9,0,2,1161,630,261,-41,-862,221,75,0,0,0,0,0,0,0,0,0,0,11,0,0,0,0,0,0,0,0,0,0,0,2,1,63
2665,2665,0,0,-1375,1,-1005,-13,0,2,1224,630,261,433,-1003,149,74,0,0,0,0,0,0,0,0,0,0,11,0,0,0,0,0,0,0,0,0,0,0,2,1,54
2666,2666,0,1,-1375,1,-1005,-13,0,2,1218,630,261,665,-1136,83,73,0,0,0,0,0,0,0,0,0,0,12,0,0,0,0,0,0,0,0,0,0,0,2,1,68
2667,2667,0,0,-1036,-12,-674,-2,0,2,1341,630,261,759,-1155,150,73,0,0,0,0,0,0,0,0,0,0,11,0,0,0,0,0,0,0,0,0,0,0,2,1,82
2668,2668,0,1,-1036,-12,-674,-2,0,2,1521,-261,630,790,-987,37,74,0,0,0,0,0,0,0,0,0,0,11,0,0,0,0,0,0,0,0,0,0,0,2,1,86
2669,2669,0,0,347,-5,-931,-3,0,2,1668,-261,630,723,-702,33,74,0,0,0,0,0,0,0,0,0,0,12,0,0,0,0,0,0,0,0,0,0,0,2,1,79
2670,2670,0,1,347,-5,-931,-3,0,2,1708,-261,630,839,-181,-11,74,0,0,0,0,0,0,0,0,0,0,11,0,0,0,0,0,0,0,0,0,0,0,2,1,62
2671,2671,0,0,895,-1,-1274,6,0,2,1724,-261,630,1046,248,-71,73,0,0,0,0,0,0,0,0,0,0,11,0,0,0,0,0,0,0,0,0,0,0,2,1,53
2672,2672,0,1,895,-1,-1274,6,0,2,1771,-261,630,1268,489,-178,72,0,0,0,0,0,0,0,0,0,0,11,0,0,0,0,0,0,0,0,0,0,0,2,1,66
2673,2673,0,0,786,-14,-923,5,0,2,1854,-261,630,1315,581,-112,72,0,0,0,0,0,0,0,0,0,0,11,0,0,0,0,0,0,0,0,0,0,0,2,1,83
2674,2674,0,1,786,-14,-923,5,0,2,2044,-680,-261,1113,606,-236,73,0,0,0,0,0,0,0,0,0,0,11,0,0,0,0,0,0,0,0,0,0,0,2,1,89
2675,2675,0,0,878,14,276,-12,0,2,36,-680,-261,711,690,-144,74,0,0,0,0,0,0,0,0,0,0,11,0,0,0,0,0,0,0,0,0,0,0,2,1,78
2676,2676,0,1,878,14,276,-12,0,2,64,-680,-261,215,877,-80,73,0,0,0,0,0,0,0,0,0,0,11,0,0,0,0,0,0,0,0,0,0,0,2,1,61
2677,2677,0,0,1386,10,957,-3,0,2,6,-680,-261,-224,1136,42,73,0,0,0,0,0,0,0,0,0,0,11,0,0,0,0,0,0,0,0,0,0,0,2,1,55
2678,2678,0,1,1386,10,957,-3,0,2,185,-680,-261,-510,1359,-15,72,0,0,0,0,0,0,0,0,0,0,11,0,0,0,0,0,0,0,0,0,0,0,2,1,72
2679,2679,0,0,885,-11,673,1,0,2,210,-680,-261,-627,1375,-97,72,0,0,0,0,0,0,0,0,0,0,11,0,0,0,0,0,0,0,0,0,0,0,2,1,89
2680,2680,0,1,885,-11,673,1,0,2,443,261,-680,-640,1135,-156,73,0,0,0,0,0,0,0,0,0,0,11,0,0,0,0,0,0,0,0,0,0,0,2,1,93
2681,2681,0,0,-212,12,970,10,0,2,534,261,-680,-715,708,-50,74,0,0,0,0,0,0,0,0,0,0,11,0,0,0,0,0,0,0,0,0,0,0,2,1,80
2682,2682,0,1,-212,12,970,10,0,2,596,261,-680,-894,205,-6,74,0,0,0,0,0,0,0,0,0,0,11,0,0,0,0,0,0,0,0,0,0,0,2,1,62
2683,2683,0,0,-1025,-1,1379,3,0,2,642,261,-680,-1134,-238,-8,73,0,0,0,0,0,0,0,0,0,0,11,0,0,0,0,0,0,0,0,0,0,0,2,1,56
2684,2684,0,1,-1025,-1,1379,3,0,2,648,261,-680,-1341,-541,-16,72,0,0,0,0,0,0,0,0,0,0,11,0,0,0,0,0,0,0,0,0,0,0,2,1,71
2685,2685,0,0,-685,-13,957,-3,0,2,810,261,-680,-1379,-639,70,73,0,0,0,0,0,0,0,0,0,0,11,0,0,0,0,0,0,0,0,0,0,0,2,1,89
2686,2686,0,1,-685,-13,957,-3,0,2,952,630,261,-1179,-615,14,74,0,0,0,0,0,0,0,0,0,0,11,0,0,0,0,0,0,0,0,0,0,0,2,1,93
2687,2687,0,0,-914,14,-342,10,0,2,1026,630,261,-748,-667,140,75,0,0,0,0,0,0,0,0,0,0,11,0,0,0,0,0,0,0,0,0,0,0,2,1,81
2688,2688,0,1,-914,14,-342,10,0,2,1108,630,261,-194,-858,184,74,0,0,0,0,0,0,0,0,0,0,11,0,0,0,0,0,0,0,0,0,0,0,2,1,62
2689,2689,0,0,-1565,3,-860,4,0,2,1164,630,261,259,-1086,172,73,0,0,0,0,0,0,0,0,0,0,11,0,0,0,0,0,0,0,0,0,0,0,2,1,54
2690,2690,0,1,-1565,3,-860,4,0,2,1178,630,261,522,-1254,146,73,0,0,0,0,0,0,0,0,0,0,11,0,0,0,0,0,0,0,0,0,0,0,2,1,68
2691,2691,0,0,-830,2,-840,-8,0,2,1228,630,261,632,-1270,70,73,0,0,0,0,0,0,0,0,0,0,11,0,0,0,0,0,0,0,0,0,0,0,2,1,84
2692,2692,0,1,-830,2,-840,-8,0,2,1464,-261,630,661,-1086,14,74,0,0,0,0,0,0,0,0,0,0,11,0,0,0,0,0,0,0,0,0,0,0,2,1,87
2693,2693,0,0,117,-11,-758,10,0,2,1604,-261,630,720,-702,74,74,0,0,0,0,0,0,0,0,0,0,11,0,0,0,0,0,0,0,0,0,0,0,2,1,78
2694,2694,0,1,117,-11,-758,10,0,2,1665,-261,630,864,-202,73,74,0,0,0,0,0,0,0,0,0,0,11,0,0,0,0,0,0,0,0,0,0,0,2,1,62
2695,2695,0,0,1098,10,-1404,4,0,2,1670,-261,630,1090,240,67,73,0,0,0,0,0,0,0,0,0,0,11,0,0,0,0,0,0,0,0,0,0,0,2,1,55
2696,2696,0,1,1098,10,-1404,4,0,2,1680,-261,630,1304,524,51,72,0,0,0,0,0,0,0,0,0,0,11,0,0,0,0,0,0,0,0,0,0,0,2,1,69
2697,2697,0,0,644,4,-814,-14,0,2,1854,-261,630,1323,622,117,72,0,0,0,0,0,0,0,0,0,0,11,0,0,0,0,0,0,0,0,0,0,0,2,1,87
2698,2698,0,1,644,4,-814,-14,0,2,1973,-680,-261,1093,614,64,73,0,0,0,0,0,0,0,0,0,0,11,0,0,0,0,0,0,0,0,0,0,0,2,1,90
2699,2699,0,0,997,5,200,8,0,2,39,-680,-261,696,682,153,74,0,0,0,0,0,0,0,0,0,0,11,0,0,0,0,0,0,0,0,0,0,0,2,1,77
2700,2700,0,1,997,5,200,8,0,2,26,-680,-261,227,881,255,74,0,0,0,0,0,0,0,0,0,0,11,0,0,0,0,0,0,0,0,0,0,0,2,1,59
2701,2701,0,0,1213,-3,1064,8,0,2,142,-680,-261,-218,1135,241,73,0,0,0,0,0,0,0,0,0,0,11,0,0,0,0,0,0,0,0,0,0,0,2,1,56
2702,2702,0,1,1213,-3,1064,8,0,2,133,-680,-261,-544,1337,236,72,0,0,0,0,0,0,0,0,0,0,11,0,0,0,0,0,0,0,0,0,0,0,2,1,71
2703,2703,0,0,1049,-7,527,15,0,2,171,-680,-261,-661,1353,193,72,0,0,0,0,0,0,0,0,0,0,11,0,0,0,0,0,0,0,0,0,0,0,2,1,89
2704,2704,0,1,1049,-7,527,15,0,2,431,261,-680,-768,1027,146,73,0,0,0,0,0,0,0,0,0,0,11,0,0,0,0,0,0,0,0,0,0,0,2,1,93
2705,2705,0,0,-406,10,1064,8,0,2,565,261,-680,-678,700,221,74,0,0,0,0,0,0,0,0,0,0,11,0,0,0,0,0,0,0,0,0,0,0,2,1,80
2706,2706,0,1,-406,10,1064,8,0,2,598,261,-680,-873,175,263,74,0,0,0,0,0,0,0,0,0,0,11,0,0,0,0,0,0,0,0,0,0,0,2,1,60
2707,2707,0,0,-804,-4,1303,-9,0,2,643,261,-680,-1165,-239,260,73,0,0,0,0,0,0,0,0,0,0,11,0,0,0,0,0,0,0,0,0,0,0,2,1,55
2708,2708,0,1,-804,-4,1303,-9,0,2,721,261,-680,-1421,-476,179,73,0,0,0,0,0,0,0,0,0,0,12,0,0,0,0,0,0,0,0,0,0,0,2,1,73
2709,2709,0,0,-812,-12,958,-2,0,2,729,261,-680,-1420,-604,90,73,0,0,0,0,0,0,0,0,0,0,11,0,0,0,0,0,0,0,0,0,0,0,2,1,93
2710,2710,0,1,-812,-12,958,-2,0,2,938,630,261,-1024,-804,48,74,0,0,0,0,0,0,0,0,0,0,11,0,0,0,0,0,0,0,0,0,0,0,2,1,95
2711,2711,0,0,-926,2,-238,-14,0,2,1024,630,261,-604,-792,-80,75,0,0,0,0,0,0,0,0,0,0,12,0,0,0,0,0,0,0,0,0,0,0,2,1,81
2712,2712,0,1,-926,2,-238,-14,0,2,1088,630,261,-253,-799,-16,75,0,0,0,0,0,0,0,0,0,0,12,0,0,0,0,0,0,0,0,0,0,0,2,1,62
2713,2713,0,0,-1452,-12,-1037,-13,0,2,1154,630,261,202,-1018,-18,74,0,0,0,0,0,0,0,0,0,0,11,0,0,0,0,0,0,0,0,0,0,0,2,1,51
2714,2714,0,1,-1452,-12,-1037,-13,0,2,1223,630,261,565,-1283,-89,73,0,0,0,0,0,0,0,0,0,0,12,0,0,0,0,0,0,0,0,0,0,0,2,1,64
2715,2715,0,0,-999,-7,-706,-2,0,2,1404,630,261,686,-1323,-85,73,0,0,0,0,0,0,0,0,0,0,12,0,0,0,0,0,0,0,0,0,0,0,2,1,86
2716,2716,0,1,-999,-7,-706,-2,0,2,1428,-261,630,641,-1065,-105,74,0,0,0,0,0,0,0,0,0,0,12,0,0,0,0,0,0,0,0,0,0,0,2,1,91
2717,2717,0,0,303,15,-898,-2,0,2,1606,-261,630,685,-663,-47,74,0,0,0,0,0,0,0,0,0,0,12,0,0,0,0,0,0,0,0,0,0,0,2,1,77
2718,2718,0,1,303,15,-898,-2,0,2,1542,-261,630,882,-216,75,74,0,0,0,0,0,0,0,0,0,0,12,0,0,0,0,0,0,0,0,0,0,0,2,1,58
2719,2719,0,0,978,-14,-1295,-15,0,2,1675,-261,630,1102,225,64,73,0,0,0,0,0,0,0,0,0,0,12,0,0,0,0,0,0,0,0,0,0,0,2,1,56
2720,2720,0,1,978,-14,-1295,-15,0,2,1664,-261,630,1255,561,64,72,0,0,0,0,0,0,0,0,0,0,12,0,0,0,0,0,0,0,0,0,0,0,2,1,70
2721,2721,0,0,715,11,-889,7,0,2,1840,-261,630,1282,640,144,72,0,0,0,0,0,0,0,0,0,0,12,0,0,0,0,0,0,0,0,0,0,0,2,1,84
2722,2722,0,1,715,11,-889,7,0,2,1978,-680,-261,1120,556,86,73,0,0,0,0,0,0,0,0,0,0,11,0,0,0,0,0,0,0,0,0,0,0,2,1,88
2723,2723,0,0,900,4,289,1,0,2,1,-680,-261,718,623,213,74,0,0,0,0,0,0,0,0,0,0,12,0,0,0,0,0,0,0,0,0,0,0,2,1,77
2724,2724,0,1,900,4,289,1,0,2,128,-680,-261,172,900,213,74,0,0,0,0,0,0,0,0,0,0,11,0,0,0,0,0,0,0,0,0,0,0,2,1,58
2725,2725,0,0,1337,-7,894,-2,0,2,135,-680,-261,-256,1168,206,73,0,0,0,0,0,0,0,0,0,0,12,0,0,0,0,0,0,0,0,0,0,0,2,1,56
2726,2726,0,1,1337,-7,894,-2,0,2,148,-680,-261,-478,1308,186,72,0,0,0,0,0,0,0,0,0,0,12,0,0,0,0,0,0,0,0,0,0,0,2,1,74
2727,2727,0,0,956,-4,702,-2,0,2,192,-680,-261,-583,1299,122,72,0,0,0,0,0,0,0,0,0,0,12,0,0,0,0,0,0,0,0,0,0,0,2,1,86
2728,2728,0,1,956,-4,702,-2,0,2,483,261,-680,-649,1117,23,73,0,0,0,0,0,0,0,0,0,0,12,0,0,0,0,0,0,0,0,0,0,0,2,1,87
2729,2729,0,0,-287,1,953,-7,0,2,518,261,-680,-743,739,145,74,0,0,0,0,0,0,0,0,0,0,12,0,0,0,0,0,0,0,0,0,0,0,2,1,80
2730,2730,0,1,-287,1,953,-7,0,2,592,261,-680,-903,235,193,74,0,0,0,0,0,0,0,0,0,0,12,0,0,0,0,0,0,0,0,0,0,0,2,1,64
2731,2731,0,0,-917,11,1356,12,0,2,640,261,-680,-1144,-232,193,73,0,0,0,0,0,0,0,0,0,0,11,0,0,0,0,0,0,0,0,0,0,0,2,1,57
2732,2732,0,1,-917,11,1356,12,0,2,683,261,-680,-1381,-547,150,72,0,0,0,0,0,0,0,0,0,0,12,0,0,0,0,0,0,0,0,0,0,0,2,1,72
2733,2733,0,0,-740,-4,1016,-8,0,2,802,261,-680,-1414,-668,244,73,0,0,0,0,0,0,0,0,0,0,11,0,0,0,0,0,0,0,0,0,0,0,2,1,91
2734,2734,0,1,-740,-4,1016,-8,0,2,942,630,261,-1187,-642,198,74,0,0,0,0,0,0,0,0,0,0,11,0,0,0,0,0,0,0,0,0,0,0,2,1,96
2735,2735,0,0,-975,-15,-370,14,0,2,1089,630,261,-746,-679,261,75,0,0,0,0,0,0,0,0,0,0,12,0,0,0,0,0,0,0,0,0,0,0,2,1,83
2736,2736,0,1,-975,-15,-370,14,0,2,1050,630,261,-204,-847,363,74,0,0,0,0,0,0,0,0,0,0,12,0,0,0,0,0,0,0,0,0,0,0,2,1,62
2737,2737,0,0,-1373,3,-944,-16,0,2,1198,630,261,262,-1074,317,73,0,0,0,0,0,0,0,0,0,0,11,0,0,0,0,0,0,0,0,0,0,0,2,1,53
2738,2738,0,1,-1373,3,-944,-16,0,2,1152,630,261,556,-1261,317,73,0,0,0,0,0,0,0,0,0,0,12,0,0,0,0,0,0,0,0,0,0,0,2,1,69
2739,2739,0,0,-1007,-15,-733,3,0,2,1230,630,261,658,-1276,239,73,0,0,0,0,0,0,0,0,0,0,12,0,0,0,0,0,0,0,0,0,0,0,2,1,85
2740,2740,0,1,-1007,-15,-733,3,0,2,1460,-261,630,771,-965,187,74,0,0,0,0,0,0,0,0,0,0,11,0,0,0,0,0,0,0,0,0,0,0,2,1,89
2741,2741,0,0,327,7,-887,9,0,2,1548,-261,630,766,-570,303,74,0,0,0,0,0,0,0,0,0,0,12,0,0,0,0,0,0,0,0,0,0,0,2,1,77
2742,2742,0,1,327,7,-887,9,0,2,1542,-261,630,862,-71,425,74,0,0,0,0,0,0,0,0,0,0,11,0,0,0,0,0,0,0,0,0,0,0,2,1,60
2743,2743,0,0,935,7,-1238,10,0,2,1675,-261,630,1083,232,414,73,0,0,0,0,0,0,0,0,0,0,11,0,0,0,0,0,0,0,0,0,0,0,2,1,54
2744,2744,0,1,935,7,-1238,10,0,2,1754,-261,630,1280,493,324,72,0,0,0,0,0,0,0,0,0,0,12,0,0,0,0,0,0,0,0,0,0,0,2,1,69
2745,2745,0,0,731,-5,-1003,-11,0,2,1888,-261,630,1311,594,356,72,0,0,0,0,0,0,0,0,0,0,11,0,0,0,0,0,0,0,0,0,0,0,2,1,85
2746,2746,0,1,731,-5,-1003,-11,0,2,2021,-680,-261,1016,739,255,73,0,0,0,0,0,0,0,0,0,0,11,0,0,0,0,0,0,0,0,0,0,0,2,1,89
2747,2747,0,0,913,-15,348,-4,0,2,4,-680,-261,613,767,379,74,0,0,0,0,0,0,0,0,0,0,11,0,0,0,0,0,0,0,0,0,0,0,2,1,78
2748,2748,0,1,913,-15,348,-4,0,2,86,-680,-261,91,891,421,74,0,0,0,0,0,0,0,0,0,0,11,0,0,0,0,0,0,0,0,0,0,0,2,1,61
2749,2749,0,0,1335,-9,873,9,0,2,138,-680,-261,-370,1070,411,73,0,0,0,0,0,0,0,0,0,0,11,0,0,0,0,0,0,0,0,0,0,0,2,1,56
2750,2750,0,1,1335,-9,873,9,0,2,196,-680,-261,-507,1315,343,72,0,0,0,0,0,0,0,0,0,0,11,0,0,0,0,0,0,0,0,0,0,0,2,1,71
2751,2751,0,0,969,9,756,-12,0,2,357,-680,-261,-778,1244,370,73,0,0,0,0,0,0,0,0,0,0,11,0,0,0,0,0,0,0,0,0,0,0,2,1,87
2752,2752,0,1,969,9,756,-12,0,2,512,261,-680,-771,1055,242,74,0,0,0,0,0,0,0,0,0,0,11,0,0,0,0,0,0,0,0,0,0,0,2,1,92
2753,2753,0,0,-352,0,932,4,0,2,588,261,-680,-801,627,294,74,0,0,0,0,0,0,0,0,0,0,11,0,0,0,0,0,0,0,0,0,0,0,2,1,81
2754,2754,0,1,-352,0,932,4,0,2,598,261,-680,-921,57,336,74,0,0,0,0,0,0,0,0,0,0,11,0,0,0,0,0,0,0,0,0,0,0,2,1,63
2755,2755,0,0,-893,3,1395,-13,0,2,663,261,-680,-1095,-425,313,73,0,0,0,0,0,0,0,0,0,0,11,0,0,0,0,0,0,0,0,0,0,0,2,1,57
2756,2756,0,1,-893,3,1395,-13,0,2,717,261,-680,-1340,-545,236,73,0,0,0,0,0,0,0,0,0,0,11,0,0,0,0,0,0,0,0,0,0,0,2,1,73
2757,2757,0,0,-769,-1,957,-3,0,2,809,261,-680,-1255,-798,323,73,0,0,0,0,0,0,0,0,0,0,11,0,0,0,0,0,0,0,0,0,0,0,2,1,89
2758,2758,0,1,-769,-1,957,-3,0,2,1004,630,261,-1059,-770,215,74,0,0,0,0,0,0,0,0,0,0,11,0,0,0,0,0,0,0,0,0,0,0,2,1,93
2759,2759,0,0,-872,-8,-317,3,0,2,1104,630,261,-636,-770,263,75,0,0,0,0,0,0,0,0,0,0,11,0,0,0,0,0,0,0,0,0,0,0,2,1,81
2760,2760,0,1,-872,-8,-317,3,0,2,1110,630,261,-193,-846,305,75,0,0,0,0,0,0,0,0,0,0,11,0,0,0,0,0,0,0,0,0,0,0,2,1,62
2761,2761,0,0,-1517,-13,-938,-10,0,2,1176,630,261,397,-997,281,74,0,0,0,0,0,0,0,0,0,0,11,0,0,0,0,0,0,0,0,0,0,0,2,1,53
2762,2762,0,1,-1517,-13,-938,-10,0,2,1164,630,261,543,-1226,269,73,0,0,0,0,0,0,0,0,0,0,11,0,0,0,0,0,0,0,0,0,0,0,2,1,67
2763,2763,0,0,-906,-10,-706,-2,0,2,1392,630,261,638,-1271,285,73,0,0,0,0,0,0,0,0,0,0,11,0,0,0,0,0,0,0,0,0,0,0,2,1,82
2764,2764,0,1,-906,-10,-706,-2,0,2,1464,-261,630,768,-1013,229,74,0,0,0,0,0,0,0,0,0,0,11,0,0,0,0,0,0,0,0,0,0,0,2,1,88
2765,2765,0,0,207,15,-931,-3,0,2,1554,-261,630,775,-620,339,74,0,0,0,0,0,0,0,0,0,0,12,0,0,0,0,0,0,0,0,0,0,0,2,1,79
2766,2766,0,1,207,15,-931,-3,0,2,1670,-261,630,875,-72,333,74,0,0,0,0,0,0,0,0,0,0,11,0,0,0,0,0,0,0,0,0,0,0,2,1,62
2767,2767,0,0,1022,-2,-1244,4,0,2,1670,-261,630,1041,390,327,73,0,0,0,0,0,0,0,0,0,0,11,0,0,0,0,0,0,0,0,0,0,0,2,1,55
2768,2768,0,1,1022,-2,-1244,4,0,2,1730,-261,630,1285,501,261,72,0,0,0,0,0,0,0,0,0,0,11,0,0,0,0,0,0,0,0,0,0,0,2,1,69
2769,2769,0,0,710,6,-993,-1,0,2,1828,-261,630,1213,758,353,72,0,0,0,0,0,0,0,0,0,0,11,0,0,0,0,0,0,0,0,0,0,0,2,1,85
2770,2770,0,1,710,6,-993,-1,0,2,2022,-680,-261,1020,765,251,73,0,0,0,0,0,0,0,0,0,0,11,0,0,0,0,0,0,0,0,0,0,0,2,1,89
2771,2771,0,0,925,-3,404,-12,0,2,82,-680,-261,602,793,297,74,0,0,0,0,0,0,0,0,0,0,11,0,0,0,0,0,0,0,0,0,0,0,2,1,80
2772,2772,0,1,925,-3,404,-12,0,2,16,-680,-261,56,898,409,74,0,0,0,0,0,0,0,0,0,0,11,0,0,0,0,0,0,0,0,0,0,0,2,1,62
2773,2773,0,0,1300,-12,809,9,0,2,149,-680,-261,-402,1073,388,73,0,0,0,0,0,0,0,0,0,0,11,0,0,0,0,0,0,0,0,0,0,0,2,1,56
2774,2774,0,1,1300,-12,809,9,0,2,209,-680,-261,-673,1238,307,72,0,0,0,0,0,0,0,0,0,0,11,0,0,0,0,0,0,0,0,0,0,0,2,1,71
2775,2775,0,0,971,11,752,-16,0,2,366,-680,-261,-776,1249,325,73,0,0,0,0,0,0,0,0,0,0,11,0,0,0,0,0,0,0,0,0,0,0,2,1,88
2776,2776,0,1,971,11,752,-16,0,2,492,261,-680,-777,1035,217,74,0,0,0,0,0,0,0,0,0,0,11,0,0,0,0,0,0,0,0,0,0,0,2,1,92
2777,2777,0,0,-330,-10,905,9,0,2,596,261,-680,-785,609,261,74,0,0,0,0,0,0,0,0,0,0,11,0,0,0,0,0,0,0,0,0,0,0,2,1,80
2778,2778,0,1,-330,-10,905,9,0,2,674,261,-680,-875,71,227,74,0,0,0,0,0,0,0,0,0,0,11,0,0,0,0,0,0,0,0,0,0,0,2,1,62
2779,2779,0,0,-889,7,1360,-16,0,2,708,261,-680,-1077,-395,159,73,0,0,0,0,0,0,0,0,0,0,11,0,0,0,0,0,0,0,0,0,0,0,2,1,55
2780,2780,0,1,-889,7,1360,-16,0,2,721,261,-680,-1388,-515,78,73,0,0,0,0,0,0,0,0,0,0,11,0,0,0,0,0,0,0,0,0,0,0,2,1,71
2781,2781,0,0,-745,-9,1020,-4,0,2,874,261,-680,-1306,-780,100,73,0,0,0,0,0,0,0,0,0,0,11,0,0,0,0,0,0,0,0,0,0,0,2,1,91
2782,2782,0,1,-745,-9,1020,-4,0,2,1000,630,261,-1151,-619,-4,74,0,0,0,0,0,0,0,0,0,0,11,0,0,0,0,0,0,0,0,0,0,0,2,1,95
2783,2783,0,0,-958,2,-337,15,0,2,1090,630,261,-723,-687,58,75,0,0,0,0,0,0,0,0,0,0,11,0,0,0,0,0,0,0,0,0,0,0,2,1,81
2784,2784,0,1,-958,2,-337,15,0,2,1026,630,261,-234,-860,184,75,0,0,0,0,0,0,0,0,0,0,11,0,0,0,0,0,0,0,0,0,0,0,2,1,61
2785,2785,0,0,-1419,-11,-911,-15,0,2,1166,630,261,222,-1072,170,74,0,0,0,0,0,0,0,0,0,0,11,0,0,0,0,0,0,0,0,0,0,0,2,1,55
2786,2786,0,1,-1419,-11,-911,-15,0,2,1152,630,261,555,-1245,170,73,0,0,0,0,0,0,0,0,0,0,11,0,0,0,0,0,0,0,0,0,0,0,2,1,67
2787,2787,0,0,-1063,-7,-760,8,0,2,1238,630,261,678,-1281,84,73,0,0,0,0,0,0,0,0,0,0,11,0,0,0,0,0,0,0,0,0,0,0,2,1,84
2788,2788,0,1,-1063,-7,-760,8,0,2,1466,-261,630,651,-1112,26,74,0,0,0,0,0,0,0,0,0,0,11,0,0,0,0,0,0,0,0,0,0,0,2,1,89
2789,2789,0,0,373,-11,-908,-12,0,2,1536,-261,630,695,-700,-102,74,0,0,0,0,0,0,0,0,0,0,12,0,0,0,0,0,0,0,0,0,0,0,2,1,80
2790,2790,0,1,373,-11,-908,-12,0,2,1672,-261,630,872,-153,-110,74,0,0,0,0,0,0,0,0,0,0,11,0,0,0,0,0,0,0,0,0,0,0,2,1,60
2791,2791,0,0,917,-11,-1217,-1,0,2,1700,-261,630,1092,270,-146,73,0,0,0,0,0,0,0,0,0,0,11,0,0,0,0,0,0,0,0,0,0,0,2,1,55
2792,2792,0,1,917,-11,-1217,-1,0,2,1707,-261,630,1264,482,-189,72,0,0,0,0,0,0,0,0,0,0,12,0,0,0,0,0,0,0,0,0,0,0,2,1,69
2793,2793,0,0,784,-16,-1002,-10,0,2,1685,-261,630,1293,559,-210,72,0,0,0,0,0,0,0,0,0,0,11,0,0,0,0,0,0,0,0,0,0,0,2,1,83
2794,2794,0,1,784,-16,-1002,-10,0,2,2031,-680,-261,1116,604,-321,73,0,0,0,0,0,0,0,0,0,0,11,0,0,0,0,0,0,0,0,0,0,0,2,1,87
2795,2795,0,0,840,8,389,5,0,2,5,-680,-261,716,697,-198,74,0,0,0,0,0,0,0,0,0,0,11,0,0,0,0,0,0,0,0,0,0,0,2,1,78
2796,2796,0,1,840,8,389,5,0,2,70,-680,-261,191,871,-140,74,0,0,0,0,0,0,0,0,0,0,11,0,0,0,0,0,0,0,0,0,0,0,2,1,62
2797,2797,0,0,1363,-13,830,-2,0,2,131,-680,-261,-245,1100,-143,73,0,0,0,0,0,0,0,0,0,0,11,0,0,0,0,0,0,0,0,0,0,0,2,1,55
2798,2798,0,1,1363,-13,830,-2,0,2,185,-680,-261,-509,1299,-200,72,0,0,0,0,0,0,0,0,0,0,11,0,0,0,0,0,0,0,0,0,0,0,2,1,69
2799,2799,0,0,942,14,734,-2,0,2,210,-680,-261,-596,1353,-282,73,0,0,0,0,0,0,0,0,0,0,11,0,0,0,0,0,0,0,0,0,0,0,2,1,86
2800,2800,0,1,942,14,734,-2,0,2,435,261,-680,-621,1169,-333,73,0,0,0,0,0,0,0,0,0,0,11,0,0,0,0,0,0,0,0,0,0,0,2,1,91
2801,2801,0,0,-281,7,923,-5,0,2,582,261,-680,-710,751,-275,74,0,0,0,0,0,0,0,0,0,0,11,0,0,0,0,0,0,0,0,0,0,0,2,1,82
2802,2802,0,1,-281,7,923,-5,0,2,536,261,-680,-906,207,-171,74,0,0,0,0,0,0,0,0,0,0,11,0,0,0,0,0,0,0,0,0,0,0,2,1,64
2803,2803,0,0,-912,-16,1354,10,0,2,646,261,-680,-1150,-255,-177,73,0,0,0,0,0,0,0,0,0,0,11,0,0,0,0,0,0,0,0,0,0,0,2,1,57
2804,2804,0,1,-912,-16,1354,10,0,2,654,261,-680,-1360,-517,-191,73,0,0,0,0,0,0,0,0,0,0,11,0,0,0,0,0,0,0,0,0,0,0,2,1,73
2805,2805,0,0,-761,7,1060,4,0,2,726,261,-680,-1402,-617,-277,73,0,0,0,0,0,0,0,0,0,0,11,0,0,0,0,0,0,0,0,0,0,0,2,1,90
2806,2806,0,1,-761,7,1060,4,0,2,960,630,261,-1216,-627,-341,74,0,0,0,0,0,0,0,0,0,0,11,0,0,0,0,0,0,0,0,0,0,0,2,1,94
2807,2807,0,0,-949,11,-458,-10,0,2,1092,630,261,-763,-708,-281,75,0,0,0,0,0,0,0,0,0,0,12,0,0,0,0,0,0,0,0,0,0,0,2,1,84
2808,2808,0,1,-949,11,-458,-10,0,2,1028,630,261,-183,-869,-157,75,0,0,0,0,0,0,0,0,0,0,11,0,0,0,0,0,0,0,0,0,0,0,2,1,63
2809,2809,0,0,-1372,4,-823,9,0,2,1030,630,261,289,-1061,-35,74,0,0,0,0,0,0,0,0,0,0,11,0,0,0,0,0,0,0,0,0,0,0,2,1,55
2810,2810,0,1,-1372,4,-823,9,0,2,1179,630,261,554,-1217,-62,73,0,0,0,0,0,0,0,0,0,0,12,0,0,0,0,0,0,0,0,0,0,0,2,1,68
2811,2811,0,0,-1053,3,-842,-10,0,2,1220,630,261,653,-1257,-130,73,0,0,0,0,0,0,0,0,0,0,11,0,0,0,0,0,0,0,0,0,0,0,2,1,83
2812,2812,0,1,-1053,3,-842,-10,0,2,1526,-261,630,665,-1109,-248,74,0,0,0,0,0,0,0,0,0,0,11,0,0,0,0,0,0,0,0,0,0,0,2,1,87
2813,2813,0,0,398,14,-797,3,0,2,1622,-261,630,703,-714,-206,74,0,0,0,0,0,0,0,0,0,0,11,0,0,0,0,0,0,0,0,0,0,0,2,1,80
2814,2814,0,1,398,14,-797,3,0,2,1546,-261,630,845,-165,-88,74,0,0,0,0,0,0,0,0,0,0,11,0,0,0,0,0,0,0,0,0,0,0,2,1,62
2815,2815,0,0,827,-5,-1332,12,0,2,1715,-261,630,1061,275,-139,73,0,0,0,0,0,0,0,0,0,0,11,0,0,0,0,0,0,0,0,0,0,0,2,1,53
2816,2816,0,1,827,-5,-1332,12,0,2,1696,-261,630,1273,492,-171,72,0,0,0,0,0,0,0,0,0,0,11,0,0,0,0,0,0,0,0,0,0,0,2,1,68
2817,2817,0,0,864,0,-882,14,0,2,1756,-261,630,1312,574,-263,72,0,0,0,0,0,0,0,0,0,0,11,0,0,0,0,0,0,0,0,0,0,0,2,1,84
2818,2818,0,1,864,0,-882,14,0,2,2018,-680,-261,1120,599,-361,73,0,0,0,0,0,0,0,0,0,0,11,0,0,0,0,0,0,0,0,0,0,0,2,1,88
2819,2819,0,0,756,-12,240,-16,0,2,18,-680,-261,709,698,-251,74,0,0,0,0,0,0,0,0,0,0,11,0,0,0,0,0,0,0,0,0,0,0,2,1,78
2820,2820,0,1,756,-12,240,-16,0,2,87,-680,-261,203,873,-210,74,0,0,0,0,0,0,0,0,0,0,11,0,0,0,0,0,0,0,0,0,0,0,2,1,61
2821,2821,0,0,1438,-2,947,-13,0,2,132,-680,-261,-232,1101,-214,73,0,0,0,0,0,0,0,0,0,0,11,0,0,0,0,0,0,0,0,0,0,0,2,1,55
2822,2822,0,1,1438,-2,947,-13,0,2,22,-680,-261,-496,1308,-108,72,0,0,0,0,0,0,0,0,0,0,11,0,0,0,0,0,0,0,0,0,0,0,2,1,70
2823,2823,0,0,881,-15,671,-1,0,2,148,-680,-261,-622,1357,-128,72,0,0,0,0,0,0,0,0,0,0,11,0,0,0,0,0,0,0,0,0,0,0,2,1,87
2824,2824,0,1,881,-15,671,-1,0,2,439,261,-680,-645,1180,-183,73,0,0,0,0,0,0,0,0,0,0,11,0,0,0,0,0,0,0,0,0,0,0,2,1,92
2825,2825,0,0,-240,-16,993,1,0,2,580,261,-680,-727,732,-123,74,0,0,0,0,0,0,0,0,0,0,11,0,0,0,0,0,0,0,0,0,0,0,2,1,83
2826,2826,0,1,-240,-16,993,1,0,2,534,261,-680,-911,139,-17,74,0,0,0,0,0,0,0,0,0,0,11,0,0,0,0,0,0,0,0,0,0,0,2,1,63
2827,2827,0,0,-975,-15,1308,-4,0,2,651,261,-680,-1139,-303,-28,73,0,0,0,0,0,0,0,0,0,0,11,0,0,0,0,0,0,0,0,0,0,0,2,1,57
2828,2828,0,1,-975,-15,1308,-4,0,2,674,261,-680,-1325,-511,-62,73,0,0,0,0,0,0,0,0,0,0,11,0,0,0,0,0,0,0,0,0,0,0,2,1,72
2829,2829,0,0,-666,6,1032,8,0,2,661,261,-680,-1366,-602,-83,73,0,0,0,0,0,0,0,0,0,0,11,0,0,0,0,0,0,0,0,0,0,0,2,1,88
2830,2830,0,1,-666,6,1032,8,0,2,999,630,261,-1196,-648,-186,74,0,0,0,0,0,0,0,0,0,0,11,0,0,0,0,0,0,0,0,0,0,0,2,1,92
2831,2831,0,0,-940,-12,-378,6,0,2,1098,630,261,-748,-722,-132,75,0,0,0,0,0,0,0,0,0,0,11,0,0,0,0,0,0,0,0,0,0,0,2,1,84
2832,2832,0,1,-940,-12,-378,6,0,2,1110,630,261,-165,-834,-90,75,0,0,0,0,0,0,0,0,0,0,11,0,0,0,0,0,0,0,0,0,0,0,2,1,64
2833,2833,0,0,-1479,-7,-877,-13,0,2,1158,630,261,282,-1031,-96,74,0,0,0,0,0,0,0,0,0,0,11,0,0,0,0,0,0,0,0,0,0,0,2,1,52
2834,2834,0,1,-1479,-7,-877,-13,0,2,1186,630,261,507,-1240,-130,73,0,0,0,0,0,0,0,0,0,0,11,0,0,0,0,0,0,0,0,0,0,0,2,1,66
2835,2835,0,0,-946,14,-777,-9,0,2,1232,630,261,619,-1279,-210,73,0,0,0,0,0,0,0,0,0,0,11,0,0,0,0,0,0,0,0,0,0,0,2,1,83
2836,2836,0,1,-946,14,-777,-9,0,2,1506,-261,630,685,-1081,-308,74,0,0,0,0,0,0,0,0,0,0,11,0,0,0,0,0,0,0,0,0,0,0,2,1,88
2837,2837,0,0,237,13,-860,4,0,2,1622,-261,630,730,-689,-266,74,0,0,0,0,0,0,0,0,0,0,12,0,0,0,0,0,0,0,0,0,0,0,2,1,79
2838,2838,0,1,237,13,-860,4,0,2,1620,-261,630,814,-200,-222,74,0,0,0,0,0,0,0,0,0,0,11,0,0,0,0,0,0,0,0,0,0,0,2,1,61
2839,2839,0,0,963,3,-1275,5,0,2,1682,-261,630,1029,230,-240,73,0,0,0,0,0,0,0,0,0,0,11,0,0,0,0,0,0,0,0,0,0,0,2,1,52
2840,2840,0,1,963,3,-1275,5,0,2,1670,-261,630,1298,498,-246,72,0,0,0,0,0,0,0,0,0,0,11,0,0,0,0,0,0,0,0,0,0,0,2,1,65
2841,2841,0,0,753,-15,-1013,11,0,2,1898,-261,630,1347,600,-224,72,0,0,0,0,0,0,0,0,0,0,11,0,0,0,0,0,0,0,0,0,0,0,2,1,86
2842,2842,0,1,753,-15,-1013,11,0,2,1970,-680,-261,1107,602,-274,73,0,0,0,0,0,0,0,0,0,0,11,0,0,0,0,0,0,0,0,0,0,0,2,1,92
2843,2843,0,0,898,2,422,6,0,2,70,-680,-261,693,684,-216,74,0,0,0,0,0,0,0,0,0,0,12,0,0,0,0,0,0,0,0,0,0,0,2,1,78
2844,2844,0,1,898,2,422,6,0,2,86,-680,-261,218,892,-174,74,0,0,0,0,0,0,0,0,0,0,11,0,0,0,0,0,0,0,0,0,0,0,2,1,60
2845,2845,0,0,1306,-6,809,9,0,2,128,-680,-261,-215,1128,-174,73,0,0,0,0,0,0,0,0,0,0,11,0,0,0,0,0,0,0,0,0,0,0,2,1,57
2846,2846,0,1,1306,-6,809,9,0,2,147,-680,-261,-517,1303,-193,72,0,0,0,0,0,0,0,0,0,0,12,0,0,0,0,0,0,0,0,0,0,0,2,1,70
2847,2847,0,0,996,4,766,-2,0,2,197,-680,-261,-621,1331,-262,72,0,0,0,0,0,0,0,0,0,0,11,0,0,0,0,0,0,0,0,0,0,0,2,1,87
2848,2848,0,1,996,4,766,-2,0,2,436,261,-680,-598,1152,-314,73,0,0,0,0,0,0,0,0,0,0,11,0,0,0,0,0,0,0,0,0,0,0,2,1,91
2849,2849,0,0,-366,-14,887,-9,0,2,531,261,-680,-661,733,-205,74,0,0,0,0,0,0,0,0,0,0,12,0,0,0,0,0,0,0,0,0,0,0,2,1,80
2850,2850,0,1,-366,-14,887,-9,0,2,538,261,-680,-876,181,-103,74,0,0,0,0,0,0,0,0,0,0,11,0,0,0,0,0,0,0,0,0,0,0,2,1,61
2851,2851,0,0,-832,0,1401,-7,0,2,676,261,-680,-1158,-257,-139,73,0,0,0,0,0,0,0,0,0,0,11,0,0,0,0,0,0,0,0,0,0,0,2,1,55
2852,2852,0,1,-832,0,1401,-7,0,2,658,261,-680,-1388,-491,-157,72,0,0,0,0,0,0,0,0,0,0,12,0,0,0,0,0,0,0,0,0,0,0,2,1,73
2853,2853,0,0,-815,-15,984,-8,0,2,646,261,-680,-1405,-590,-163,73,0,0,0,0,0,0,0,0,0,0,11,0,0,0,0,0,0,0,0,0,0,0,2,1,90
2854,2854,0,1,-815,-15,984,-8,0,2,958,630,261,-1162,-642,-225,74,0,0,0,0,0,0,0,0,0,0,11,0,0,0,0,0,0,0,0,0,0,0,2,1,93
2855,2855,0,0,-898,-2,-332,-12,0,2,1095,630,261,-742,-699,-168,75,0,0,0,0,0,0,0,0,0,0,12,0,0,0,0,0,0,0,0,0,0,0,2,1,81
2856,2856,0,1,-898,-2,-332,-12,0,2,1094,630,261,-234,-837,-110,74,0,0,0,0,0,0,0,0,0,0,12,0,0,0,0,0,0,0,0,0,0,0,2,1,63
2857,2857,0,0,-1479,-7,-913,15,0,2,1024,630,261,217,-1042,-238,73,0,0,0,0,0,0,0,0,0,0,11,0,0,0,0,0,0,0,0,0,0,0,2,1,53
2858,2858,0,1,-1479,-7,-913,15,0,2,1156,630,261,524,-1241,-242,73,0,0,0,0,0,0,0,0,0,0,12,0,0,0,0,0,0,0,0,0,0,0,2,1,66
2859,2859,0,0,-984,8,-795,5,0,2,1173,630,261,645,-1302,-263,73,0,0,0,0,0,0,0,0,0,0,12,0,0,0,0,0,0,0,0,0,0,0,2,1,83
2860,2860,0,1,-984,8,-795,5,0,2,1456,-261,630,647,-1137,-311,73,0,0,0,0,0,0,0,0,0,0,11,0,0,0,0,0,0,0,0,0,0,0,2,1,89
2861,2861,0,0,336,-16,-840,-8,0,2,1538,-261,630,704,-714,-185,74,0,0,0,0,0,0,0,0,0,0,12,0,0,0,0,0,0,0,0,0,0,0,2,1,80
2862,2862,0,1,336,-16,-840,-8,0,2,1665,-261,630,868,-153,-186,74,0,0,0,0,0,0,0,0,0,0,12,0,0,0,0,0,0,0,0,0,0,0,2,1,62
2863,2863,0,0,925,-3,-1340,4,0,2,1685,-261,630,1083,275,-207,73,0,0,0,0,0,0,0,0,0,0,11,0,0,0,0,0,0,0,0,0,0,0,2,1,54
2864,2864,0,1,925,-3,-1340,4,0,2,1670,-261,630,1264,481,-213,72,0,0,0,0,0,0,0,0,0,0,12,0,0,0,0,0,0,0,0,0,0,0,2,1,69
2865,2865,0,0,760,-8,-846,-14,0,2,1620,-261,630,1302,562,-169,72,0,0,0,0,0,0,0,0,0,0,12,0,0,0,0,0,0,0,0,0,0,0,2,1,83
2866,2866,0,1,760,-8,-846,-14,0,2,2032,-680,-261,1130,608,-281,73,0,0,0,0,0,0,0,0,0,0,11,0,0,0,0,0,0,0,0,0,0,0,2,1,87
2867,2867,0,0,891,-5,221,-3,0,2,80,-680,-261,720,698,-233,74,0,0,0,0,0,0,0,0,0,0,11,0,0,0,0,0,0,0,0,0,0,0,2,1,79
2868,2868,0,1,891,-5,221,-3,0,2,70,-680,-261,179,867,-175,73,0,0,0,0,0,0,0,0,0,0,11,0,0,0,0,0,0,0,0,0,0,0,2,1,62
2869,2869,0,0,1330,-14,981,-11,0,2,132,-680,-261,-247,1102,-179,73,0,0,0,0,0,0,0,0,0,0,11,0,0,0,0,0,0,0,0,0,0,0,2,1,55
2870,2870,0,1,1330,-14,981,-11,0,2,161,-680,-261,-474,1318,-212,72,0,0,0,0,0,0,0,0,0,0,12,0,0,0,0,0,0,0,0,0,0,0,2,1,70
2871,2871,0,0,1027,3,602,-6,0,2,145,-680,-261,-580,1361,-229,72,0,0,0,0,0,0,0,0,0,0,11,0,0,0,0,0,0,0,0,0,0,0,2,1,86
2872,2872,0,1,1027,3,602,-6,0,2,511,261,-680,-643,1162,-356,73,0,0,0,0,0,0,0,0,0,0,11,0,0,0,0,0,0,0,0,0,0,0,2,1,91
2873,2873,0,0,-371,13,1042,-14,0,2,582,261,-680,-733,735,-298,74,0,0,0,0,0,0,0,0,0,0,11,0,0,0,0,0,0,0,0,0,0,0,2,1,82
2874,2874,0,1,-371,13,1042,-14,0,2,592,261,-680,-893,196,-250,74,0,0,0,0,0,0,0,0,0,0,11,0,0,0,0,0,0,0,0,0,0,0,2,1,64
2875,2875,0,0,-864,0,1324,12,0,2,642,261,-680,-1138,-246,-252,73,0,0,0,0,0,0,0,0,0,0,11,0,0,0,0,0,0,0,0,0,0,0,2,1,56
2876,2876,0,1,-864,0,1324,12,0,2,644,261,-680,-1368,-520,-256,72,0,0,0,0,0,0,0,0,0,0,11,0,0,0,0,0,0,0,0,0,0,0,2,1,72
2877,2877,0,0,-795,5,1007,15,0,2,663,261,-680,-1407,-631,-279,73,0,0,0,0,0,0,0,0,0,0,11,0,0,0,0,0,0,0,0,0,0,0,2,1,91
2878,2878,0,1,-795,5,1007,15,0,2,954,630,261,-1178,-662,-337,74,0,0,0,0,0,0,0,0,0,0,11,0,0,0,0,0,0,0,0,0,0,0,2,1,95
2879,2879,0,0,-926,2,-323,-3,0,2,1029,630,261,-725,-715,-214,75,0,0,0,0,0,0,0,0,0,0,12,0,0,0,0,0,0,0,0,0,0,0,2,1,84
2880,2880,0,1,-926,2,-323,-3,0,2,1046,630,261,-174,-844,-108,75,0,0,0,0,0,0,0,0,0,0,11,0,0,0,0,0,0,0,0,0,0,0,2,1,63
2881,2881,0,0,-1433,7,-969,-9,0,2,1032,630,261,277,-1053,12,74,0,0,0,0,0,0,0,0,0,0,11,0,0,0,0,0,0,0,0,0,0,0,2,1,53
2882,2882,0,1,-1433,7,-969,-9,0,2,1156,630,261,542,-1256,8,73,0,0,0,0,0,0,0,0,0,0,12,0,0,0,0,0,0,0,0,0,0,0,2,1,68
2883,2883,0,0,-986,6,-709,-5,0,2,1220,630,261,647,-1275,-60,73,0,0,0,0,0,0,0,0,0,0,11,0,0,0,0,0,0,0,0,0,0,0,2,1,85
2884,2884,0,1,-986,6,-709,-5,0,2,1471,-261,630,652,-1065,-123,74,0,0,0,0,0,0,0,0,0,0,11,0,0,0,0,0,0,0,0,0,0,0,2,1,89
2885,2885,0,0,308,-12,-884,12,0,2,1618,-261,630,710,-677,-77,74,0,0,0,0,0,0,0,0,0,0,12,0,0,0,0,0,0,0,0,0,0,0,2,1,77
2886,2886,0,1,308,-12,-884,12,0,2,1539,-261,630,857,-214,48,74,0,0,0,0,0,0,0,0,0,0,11,0,0,0,0,0,0,0,0,0,0,0,2,1,60
2887,2887,0,0,934,6,-1293,-13,0,2,1671,-261,630,1076,213,41,73,0,0,0,0,0,0,0,0,0,0,11,0,0,0,0,0,0,0,0,0,0,0,2,1,54
2888,2888,0,1,934,6,-1293,-13,0,2,1682,-261,630,1283,512,23,72,0,0,0,0,0,0,0,0,0,0,11,0,0,0,0,0,0,0,0,0,0,0,2,1,67
2889,2889,0,0,706,2,-943,-15,0,2,1898,-261,630,1333,601,45,72,0,0,0,0,0,0,0,0,0,0,11,0,0,0,0,0,0,0,0,0,0,0,2,1,85
2890,2890,0,1,706,2,-943,-15,0,2,1978,-680,-261,1150,564,-13,73,0,0,0,0,0,0,0,0,0,0,11,0,0,0,0,0,0,0,0,0,0,0,2,1,90
2891,2891,0,0,969,9,308,-12,0,2,54,-680,-261,732,652,61,74,0,0,0,0,0,0,0,0,0,0,11,0,0,0,0,0,0,0,0,0,0,0,2,1,79
2892,2892,0,1,969,9,308,-12,0,2,20,-680,-261,191,907,169,74,0,0,0,0,0,0,0,0,0,0,11,0,0,0,0,0,0,0,0,0,0,0,2,1,60
2893,2893,0,0,1270,-10,886,-10,0,2,2,-680,-261,-247,1165,295,73,0,0,0,0,0,0,0,0,0,0,11,0,0,0,0,0,0,0,0,0,0,0,2,1,57
2894,2894,0,1,1270,-10,886,-10,0,2,148,-680,-261,-493,1324,275,72,0,0,0,0,0,0,0,0,0,0,11,0,0,0,0,0,0,0,0,0,0,0,2,1,73
2895,2895,0,0,1000,8,747,11,0,2,172,-680,-261,-599,1333,231,73,0,0,0,0,0,0,0,0,0,0,11,0,0,0,0,0,0,0,0,0,0,0,2,1,88
2896,2896,0,1,1000,8,747,11,0,2,446,261,-680,-655,1146,169,74,0,0,0,0,0,0,0,0,0,0,11,0,0,0,0,0,0,0,0,0,0,0,2,1,90
2897,2897,0,0,-360,-8,891,-5,0,2,563,261,-680,-737,740,246,74,0,0,0,0,0,0,0,0,0,0,11,0,0,0,0,0,0,0,0,0,0,0,2,1,81
2898,2898,0,1,-360,-8,891,-5,0,2,579,261,-680,-902,198,307,74,0,0,0,0,0,0,0,0,0,0,11,0,0,0,0,0,0,0,0,0,0,0,2,1,64
2899,2899,0,0,-878,-14,1377,1,0,2,528,261,-680,-1140,-267,419,74,0,0,0,0,0,0,0,0,0,0,11,0,0,0,0,0,0,0,0,0,0,0,2,1,57
2900,2900,0,1,-878,-14,1377,1,0,2,655,261,-680,-1358,-546,404,73,0,0,0,0,0,0,0,0,0,0,11,0,0,0,0,0,0,0,0,0,0,0,2,1,72
2901,2901,0,0,-747,-11,919,-9,0,2,734,261,-680,-1388,-640,310,73,0,0,0,0,0,0,0,0,0,0,11,0,0,0,0,0,0,0,0,0,0,0,2,1,90
2902,2902,0,1,-747,-11,919,-9,0,2,954,630,261,-1166,-629,252,74,0,0,0,0,0,0,0,0,0,0,11,0,0,0,0,0,0,0,0,0,0,0,2,1,94
2903,2903,0,0,-961,-1,-236,-12,0,2,1026,630,261,-738,-671,378,75,0,0,0,0,0,0,0,0,0,0,12,0,0,0,0,0,0,0,0,0,0,0,2,1,82
2904,2904,0,1,-961,-1,-236,-12,0,2,1116,630,261,-203,-839,414,75,0,0,0,0,0,0,0,0,0,0,11,0,0,0,0,0,0,0,0,0,0,0,2,1,61
2905,2905,0,0,-1394,14,-1033,-9,0,2,1157,630,261,258,-1061,409,74,0,0,0,0,0,0,0,0,0,0,11,0,0,0,0,0,0,0,0,0,0,0,2,1,53
2906,2906,0,1,-1394,14,-1033,-9,0,2,1152,630,261,535,-1252,409,73,0,0,0,0,0,0,0,0,0,0,12,0,0,0,0,0,0,0,0,0,0,0,2,1,67
2907,2907,0,0,-1038,-14,-659,13,0,2,1222,630,261,619,-1290,339,73,0,0,0,0,0,0,0,0,0,0,12,0,0,0,0,0,0,0,0,0,0,0,2,1,84
2908,2908,0,1,-1038,-14,-659,13,0,2,1532,-261,630,621,-1103,215,74,0,0,0,0,0,0,0,0,0,0,11,0,0,0,0,0,0,0,0,0,0,0,2,1,88
2909,2909,0,0,325,5,-945,15,0,2,1605,-261,630,698,-706,274,75,0,0,0,0,0,0,0,0,0,0,12,0,0,0,0,0,0,0,0,0,0,0,2,1,77
2910,2910,0,1,325,5,-945,15,0,2,1539,-261,630,889,-201,399,74,0,0,0,0,0,0,0,0,0,0,11,0,0,0,0,0,0,0,0,0,0,0,2,1,61
2911,2911,0,0,903,7,-1256,-8,0,2,1681,-261,630,1107,229,382,73,0,0,0,0,0,0,0,0,0,0,11,0,0,0,0,0,0,0,0,0,0,0,2,1,56
2912,2912,0,1,903,7,-1256,-8,0,2,1670,-261,630,1261,504,376,72,0,0,0,0,0,0,0,0,0,0,11,0,0,0,0,0,0,0,0,0,0,0,2,1,70
2913,2913,0,0,848,-16,-993,-1,0,2,1684,-261,630,1285,612,356,72,0,0,0,0,0,0,0,0,0,0,11,0,0,0,0,0,0,0,0,0,0,0,2,1,84
2914,2914,0,1,848,-16,-993,-1,0,2,2040,-680,-261,1126,623,236,73,0,0,0,0,0,0,0,0,0,0,11,0,0,0,0,0,0,0,0,0,0,0,2,1,88
2915,2915,0,0,798,-2,423,7,0,2,1,-680,-261,722,693,363,74,0,0,0,0,0,0,0,0,0,0,11,0,0,0,0,0,0,0,0,0,0,0,2,1,79
2916,2916,0,1,798,-2,423,7,0,2,93,-680,-261,180,863,398,74,0,0,0,0,0,0,0,0,0,0,11,0,0,0,0,0,0,0,0,0,0,0,2,1,62
2917,2917,0,0,1393,-15,759,-9,0,2,136,-680,-261,-259,1099,390,73,0,0,0,0,0,0,0,0,0,0,11,0,0,0,0,0,0,0,0,0,0,0,2,1,54
2918,2918,0,1,1393,-15,759,-9,0,2,130,-680,-261,-511,1300,388,72,0,0,0,0,0,0,0,0,0,0,11,0,0,0,0,0,0,0,0,0,0,0,2,1,69
2919,2919,0,0,924,-4,827,-5,0,2,208,-680,-261,-595,1330,308,73,0,0,0,0,0,0,0,0,0,0,11,0,0,0,0,0,0,0,0,0,0,0,2,1,86
2920,2920,0,1,924,-4,827,-5,0,2,445,261,-680,-628,1117,247,74,0,0,0,0,0,0,0,0,0,0,11,0,0,0,0,0,0,0,0,0,0,0,2,1,90
2921,2921,0,0,-281,7,791,-9,0,2,515,261,-680,-717,721,372,74,0,0,0,0,0,0,0,0,0,0,11,0,0,0,0,0,0,0,0,0,0,0,2,1,79
2922,2922,0,1,-281,7,791,-9,0,2,536,261,-680,-903,231,476,74,0,0,0,0,0,0,0,0,0,0,11,0,0,0,0,0,0,0,0,0,0,0,2,1,62
2923,2923,0,0,-865,-1,1503,-1,0,2,528,261,-680,-1145,-226,588,73,0,0,0,0,0,0,0,0,0,0,11,0,0,0,0,0,0,0,0,0,0,0,2,1,57
2924,2924,0,1,-865,-1,1503,-1,0,2,678,261,-680,-1350,-557,550,72,0,0,0,0,0,0,0,0,0,0,11,0,0,0,0,0,0,0,0,0,0,0,2,1,72
2925,2925,0,0,-780,-12,877,13,0,2,662,261,-680,-1394,-647,528,73,0,0,0,0,0,0,0,0,0,0,11,0,0,0,0,0,0,0,0,0,0,0,2,1,90
2926,2926,0,1,-780,-12,877,13,0,2,943,630,261,-1192,-607,481,74,0,0,0,0,0,0,0,0,0,0,11,0,0,0,0,0,0,0,0,0,0,0,2,1,95
2927,2927,0,0,-893,3,-220,4,0,2,1047,630,261,-757,-662,586,75,0,0,0,0,0,0,0,0,0,0,11,0,0,0,0,0,0,0,0,0,0,0,2,1,82
2928,2928,0,1,-893,3,-220,4,0,2,1118,630,261,-209,-859,620,74,0,0,0,0,0,0,0,0,0,0,11,0,0,0,0,0,0,0,0,0,0,0,2,1,62
2929,2929,0,0,-1488,-16,-1034,-10,0,2,1165,630,261,242,-1089,607,74,0,0,0,0,0,0,0,0,0,0,11,0,0,0,0,0,0,0,0,0,0,0,2,1,54
2930,2930,0,1,-1488,-16,-1034,-10,0,2,1174,630,261,518,-1257,585,73,0,0,0,0,0,0,0,0,0,0,11,0,0,0,0,0,0,0,0,0,0,0,2,1,69
2931,2931,0,0,-976,-16,-665,7,0,2,1153,630,261,652,-1286,584,73,0,0,0,0,0,0,0,0,0,0,11,0,0,0,0,0,0,0,0,0,0,0,2,1,84
2932,2932,0,1,-976,-16,-665,7,0,2,1460,-261,630,693,-1121,532,74,0,0,0,0,0,0,0,0,0,0,11,0,0,0,0,0,0,0,0,0,0,0,2,1,89
2933,2933,0,0,335,15,-997,-5,0,2,1575,-261,630,735,-700,621,74,0,0,0,0,0,0,0,0,0,0,11,0,0,0,0,0,0,0,0,0,0,0,2,1,81
2934,2934,0,1,335,15,-997,-5,0,2,1542,-261,630,843,-139,743,74,0,0,0,0,0,0,0,0,0,0,11,0,0,0,0,0,0,0,0,0,0,0,2,1,63
2935,2935,0,0,918,-10,-1177,7,0,2,1672,-261,630,1051,273,735,73,0,0,0,0,0,0,0,0,0,0,11,0,0,0,0,0,0,0,0,0,0,0,2,1,53
2936,2936,0,1,918,-10,-1177,7,0,2,1715,-261,630,1275,459,684,72,0,0,0,0,0,0,0,0,0,0,11,0,0,0,0,0,0,0,0,0,0,0,2,1,67
2937,2937,0,0,747,11,-988,4,0,2,1895,-261,630,1324,554,709,72,0,0,0,0,0,0,0,0,0,0,11,0,0,0,0,0,0,0,0,0,0,0,2,1,84
2938,2938,0,1,747,11,-988,4,0,2,2028,-680,-261,1015,765,601,73,0,0,0,0,0,0,0,0,0,0,11,0,0,0,0,0,0,0,0,0,0,0,2,1,89
2939,2939,0,0,896,0,323,3,0,2,82,-680,-261,599,787,647,74,0,0,0,0,0,0,0,0,0,0,11,0,0,0,0,0,0,0,0,0,0,0,2,1,80
2940,2940,0,1,896,0,323,3,0,2,80,-680,-261,197,829,695,74,0,0,0,0,0,0,0,0,0,0,11,0,0,0,0,0,0,0,0,0,0,0,2,1,62
2941,2941,0,0,1311,-1,872,8,0,2,129,-680,-261,-220,1070,694,73,0,0,0,0,0,0,0,0,0,0,11,0,0,0,0,0,0,0,0,0,0,0,2,1,52
2942,2942,0,1,1311,-1,872,8,0,2,210,-680,-261,-470,1342,612,72,0,0,0,0,0,0,0,0,0,0,11,0,0,0,0,0,0,0,0,0,0,0,2,1,67
2943,2943,0,0,1021,-3,740,4,0,2,365,-680,-261,-589,1383,631,72,0,0,0,0,0,0,0,0,0,0,11,0,0,0,0,0,0,0,0,0,0,0,2,1,88
2944,2944,0,1,1021,-3,740,4,0,2,438,261,-680,-643,1129,577,73,0,0,0,0,0,0,0,0,0,0,11,0,0,0,0,0,0,0,0,0,0,0,2,1,93
2945,2945,0,0,-359,-7,893,-3,0,2,545,261,-680,-798,596,672,74,0,0,0,0,0,0,0,0,0,0,12,0,0,0,0,0,0,0,0,0,0,0,2,1,80
2946,2946,0,1,-359,-7,893,-3,0,2,580,261,-680,-877,217,732,74,0,0,0,0,0,0,0,0,0,0,11,0,0,0,0,0,0,0,0,0,0,0,2,1,62
2947,2947,0,0,-850,14,1455,15,0,2,690,261,-680,-1131,-227,682,73,0,0,0,0,0,0,0,0,0,0,11,0,0,0,0,0,0,0,0,0,0,0,2,1,55
2948,2948,0,1,-850,14,1455,15,0,2,648,261,-680,-1386,-543,674,72,0,0,0,0,0,0,0,0,0,0,12,0,0,0,0,0,0,0,0,0,0,0,2,1,71
2949,2949,0,0,-797,3,949,-11,0,2,815,261,-680,-1313,-821,755,73,0,0,0,0,0,0,0,0,0,0,11,0,0,0,0,0,0,0,0,0,0,0,2,1,92
2950,2950,0,1,-797,3,949,-11,0,2,945,630,261,-1076,-763,706,74,0,0,0,0,0,0,0,0,0,0,11,0,0,0,0,0,0,0,0,0,0,0,2,1,97
2951,2951,0,0,-939,-11,-315,5,0,2,1088,630,261,-622,-768,770,75,0,0,0,0,0,0,0,0,0,0,12,0,0,0,0,0,0,0,0,0,0,0,2,1,82
2952,2952,0,1,-939,-11,-315,5,0,2,1112,630,261,-69,-899,810,75,0,0,0,0,0,0,0,0,0,0,12,0,0,0,0,0,0,0,0,0,0,0,2,1,61
2953,2953,0,0,-1379,-3,-954,6,0,2,1173,630,261,398,-1042,789,74,0,0,0,0,0,0,0,0,0,0,12,0,0,0,0,0,0,0,0,0,0,0,2,1,56
2954,2954,0,1,-1379,-3,-954,6,0,2,1152,630,261,683,-1127,789,73,0,0,0,0,0,0,0,0,0,0,12,0,0,0,0,0,0,0,0,0,0,0,2,1,69
2955,2955,0,0,-1041,15,-736,0,0,2,1315,630,261,786,-1129,882,73,0,0,0,0,0,0,0,0,0,0,12,0,0,0,0,0,0,0,0,0,0,0,2,1,82
2956,2956,0,1,-1041,15,-736,0,0,2,1520,-261,630,772,-988,770,74,0,0,0,0,0,0,0,0,0,0,12,0,0,0,0,0,0,0,0,0,0,0,2,1,86
2957,2957,0,0,364,12,-856,8,0,2,1605,-261,630,779,-615,829,74,0,0,0,0,0,0,0,0,0,0,12,0,0,0,0,0,0,0,0,0,0,0,2,1,78
2958,2958,0,1,364,12,-856,8,0,2,1664,-261,630,868,-82,829,74,0,0,0,0,0,0,0,0,0,0,12,0,0,0,0,0,0,0,0,0,0,0,2,1,62
2959,2959,0,0,847,15,-1289,-9,0,2,1733,-261,630,1013,401,760,73,0,0,0,0,0,0,0,0,0,0,11,0,0,0,0,0,0,0,0,0,0,0,2,1,54
2960,2960,0,1,847,15,-1289,-9,0,2,1750,-261,630,1179,649,674,72,0,0,0,0,0,0,0,0,0,0,12,0,0,0,0,0,0,0,0,0,0,0,2,1,68
2961,2961,0,0,822,-10,-964,-4,0,2,1856,-261,630,1193,782,738,72,0,0,0,0,0,0,0,0,0,0,11,0,0,0,0,0,0,0,0,0,0,0,2,1,84
2962,2962,0,1,822,-10,-964,-4,0,2,1994,-680,-261,1025,777,664,73,0,0,0,0,0,0,0,0,0,0,11,0,0,0,0,0,0,0,0,0,0,0,2,1,89
2963,2963,0,0,833,1,331,11,0,2,2,-680,-261,629,771,790,74,0,0,0,0,0,0,0,0,0,0,12,0,0,0,0,0,0,0,0,0,0,0,2,1,81
2964,2964,0,1,833,1,331,11,0,2,132,-680,-261,69,873,786,74,0,0,0,0,0,0,0,0,0,0,11,0,0,0,0,0,0,0,0,0,0,0,2,1,61
2965,2965,0,0,1416,8,842,10,0,2,146,-680,-261,-390,1066,768,73,0,0,0,0,0,0,0,0,0,0,11,0,0,0,0,0,0,0,0,0,0,0,2,1,55
2966,2966,0,1,1416,8,842,10,0,2,195,-680,-261,-649,1262,701,72,0,0,0,0,0,0,0,0,0,0,12,0,0,0,0,0,0,0,0,0,0,0,2,1,71
2967,2967,0,0,877,13,778,10,0,2,298,-680,-261,-789,1259,787,72,0,0,0,0,0,0,0,0,0,0,11,0,0,0,0,0,0,0,0,0,0,0,2,1,88
2968,2968,0,1,877,13,778,10,0,2,488,261,-680,-811,1028,683,73,0,0,0,0,0,0,0,0,0,0,11,0,0,0,0,0,0,0,0,0,0,0,2,1,93
2969,2969,0,0,-207,-15,892,-4,0,2,592,261,-680,-836,588,731,74,0,0,0,0,0,0,0,0,0,0,12,0,0,0,0,0,0,0,0,0,0,0,2,1,82
2970,2970,0,1,-207,-15,892,-4,0,2,691,261,-680,-917,70,680,74,0,0,0,0,0,0,0,0,0,0,12,0,0,0,0,0,0,0,0,0,0,0,2,1,63
2971,2971,0,0,-1001,-9,1405,-3,0,2,661,261,-680,-1066,-426,659,73,0,0,0,0,0,0,0,0,0,0,12,0,0,0,0,0,0,0,0,0,0,0,2,1,57
2972,2972,0,1,-1001,-9,1405,-3,0,2,721,261,-680,-1239,-697,578,73,0,0,0,0,0,0,0,0,0,0,12,0,0,0,0,0,0,0,0,0,0,0,2,1,71
2973,2973,0,0,-723,13,963,3,0,2,890,261,-680,-1246,-832,584,73,0,0,0,0,0,0,0,0,0,0,12,0,0,0,0,0,0,0,0,0,0,0,2,1,89
2974,2974,0,1,-723,13,963,3,0,2,1000,630,261,-1080,-773,480,74,0,0,0,0,0,0,0,0,0,0,11,0,0,0,0,0,0,0,0,0,0,0,2,1,93
2975,2975,0,0,-918,10,-331,-11,0,2,1107,630,261,-647,-763,525,75,0,0,0,0,0,0,0,0,0,0,12,0,0,0,0,0,0,0,0,0,0,0,2,1,83
2976,2976,0,1,-918,10,-331,-11,0,2,1206,630,261,-73,-840,471,75,0,0,0,0,0,0,0,0,0,0,12,0,0,0,0,0,0,0,0,0,0,0,2,1,62
2977,2977,0,0,-1484,-12,-908,-12,0,2,1152,630,261,391,-993,471,74,0,0,0,0,0,0,0,0,0,0,11,0,0,0,0,0,0,0,0,0,0,0,2,1,52
2978,2978,0,1,-1484,-12,-908,-12,0,2,1225,630,261,652,-1151,398,73,0,0,0,0,0,0,0,0,0,0,12,0,0,0,0,0,0,0,0,0,0,0,2,1,66
2979,2979,0,0,-969,-9,-765,3,0,2,1340,630,261,765,-1182,466,73,0,0,0,0,0,0,0,0,0,0,12,0,0,0,0,0,0,0,0,0,0,0,2,1,82
2980,2980,0,1,-969,-9,-765,3,0,2,1516,-261,630,792,-1007,358,74,0,0,0,0,0,0,0,0,0,0,11,0,0,0,0,0,0,0,0,0,0,0,2,1,88
2981,2981,0,0,272,-16,-859,5,0,2,1560,-261,630,802,-605,462,74,0,0,0,0,0,0,0,0,0,0,12,0,0,0,0,0,0,0,0,0,0,0,2,1,80
2982,2982,0,1,272,-16,-859,5,0,2,1679,-261,630,852,-184,447,74,0,0,0,0,0,0,0,0,0,0,11,0,0,0,0,0,0,0,0,0,0,0,2,1,62
2983,2983,0,0,996,4,-1319,-7,0,2,1690,-261,630,1021,372,421,73,0,0,0,0,0,0,0,0,0,0,11,0,0,0,0,0,0,0,0,0,0,0,2,1,54
2984,2984,0,1,996,4,-1319,-7,0,2,1753,-261,630,1301,475,332,72,0,0,0,0,0,0,0,0,0,0,11,0,0,0,0,0,0,0,0,0,0,0,2,1,68
2985,2985,0,0,699,-5,-934,-6,0,2,1806,-261,630,1230,745,446,72,0,0,0,0,0,0,0,0,0,0,11,0,0,0,0,0,0,0,0,0,0,0,2,1,86
2986,2986,0,1,699,-5,-934,-6,0,2,2044,-680,-261,998,767,322,73,0,0,0,0,0,0,0,0,0,0,11,0,0,0,0,0,0,0,0,0,0,0,2,1,90
2987,2987,0,0,949,-11,362,10,0,2,18,-680,-261,594,793,432,74,0,0,0,0,0,0,0,0,0,0,11,0,0,0,0,0,0,0,0,0,0,0,2,1,79
2988,2988,0,1,949,-11,362,10,0,2,16,-680,-261,227,867,544,74,0,0,0,0,0,0,0,0,0,0,11,0,0,0,0,0,0,0,0,0,0,0,2,1,62
2989,2989,0,0,1329,-15,795,-5,0,2,145,-680,-261,-352,1051,527,73,0,0,0,0,0,0,0,0,0,0,11,0,0,0,0,0,0,0,0,0,0,0,2,1,55
2990,2990,0,1,1329,-15,795,-5,0,2,212,-680,-261,-531,1328,443,72,0,0,0,0,0,0,0,0,0,0,12,0,0,0,0,0,0,0,0,0,0,0,2,1,69
2991,2991,0,0,943,15,868,4,0,2,304,-680,-261,-819,1255,523,73,0,0,0,0,0,0,0,0,0,0,11,0,0,0,0,0,0,0,0,0,0,0,2,1,88
2992,2992,0,1,943,15,868,4,0,2,446,261,-680,-785,1041,461,74,0,0,0,0,0,0,0,0,0,0,11,0,0,0,0,0,0,0,0,0,0,0,2,1,94
2993,2993,0,0,-307,13,729,-7,0,2,584,261,-680,-778,609,517,74,0,0,0,0,0,0,0,0,0,0,12,0,0,0,0,0,0,0,0,0,0,0,2,1,81
2994,2994,0,1,-307,13,729,-7,0,2,515,261,-680,-887,66,642,74,0,0,0,0,0,0,0,0,0,0,12,0,0,0,0,0,0,0,0,0,0,0,2,1,62
2995,2995,0,0,-867,-3,1504,0,0,2,644,261,-680,-1091,-393,638,73,0,0,0,0,0,0,0,0,0,0,12,0,0,0,0,0,0,0,0,0,0,0,2,1,55
2996,2996,0,1,-867,-3,1504,0,0,2,658,261,-680,-1292,-673,620,73,0,0,0,0,0,0,0,0,0,0,12,0,0,0,0,0,0,0,0,0,0,0,2,1,72
2997,2997,0,0,-811,-11,930,2,0,2,776,261,-680,-1308,-781,740,73,0,0,0,0,0,0,0,0,0,0,11,0,0,0,0,0,0,0,0,0,0,0,2,1,90
2998,2998,0,1,-811,-11,930,2,0,2,993,630,261,-1054,-803,643,74,0,0,0,0,0,0,0,0,0,0,11,0,0,0,0,0,0,0,0,0,0,0,2,1,95
2999,2999,0,0,-855,9,-347,5,0,2,1104,630,261,-617,-795,691,75,0,0,0,0,0,0,0,0,0,0,12,0,0,0,0,0,0,0,0,0,0,0,2,1,82
3000,3000,0,1,-855,9,-347,5,0,2,1164,630,261,-78,-854,679,75,0,0,0,0,0,0,0,0,0,0,12,0,0,0,0,0,0,0,0,0,0,0,2,1,63
3001,3001,0,0,-1518,-14,-874,-10,0,2,1166,630,261,409,-995,665,74,0,0,0,0,0,0,0,0,0,0,12,0,0,0,0,0,0,0,0,0,0,0,2,1,53
3002,3002,0,1,-1518,-14,-874,-10,0,2,1220,630,261,737,-1152,597,73,0,0,0,0,0,0,0,0,0,0,12,0,0,0,0,0,0,0,0,0,0,0,2,1,67
3003,3003,0,0,-965,-5,-841,-9,0,2,1346,630,261,842,-1170,659,73,0,0,0,0,0,0,0,0,0,0,12,0,0,0,0,0,0,0,0,0,0,0,2,1,85
3004,3004,0,1,-965,-5,-841,-9,0,2,1507,-261,630,794,-975,560,74,0,0,0,0,0,0,0,0,0,0,12,0,0,0,0,0,0,0,0,0,0,0,2,1,90
3005,3005,0,0,320,0,-794,6,0,2,1559,-261,630,786,-557,665,74,0,0,0,0,0,0,0,0,0,0,12,0,0,0,0,0,0,0,0,0,0,0,2,1,78
3006,3006,0,1,320,0,-794,6,0,2,1713,-261,630,888,-23,616,74,0,0,0,0,0,0,0,0,0,0,12,0,0,0,0,0,0,0,0,0,0,0,2,1,60
3007,3007,0,0,909,13,-1347,-3,0,2,1667,-261,630,1049,405,613,73,0,0,0,0,0,0,0,0,0,0,12,0,0,0,0,0,0,0,0,0,0,0,2,1,55
3008,3008,0,1,909,13,-1347,-3,0,2,1758,-261,630,1184,650,519,72,0,0,0,0,0,0,0,0,0,0,12,0,0,0,0,0,0,0,0,0,0,0,2,1,70
3009,3009,0,0,810,10,-905,-9,0,2,1856,-261,630,1183,776,583,72,0,0,0,0,0,0,0,0,0,0,12,0,0,0,0,0,0,0,0,0,0,0,2,1,85
3010,3010,0,1,810,10,-905,-9,0,2,2034,-680,-261,985,823,469,73,0,0,0,0,0,0,0,0,0,0,11,0,0,0,0,0,0,0,0,0,0,0,2,1,89
3011,3011,0,0,815,15,316,-4,0,2,118,-680,-261,579,810,479,74,0,0,0,0,0,0,0,0,0,0,12,0,0,0,0,0,0,0,0,0,0,0,2,1,80
3012,3012,0,1,815,15,316,-4,0,2,162,-680,-261,54,814,445,74,0,0,0,0,0,0,0,0,0,0,11,0,0,0,0,0,0,0,0,0,0,0,2,1,62
3013,3013,0,0,1403,-5,858,-6,0,2,157,-680,-261,-394,976,416,73,0,0,0,0,0,0,0,0,0,0,11,0,0,0,0,0,0,0,0,0,0,0,2,1,51
3014,3014,0,1,1403,-5,858,-6,0,2,194,-680,-261,-645,1240,350,72,0,0,0,0,0,0,0,0,0,0,12,0,0,0,0,0,0,0,0,0,0,0,2,1,66
3015,3015,0,0,920,-8,740,4,0,2,376,-680,-261,-768,1295,358,73,0,0,0,0,0,0,0,0,0,0,12,0,0,0,0,0,0,0,0,0,0,0,2,1,87
3016,3016,0,1,920,-8,740,4,0,2,491,261,-680,-793,1050,251,74,0,0,0,0,0,0,0,0,0,0,12,0,0,0,0,0,0,0,0,0,0,0,2,1,93
3017,3017,0,0,-262,-6,889,-7,0,2,532,261,-680,-806,590,359,74,0,0,0,0,0,0,0,0,0,0,12,0,0,0,0,0,0,0,0,0,0,0,2,1,82
3018,3018,0,1,-262,-6,889,-7,0,2,667,261,-680,-878,48,332,74,0,0,0,0,0,0,0,0,0,0,12,0,0,0,0,0,0,0,0,0,0,0,2,1,62
3019,3019,0,0,-876,-12,1433,-7,0,2,647,261,-680,-1069,-395,325,73,0,0,0,0,0,0,0,0,0,0,12,0,0,0,0,0,0,0,0,0,0,0,2,1,55
3020,3020,0,1,-876,-12,1433,-7,0,2,706,261,-680,-1294,-662,259,73,0,0,0,0,0,0,0,0,0,0,12,0,0,0,0,0,0,0,0,0,0,0,2,1,71
3021,3021,0,0,-794,6,961,1,0,2,819,261,-680,-1324,-783,336,73,0,0,0,0,0,0,0,0,0,0,12,0,0,0,0,0,0,0,0,0,0,0,2,1,90
3022,3022,0,1,-794,6,961,1,0,2,1006,630,261,-1080,-809,226,74,0,0,0,0,0,0,0,0,0,0,12,0,0,0,0,0,0,0,0,0,0,0,2,1,96
3023,3023,0,0,-899,-3,-366,-14,0,2,1107,630,261,-623,-805,271,75,0,0,0,0,0,0,0,0,0,0,12,0,0,0,0,0,0,0,0,0,0,0,2,1,85
3024,3024,0,1,-899,-3,-366,-14,0,2,1169,630,261,-73,-838,254,75,0,0,0,0,0,0,0,0,0,0,12,0,0,0,0,0,0,0,0,0,0,0,2,1,63
3025,3025,0,0,-1494,10,-897,-1,0,2,1157,630,261,388,-979,249,74,0,0,0,0,0,0,0,0,0,0,12,0,0,0,0,0,0,0,0,0,0,0,2,1,52
3026,3026,0,1,-1494,10,-897,-1,0,2,1233,630,261,675,-1165,168,73,0,0,0,0,0,0,0,0,0,0,12,0,0,0,0,0,0,0,0,0,0,0,2,1,65
3027,3027,0,0,-929,-1,-794,6,0,2,1340,630,261,797,-1197,236,73,0,0,0,0,0,0,0,0,0,0,12,0,0,0,0,0,0,0,0,0,0,0,2,1,84
3028,3028,0,1,-929,-1,-794,6,0,2,1508,-261,630,803,-990,136,74,0,0,0,0,0,0,0,0,0,0,12,0,0,0,0,0,0,0,0,0,0,0,2,1,90
3029,3029,0,0,262,6,-820,12,0,2,1554,-261,630,793,-576,246,74,0,0,0,0,0,0,0,0,0,0,13,0,0,0,0,0,0,0,0,0,0,0,2,1,79
3030,3030,0,1,262,6,-820,12,0,2,1698,-261,630,838,-172,212,74,0,0,0,0,0,0,0,0,0,0,12,0,0,0,0,0,0,0,0,0,0,0,2,1,61
3031,3031,0,0,946,-14,-1335,9,0,2,1687,-261,630,1005,373,189,73,0,0,0,0,0,0,0,0,0,0,12,0,0,0,0,0,0,0,0,0,0,0,2,1,53
3032,3032,0,1,946,-14,-1335,9,0,2,1789,-261,630,1291,480,64,72,0,0,0,0,0,0,0,0,0,0,12,0,0,0,0,0,0,0,0,0,0,0,2,1,67
3033,3033,0,0,761,-7,-904,-8,0,2,1844,-261,630,1234,742,140,72,0,0,0,0,0,0,0,0,0,0,12,0,0,0,0,0,0,0,0,0,0,0,2,1,85
3034,3034,0,1,761,-7,-904,-8,0,2,1974,-680,-261,1118,616,86,73,0,0,0,0,0,0,0,0,0,0,12,0,0,0,0,0,0,0,0,0,0,0,2,1,90
3035,3035,0,0,858,-6,307,-13,0,2,18,-680,-261,705,691,196,74,0,0,0,0,0,0,0,0,0,0,12,0,0,0,0,0,0,0,0,0,0,0,2,1,79
3036,3036,0,1,858,-6,307,-13,0,2,4,-680,-261,212,857,320,74,0,0,0,0,0,0,0,0,0,0,12,0,0,0,0,0,0,0,0,0,0,0,2,1,61
3037,3037,0,0,1361,-15,873,9,0,2,175,-680,-261,-205,1103,273,73,0,0,0,0,0,0,0,0,0,0,12,0,0,0,0,0,0,0,0,0,0,0,2,1,54
3038,3038,0,1,1361,-15,873,9,0,2,165,-680,-261,-472,1334,236,72,0,0,0,0,0,0,0,0,0,0,12,0,0,0,0,0,0,0,0,0,0,0,2,1,69
3039,3039,0,0,991,-1,723,-13,0,2,211,-680,-261,-601,1374,153,72,0,0,0,0,0,0,0,0,0,0,12,0,0,0,0,0,0,0,0,0,0,0,2,1,88
3040,3040,0,1,991,-1,723,-13,0,2,442,261,-680,-789,1046,95,73,0,0,0,0,0,0,0,0,0,0,12,0,0,0,0,0,0,0,0,0,0,0,2,1,93
3041,3041,0,0,-371,13,950,-10,0,2,562,261,-680,-809,599,173,74,0,0,0,0,0,0,0,0,0,0,12,0,0,0,0,0,0,0,0,0,0,0,2,1,82
3042,3042,0,1,-371,13,950,-10,0,2,582,261,-680,-899,44,231,74,0,0,0,0,0,0,0,0,0,0,12,0,0,0,0,0,0,0,0,0,0,0,2,1,62
3043,3043,0,0,-854,10,1348,4,0,2,662,261,-680,-1145,-269,209,73,0,0,0,0,0,0,0,0,0,0,12,0,0,0,0,0,0,0,0,0,0,0,2,1,56
3044,3044,0,1,-854,10,1348,4,0,2,658,261,-680,-1382,-511,191,72,0,0,0,0,0,0,0,0,0,0,13,0,0,0,0,0,0,0,0,0,0,0,2,1,73
3045,3045,0,0,-787,13,1049,-7,0,2,882,261,-680,-1408,-616,205,73,0,0,0,0,0,0,0,0,0,0,12,0,0,0,0,0,0,0,0,0,0,0,2,1,91
3046,3046,0,1,-787,13,1049,-7,0,2,1008,630,261,-1160,-653,93,74,0,0,0,0,0,0,0,0,0,0,12,0,0,0,0,0,0,0,0,0,0,0,2,1,95
3047,3047,0,0,-915,13,-424,-8,0,2,1106,630,261,-722,-706,139,75,0,0,0,0,0,0,0,0,0,0,13,0,0,0,0,0,0,0,0,0,0,0,2,1,82
3048,3048,0,1,-915,13,-424,-8,0,2,1218,630,261,-207,-828,73,75,0,0,0,0,0,0,0,0,0,0,12,0,0,0,0,0,0,0,0,0,0,0,2,1,62
3049,3049,0,0,-1448,-8,-859,5,0,2,1174,630,261,237,-1039,51,74,0,0,0,0,0,0,0,0,0,0,12,0,0,0,0,0,0,0,0,0,0,0,2,1,52
3050,3050,0,1,-1448,-8,-859,5,0,2,1188,630,261,526,-1258,15,73,0,0,0,0,0,0,0,0,0,0,13,0,0,0,0,0,0,0,0,0,0,0,2,1,66
3051,3051,0,0,-952,8,-749,-13,0,2,1234,630,261,646,-1299,-67,73,0,0,0,0,0,0,0,0,0,0,12,0,0,0,0,0,0,0,0,0,0,0,2,1,84
3052,3052,0,1,-952,8,-749,-13,0,2,1466,-261,630,659,-1091,-125,74,0,0,0,0,0,0,0,0,0,0,12,0,0,0,0,0,0,0,0,0,0,0,2,1,90
3053,3053,0,0,231,7,-923,5,0,2,1600,-261,630,705,-681,-61,74,0,0,0,0,0,0,0,0,0,0,13,0,0,0,0,0,0,0,0,0,0,0,2,1,79
3054,3054,0,1,231,7,-923,5,0,2,1623,-261,630,846,-178,-20,74,0,0,0,0,0,0,0,0,0,0,12,0,0,0,0,0,0,0,0,0,0,0,2,1,60
3055,3055,0,0,984,-8,-1249,-1,0,2,1685,-261,630,1070,233,-41,73,0,0,0,0,0,0,0,0,0,0,12,0,0,0,0,0,0,0,0,0,0,0,2,1,53
3056,3056,0,1,984,-8,-1249,-1,0,2,1696,-261,630,1287,480,-73,72,0,0,0,0,0,0,0,0,0,0,12,0,0,0,0,0,0,0,0,0,0,0,2,1,68
3057,3057,0,0,733,-3,-971,-11,0,2,1903,-261,630,1337,577,-56,72,0,0,0,0,0,0,0,0,0,0,12,0,0,0,0,0,0,0,0,0,0,0,2,1,84
3058,3058,0,1,733,-3,-971,-11,0,2,2046,-680,-261,1146,604,-182,73,0,0,0,0,0,0,0,0,0,0,12,0,0,0,0,0,0,0,0,0,0,0,2,1,90
3059,3059,0,0,896,0,296,8,0,2,71,-680,-261,719,696,-125,74,0,0,0,0,0,0,0,0,0,0,12,0,0,0,0,0,0,0,0,0,0,0,2,1,80
3060,3060,0,1,896,0,296,8,0,2,4,-680,-261,177,891,-1,74,0,0,0,0,0,0,0,0,0,0,12,0,0,0,0,0,0,0,0,0,0,0,2,1,62
3061,3061,0,0,1340,-4,920,-8,0,2,148,-680,-261,-254,1125,-21,73,0,0,0,0,0,0,0,0,0,0,12,0,0,0,0,0,0,0,0,0,0,0,2,1,56
3062,3062,0,1,1340,-4,920,-8,0,2,157,-680,-261,-489,1313,-50,72,0,0,0,0,0,0,0,0,0,0,12,0,0,0,0,0,0,0,0,0,0,0,2,1,71
3063,3063,0,0,952,-8,680,8,0,2,210,-680,-261,-588,1355,-132,73,0,0,0,0,0,0,0,0,0,0,12,0,0,0,0,0,0,0,0,0,0,0,2,1,86
3064,3064,0,1,952,-8,680,8,0,2,512,261,-680,-632,1180,-260,74,0,0,0,0,0,0,0,0,0,0,12,0,0,0,0,0,0,0,0,0,0,0,2,1,91
3065,3065,0,0,-342,10,928,0,0,2,518,261,-680,-723,743,-138,74,0,0,0,0,0,0,0,0,0,0,12,0,0,0,0,0,0,0,0,0,0,0,2,1,82
3066,3066,0,1,-342,10,928,0,0,2,596,261,-680,-901,163,-94,74,0,0,0,0,0,0,0,0,0,0,12,0,0,0,0,0,0,0,0,0,0,0,2,1,63
3067,3067,0,0,-870,-6,1387,11,0,2,692,261,-680,-1146,-282,-146,73,0,0,0,0,0,0,0,0,0,0,12,0,0,0,0,0,0,0,0,0,0,0,2,1,56
3068,3068,0,1,-870,-6,1387,11,0,2,641,261,-680,-1357,-512,-147,73,0,0,0,0,0,0,0,0,0,0,12,0,0,0,0,0,0,0,0,0,0,0,2,1,73
3069,3069,0,0,-741,-5,942,14,0,2,731,261,-680,-1386,-578,-238,73,0,0,0,0,0,0,0,0,0,0,12,0,0,0,0,0,0,0,0,0,0,0,2,1,90
3070,3070,0,1,-741,-5,942,14,0,2,1023,630,261,-1162,-614,-365,74,0,0,0,0,0,0,0,0,0,0,11,0,0,0,0,0,0,0,0,0,0,0,2,1,92
3071,3071,0,0,-957,3,-244,12,0,2,1118,630,261,-748,-701,-331,75,0,0,0,0,0,0,0,0,0,0,12,0,0,0,0,0,0,0,0,0,0,0,2,1,81
3072,3072,0,1,-957,3,-244,12,0,2,1030,630,261,-243,-867,-209,75,0,0,0,0,0,0,0,0,0,0,12,0,0,0,0,0,0,0,0,0,0,0,2,1,63
3073,3073,0,0,-1439,1,-977,15,0,2,1152,630,261,226,-1069,-209,74,0,0,0,0,0,0,0,0,0,0,11,0,0,0,0,0,0,0,0,0,0,0,2,1,55
3074,3074,0,1,-1439,1,-977,15,0,2,1172,630,261,546,-1239,-229,73,0,0,0,0,0,0,0,0,0,0,12,0,0,0,0,0,0,0,0,0,0,0,2,1,67
3075,3075,0,0,-987,5,-745,-9,0,2,1172,630,261,668,-1271,-249,73,0,0,0,0,0,0,0,0,0,0,12,0,0,0,0,0,0,0,0,0,0,0,2,1,83
3076,3076,0,1,-987,5,-745,-9,0,2,1519,-261,630,657,-1103,-360,74,0,0,0,0,0,0,0,0,0,0,11,0,0,0,0,0,0,0,0,0,0,0,2,1,89
3077,3077,0,0,286,-2,-891,5,0,2,1603,-261,630,697,-717,-299,74,0,0,0,0,0,0,0,0,0,0,12,0,0,0,0,0,0,0,0,0,0,0,2,1,80
3078,3078,0,1,286,-2,-891,5,0,2,1671,-261,630,855,-201,-306,74,0,0,0,0,0,0,0,0,0,0,11,0,0,0,0,0,0,0,0,0,0,0,2,1,61
3079,3079,0,0,990,-2,-1309,3,0,2,1708,-261,630,1081,243,-350,73,0,0,0,0,0,0,0,0,0,0,11,0,0,0,0,0,0,0,0,0,0,0,2,1,54
3080,3080,0,1,990,-2,-1309,3,0,2,1679,-261,630,1281,515,-365,72,0,0,0,0,0,0,0,0,0,0,12,0,0,0,0,0,0,0,0,0,0,0,2,1,69
3081,3081,0,0,715,11,-897,-1,0,2,1746,-261,630,1310,608,-447,72,0,0,0,0,0,0,0,0,0,0,11,0,0,0,0,0,0,0,0,0,0,0,2,1,85
3082,3082,0,1,715,11,-897,-1,0,2,2046,-680,-261,1107,605,-573,73,0,0,0,0,0,0,0,0,0,0,11,0,0,0,0,0,0,0,0,0,0,0,2,1,89
3083,3083,0,0,890,-6,277,-11,0,2,103,-680,-261,690,674,-548,74,0,0,0,0,0,0,0,0,0,0,11,0,0,0,0,0,0,0,0,0,0,0,2,1,78
3084,3084,0,1,890,-6,277,-11,0,2,20,-680,-261,178,865,-440,74,0,0,0,0,0,0,0,0,0,0,11,0,0,0,0,0,0,0,0,0,0,0,2,1,59
3085,3085,0,0,1307,-5,904,8,0,2,142,-680,-261,-244,1117,-454,73,0,0,0,0,0,0,0,0,0,0,11,0,0,0,0,0,0,0,0,0,0,0,2,1,54
3086,3086,0,1,1307,-5,904,8,0,2,147,-680,-261,-484,1321,-473,72,0,0,0,0,0,0,0,0,0,0,11,0,0,0,0,0,0,0,0,0,0,0,2,1,70
3087,3087,0,0,957,-3,658,-14,0,2,219,-680,-261,-583,1342,-564,72,0,0,0,0,0,0,0,0,0,0,11,0,0,0,0,0,0,0,0,0,0,0,2,1,86
3088,3088,0,1,957,-3,658,-14,0,2,511,261,-680,-617,1131,-691,73,0,0,0,0,0,0,0,0,0,0,11,0,0,0,0,0,0,0,0,0,0,0,2,1,90
3089,3089,0,0,-299,-11,967,7,0,2,581,261,-680,-708,731,-632,74,0,0,0,0,0,0,0,0,0,0,11,0,0,0,0,0,0,0,0,0,0,0,2,1,79
3090,3090,0,1,-299,-11,967,7,0,2,512,261,-680,-898,235,-760,74,0,0,0,0,0,0,0,0,0,0,11,0,0,0,0,0,0,0,0,0,0,0,2,1,63
3091,3091,0,0,-902,-6,1323,11,0,2,660,261,-680,-1147,-225,-780,73,0,0,0,0,0,0,0,0,0,0,11,0,0,0,0,0,0,0,0,0,0,0,2,1,57
3092,3092,0,1,-902,-6,1323,11,0,2,674,261,-680,-1364,-530,-814,72,0,0,0,0,0,0,0,0,0,0,11,0,0,0,0,0,0,0,0,0,0,0,2,1,72
3093,3093,0,0,-765,3,1034,10,0,2,722,261,-680,-1390,-653,-896,73,0,0,0,0,0,0,0,0,0,0,11,0,0,0,0,0,0,0,0,0,0,0,2,1,90
3094,3094,0,1,-765,3,1034,10,0,2,942,630,261,-1180,-641,-942,74,0,0,0,0,0,0,0,0,0,0,11,0,0,0,0,0,0,0,0,0,0,0,2,1,95
3095,3095,0,0,-949,11,-385,-1,0,2,1047,630,261,-749,-694,-837,75,0,0,0,0,0,0,0,0,0,0,11,0,0,0,0,0,0,0,0,0,0,0,2,1,83
3096,3096,0,1,-949,11,-385,-1,0,2,1033,630,261,-216,-852,-718,74,0,0,0,0,0,0,0,0,0,0,11,0,0,0,0,0,0,0,0,0,0,0,2,1,63
3097,3097,0,0,-1457,15,-922,6,0,2,1158,630,261,249,-1076,-724,74,0,0,0,0,0,0,0,0,0,0,11,0,0,0,0,0,0,0,0,0,0,0,2,1,54
3098,3098,0,1,-1457,15,-922,6,0,2,1186,630,261,549,-1266,-758,73,0,0,0,0,0,0,0,0,0,0,11,0,0,0,0,0,0,0,0,0,0,0,2,1,68
3099,3099,0,0,-962,-2,-738,-2,0,2,1234,630,261,655,-1290,-840,73,0,0,0,0,0,0,0,0,0,0,11,0,0,0,0,0,0,0,0,0,0,0,2,1,86
3100,3100,0,1,-962,-2,-738,-2,0,2,1424,-261,630,641,-1082,-856,74,0,0,0,0,0,0,0,0,0,0,11,0,0,0,0,0,0,0,0,0,0,0,2,1,89
3101,3101,0,0,299,11,-946,14,0,2,1538,-261,630,683,-685,-730,74,0,0,0,0,0,0,0,0,0,0,12,0,0,0,0,0,0,0,0,0,0,0,2,1,77
3102,3102,0,1,299,11,-946,14,0,2,1540,-261,630,843,-197,-606,74,0,0,0,0,0,0,0,0,0,0,11,0,0,0,0,0,0,0,0,0,0,0,2,1,60
3103,3103,0,0,931,3,-1179,5,0,2,1687,-261,630,1066,223,-629,73,0,0,0,0,0,0,0,0,0,0,11,0,0,0,0,0,0,0,0,0,0,0,2,1,53
3104,3104,0,1,931,3,-1179,5,0,2,1678,-261,630,1256,490,-643,72,0,0,0,0,0,0,0,0,0,0,11,0,0,0,0,0,0,0,0,0,0,0,2,1,67
3105,3105,0,0,754,-14,-1051,5,0,2,1726,-261,630,1293,580,-705,72,0,0,0,0,0,0,0,0,0,0,11,0,0,0,0,0,0,0,0,0,0,0,2,1,84
3106,3106,0,1,754,-14,-1051,5,0,2,1974,-680,-261,1105,578,-759,73,0,0,0,0,0,0,0,0,0,0,11,0,0,0,0,0,0,0,0,0,0,0,2,1,88
3107,3107,0,0,875,11,406,-10,0,2,33,-680,-261,710,661,-664,74,0,0,0,0,0,0,0,0,0,0,11,0,0,0,0,0,0,0,0,0,0,0,2,1,77
3108,3108,0,1,875,11,406,-10,0,2,64,-680,-261,206,873,-600,74,0,0,0,0,0,0,0,0,0,0,11,0,0,0,0,0,0,0,0,0,0,0,2,1,60
3109,3109,0,0,1332,-12,772,4,0,2,153,-680,-261,-226,1117,-625,73,0,0,0,0,0,0,0,0,0,0,11,0,0,0,0,0,0,0,0,0,0,0,2,1,55
3110,3110,0,1,1332,-12,772,4,0,2,156,-680,-261,-497,1297,-653,72,0,0,0,0,0,0,0,0,0,0,11,0,0,0,0,0,0,0,0,0,0,0,2,1,71
3111,3111,0,0,994,2,816,-16,0,2,20,-680,-261,-609,1337,-545,72,0,0,0,0,0,0,0,0,0,0,11,0,0,0,0,0,0,0,0,0,0,0,2,1,86
3112,3112,0,1,994,2,816,-16,0,2,438,261,-680,-637,1164,-599,73,0,0,0,0,0,0,0,0,0,0,11,0,0,0,0,0,0,0,0,0,0,0,2,1,91
3113,3113,0,0,-354,-2,878,14,0,2,513,261,-680,-721,743,-472,74,0,0,0,0,0,0,0,0,0,0,11,0,0,0,0,0,0,0,0,0,0,0,2,1,82
3114,3114,0,1,-354,-2,878,14,0,2,598,261,-680,-911,180,-430,74,0,0,0,0,0,0,0,0,0,0,11,0,0,0,0,0,0,0,0,0,0,0,2,1,64
3115,3115,0,0,-826,6,1367,-9,0,2,651,261,-680,-1166,-275,-441,73,0,0,0,0,0,0,0,0,0,0,11,0,0,0,0,0,0,0,0,0,0,0,2,1,57
3116,3116,0,1,-826,6,1367,-9,0,2,642,261,-680,-1382,-521,-443,72,0,0,0,0,0,0,0,0,0,0,11,0,0,0,0,0,0,0,0,0,0,0,2,1,74
3117,3117,0,0,-855,9,1055,-1,0,2,731,261,-680,-1400,-607,-534,73,0,0,0,0,0,0,0,0,0,0,11,0,0,0,0,0,0,0,0,0,0,0,2,1,91
3118,3118,0,1,-855,9,1055,-1,0,2,1016,630,261,-1166,-625,-654,74,0,0,0,0,0,0,0,0,0,0,11,0,0,0,0,0,0,0,0,0,0,0,2,1,94
3119,3119,0,0,-839,-7,-460,-12,0,2,1034,630,261,-732,-706,-536,75,0,0,0,0,0,0,0,0,0,0,12,0,0,0,0,0,0,0,0,0,0,0,2,1,81
3120,3120,0,1,-839,-7,-460,-12,0,2,1028,630,261,-208,-878,-412,75,0,0,0,0,0,0,0,0,0,0,11,0,0,0,0,0,0,0,0,0,0,0,2,1,62
3121,3121,0,0,-1493,11,-820,12,0,2,1155,630,261,241,-1068,-415,74,0,0,0,0,0,0,0,0,0,0,11,0,0,0,0,0,0,0,0,0,0,0,2,1,55
3122,3122,0,1,-1493,11,-820,12,0,2,1152,630,261,528,-1208,-415,73,0,0,0,0,0,0,0,0,0,0,12,0,0,0,0,0,0,0,0,0,0,0,2,1,67
3123,3123,0,0,-970,-10,-838,-6,0,2,1241,630,261,636,-1257,-504,73,0,0,0,0,0,0,0,0,0,0,11,0,0,0,0,0,0,0,0,0,0,0,2,1,82
3124,3124,0,1,-970,-10,-838,-6,0,2,1460,-261,630,638,-1129,-556,74,0,0,0,0,0,0,0,0,0,0,11,0,0,0,0,0,0,0,0,0,0,0,2,1,87
3125,3125,0,0,303,15,-829,3,0,2,1608,-261,630,691,-735,-500,74,0,0,0,0,0,0,0,0,0,0,12,0,0,0,0,0,0,0,0,0,0,0,2,1,80
3126,3126,0,1,303,15,-829,3,0,2,1670,-261,630,851,-174,-506,74,0,0,0,0,0,0,0,0,0,0,11,0,0,0,0,0,0,0,0,0,0,0,2,1,62
3127,3127,0,0,933,5,-1291,-11,0,2,1686,-261,630,1073,253,-528,73,0,0,0,0,0,0,0,0,0,0,11,0,0,0,0,0,0,0,0,0,0,0,2,1,54
3128,3128,0,1,933,5,-1291,-11,0,2,1670,-261,630,1265,456,-534,72,0,0,0,0,0,0,0,0,0,0,11,0,0,0,0,0,0,0,0,0,0,0,2,1,68
3129,3129,0,0,717,13,-943,-15,0,2,1748,-261,630,1314,551,-618,72,0,0,0,0,0,0,0,0,0,0,11,0,0,0,0,0,0,0,0,0,0,0,2,1,84
3130,3130,0,1,717,13,-943,-15,0,2,2040,-680,-261,1142,625,-738,73,0,0,0,0,0,0,0,0,0,0,11,0,0,0,0,0,0,0,0,0,0,0,2,1,88
3131,3131,0,0,956,-4,283,-5,0,2,2,-680,-261,725,722,-612,74,0,0,0,0,0,0,0,0,0,0,11,0,0,0,0,0,0,0,0,0,0,0,2,1,80
3132,3132,0,1,956,-4,283,-5,0,2,80,-680,-261,185,872,-564,74,0,0,0,0,0,0,0,0,0,0,11,0,0,0,0,0,0,0,0,0,0,0,2,1,64
3133,3133,0,0,1304,-8,908,12,0,2,16,-680,-261,-241,1084,-452,73,0,0,0,0,0,0,0,0,0,0,11,0,0,0,0,0,0,0,0,0,0,0,2,1,55
3134,3134,0,1,1304,-8,908,12,0,2,3,-680,-261,-443,1311,-327,72,0,0,0,0,0,0,0,0,0,0,11,0,0,0,0,0,0,0,0,0,0,0,2,1,69
3135,3135,0,0,987,-5,717,13,0,2,214,-680,-261,-589,1358,-413,72,0,0,0,0,0,0,0,0,0,0,11,0,0,0,0,0,0,0,0,0,0,0,2,1,85
3136,3136,0,1,987,-5,717,13,0,2,444,261,-680,-658,1186,-473,73,0,0,0,0,0,0,0,0,0,0,11,0,0,0,0,0,0,0,0,0,0,0,2,1,92
3137,3137,0,0,-348,4,916,-12,0,2,615,261,-680,-739,736,-448,74,0,0,0,0,0,0,0,0,0,0,11,0,0,0,0,0,0,0,0,0,0,0,2,1,84
3138,3138,0,1,-348,4,916,-12,0,2,579,261,-680,-879,140,-387,74,0,0,0,0,0,0,0,0,0,0,11,0,0,0,0,0,0,0,0,0,0,0,2,1,65
3139,3139,0,0,-904,-8,1379,3,0,2,692,261,-680,-1117,-296,-439,73,0,0,0,0,0,0,0,0,0,0,11,0,0,0,0,0,0,0,0,0,0,0,2,1,55
3140,3140,0,1,-904,-8,1379,3,0,2,644,261,-680,-1361,-490,-443,73,0,0,0,0,0,0,0,0,0,0,11,0,0,0,0,0,0,0,0,0,0,0,2,1,71
3141,3141,0,0,-696,8,938,10,0,2,873,261,-680,-1409,-579,-420,73,0,0,0,0,0,0,0,0,0,0,11,0,0,0,0,0,0,0,0,0,0,0,2,1,90
3142,3142,0,1,-696,8,938,10,0,2,974,630,261,-1186,-645,-498,74,0,0,0,0,0,0,0,0,0,0,11,0,0,0,0,0,0,0,0,0,0,0,2,1,94
3143,3143,0,0,-981,11,-259,-3,0,2,1052,630,261,-739,-724,-398,75,0,0,0,0,0,0,0,0,0,0,12,0,0,0,0,0,0,0,0,0,0,0,2,1,83
3144,3144,0,1,-981,11,-259,-3,0,2,1024,630,261,-200,-842,-526,75,0,0,0,0,0,0,0,0,0,0,11,0,0,0,0,0,0,0,0,0,0,0,2,1,64
3145,3145,0,0,-1398,10,-972,-12,0,2,1110,630,261,251,-1034,-484,74,0,0,0,0,0,0,0,0,0,0,11,0,0,0,0,0,0,0,0,0,0,0,2,1,53
3146,3146,0,1,-1398,10,-972,-12,0,2,1152,630,261,524,-1234,-484,73,0,0,0,0,0,0,0,0,0,0,12,0,0,0,0,0,0,0,0,0,0,0,2,1,65
3147,3147,0,0,-1028,-4,-718,-14,0,2,1045,630,261,622,-1280,-377,73,0,0,0,0,0,0,0,0,0,0,11,0,0,0,0,0,0,0,0,0,0,0,2,1,83
3148,3148,0,1,-1028,-4,-718,-14,0,2,1460,-261,630,625,-1099,-429,74,0,0,0,0,0,0,0,0,0,0,11,0,0,0,0,0,0,0,0,0,0,0,2,1,88
3149,3149,0,0,318,-2,-907,-11,0,2,1605,-261,630,697,-711,-370,74,0,0,0,0,0,0,0,0,0,0,12,0,0,0,0,0,0,0,0,0,0,0,2,1,77
3150,3150,0,1,318,-2,-907,-11,0,2,1666,-261,630,882,-213,-372,74,0,0,0,0,0,0,0,0,0,0,11,0,0,0,0,0,0,0,0,0,0,0,2,1,62
3151,3151,0,0,904,8,-1318,-6,0,2,1682,-261,630,1104,220,-390,73,0,0,0,0,0,0,0,0,0,0,11,0,0,0,0,0,0,0,0,0,0,0,2,1,56
3152,3152,0,1,904,8,-1318,-6,0,2,1664,-261,630,1278,494,-390,72,0,0,0,0,0,0,0,0,0,0,11,0,0,0,0,0,0,0,0,0,0,0,2,1,70
3153,3153,0,0,832,0,-876,-12,0,2,1684,-261,630,1305,600,-410,72,0,0,0,0,0,0,0,0,0,0,11,0,0,0,0,0,0,0,0,0,0,0,2,1,85
3154,3154,0,1,832,0,-876,-12,0,2,1972,-680,-261,1122,611,-462,73,0,0,0,0,0,0,0,0,0,0,11,0,0,0,0,0,0,0,0,0,0,0,2,1,88
3155,3155,0,0,784,-16,278,-10,0,2,23,-680,-261,714,682,-357,74,0,0,0,0,0,0,0,0,0,0,11,0,0,0,0,0,0,0,0,0,0,0,2,1,79
3156,3156,0,1,784,-16,278,-10,0,2,87,-680,-261,181,865,-316,74,0,0,0,0,0,0,0,0,0,0,11,0,0,0,0,0,0,0,0,0,0,0,2,1,61
3157,3157,0,0,1432,-8,948,-12,0,2,172,-680,-261,-258,1109,-360,73,0,0,0,0,0,0,0,0,0,0,11,0,0,0,0,0,0,0,0,0,0,0,2,1,55
3158,3158,0,1,1432,-8,948,-12,0,2,129,-680,-261,-508,1312,-361,72,0,0,0,0,0,0,0,0,0,0,11,0,0,0,0,0,0,0,0,0,0,0,2,1,70
3159,3159,0,0,830,-2,633,-7,0,2,80,-680,-261,-592,1333,-313,73,0,0,0,0,0,0,0,0,0,0,11,0,0,0,0,0,0,0,0,0,0,0,2,1,87
3160,3160,0,1,830,-2,633,-7,0,2,502,261,-680,-602,1120,-431,74,0,0,0,0,0,0,0,0,0,0,11,0,0,0,0,0,0,0,0,0,0,0,2,1,90
3161,3161,0,0,-182,10,978,-14,0,2,522,261,-680,-691,718,-313,74,0,0,0,0,0,0,0,0,0,0,11,0,0,0,0,0,0,0,0,0,0,0,2,1,78
3162,3162,0,1,-182,10,978,-14,0,2,598,261,-680,-896,223,-271,74,0,0,0,0,0,0,0,0,0,0,11,0,0,0,0,0,0,0,0,0,0,0,2,1,61
3163,3163,0,0,-987,5,1352,8,0,2,528,261,-680,-1150,-219,-159,73,0,0,0,0,0,0,0,0,0,0,11,0,0,0,0,0,0,0,0,0,0,0,2,1,57
3164,3164,0,1,-987,5,1352,8,0,2,528,261,-680,-1354,-517,-47,73,0,0,0,0,0,0,0,0,0,0,11,0,0,0,0,0,0,0,0,0,0,0,2,1,72
3165,3165,0,0,-727,9,1021,-3,0,2,665,261,-680,-1385,-628,-72,73,0,0,0,0,0,0,0,0,0,0,11,0,0,0,0,0,0,0,0,0,0,0,2,1,89
3166,3166,0,1,-727,9,1021,-3,0,2,953,630,261,-1184,-623,-129,74,0,0,0,0,0,0,0,0,0,0,11,0,0,0,0,0,0,0,0,0,0,0,2,1,94
3167,3167,0,0,-939,-11,-361,-9,0,2,1044,630,261,-760,-679,-21,75,0,0,0,0,0,0,0,0,0,0,11,0,0,0,0,0,0,0,0,0,0,0,2,1,83
3168,3168,0,1,-939,-11,-361,-9,0,2,1030,630,261,-214,-855,101,75,0,0,0,0,0,0,0,0,0,0,11,0,0,0,0,0,0,0,0,0,0,0,2,1,63
3169,3169,0,0,-1489,15,-879,-15,0,2,1194,630,261,238,-1085,59,74,0,0,0,0,0,0,0,0,0,0,11,0,0,0,0,0,0,0,0,0,0,0,2,1,54
3170,3170,0,1,-1489,15,-879,-15,0,2,1180,630,261,511,-1273,31,73,0,0,0,0,0,0,0,0,0,0,11,0,0,0,0,0,0,0,0,0,0,0,2,1,68
3171,3171,0,0,-965,-5,-810,-10,0,2,1228,630,261,639,-1288,-45,73,0,0,0,0,0,0,0,0,0,0,11,0,0,0,0,0,0,0,0,0,0,0,2,1,84
3172,3172,0,1,-965,-5,-810,-10,0,2,1466,-261,630,682,-1078,-103,74,0,0,0,0,0,0,0,0,0,0,11,0,0,0,0,0,0,0,0,0,0,0,2,1,89
3173,3173,0,0,320,0,-833,-1,0,2,1540,-261,630,720,-678,21,74,0,0,0,0,0,0,0,0,0,0,11,0,0,0,0,0,0,0,0,0,0,0,2,1,79
3174,3174,0,1,320,0,-833,-1,0,2,1618,-261,630,823,-184,67,74,0,0,0,0,0,0,0,0,0,0,11,0,0,0,0,0,0,0,0,0,0,0,2,1,61
3175,3175,0,0,929,1,-1309,3,0,2,1684,-261,630,1049,242,47,73,0,0,0,0,0,0,0,0,0,0,11,0,0,0,0,0,0,0,0,0,0,0,2,1,52
3176,3176,0,1,929,1,-1309,3,0,2,1680,-261,630,1301,508,31,72,0,0,0,0,0,0,0,0,0,0,11,0,0,0,0,0,0,0,0,0,0,0,2,1,66
3177,3177,0,0,780,12,-896,0,0,2,1851,-261,630,1328,594,100,72,0,0,0,0,0,0,0,0,0,0,11,0,0,0,0,0,0,0,0,0,0,0,2,1,86
3178,3178,0,1,780,12,-896,0,0,2,1984,-680,-261,1072,583,36,73,0,0,0,0,0,0,0,0,0,0,11,0,0,0,0,0,0,0,0,0,0,0,2,1,90
3179,3179,0,0,797,-3,254,-2,0,2,73,-680,-261,674,658,91,74,0,0,0,0,0,0,0,0,0,0,11,0,0,0,0,0,0,0,0,0,0,0,2,1,75
3180,3180,0,1,797,-3,254,-2,0,2,24,-680,-261,233,870,195,74,0,0,0,0,0,0,0,0,0,0,11,0,0,0,0,0,0,0,0,0,0,0,2,1,58
3181,3181,0,0,1413,5,895,-1,0,2,16,-680,-261,-186,1125,307,73,0,0,0,0,0,0,0,0,0,0,11,0,0,0,0,0,0,0,0,0,0,0,2,1,55
3182,3182,0,1,1413,5,895,-1,0,2,144,-680,-261,-507,1324,291,72,0,0,0,0,0,0,0,0,0,0,11,0,0,0,0,0,0,0,0,0,0,0,2,1,71
3183,3183,0,0,891,-5,736,0,0,2,210,-680,-261,-640,1358,209,72,0,0,0,0,0,0,0,0,0,0,11,0,0,0,0,0,0,0,0,0,0,0,2,1,87
3184,3184,0,1,891,-5,736,0,0,2,428,261,-680,-652,1156,165,73,0,0,0,0,0,0,0,0,0,0,11,0,0,0,0,0,0,0,0,0,0,0,2,1,93
3185,3185,0,0,-276,12,871,7,0,2,564,261,-680,-707,729,241,74,0,0,0,0,0,0,0,0,0,0,12,0,0,0,0,0,0,0,0,0,0,0,2,1,82
3186,3186,0,1,-276,12,871,7,0,2,598,261,-680,-894,179,283,74,0,0,0,0,0,0,0,0,0,0,11,0,0,0,0,0,0,0,0,0,0,0,2,1,63
3187,3187,0,0,-878,-14,1455,15,0,2,640,261,-680,-1156,-262,283,73,0,0,0,0,0,0,0,0,0,0,11,0,0,0,0,0,0,0,0,0,0,0,2,1,56
3188,3188,0,1,-878,-14,1455,15,0,2,678,261,-680,-1384,-506,245,72,0,0,0,0,0,0,0,0,0,0,12,0,0,0,0,0,0,0,0,0,0,0,2,1,73
3189,3189,0,0,-809,-9,876,12,0,2,730,261,-680,-1408,-617,155,73,0,0,0,0,0,0,0,0,0,0,11,0,0,0,0,0,0,0,0,0,0,0,2,1,91
3190,3190,0,1,-809,-9,876,12,0,2,938,630,261,-1169,-661,113,74,0,0,0,0,0,0,0,0,0,0,11,0,0,0,0,0,0,0,0,0,0,0,2,1,95
3191,3191,0,0,-905,-9,-209,15,0,2,1095,630,261,-720,-721,170,75,0,0,0,0,0,0,0,0,0,0,12,0,0,0,0,0,0,0,0,0,0,0,2,1,83
3192,3192,0,1,-905,-9,-209,15,0,2,1089,630,261,-178,-841,233,74,0,0,0,0,0,0,0,0,0,0,12,0,0,0,0,0,0,0,0,0,0,0,2,1,63
3193,3193,0,0,-1444,-4,-1092,-4,0,2,1174,630,261,272,-1039,211,74,0,0,0,0,0,0,0,0,0,0,11,0,0,0,0,0,0,0,0,0,0,0,2,1,53
3194,3194,0,1,-1444,-4,-1092,-4,0,2,1158,630,261,529,-1248,205,73,0,0,0,0,0,0,0,0,0,0,12,0,0,0,0,0,0,0,0,0,0,0,2,1,66
3195,3195,0,0,-993,-1,-598,10,0,2,1386,630,261,655,-1272,227,73,0,0,0,0,0,0,0,0,0,0,12,0,0,0,0,0,0,0,0,0,0,0,2,1,83
3196,3196,0,1,-993,-1,-598,10,0,2,1534,-261,630,669,-1074,101,74,0,0,0,0,0,0,0,0,0,0,12,0,0,0,0,0,0,0,0,0,0,0,2,1,88
3197,3197,0,0,335,15,-985,7,0,2,1621,-261,630,698,-682,144,74,0,0,0,0,0,0,0,0,0,0,12,0,0,0,0,0,0,0,0,0,0,0,2,1,78
3198,3198,0,1,335,15,-985,7,0,2,1539,-261,630,811,-196,269,74,0,0,0,0,0,0,0,0,0,0,12,0,0,0,0,0,0,0,0,0,0,0,2,1,60
3199,3199,0,0,882,-14,-1191,-7,0,2,1688,-261,630,1038,223,245,73,0,0,0,0,0,0,0,0,0,0,11,0,0,0,0,0,0,0,0,0,0,0,2,1,51
3200,3200,0,1,882,-14,-1191,-7,0,2,1684,-261,630,1291,475,225,72,0,0,0,0,0,0,0,0,0,0,12,0,0,0,0,0,0,0,0,0,0,0,2,1,65
3201,3201,0,0,817,-15,-1050,6,0,2,1877,-261,630,1335,591,268,72,0,0,0,0,0,0,0,0,0,0,12,0,0,0,0,0,0,0,0,0,0,0,2,1,85
3202,3202,0,1,817,-15,-1050,6,0,2,1971,-680,-261,1095,632,217,73,0,0,0,0,0,0,0,0,0,0,12,0,0,0,0,0,0,0,0,0,0,0,2,1,90
3203,3203,0,0,832,0,403,-13,0,2,2,-680,-261,675,693,343,74,0,0,0,0,0,0,0,0,0,0,12,0,0,0,0,0,0,0,0,0,0,0,2,1,78
3204,3204,0,1,832,0,403,-13,0,2,82,-680,-261,185,848,389,73,0,0,0,0,0,0,0,0,0,0,12,0,0,0,0,0,0,0,0,0,0,0,2,1,60
3205,3205,0,0,1331,-13,798,-2,0,2,7,-680,-261,-225,1096,510,73,0,0,0,0,0,0,0,0,0,0,12,0,0,0,0,0,0,0,0,0,0,0,2,1,54
3206,3206,0,1,1331,-13,798,-2,0,2,130,-680,-261,-487,1331,508,72,0,0,0,0,0,0,0,0,0,0,12,0,0,0,0,0,0,0,0,0,0,0,2,1,69
3207,3207,0,0,1037,13,799,-1,0,2,310,-680,-261,-618,1352,582,72,0,0,0,0,0,0,0,0,0,0,12,0,0,0,0,0,0,0,0,0,0,0,2,1,88
3208,3208,0,1,1037,13,799,-1,0,2,508,261,-680,-675,1110,458,73,0,0,0,0,0,0,0,0,0,0,12,0,0,0,0,0,0,0,0,0,0,0,2,1,92
3209,3209,0,0,-460,-12,833,1,0,2,513,261,-680,-739,710,585,74,0,0,0,0,0,0,0,0,0,0,12,0,0,0,0,0,0,0,0,0,0,0,2,1,80
3210,3210,0,1,-460,-12,833,1,0,2,577,261,-680,-888,227,648,74,0,0,0,0,0,0,0,0,0,0,12,0,0,0,0,0,0,0,0,0,0,0,2,1,63
3211,3211,0,0,-756,12,1505,1,0,2,651,261,-680,-1129,-233,637,73,0,0,0,0,0,0,0,0,0,0,12,0,0,0,0,0,0,0,0,0,0,0,2,1,56
3212,3212,0,1,-756,12,1505,1,0,2,658,261,-680,-1370,-567,619,72,0,0,0,0,0,0,0,0,0,0,12,0,0,0,0,0,0,0,0,0,0,0,2,1,71
3213,3213,0,0,-877,-13,814,14,0,2,1008,261,-680,-1408,-659,507,73,0,0,0,0,0,0,0,0,0,0,12,0,0,0,0,0,0,0,0,0,0,0,2,1,91
3214,3214,0,1,-877,-13,814,14,0,2,944,630,261,-1168,-603,459,74,0,0,0,0,0,0,0,0,0,0,12,0,0,0,0,0,0,0,0,0,0,0,2,1,96
3215,3215,0,0,-834,-2,-204,-12,0,2,1026,630,261,-723,-647,585,75,0,0,0,0,0,0,0,0,0,0,12,0,0,0,0,0,0,0,0,0,0,0,2,1,81
3216,3216,0,1,-834,-2,-204,-12,0,2,1054,630,261,-195,-861,683,74,0,0,0,0,0,0,0,0,0,0,12,0,0,0,0,0,0,0,0,0,0,0,2,1,59
3217,3217,0,0,-1458,14,-1045,11,0,2,1190,630,261,243,-1088,645,73,0,0,0,0,0,0,0,0,0,0,12,0,0,0,0,0,0,0,0,0,0,0,2,1,54
3218,3218,0,1,-1458,14,-1045,11,0,2,1186,630,261,510,-1228,611,72,0,0,0,0,0,0,0,0,0,0,12,0,0,0,0,0,0,0,0,0,0,0,2,1,69
3219,3219,0,0,-1023,1,-667,5,0,2,1221,630,261,626,-1265,542,73,0,0,0,0,0,0,0,0,0,0,12,0,0,0,0,0,0,0,0,0,0,0,2,1,82
3220,3220,0,1,-1023,1,-667,5,0,2,1457,-261,630,670,-1131,493,73,0,0,0,0,0,0,0,0,0,0,12,0,0,0,0,0,0,0,0,0,0,0,2,1,87
3221,3221,0,0,315,-5,-960,0,0,2,1575,-261,630,721,-733,582,74,0,0,0,0,0,0,0,0,0,0,12,0,0,0,0,0,0,0,0,0,0,0,2,1,81
3222,3222,0,1,315,-5,-960,0,0,2,1623,-261,630,846,-165,623,74,0,0,0,0,0,0,0,0,0,0,12,0,0,0,0,0,0,0,0,0,0,0,2,1,63
3223,3223,0,0,950,-10,-1249,-1,0,2,1557,-261,630,1051,263,730,73,0,0,0,0,0,0,0,0,0,0,11,0,0,0,0,0,0,0,0,0,0,0,2,1,53
3224,3224,0,1,950,-10,-1249,-1,0,2,1669,-261,630,1259,470,725,72,0,0,0,0,0,0,0,0,0,0,12,0,0,0,0,0,0,0,0,0,0,0,2,1,67
3225,3225,0,0,763,-5,-987,5,0,2,1756,-261,630,1321,573,633,72,0,0,0,0,0,0,0,0,0,0,12,0,0,0,0,0,0,0,0,0,0,0,2,1,83
3226,3226,0,1,763,-5,-987,5,0,2,2018,-680,-261,1155,627,535,73,0,0,0,0,0,0,0,0,0,0,11,0,0,0,0,0,0,0,0,0,0,0,2,1,89
3227,3227,0,0,890,-6,367,15,0,2,70,-680,-261,711,708,593,73,0,0,0,0,0,0,0,0,0,0,12,0,0,0,0,0,0,0,0,0,0,0,2,1,81
3228,3228,0,1,890,-6,367,15,0,2,83,-680,-261,127,859,638,73,0,0,0,0,0,0,0,0,0,0,12,0,0,0,0,0,0,0,0,0,0,0,2,1,62
3229,3229,0,0,1327,15,844,12,0,2,4,-680,-261,-289,1105,762,73,0,0,0,0,0,0,0,0,0,0,11,0,0,0,0,0,0,0,0,0,0,0,2,1,54
3230,3230,0,1,1327,15,844,12,0,2,161,-680,-261,-453,1352,729,72,0,0,0,0,0,0,0,0,0,0,12,0,0,0,0,0,0,0,0,0,0,0,2,1,71
3231,3231,0,0,924,-4,757,-11,0,2,215,-680,-261,-571,1361,642,72,0,0,0,0,0,0,0,0,0,0,11,0,0,0,0,0,0,0,0,0,0,0,2,1,88
3232,3232,0,1,924,-4,757,-11,0,2,498,261,-680,-676,1092,528,73,0,0,0,0,0,0,0,0,0,0,11,0,0,0,0,0,0,0,0,0,0,0,2,1,91
3233,3233,0,0,-290,-2,872,8,0,2,530,261,-680,-763,671,638,74,0,0,0,0,0,0,0,0,0,0,12,0,0,0,0,0,0,0,0,0,0,0,2,1,79
3234,3234,0,1,-290,-2,872,8,0,2,584,261,-680,-871,202,694,74,0,0,0,0,0,0,0,0,0,0,11,0,0,0,0,0,0,0,0,0,0,0,2,1,62
3235,3235,0,0,-898,-2,1435,-5,0,2,640,261,-680,-1089,-236,694,73,0,0,0,0,0,0,0,0,0,0,11,0,0,0,0,0,0,0,0,0,0,0,2,1,55
3236,3236,0,1,-898,-2,1435,-5,0,2,676,261,-680,-1348,-556,658,72,0,0,0,0,0,0,0,0,0,0,12,0,0,0,0,0,0,0,0,0,0,0,2,1,69
3237,3237,0,0,-723,13,967,7,0,2,830,261,-680,-1415,-663,724,73,0,0,0,0,0,0,0,0,0,0,11,0,0,0,0,0,0,0,0,0,0,0,2,1,90
3238,3238,0,1,-723,13,967,7,0,2,950,630,261,-1197,-626,670,74,0,0,0,0,0,0,0,0,0,0,11,0,0,0,0,0,0,0,0,0,0,0,2,1,97
3239,3239,0,0,-986,6,-318,2,0,2,1028,630,261,-754,-676,794,75,0,0,0,0,0,0,0,0,0,0,12,0,0,0,0,0,0,0,0,0,0,0,2,1,84
3240,3240,0,1,-986,6,-318,2,0,2,1118,630,261,-206,-870,828,75,0,0,0,0,0,0,0,0,0,0,12,0,0,0,0,0,0,0,0,0,0,0,2,1,62
3241,3241,0,0,-1369,7,-947,13,0,2,1190,630,261,260,-1093,790,74,0,0,0,0,0,0,0,0,0,0,12,0,0,0,0,0,0,0,0,0,0,0,2,1,55
3242,3242,0,1,-1369,7,-947,13,0,2,1205,630,261,550,-1253,737,73,0,0,0,0,0,0,0,0,0,0,12,0,0,0,0,0,0,0,0,0,0,0,2,1,69
3243,3243,0,0,-1082,6,-749,-13,0,2,1222,630,261,648,-1286,667,73,0,0,0,0,0,0,0,0,0,0,12,0,0,0,0,0,0,0,0,0,0,0,2,1,85
3244,3244,0,1,-1082,6,-749,-13,0,2,1469,-261,630,655,-1119,606,74,0,0,0,0,0,0,0,0,0,0,12,0,0,0,0,0,0,0,0,0,0,0,2,1,89
3245,3245,0,0,429,13,-900,-4,0,2,1539,-261,630,708,-715,731,74,0,0,0,0,0,0,0,0,0,0,12,0,0,0,0,0,0,0,0,0,0,0,2,1,80
3246,3246,0,1,429,13,-900,-4,0,2,1541,-261,630,865,-176,854,74,0,0,0,0,0,0,0,0,0,0,12,0,0,0,0,0,0,0,0,0,0,0,2,1,62
3247,3247,0,0,822,-10,-1258,-10,0,2,1672,-261,630,1079,264,846,73,0,0,0,0,0,0,0,0,0,0,11,0,0,0,0,0,0,0,0,0,0,0,2,1,54
3248,3248,0,1,822,-10,-1258,-10,0,2,1707,-261,630,1266,497,803,72,0,0,0,0,0,0,0,0,0,0,12,0,0,0,0,0,0,0,0,0,0,0,2,1,68
3249,3249,0,0,829,-3,-971,-11,0,2,1750,-261,630,1297,581,717,72,0,0,0,0,0,0,0,0,0,0,11,0,0,0,0,0,0,0,0,0,0,0,2,1,84
3250,3250,0,1,829,-3,-971,-11,0,2,2047,-680,-261,1100,619,590,73,0,0,0,0,0,0,0,0,0,0,11,0,0,0,0,0,0,0,0,0,0,0,2,1,88
3251,3251,0,0,864,0,366,14,0,2,6,-680,-261,700,695,712,74,0,0,0,0,0,0,0,0,0,0,12,0,0,0,0,0,0,0,0,0,0,0,2,1,77
3252,3252,0,1,864,0,366,14,0,2,64,-680,-261,198,855,776,74,0,0,0,0,0,0,0,0,0,0,11,0,0,0,0,0,0,0,0,0,0,0,2,1,60
3253,3253,0,0,1314,2,831,-1,0,2,128,-680,-261,-226,1100,776,73,0,0,0,0,0,0,0,0,0,0,11,0,0,0,0,0,0,0,0,0,0,0,2,1,54
3254,3254,0,1,1314,2,831,-1,0,2,134,-680,-261,-496,1331,770,72,0,0,0,0,0,0,0,0,0,0,12,0,0,0,0,0,0,0,0,0,0,0,2,1,70
3255,3255,0,0,1000,8,714,10,0,2,149,-680,-261,-587,1380,749,72,0,0,0,0,0,0,0,0,0,0,11,0,0,0,0,0,0,0,0,0,0,0,2,1,87
3256,3256,0,1,1000,8,714,10,0,2,511,261,-680,-614,1159,622,73,0,0,0,0,0,0,0,0,0,0,11,0,0,0,0,0,0,0,0,0,0,0,2,1,93
3257,3257,0,0,-329,-9,971,11,0,2,513,261,-680,-710,728,749,74,0,0,0,0,0,0,0,0,0,0,12,0,0,0,0,0,0,0,0,0,0,0,2,1,81
3258,3258,0,1,-329,-9,971,11,0,2,596,261,-680,-914,201,793,74,0,0,0,0,0,0,0,0,0,0,12,0,0,0,0,0,0,0,0,0,0,0,2,1,63
3259,3259,0,0,-915,13,1350,6,0,2,690,261,-680,-1156,-247,743,73,0,0,0,0,0,0,0,0,0,0,11,0,0,0,0,0,0,0,0,0,0,0,2,1,57
3260,3260,0,1,-915,13,1350,6,0,2,662,261,-680,-1348,-524,721,73,0,0,0,0,0,0,0,0,0,0,12,0,0,0,0,0,0,0,0,0,0,0,2,1,73
3261,3261,0,0,-751,-15,1036,12,0,2,722,261,-680,-1390,-626,639,73,0,0,0,0,0,0,0,0,0,0,11,0,0,0,0,0,0,0,0,0,0,0,2,1,89
3262,3262,0,1,-751,-15,1036,12,0,2,954,630,261,-1210,-632,581,74,0,0,0,0,0,0,0,0,0,0,11,0,0,0,0,0,0,0,0,0,0,0,2,1,94
3263,3263,0,0,-997,-5,-379,5,0,2,1058,630,261,-761,-696,675,75,0,0,0,0,0,0,0,0,0,0,12,0,0,0,0,0,0,0,0,0,0,0,2,1,84
3264,3264,0,1,-997,-5,-379,5,0,2,1113,630,261,-168,-866,714,75,0,0,0,0,0,0,0,0,0,0,12,0,0,0,0,0,0,0,0,0,0,0,2,1,63
3265,3265,0,0,-1372,4,-944,-16,0,2,1194,630,261,282,-1073,672,74,0,0,0,0,0,0,0,0,0,0,11,0,0,0,0,0,0,0,0,0,0,0,2,1,54
3266,3266,0,1,-1372,4,-944,-16,0,2,1172,630,261,501,-1239,652,73,0,0,0,0,0,0,0,0,0,0,12,0,0,0,0,0,0,0,0,0,0,0,2,1,68
3267,3267,0,0,-1064,-8,-735,1,0,2,1216,630,261,598,-1273,588,73,0,0,0,0,0,0,0,0,0,0,12,0,0,0,0,0,0,0,0,0,0,0,2,1,82
3268,3268,0,1,-1064,-8,-735,1,0,2,1513,-261,630,656,-1112,483,74,0,0,0,0,0,0,0,0,0,0,11,0,0,0,0,0,0,0,0,0,0,0,2,1,86
3269,3269,0,0,392,8,-875,-11,0,2,1539,-261,630,735,-711,608,75,0,0,0,0,0,0,0,0,0,0,12,0,0,0,0,0,0,0,0,0,0,0,2,1,80
3270,3270,0,1,392,8,-875,-11,0,2,1556,-261,630,870,-173,716,74,0,0,0,0,0,0,0,0,0,0,11,0,0,0,0,0,0,0,0,0,0,0,2,1,63
3271,3271,0,0,849,-15,-1255,-7,0,2,1677,-261,630,1066,253,703,73,0,0,0,0,0,0,0,0,0,0,11,0,0,0,0,0,0,0,0,0,0,0,2,1,55
3272,3272,0,1,849,-15,-1255,-7,0,2,1676,-261,630,1252,488,691,72,0,0,0,0,0,0,0,0,0,0,11,0,0,0,0,0,0,0,0,0,0,0,2,1,67
3273,3273,0,0,813,13,-971,-11,0,2,1902,-261,630,1307,557,709,72,0,0,0,0,0,0,0,0,0,0,11,0,0,0,0,0,0,0,0,0,0,0,2,1,83
3274,3274,0,1,813,13,-971,-11,0,2,1984,-680,-261,1137,587,645,73,0,0,0,0,0,0,0,0,0,0,11,0,0,0,0,0,0,0,0,0,0,0,2,1,88
3275,3275,0,0,879,15,322,2,0,2,2,-680,-261,735,692,771,74,0,0,0,0,0,0,0,0,0,0,11,0,0,0,0,0,0,0,0,0,0,0,2,1,79
3276,3276,0,1,879,15,322,2,0,2,64,-680,-261,203,898,835,74,0,0,0,0,0,0,0,0,0,0,11,0,0,0,0,0,0,0,0,0,0,0,2,1,62
3277,3277,0,0,1357,13,852,-12,0,2,130,-680,-261,-245,1137,833,73,0,0,0,0,0,0,0,0,0,0,11,0,0,0,0,0,0,0,0,0,0,0,2,1,57
3278,3278,0,1,1357,13,852,-12,0,2,139,-680,-261,-511,1324,822,72,0,0,0,0,0,0,0,0,0,0,11,0,0,0,0,0,0,0,0,0,0,0,2,1,72
3279,3279,0,0,944,-16,791,-9,0,2,214,-680,-261,-621,1354,736,72,0,0,0,0,0,0,0,0,0,0,11,0,0,0,0,0,0,0,0,0,0,0,2,1,87
3280,3280,0,1,944,-16,791,-9,0,2,442,261,-680,-641,1171,678,74,0,0,0,0,0,0,0,0,0,0,11,0,0,0,0,0,0,0,0,0,0,0,2,1,92
3281,3281,0,0,-271,-15,817,-15,0,2,517,261,-680,-732,745,801,74,0,0,0,0,0,0,0,0,0,0,11,0,0,0,0,0,0,0,0,0,0,0,2,1,83
3282,3282,0,1,-271,-15,817,-15,0,2,598,261,-680,-933,181,843,74,0,0,0,0,0,0,0,0,0,0,11,0,0,0,0,0,0,0,0,0,0,0,2,1,64
3283,3283,0,0,-973,-13,1494,-10,0,2,651,261,-680,-1168,-285,832,73,0,0,0,0,0,0,0,0,0,0,11,0,0,0,0,0,0,0,0,0,0,0,2,1,58
3284,3284,0,1,-973,-13,1494,-10,0,2,643,261,-680,-1351,-547,829,73,0,0,0,0,0,0,0,0,0,0,11,0,0,0,0,0,0,0,0,0,0,0,2,1,74
3285,3285,0,0,-684,-12,790,-10,0,2,724,261,-680,-1382,-632,745,73,0,0,0,0,0,0,0,0,0,0,11,0,0,0,0,0,0,0,0,0,0,0,2,1,90
3286,3286,0,1,-684,-12,790,-10,0,2,1010,630,261,-1195,-629,631,74,0,0,0,0,0,0,0,0,0,0,11,0,0,0,0,0,0,0,0,0,0,0,2,1,94
3287,3287,0,0,-989,3,-114,14,0,2,1028,630,261,-755,-683,755,75,0,0,0,0,0,0,0,0,0,0,11,0,0,0,0,0,0,0,0,0,0,0,2,1,83
3288,3288,0,1,-989,3,-114,14,0,2,1109,630,261,-175,-843,798,75,0,0,0,0,0,0,0,0,0,0,11,0,0,0,0,0,0,0,0,0,0,0,2,1,63
3289,3289,0,0,-1391,-15,-1132,-12,0,2,1164,630,261,277,-1050,786,74,0,0,0,0,0,0,0,0,0,0,11,0,0,0,0,0,0,0,0,0,0,0,2,1,53
3290,3290,0,1,-1391,-15,-1132,-12,0,2,1205,630,261,513,-1226,733,73,0,0,0,0,0,0,0,0,0,0,11,0,0,0,0,0,0,0,0,0,0,0,2,1,67
3291,3291,0,0,-1050,6,-593,15,0,2,1222,630,261,615,-1267,663,73,0,0,0,0,0,0,0,0,0,0,11,0,0,0,0,0,0,0,0,0,0,0,2,1,81
3292,3292,0,1,-1050,6,-593,15,0,2,1534,-261,630,660,-1108,537,74,0,0,0,0,0,0,0,0,0,0,11,0,0,0,0,0,0,0,0,0,0,0,2,1,87
3293,3293,0,0,317,-3,-950,10,0,2,1618,-261,630,732,-718,583,75,0,0,0,0,0,0,0,0,0,0,11,0,0,0,0,0,0,0,0,0,0,0,2,1,80
3294,3294,0,1,317,-3,-950,10,0,2,1664,-261,630,873,-195,583,74,0,0,0,0,0,0,0,0,0,0,11,0,0,0,0,0,0,0,0,0,0,0,2,1,63
3295,3295,0,0,958,-2,-1314,-2,0,2,1554,-261,630,1082,234,693,73,0,0,0,0,0,0,0,0,0,0,11,0,0,0,0,0,0,0,0,0,0,0,2,1,55
3296,3296,0,1,958,-2,-1314,-2,0,2,1678,-261,630,1287,475,679,72,0,0,0,0,0,0,0,0,0,0,11,0,0,0,0,0,0,0,0,0,0,0,2,1,69
3297,3297,0,0,751,15,-908,-12,0,2,1894,-261,630,1319,596,705,73,0,0,0,0,0,0,0,0,0,0,11,0,0,0,0,0,0,0,0,0,0,0,2,1,84
3298,3298,0,1,751,15,-908,-12,0,2,1978,-680,-261,1122,641,647,74,0,0,0,0,0,0,0,0,0,0,10,0,0,0,0,0,0,0,0,0,0,0,2,1,89
3299,3299,0,0,904,8,305,-15,0,2,4,-680,-261,716,698,771,74,0,0,0,0,0,0,0,0,0,0,11,0,0,0,0,0,0,0,0,0,0,0,2,1,80
3300,3300,0,1,904,8,305,-15,0,2,82,-680,-261,203,833,817,74,0,0,0,0,0,0,0,0,0,0,11,0,0,0,0,0,0,0,0,0,0,0,2,1,62
3301,3301,0,0,1339,-5,825,-7,0,2,2,-680,-261,-244,1086,943,73,0,0,0,0,0,0,0,0,0,0,11,0,0,0,0,0,0,0,0,0,0,0,2,1,53
3302,3302,0,1,1339,-5,825,-7,0,2,137,-680,-261,-528,1349,934,73,0,0,0,0,0,0,0,0,0,0,11,0,0,0,0,0,0,0,0,0,0,0,2,1,69
3303,3303,0,0,941,13,826,-6,0,2,210,-680,-261,-794,1251,852,73,0,0,0,0,0,0,0,0,0,0,11,0,0,0,0,0,0,0,0,0,0,0,2,1,89
3304,3304,0,1,941,13,826,-6,0,2,443,261,-680,-758,973,793,74,0,0,0,0,0,0,0,0,0,0,11,0,0,0,0,0,0,0,0,0,0,0,2,1,92
3305,3305,0,0,-290,-2,775,7,0,2,615,261,-680,-776,574,818,75,0,0,0,0,0,0,0,0,0,0,11,0,0,0,0,0,0,0,0,0,0,0,2,1,77
3306,3306,0,1,-290,-2,775,7,0,2,531,261,-680,-911,133,927,74,0,0,0,0,0,0,0,0,0,0,11,0,0,0,0,0,0,0,0,0,0,0,2,1,60
3307,3307,0,0,-904,-8,1519,15,0,2,664,261,-680,-1103,-338,903,74,0,0,0,0,0,0,0,0,0,0,11,0,0,0,0,0,0,0,0,0,0,0,2,1,57
3308,3308,0,1,-904,-8,1519,15,0,2,726,261,-680,-1264,-736,817,73,0,0,0,0,0,0,0,0,0,0,11,0,0,0,0,0,0,0,0,0,0,0,2,1,72
3309,3309,0,0,-739,-3,883,-13,0,2,882,261,-680,-1283,-853,831,73,0,0,0,0,0,0,0,0,0,0,11,0,0,0,0,0,0,0,0,0,0,0,2,1,91
3310,3310,0,1,-739,-3,883,-13,0,2,978,630,261,-1092,-744,749,74,0,0,0,0,0,0,0,0,0,0,11,0,0,0,0,0,0,0,0,0,0,0,2,1,96
3311,3311,0,0,-947,13,-271,-15,0,2,1025,630,261,-666,-714,876,75,0,0,0,0,0,0,0,0,0,0,12,0,0,0,0,0,0,0,0,0,0,0,2,1,82
3312,3312,0,1,-947,13,-271,-15,0,2,1162,630,261,-100,-855,866,75,0,0,0,0,0,0,0,0,0,0,11,0,0,0,0,0,0,0,0,0,0,0,2,1,61
3313,3313,0,0,-1453,-13,-947,13,0,2,1158,630,261,393,-1051,860,74,0,0,0,0,0,0,0,0,0,0,11,0,0,0,0,0,0,0,0,0,0,0,2,1,53
3314,3314,0,1,-1453,-13,-947,13,0,2,1154,630,261,700,-1193,858,73,0,0,0,0,0,0,0,0,0,0,12,0,0,0,0,0,0,0,0,0,0,0,2,1,70
3315,3315,0,0,-978,14,-768,0,0,2,1452,630,261,809,-1187,814,73,0,0,0,0,0,0,0,0,0,0,11,0,0,0,0,0,0,0,0,0,0,0,2,1,86
3316,3316,0,1,-978,14,-768,0,0,2,1498,-261,630,788,-982,724,74,0,0,0,0,0,0,0,0,0,0,11,0,0,0,0,0,0,0,0,0,0,0,2,1,89
3317,3317,0,0,292,4,-876,-12,0,2,1637,-261,630,787,-579,751,74,0,0,0,0,0,0,0,0,0,0,12,0,0,0,0,0,0,0,0,0,0,0,2,1,78
3318,3318,0,1,292,4,-876,-12,0,2,1700,-261,630,876,-72,715,74,0,0,0,0,0,0,0,0,0,0,11,0,0,0,0,0,0,0,0,0,0,0,2,1,60
3319,3319,0,0,985,-7,-1254,-6,0,2,1730,-261,630,1036,354,649,73,0,0,0,0,0,0,0,0,0,0,11,0,0,0,0,0,0,0,0,0,0,0,2,1,55
3320,3320,0,1,985,-7,-1254,-6,0,2,1756,-261,630,1193,619,557,72,0,0,0,0,0,0,0,0,0,0,11,0,0,0,0,0,0,0,0,0,0,0,2,1,68
3321,3321,0,0,665,-7,-961,-1,0,2,1914,-261,630,1206,747,563,72,0,0,0,0,0,0,0,0,0,0,11,0,0,0,0,0,0,0,0,0,0,0,2,1,84
3322,3322,0,1,665,-7,-961,-1,0,2,2022,-680,-261,1009,784,461,73,0,0,0,0,0,0,0,0,0,0,11,0,0,0,0,0,0,0,0,0,0,0,2,1,89
3323,3323,0,0,961,1,371,-13,0,2,2,-680,-261,604,785,587,74,0,0,0,0,0,0,0,0,0,0,11,0,0,0,0,0,0,0,0,0,0,0,2,1,80
3324,3324,0,1,961,1,371,-13,0,2,155,-680,-261,192,821,560,74,0,0,0,0,0,0,0,0,0,0,11,0,0,0,0,0,0,0,0,0,0,0,2,1,62
3325,3325,0,0,1285,5,797,-3,0,2,148,-680,-261,-370,1017,540,73,0,0,0,0,0,0,0,0,0,0,11,0,0,0,0,0,0,0,0,0,0,0,2,1,52
3326,3326,0,1,1285,5,797,-3,0,2,215,-680,-261,-493,1351,453,72,0,0,0,0,0,0,0,0,0,0,12,0,0,0,0,0,0,0,0,0,0,0,2,1,68
3327,3327,0,0,978,-14,733,-3,0,2,299,-680,-261,-768,1292,538,72,0,0,0,0,0,0,0,0,0,0,11,0,0,0,0,0,0,0,0,0,0,0,2,1,88
3328,3328,0,1,978,-14,733,-3,0,2,445,261,-680,-766,1029,477,73,0,0,0,0,0,0,0,0,0,0,11,0,0,0,0,0,0,0,0,0,0,0,2,1,93
3329,3329,0,0,-278,10,980,-12,0,2,528,261,-680,-792,585,589,74,0,0,0,0,0,0,0,0,0,0,12,0,0,0,0,0,0,0,0,0,0,0,2,1,80
3330,3330,0,1,-278,10,980,-12,0,2,592,261,-680,-900,196,637,74,0,0,0,0,0,0,0,0,0,0,12,0,0,0,0,0,0,0,0,0,0,0,2,1,61
3331,3331,0,0,-934,-6,1307,-5,0,2,647,261,-680,-1101,-373,630,73,0,0,0,0,0,0,0,0,0,0,12,0,0,0,0,0,0,0,0,0,0,0,2,1,57
3332,3332,0,1,-934,-6,1307,-5,0,2,654,261,-680,-1376,-512,616,72,0,0,0,0,0,0,0,0,0,0,12,0,0,0,0,0,0,0,0,0,0,0,2,1,72
3333,3333,0,0,-737,-1,1056,0,0,2,882,261,-680,-1294,-802,630,73,0,0,0,0,0,0,0,0,0,0,12,0,0,0,0,0,0,0,0,0,0,0,2,1,91
3334,3334,0,1,-737,-1,1056,0,0,2,954,630,261,-1070,-792,572,74,0,0,0,0,0,0,0,0,0,0,12,0,0,0,0,0,0,0,0,0,0,0,2,1,95
3335,3335,0,0,-958,2,-394,-10,0,2,1096,630,261,-635,-788,628,75,0,0,0,0,0,0,0,0,0,0,12,0,0,0,0,0,0,0,0,0,0,0,2,1,83
3336,3336,0,1,-958,2,-394,-10,0,2,1028,630,261,-91,-859,752,75,0,0,0,0,0,0,0,0,0,0,12,0,0,0,0,0,0,0,0,0,0,0,2,1,63
3337,3337,0,0,-1405,3,-918,10,0,2,1172,630,261,393,-997,732,74,0,0,0,0,0,0,0,0,0,0,12,0,0,0,0,0,0,0,0,0,0,0,2,1,54
3338,3338,0,1,-1405,3,-918,10,0,2,1168,630,261,706,-1137,716,73,0,0,0,0,0,0,0,0,0,0,12,0,0,0,0,0,0,0,0,0,0,0,2,1,66
3339,3339,0,0,-999,-7,-725,11,0,2,1325,630,261,798,-1161,799,73,0,0,0,0,0,0,0,0,0,0,12,0,0,0,0,0,0,0,0,0,0,0,2,1,83
3340,3340,0,1,-999,-7,-725,11,0,2,1504,-261,630,770,-971,703,74,0,0,0,0,0,0,0,0,0,0,12,0,0,0,0,0,0,0,0,0,0,0,2,1,88
3341,3341,0,0,337,-15,-887,9,0,2,1547,-261,630,768,-567,820,74,0,0,0,0,0,0,0,0,0,0,12,0,0,0,0,0,0,0,0,0,0,0,2,1,77
3342,3342,0,1,337,-15,-887,9,0,2,1716,-261,630,882,-26,768,74,0,0,0,0,0,0,0,0,0,0,12,0,0,0,0,0,0,0,0,0,0,0,2,1,59
3343,3343,0,0,875,11,-1315,-3,0,2,1666,-261,630,1040,409,766,73,0,0,0,0,0,0,0,0,0,0,11,0,0,0,0,0,0,0,0,0,0,0,2,1,55
3344,3344,0,1,875,11,-1315,-3,0,2,1754,-261,630,1162,646,676,72,0,0,0,0,0,0,0,0,0,0,12,0,0,0,0,0,0,0,0,0,0,0,2,1,70
3345,3345,0,0,795,-5,-888,8,0,2,1850,-261,630,1167,736,746,72,0,0,0,0,0,0,0,0,0,0,11,0,0,0,0,0,0,0,0,0,0,0,2,1,83
3346,3346,0,1,795,-5,-888,8,0,2,2040,-680,-261,995,755,626,73,0,0,0,0,0,0,0,0,0,0,11,0,0,0,0,0,0,0,0,0,0,0,2,1,86
3347,3347,0,0,869,5,202,10,0,2,65,-680,-261,606,804,689,74,0,0,0,0,0,0,0,0,0,0,11,0,0,0,0,0,0,0,0,0,0,0,2,1,78
3348,3348,0,1,869,5,202,10,0,2,132,-680,-261,79,917,685,73,0,0,0,0,0,0,0,0,0,0,11,0,0,0,0,0,0,0,0,0,0,0,2,1,62
3349,3349,0,0,1345,1,966,6,0,2,176,-680,-261,-395,1062,637,73,0,0,0,0,0,0,0,0,0,0,11,0,0,0,0,0,0,0,0,0,0,0,2,1,57
3350,3350,0,1,1345,1,966,6,0,2,194,-680,-261,-674,1205,571,72,0,0,0,0,0,0,0,0,0,0,11,0,0,0,0,0,0,0,0,0,0,0,2,1,71
3351,3351,0,0,997,5,727,-9,0,2,384,-680,-261,-818,1207,571,72,0,0,0,0,0,0,0,0,0,0,11,0,0,0,0,0,0,0,0,0,0,0,2,1,86
3352,3352,0,1,997,5,727,-9,0,2,485,261,-680,-801,1043,470,73,0,0,0,0,0,0,0,0,0,0,11,0,0,0,0,0,0,0,0,0,0,0,2,1,91
3353,3353,0,0,-444,4,882,-14,0,2,594,261,-680,-810,620,516,74,0,0,0,0,0,0,0,0,0,0,11,0,0,0,0,0,0,0,0,0,0,0,2,1,82
3354,3354,0,1,-444,4,882,-14,0,2,646,261,-680,-911,56,510,74,0,0,0,0,0,0,0,0,0,0,11,0,0,0,0,0,0,0,0,0,0,0,2,1,64
3355,3355,0,0,-759,9,1423,15,0,2,642,261,-680,-1094,-430,508,73,0,0,0,0,0,0,0,0,0,0,11,0,0,0,0,0,0,0,0,0,0,0,2,1,57
3356,3356,0,1,-759,9,1423,15,0,2,660,261,-680,-1258,-698,488,72,0,0,0,0,0,0,0,0,0,0,11,0,0,0,0,0,0,0,0,0,0,0,2,1,73
3357,3357,0,0,-892,4,919,-9,0,2,876,261,-680,-1272,-779,508,73,0,0,0,0,0,0,0,0,0,0,11,0,0,0,0,0,0,0,0,0,0,0,2,1,90
3358,3358,0,1,-892,4,919,-9,0,2,1004,630,261,-1064,-757,400,74,0,0,0,0,0,0,0,0,0,0,11,0,0,0,0,0,0,0,0,0,0,0,2,1,93
3359,3359,0,0,-830,2,-246,10,0,2,1104,630,261,-630,-764,448,75,0,0,0,0,0,0,0,0,0,0,11,0,0,0,0,0,0,0,0,0,0,0,2,1,81
3360,3360,0,1,-830,2,-246,10,0,2,1189,630,261,-76,-858,411,75,0,0,0,0,0,0,0,0,0,0,11,0,0,0,0,0,0,0,0,0,0,0,2,1,61
3361,3361,0,0,-1505,-1,-981,11,0,2,1170,630,261,384,-1020,393,74,0,0,0,0,0,0,0,0,0,0,11,0,0,0,0,0,0,0,0,0,0,0,2,1,53
3362,3362,0,1,-1505,-1,-981,11,0,2,1224,630,261,658,-1172,321,73,0,0,0,0,0,0,0,0,0,0,11,0,0,0,0,0,0,0,0,0,0,0,2,1,68
3363,3363,0,0,-965,-5,-694,10,0,2,1353,630,261,772,-1176,376,73,0,0,0,0,0,0,0,0,0,0,11,0,0,0,0,0,0,0,0,0,0,0,2,1,84
3364,3364,0,1,-965,-5,-694,10,0,2,1475,-261,630,787,-976,309,74,0,0,0,0,0,0,0,0,0,0,11,0,0,0,0,0,0,0,0,0,0,0,2,1,88
3365,3365,0,0,282,-6,-931,-3,0,2,1556,-261,630,799,-599,417,74,0,0,0,0,0,0,0,0,0,0,11,0,0,0,0,0,0,0,0,0,0,0,2,1,78
3366,3366,0,1,282,-6,-931,-3,0,2,1670,-261,630,866,-120,411,74,0,0,0,0,0,0,0,0,0,0,11,0,0,0,0,0,0,0,0,0,0,0,2,1,62
3367,3367,0,0,974,14,-1276,4,0,2,1692,-261,630,1019,336,383,73,0,0,0,0,0,0,0,0,0,0,11,0,0,0,0,0,0,0,0,0,0,0,2,1,54
3368,3368,0,1,974,14,-1276,4,0,2,1684,-261,630,1190,668,363,72,0,0,0,0,0,0,0,0,0,0,11,0,0,0,0,0,0,0,0,0,0,0,2,1,67
3369,3369,0,0,777,9,-902,-6,0,2,1839,-261,630,1226,798,444,72,0,0,0,0,0,0,0,0,0,0,11,0,0,0,0,0,0,0,0,0,0,0,2,1,85
3370,3370,0,1,777,9,-902,-6,0,2,2003,-680,-261,1035,772,361,73,0,0,0,0,0,0,0,0,0,0,11,0,0,0,0,0,0,0,0,0,0,0,2,1,91
3371,3371,0,0,842,10,262,6,0,2,0,-680,-261,590,766,233,74,0,0,0,0,0,0,0,0,0,0,11,0,0,0,0,0,0,0,0,0,0,0,2,1,80
3372,3372,0,1,842,10,262,6,0,2,166,-680,-261,14,862,195,74,0,0,0,0,0,0,0,0,0,0,11,0,0,0,0,0,0,0,0,0,0,0,2,1,60
3373,3373,0,0,1332,-12,951,-9,0,2,154,-680,-261,-416,1049,169,73,0,0,0,0,0,0,0,0,0,0,11,0,0,0,0,0,0,0,0,0,0,0,2,1,54
3374,3374,0,1,1332,-12,951,-9,0,2,209,-680,-261,-625,1237,88,72,0,0,0,0,0,0,0,0,0,0,11,0,0,0,0,0,0,0,0,0,0,0,2,1,71
3375,3375,0,0,956,-4,665,-7,0,2,331,-680,-261,-573,1349,141,72,0,0,0,0,0,0,0,0,0,0,11,0,0,0,0,0,0,0,0,0,0,0,2,1,86
3376,3376,0,1,956,-4,665,-7,0,2,508,261,-680,-676,1134,17,73,0,0,0,0,0,0,0,0,0,0,11,0,0,0,0,0,0,0,0,0,0,0,2,1,90
3377,3377,0,0,-311,9,936,8,0,2,634,261,-680,-763,723,23,74,0,0,0,0,0,0,0,0,0,0,11,0,0,0,0,0,0,0,0,0,0,0,2,1,81
3378,3378,0,1,-311,9,936,8,0,2,665,261,-680,-874,217,-2,74,0,0,0,0,0,0,0,0,0,0,11,0,0,0,0,0,0,0,0,0,0,0,2,1,65
3379,3379,0,0,-890,6,1367,-9,0,2,522,261,-680,-1103,-229,116,73,0,0,0,0,0,0,0,0,0,0,11,0,0,0,0,0,0,0,0,0,0,0,2,1,55
3380,3380,0,1,-890,6,1367,-9,0,2,678,261,-680,-1376,-514,78,73,0,0,0,0,0,0,0,0,0,0,11,0,0,0,0,0,0,0,0,0,0,0,2,1,70
3381,3381,0,0,-745,-9,997,5,0,2,1018,261,-680,-1429,-620,-44,73,0,0,0,0,0,0,0,0,0,0,11,0,0,0,0,0,0,0,0,0,0,0,2,1,90
3382,3382,0,1,-745,-9,997,5,0,2,946,630,261,-1184,-614,-94,74,0,0,0,0,0,0,0,0,0,0,11,0,0,0,0,0,0,0,0,0,0,0,2,1,95
3383,3383,0,0,-943,-15,-360,-8,0,2,1025,630,261,-735,-680,33,75,0,0,0,0,0,0,0,0,0,0,12,0,0,0,0,0,0,0,0,0,0,0,2,1,81
3384,3384,0,1,-943,-15,-360,-8,0,2,1028,630,261,-209,-862,157,75,0,0,0,0,0,0,0,0,0,0,11,0,0,0,0,0,0,0,0,0,0,0,2,1,62
3385,3385,0,0,-1445,-5,-953,7,0,2,1188,630,261,242,-1088,121,74,0,0,0,0,0,0,0,0,0,0,11,0,0,0,0,0,0,0,0,0,0,0,2,1,54
3386,3386,0,1,-1445,-5,-953,7,0,2,1178,630,261,544,-1263,95,73,0,0,0,0,0,0,0,0,0,0,12,0,0,0,0,0,0,0,0,0,0,0,2,1,68
3387,3387,0,0,-1006,-14,-765,3,0,2,1234,630,261,668,-1277,13,73,0,0,0,0,0,0,0,0,0,0,12,0,0,0,0,0,0,0,0,0,0,0,2,1,85
3388,3388,0,1,-1006,-14,-765,3,0,2,1468,-261,630,680,-1078,-47,74,0,0,0,0,0,0,0,0,0,0,11,0,0,0,0,0,0,0,0,0,0,0,2,1,89
3389,3389,0,0,371,-13,-894,2,0,2,1575,-261,630,710,-691,42,74,0,0,0,0,0,0,0,0,0,0,12,0,0,0,0,0,0,0,0,0,0,0,2,1,79
3390,3390,0,1,371,-13,-894,2,0,2,1604,-261,630,835,-199,102,74,0,0,0,0,0,0,0,0,0,0,11,0,0,0,0,0,0,0,0,0,0,0,2,1,61
3391,3391,0,0,883,-13,-1240,8,0,2,1724,-261,630,1051,232,42,73,0,0,0,0,0,0,0,0,0,0,11,0,0,0,0,0,0,0,0,0,0,0,2,1,53
3392,3392,0,1,883,-13,-1240,8,0,2,1680,-261,630,1267,515,26,72,0,0,0,0,0,0,0,0,0,0,12,0,0,0,0,0,0,0,0,0,0,0,2,1,66
3393,3393,0,0,823,-9,-974,-14,0,2,1838,-261,630,1312,610,108,72,0,0,0,0,0,0,0,0,0,0,11,0,0,0,0,0,0,0,0,0,0,0,2,1,84
3394,3394,0,1,823,-9,-974,-14,0,2,2046,-680,-261,1112,601,-18,73,0,0,0,0,0,0,0,0,0,0,11,0,0,0,0,0,0,0,0,0,0,0,2,1,89
3395,3395,0,0,806,6,322,2,0,2,7,-680,-261,708,661,103,74,0,0,0,0,0,0,0,0,0,0,12,0,0,0,0,0,0,0,0,0,0,0,2,1,78
3396,3396,0,1,806,6,322,2,0,2,28,-680,-261,196,862,203,74,0,0,0,0,0,0,0,0,0,0,11,0,0,0,0,0,0,0,0,0,0,0,2,1,59
3397,3397,0,0,1376,0,917,-11,0,2,140,-680,-261,-238,1112,191,73,0,0,0,0,0,0,0,0,0,0,11,0,0,0,0,0,0,0,0,0,0,0,2,1,54
3398,3398,0,1,1376,0,917,-11,0,2,185,-680,-261,-490,1318,134,72,0,0,0,0,0,0,0,0,0,0,12,0,0,0,0,0,0,0,0,0,0,0,2,1,70
3399,3399,0,0,983,-9,636,-4,0,2,20,-680,-261,-602,1347,242,72,0,0,0,0,0,0,0,0,0,0,12,0,0,0,0,0,0,0,0,0,0,0,2,1,86
3400,3400,0,1,983,-9,636,-4,0,2,440,261,-680,-629,1150,186,73,0,0,0,0,0,0,0,0,0,0,11,0,0,0,0,0,0,0,0,0,0,0,2,1,91
3401,3401,0,0,-352,0,1036,12,0,2,579,261,-680,-712,725,247,74,0,0,0,0,0,0,0,0,0,0,12,0,0,0,0,0,0,0,0,0,0,0,2,1,81
3402,3402,0,1,-352,0,1036,12,0,2,596,261,-680,-902,176,291,74,0,0,0,0,0,0,0,0,0,0,12,0,0,0,0,0,0,0,0,0,0,0,2,1,62
3403,3403,0,0,-865,-1,1277,-3,0,2,640,261,-680,-1156,-279,291,73,0,0,0,0,0,0,0,0,0,0,11,0,0,0,0,0,0,0,0,0,0,0,2,1,57
3404,3404,0,1,-865,-1,1277,-3,0,2,642,261,-680,-1376,-544,289,72,0,0,0,0,0,0,0,0,0,0,12,0,0,0,0,0,0,0,0,0,0,0,2,1,73
3405,3405,0,0,-796,4,1066,10,0,2,708,261,-680,-1408,-642,221,73,0,0,0,0,0,0,0,0,0,0,11,0,0,0,0,0,0,0,0,0,0,0,2,1,91
3406,3406,0,1,-796,4,1066,10,0,2,1017,630,261,-1187,-652,100,74,0,0,0,0,0,0,0,0,0,0,11,0,0,0,0,0,0,0,0,0,0,0,2,1,95
3407,3407,0,0,-914,14,-393,-9,0,2,1099,630,261,-734,-713,153,75,0,0,0,0,0,0,0,0,0,0,12,0,0,0,0,0,0,0,0,0,0,0,2,1,83
3408,3408,0,1,-914,14,-393,-9,0,2,1050,630,261,-172,-865,255,74,0,0,0,0,0,0,0,0,0,0,12,0,0,0,0,0,0,0,0,0,0,0,2,1,63
3409,3409,0,0,-1476,-4,-915,13,0,2,1155,630,261,277,-1061,252,74,0,0,0,0,0,0,0,0,0,0,12,0,0,0,0,0,0,0,0,0,0,0,2,1,54
3410,3410,0,1,-1476,-4,-915,13,0,2,1186,630,261,530,-1226,218,73,0,0,0,0,0,0,0,0,0,0,12,0,0,0,0,0,0,0,0,0,0,0,2,1,68
3411,3411,0,0,-898,-2,-781,-13,0,2,1242,630,261,639,-1264,128,73,0,0,0,0,0,0,0,0,0,0,12,0,0,0,0,0,0,0,0,0,0,0,2,1,82
3412,3412,0,1,-898,-2,-781,-13,0,2,1536,-261,630,673,-1108,0,74,0,0,0,0,0,0,0,0,0,0,12,0,0,0,0,0,0,0,0,0,0,0,2,1,87
3413,3413,0,0,214,-10,-808,-8,0,2,1554,-261,630,718,-717,110,74,0,0,0,0,0,0,0,0,0,0,12,0,0,0,0,0,0,0,0,0,0,0,2,1,80
3414,3414,0,1,214,-10,-808,-8,0,2,1677,-261,630,831,-185,97,74,0,0,0,0,0,0,0,0,0,0,11,0,0,0,0,0,0,0,0,0,0,0,2,1,62
3415,3415,0,0,1019,-5,-1316,-4,0,2,1670,-261,630,1047,261,91,73,0,0,0,0,0,0,0,0,0,0,11,0,0,0,0,0,0,0,0,0,0,0,2,1,52
3416,3416,0,1,1019,-5,-1316,-4,0,2,1682,-261,630,1284,508,73,72,0,0,0,0,0,0,0,0,0,0,12,0,0,0,0,0,0,0,0,0,0,0,2,1,66
3417,3417,0,0,692,-12,-948,12,0,2,1826,-261,630,1337,586,167,72,0,0,0,0,0,0,0,0,0,0,11,0,0,0,0,0,0,0,0,0,0,0,2,1,85
3418,3418,0,1,692,-12,-948,12,0,2,2042,-680,-261,1136,574,45,73,0,0,0,0,0,0,0,0,0,0,11,0,0,0,0,0,0,0,0,0,0,0,2,1,90
3419,3419,0,0,922,-6,330,10,0,2,14,-680,-261,717,671,159,74,0,0,0,0,0,0,0,0,0,0,12,0,0,0,0,0,0,0,0,0,0,0,2,1,78
3420,3420,0,1,922,-6,330,10,0,2,82,-680,-261,190,913,205,74,0,0,0,0,0,0,0,0,0,0,11,0,0,0,0,0,0,0,0,0,0,0,2,1,60
3421,3421,0,0,1358,14,862,-2,0,2,150,-680,-261,-248,1147,183,73,0,0,0,0,0,0,0,0,0,0,11,0,0,0,0,0,0,0,0,0,0,0,2,1,57
3422,3422,0,1,1358,14,862,-2,0,2,214,-680,-261,-494,1297,97,72,0,0,0,0,0,0,0,0,0,0,12,0,0,0,0,0,0,0,0,0,0,0,2,1,72
3423,3423,0,0,926,-2,753,-15,0,2,148,-680,-261,-610,1319,77,72,0,0,0,0,0,0,0,0,0,0,11,0,0,0,0,0,0,0,0,0,0,0,2,1,86
3424,3424,0,1,926,-2,753,-15,0,2,509,261,-680,-648,1167,-48,73,0,0,0,0,0,0,0,0,0,0,11,0,0,0,0,0,0,0,0,0,0,0,2,1,89
3425,3425,0,0,-274,14,925,-3,0,2,580,261,-680,-730,755,12,74,0,0,0,0,0,0,0,0,0,0,11,0,0,0,0,0,0,0,0,0,0,0,2,1,83
3426,3426,0,1,-274,14,925,-3,0,2,532,261,-680,-901,184,120,74,0,0,0,0,0,0,0,0,0,0,11,0,0,0,0,0,0,0,0,0,0,0,2,1,64
3427,3427,0,0,-965,-5,1366,-10,0,2,652,261,-680,-1154,-278,108,73,0,0,0,0,0,0,0,0,0,0,11,0,0,0,0,0,0,0,0,0,0,0,2,1,57
3428,3428,0,1,-965,-5,1366,-10,0,2,676,261,-680,-1382,-524,72,73,0,0,0,0,0,0,0,0,0,0,11,0,0,0,0,0,0,0,0,0,0,0,2,1,73
3429,3429,0,0,-697,7,998,6,0,2,722,261,-680,-1395,-621,-10,73,0,0,0,0,0,0,0,0,0,0,11,0,0,0,0,0,0,0,0,0,0,0,2,1,91
3430,3430,0,1,-697,7,998,6,0,2,1024,630,261,-1138,-653,-138,74,0,0,0,0,0,0,0,0,0,0,11,0,0,0,0,0,0,0,0,0,0,0,2,1,94
3431,3431,0,0,-931,-3,-389,-5,0,2,1099,630,261,-719,-693,-85,75,0,0,0,0,0,0,0,0,0,0,12,0,0,0,0,0,0,0,0,0,0,0,2,1,81
3432,3432,0,1,-931,-3,-389,-5,0,2,1028,630,261,-225,-812,39,75,0,0,0,0,0,0,0,0,0,0,11,0,0,0,0,0,0,0,0,0,0,0,2,1,61
3433,3433,0,0,-1433,7,-824,8,0,2,1038,630,261,228,-1026,153,74,0,0,0,0,0,0,0,0,0,0,11,0,0,0,0,0,0,0,0,0,0,0,2,1,51
3434,3434,0,1,-1433,7,-824,8,0,2,1161,630,261,559,-1246,144,73,0,0,0,0,0,0,0,0,0,0,12,0,0,0,0,0,0,0,0,0,0,0,2,1,65
3435,3435,0,0,-1042,14,-873,-9,0,2,1232,630,261,660,-1309,64,73,0,0,0,0,0,0,0,0,0,0,12,0,0,0,0,0,0,0,0,0,0,0,2,1,84
3436,3436,0,1,-1042,14,-873,-9,0,2,1449,-261,630,634,-1114,23,74,0,0,0,0,0,0,0,0,0,0,11,0,0,0,0,0,0,0,0,0,0,0,2,1,91
3437,3437,0,0,342,-10,-800,0,0,2,1606,-261,630,684,-697,81,74,0,0,0,0,0,0,0,0,0,0,12,0,0,0,0,0,0,0,0,0,0,0,2,1,79
3438,3438,0,1,342,-10,-800,0,0,2,1672,-261,630,864,-181,73,74,0,0,0,0,0,0,0,0,0,0,11,0,0,0,0,0,0,0,0,0,0,0,2,1,60
3439,3439,0,0,938,10,-1356,-12,0,2,1686,-261,630,1105,235,51,73,0,0,0,0,0,0,0,0,0,0,11,0,0,0,0,0,0,0,0,0,0,0,2,1,54
3440,3440,0,1,938,10,-1356,-12,0,2,1696,-261,630,1301,479,19,72,0,0,0,0,0,0,0,0,0,0,12,0,0,0,0,0,0,0,0,0,0,0,2,1,70
3441,3441,0,0,764,-4,-912,-16,0,2,1732,-261,630,1320,584,-49,72,0,0,0,0,0,0,0,0,0,0,11,0,0,0,0,0,0,0,0,0,0,0,2,1,86
3442,3442,0,1,764,-4,-912,-16,0,2,2038,-680,-261,1113,623,-167,73,0,0,0,0,0,0,0,0,0,0,11,0,0,0,0,0,0,0,0,0,0,0,2,1,89
3443,3443,0,0,885,-11,338,-14,0,2,3,-680,-261,711,708,-42,74,0,0,0,0,0,0,0,0,0,0,11,0,0,0,0,0,0,0,0,0,0,0,2,1,78
3444,3444,0,1,885,-11,338,-14,0,2,16,-680,-261,209,881,70,74,0,0,0,0,0,0,0,0,0,0,11,0,0,0,0,0,0,0,0,0,0,0,2,1,62
3445,3445,0,0,1345,1,879,15,0,2,134,-680,-261,-233,1114,64,73,0,0,0,0,0,0,0,0,0,0,11,0,0,0,0,0,0,0,0,0,0,0,2,1,56
3446,3446,0,1,1345,1,879,15,0,2,165,-680,-261,-535,1312,27,72,0,0,0,0,0,0,0,0,0,0,12,0,0,0,0,0,0,0,0,0,0,0,2,1,70
3447,3447,0,0,944,-16,729,-7,0,2,215,-680,-261,-625,1356,-60,72,0,0,0,0,0,0,0,0,0,0,11,0,0,0,0,0,0,0,0,0,0,0,2,1,87
3448,3448,0,1,944,-16,729,-7,0,2,438,261,-680,-616,1153,-114,74,0,0,0,0,0,0,0,0,0,0,11,0,0,0,0,0,0,0,0,0,0,0,2,1,92
3449,3449,0,0,-301,-13,894,-2,0,2,579,261,-680,-682,716,-53,74,0,0,0,0,0,0,0,0,0,0,12,0,0,0,0,0,0,0,0,0,0,0,2,1,81
3450,3450,0,1,-301,-13,894,-2,0,2,532,261,-680,-881,168,55,74,0,0,0,0,0,0,0,0,0,0,11,0,0,0,0,0,0,0,0,0,0,0,2,1,61
3451,3451,0,0,-896,0,1405,-3,0,2,652,261,-680,-1141,-254,43,73,0,0,0,0,0,0,0,0,0,0,11,0,0,0,0,0,0,0,0,0,0,0,2,1,55
3452,3452,0,1,-896,0,1405,-3,0,2,662,261,-680,-1354,-487,21,73,0,0,0,0,0,0,0,0,0,0,12,0,0,0,0,0,0,0,0,0,0,0,2,1,72
3453,3453,0,0,-753,15,957,-3,0,2,663,261,-680,-1409,-590,-2,73,0,0,0,0,0,0,0,0,0,0,11,0,0,0,0,0,0,0,0,0,0,0,2,1,89
3454,3454,0,1,-753,15,957,-3,0,2,1004,630,261,-1215,-665,-110,74,0,0,0,0,0,0,0,0,0,0,11,0,0,0,0,0,0,0,0,0,0,0,2,1,93
3455,3455,0,0,-942,-14,-293,-5,0,2,1046,630,261,-774,-734,-4,75,0,0,0,0,0,0,0,0,0,0,12,0,0,0,0,0,0,0,0,0,0,0,2,1,85
3456,3456,0,1,-942,-14,-293,-5,0,2,1038,630,261,-200,-843,110,75,0,0,0,0,0,0,0,0,0,0,12,0,0,0,0,0,0,0,0,0,0,0,2,1,65
3457,3457,0,0,-1439,1,-960,0,0,2,1200,630,261,271,-1047,62,74,0,0,0,0,0,0,0,0,0,0,12,0,0,0,0,0,0,0,0,0,0,0,2,1,53
3458,3458,0,1,-1439,1,-960,0,0,2,1155,630,261,549,-1265,59,73,0,0,0,0,0,0,0,0,0,0,12,0,0,0,0,0,0,0,0,0,0,0,2,1,67
3459,3459,0,0,-982,10,-753,15,0,2,1222,630,261,638,-1318,-11,73,0,0,0,0,0,0,0,0,0,0,12,0,0,0,0,0,0,0,0,0,0,0,2,1,85
3460,3460,0,1,-982,10,-753,15,0,2,1460,-261,630,653,-1106,-63,74,0,0,0,0,0,0,0,0,0,0,12,0,0,0,0,0,0,0,0,0,0,0,2,1,90
3461,3461,0,0,331,11,-884,12,0,2,1536,-261,630,712,-684,-191,74,0,0,0,0,0,0,0,0,0,0,12,0,0,0,0,0,0,0,0,0,0,0,2,1,79
3462,3462,0,1,331,11,-884,12,0,2,1540,-261,630,864,-168,-67,74,0,0,0,0,0,0,0,0,0,0,12,0,0,0,0,0,0,0,0,0,0,0,2,1,60
3463,3463,0,0,951,-9,-1254,-6,0,2,1682,-261,630,1085,251,-85,73,0,0,0,0,0,0,0,0,0,0,12,0,0,0,0,0,0,0,0,0,0,0,2,1,54
3464,3464,0,1,951,-9,-1254,-6,0,2,1676,-261,630,1278,506,-97,72,0,0,0,0,0,0,0,0,0,0,12,0,0,0,0,0,0,0,0,0,0,0,2,1,68
3465,3465,0,0,739,3,-952,8,0,2,1840,-261,630,1308,601,-17,72,0,0,0,0,0,0,0,0,0,0,12,0,0,0,0,0,0,0,0,0,0,0,2,1,85
3466,3466,0,1,739,3,-952,8,0,2,2025,-680,-261,1109,621,-122,73,0,0,0,0,0,0,0,0,0,0,11,0,0,0,0,0,0,0,0,0,0,0,2,1,89
3467,3467,0,0,860,-4,309,-11,0,2,65,-680,-261,701,689,-59,74,0,0,0,0,0,0,0,0,0,0,12,0,0,0,0,0,0,0,0,0,0,0,2,1,78
3468,3468,0,1,860,-4,309,-11,0,2,82,-680,-261,189,859,-13,74,0,0,0,0,0,0,0,0,0,0,11,0,0,0,0,0,0,0,0,0,0,0,2,1,61
3469,3469,0,0,1373,-3,888,-8,0,2,172,-680,-261,-230,1104,-57,73,0,0,0,0,0,0,0,0,0,0,11,0,0,0,0,0,0,0,0,0,0,0,2,1,54
3470,3470,0,1,1373,-3,888,-8,0,2,148,-680,-261,-502,1319,-77,72,0,0,0,0,0,0,0,0,0,0,12,0,0,0,0,0,0,0,0,0,0,0,2,1,70
3471,3471,0,0,921,-7,686,14,0,2,212,-680,-261,-612,1353,-161,73,0,0,0,0,0,0,0,0,0,0,11,0,0,0,0,0,0,0,0,0,0,0,2,1,87
3472,3472,0,1,921,-7,686,14,0,2,506,261,-680,-641,1139,-283,74,0,0,0,0,0,0,0,0,0,0,11,0,0,0,0,0,0,0,0,0,0,0,2,1,92
3473,3473,0,0,-247,9,939,11,0,2,513,261,-680,-720,720,-156,74,0,0,0,0,0,0,0,0,0,0,12,0,0,0,0,0,0,0,0,0,0,0,2,1,80
3474,3474,0,1,-247,9,939,11,0,2,532,261,-680,-899,200,-48,74,0,0,0,0,0,0,0,0,0,0,11,0,0,0,0,0,0,0,0,0,0,0,2,1,63
3475,3475,0,0,-934,-6,1397,-11,0,2,641,261,-680,-1146,-247,-49,73,0,0,0,0,0,0,0,0,0,0,11,0,0,0,0,0,0,0,0,0,0,0,2,1,57
3476,3476,0,1,-934,-6,1397,-11,0,2,646,261,-680,-1370,-519,-55,73,0,0,0,0,0,0,0,0,0,0,12,0,0,0,0,0,0,0,0,0,0,0,2,1,72
3477,3477,0,0,-801,-1,948,-12,0,2,874,261,-680,-1393,-645,-33,73,0,0,0,0,0,0,0,0,0,0,11,0,0,0,0,0,0,0,0,0,0,0,2,1,91
3478,3478,0,1,-801,-1,948,-12,0,2,954,630,261,-1168,-653,-91,74,0,0,0,0,0,0,0,0,0,0,11,0,0,0,0,0,0,0,0,0,0,0,2,1,95
3479,3479,0,0,-858,6,-309,11,0,2,1139,630,261,-726,-705,-78,75,0,0,0,0,0,0,0,0,0,0,12,0,0,0,0,0,0,0,0,0,0,0,2,1,83
3480,3480,0,1,-858,6,-309,11,0,2,1028,630,261,-180,-854,46,75,0,0,0,0,0,0,0,0,0,0,12,0,0,0,0,0,0,0,0,0,0,0,2,1,62
3481,3481,0,0,-1532,4,-975,-15,0,2,1165,630,261,279,-1056,33,74,0,0,0,0,0,0,0,0,0,0,12,0,0,0,0,0,0,0,0,0,0,0,2,1,54
3482,3482,0,1,-1532,4,-975,-15,0,2,1156,630,261,558,-1231,29,73,0,0,0,0,0,0,0,0,0,0,12,0,0,0,0,0,0,0,0,0,0,0,2,1,67
3483,3483,0,0,-876,-12,-704,0,0,2,1242,630,261,657,-1264,-61,73,0,0,0,0,0,0,0,0,0,0,12,0,0,0,0,0,0,0,0,0,0,0,2,1,83
3484,3484,0,1,-876,-12,-704,0,0,2,1531,-261,630,650,-1091,-184,74,0,0,0,0,0,0,0,0,0,0,11,0,0,0,0,0,0,0,0,0,0,0,2,1,88
3485,3485,0,0,192,0,-891,5,0,2,1554,-261,630,691,-700,-74,74,0,0,0,0,0,0,0,0,0,0,12,0,0,0,0,0,0,0,0,0,0,0,2,1,78
3486,3486,0,1,192,0,-891,5,0,2,1674,-261,630,839,-186,-84,74,0,0,0,0,0,0,0,0,0,0,11,0,0,0,0,0,0,0,0,0,0,0,2,1,61
3487,3487,0,0,1051,-5,-1307,5,0,2,1674,-261,630,1069,245,-94,73,0,0,0,0,0,0,0,0,0,0,11,0,0,0,0,0,0,0,0,0,0,0,2,1,53
3488,3488,0,1,1051,-5,-1307,5,0,2,1670,-261,630,1285,498,-100,72,0,0,0,0,0,0,0,0,0,0,12,0,0,0,0,0,0,0,0,0,0,0,2,1,68
3489,3489,0,0,679,7,-917,11,0,2,1748,-261,630,1315,589,-184,72,0,0,0,0,0,0,0,0,0,0,11,0,0,0,0,0,0,0,0,0,0,0,2,1,86
3490,3490,0,1,679,7,-917,11,0,2,2042,-680,-261,1103,599,-306,73,0,0,0,0,0,0,0,0,0,0,11,0,0,0,0,0,0,0,0,0,0,0,2,1,89
3491,3491,0,0,910,14,279,-9,0,2,72,-680,-261,703,677,-250,74,0,0,0,0,0,0,0,0,0,0,12,0,0,0,0,0,0,0,0,0,0,0,2,1,77
3492,3492,0,1,910,14,279,-9,0,2,16,-680,-261,216,869,-138,74,0,0,0,0,0,0,0,0,0,0,11,0,0,0,0,0,0,0,0,0,0,0,2,1,60
3493,3493,0,0,1354,10,894,-2,0,2,136,-680,-261,-205,1121,-146,73,0,0,0,0,0,0,0,0,0,0,11,0,0,0,0,0,0,0,0,0,0,0,2,1,55
3494,3494,0,1,1354,10,894,-2,0,2,128,-680,-261,-496,1333,-146,72,0,0,0,0,0,0,0,0,0,0,12,0,0,0,0,0,0,0,0,0,0,0,2,1,70
3495,3495,0,0,948,-12,728,-8,0,2,217,-680,-261,-634,1360,-235,72,0,0,0,0,0,0,0,0,0,0,11,0,0,0,0,0,0,0,0,0,0,0,2,1,88
3496,3496,0,1,948,-12,728,-8,0,2,426,261,-680,-679,1136,-277,73,0,0,0,0,0,0,0,0,0,0,11,0,0,0,0,0,0,0,0,0,0,0,2,1,93
3497,3497,0,0,-297,-9,933,5,0,2,560,261,-680,-721,718,-197,74,0,0,0,0,0,0,0,0,0,0,12,0,0,0,0,0,0,0,0,0,0,0,2,1,82
3498,3498,0,1,-297,-9,933,5,0,2,596,261,-680,-868,191,-153,74,0,0,0,0,0,0,0,0,0,0,11,0,0,0,0,0,0,0,0,0,0,0,2,1,62
3499,3499,0,0,-961,-1,1341,-3,0,2,644,261,-680,-1131,-254,-157,73,0,0,0,0,0,0,0,0,0,0,11,0,0,0,0,0,0,0,0,0,0,0,2,1,55
3500,3500,0,1,-961,-1,1341,-3,0,2,644,261,-680,-1396,-526,-161,73,0,0,0,0,0,0,0,0,0,0,12,0,0,0,0,0,0,0,0,0,0,0,2,1,71
3501,3501,0,0,-641,-1,979,-13,0,2,874,261,-680,-1417,-623,-139,73,0,0,0,0,0,0,0,0,0,0,11,0,0,0,0,0,0,0,0,0,0,0,2,1,92
3502,3502,0,1,-641,-1,979,-13,0,2,947,630,261,-1142,-621,-190,74,0,0,0,0,0,0,0,0,0,0,11,0,0,0,0,0,0,0,0,0,0,0,2,1,96
3503,3503,0,0,-994,-2,-312,8,0,2,1030,630,261,-711,-674,-68,75,0,0,0,0,0,0,0,0,0,0,12,0,0,0,0,0,0,0,0,0,0,0,2,1,80
3504,3504,0,1,-994,-2,-312,8,0,2,1092,630,261,-235,-836,-8,75,0,0,0,0,0,0,0,0,0,0,12,0,0,0,0,0,0,0,0,0,0,0,2,1,60
3505,3505,0,0,-1421,-13,-940,-12,0,2,1156,630,261,217,-1067,-12,74,0,0,0,0,0,0,0,0,0,0,12,0,0,0,0,0,0,0,0,0,0,0,2,1,53
3506,3506,0,1,-1421,-13,-940,-12,0,2,1152,630,261,555,-1271,-12,73,0,0,0,0,0,0,0,0,0,0,12,0,0,0,0,0,0,0,0,0,0,0,2,1,67
3507,3507,0,0,-977,15,-733,3,0,2,1239,630,261,688,-1293,-99,73,0,0,0,0,0,0,0,0,0,0,12,0,0,0,0,0,0,0,0,0,0,0,2,1,86
3508,3508,0,1,-977,15,-733,3,0,2,1456,-261,630,648,-1088,-147,74,0,0,0,0,0,0,0,0,0,0,12,0,0,0,0,0,0,0,0,0,0,0,2,1,91
3509,3509,0,0,263,7,-909,-13,0,2,1569,-261,630,676,-688,-52,74,0,0,0,0,0,0,0,0,0,0,12,0,0,0,0,0,0,0,0,0,0,0,2,1,78
3510,3510,0,1,263,7,-909,-13,0,2,1686,-261,630,849,-196,-74,74,0,0,0,0,0,0,0,0,0,0,12,0,0,0,0,0,0,0,0,0,0,0,2,1,59
3511,3511,0,0,963,3,-1252,-4,0,2,1695,-261,630,1091,216,-105,73,0,0,0,0,0,0,0,0,0,0,12,0,0,0,0,0,0,0,0,0,0,0,2,1,54
3512,3512,0,1,963,3,-1252,-4,0,2,1670,-261,630,1294,482,-111,72,0,0,0,0,0,0,0,0,0,0,12,0,0,0,0,0,0,0,0,0,0,0,2,1,68
3513,3513,0,0,759,-9,-1003,-11,0,2,1756,-261,630,1318,604,-203,72,0,0,0,0,0,0,0,0,0,0,12,0,0,0,0,0,0,0,0,0,0,0,2,1,86
3514,3514,0,1,759,-9,-1003,-11,0,2,2046,-680,-261,1121,614,-329,73,0,0,0,0,0,0,0,0,0,0,12,0,0,0,0,0,0,0,0,0,0,0,2,1,89
3515,3515,0,0,874,10,402,-14,0,2,0,-680,-261,714,694,-457,74,0,0,0,0,0,0,0,0,0,0,12,0,0,0,0,0,0,0,0,0,0,0,2,1,79
3516,3516,0,1,874,10,402,-14,0,2,4,-680,-261,201,876,-333,74,0,0,0,0,0,0,0,0,0,0,12,0,0,0,0,0,0,0,0,0,0,0,2,1,62
3517,3517,0,0,1360,-16,776,8,0,2,2,-680,-261,-245,1109,-207,73,0,0,0,0,0,0,0,0,0,0,12,0,0,0,0,0,0,0,0,0,0,0,2,1,55
3518,3518,0,1,1360,-16,776,8,0,2,129,-680,-261,-541,1293,-208,72,0,0,0,0,0,0,0,0,0,0,12,0,0,0,0,0,0,0,0,0,0,0,2,1,70
3519,3519,0,0,891,-5,798,-2,0,2,210,-680,-261,-625,1318,-290,72,0,0,0,0,0,0,0,0,0,0,12,0,0,0,0,0,0,0,0,0,0,0,2,1,87
3520,3520,0,1,891,-5,798,-2,0,2,440,261,-680,-599,1120,-346,74,0,0,0,0,0,0,0,0,0,0,12,0,0,0,0,0,0,0,0,0,0,0,2,1,91
3521,3521,0,0,-181,11,832,0,0,2,582,261,-680,-663,723,-288,74,0,0,0,0,0,0,0,0,0,0,12,0,0,0,0,0,0,0,0,0,0,0,2,1,79
3522,3522,0,1,-181,11,832,0,0,2,512,261,-680,-894,206,-416,74,0,0,0,0,0,0,0,0,0,0,12,0,0,0,0,0,0,0,0,0,0,0,2,1,61
3523,3523,0,0,-1034,-10,1467,-5,0,2,640,261,-680,-1163,-252,-416,73,0,0,0,0,0,0,0,0,0,0,12,0,0,0,0,0,0,0,0,0,0,0,2,1,56
3524,3524,0,1,-1034,-10,1467,-5,0,2,534,261,-680,-1362,-527,-310,72,0,0,0,0,0,0,0,0,0,0,12,0,0,0,0,0,0,0,0,0,0,0,2,1,74
3525,3525,0,0,-593,15,891,-5,0,2,704,261,-680,-1375,-633,-374,73,0,0,0,0,0,0,0,0,0,0,12,0,0,0,0,0,0,0,0,0,0,0,2,1,90
3526,3526,0,1,-593,15,891,-5,0,2,952,630,261,-1156,-639,-430,74,0,0,0,0,0,0,0,0,0,0,12,0,0,0,0,0,0,0,0,0,0,0,2,1,94
3527,3527,0,0,-1086,2,-233,-9,0,2,1028,630,261,-738,-697,-306,75,0,0,0,0,0,0,0,0,0,0,12,0,0,0,0,0,0,0,0,0,0,0,2,1,81
3528,3528,0,1,-1086,2,-233,-9,0,2,1047,630,261,-218,-855,-201,75,0,0,0,0,0,0,0,0,0,0,12,0,0,0,0,0,0,0,0,0,0,0,2,1,63
3529,3529,0,0,-1280,0,-965,-5,0,2,1156,630,261,242,-1060,-205,74,0,0,0,0,0,0,0,0,0,0,12,0,0,0,0,0,0,0,0,0,0,0,2,1,54
3530,3530,0,1,-1280,0,-965,-5,0,2,1154,630,261,547,-1234,-207,73,0,0,0,0,0,0,0,0,0,0,12,0,0,0,0,0,0,0,0,0,0,0,2,1,67
3531,3531,0,0,-1163,-11,-770,-2,0,2,1174,630,261,666,-1276,-229,73,0,0,0,0,0,0,0,0,0,0,12,0,0,0,0,0,0,0,0,0,0,0,2,1,83
3532,3532,0,1,-1163,-11,-770,-2,0,2,1424,-261,630,665,-1113,-245,74,0,0,0,0,0,0,0,0,0,0,12,0,0,0,0,0,0,0,0,0,0,0,2,1,89
3533,3533,0,0,457,9,-847,-15,0,2,1545,-261,630,708,-701,-126,74,0,0,0,0,0,0,0,0,0,0,12,0,0,0,0,0,0,0,0,0,0,0,2,1,80
3534,3534,0,1,457,9,-847,-15,0,2,1671,-261,630,857,-150,-133,74,0,0,0,0,0,0,0,0,0,0,12,0,0,0,0,0,0,0,0,0,0,0,2,1,62
3535,3535,0,0,833,1,-1326,-14,0,2,1724,-261,630,1075,267,-193,73,0,0,0,0,0,0,0,0,0,0,11,0,0,0,0,0,0,0,0,0,0,0,2,1,54
3536,3536,0,1,833,1,-1326,-14,0,2,1710,-261,630,1269,469,-239,72,0,0,0,0,0,0,0,0,0,0,12,0,0,0,0,0,0,0,0,0,0,0,2,1,68
3537,3537,0,0,824,-8,-907,-11,0,2,1836,-261,630,1300,550,-155,72,0,0,0,0,0,0,0,0,0,0,11,0,0,0,0,0,0,0,0,0,0,0,2,1,84
3538,3538,0,1,824,-8,-907,-11,0,2,2032,-680,-261,1095,620,-267,73,0,0,0,0,0,0,0,0,0,0,11,0,0,0,0,0,0,0,0,0,0,0,2,1,87
3539,3539,0,0,856,-8,308,-12,0,2,6,-680,-261,705,707,-145,74,0,0,0,0,0,0,0,0,0,0,11,0,0,0,0,0,0,0,0,0,0,0,2,1,77
3540,3540,0,1,856,-8,308,-12,0,2,82,-680,-261,233,836,-99,74,0,0,0,0,0,0,0,0,0,0,11,0,0,0,0,0,0,0,0,0,0,0,2,1,62
3541,3541,0,0,1325,13,852,-12,0,2,129,-680,-261,-217,1077,-100,73,0,0,0,0,0,0,0,0,0,0,11,0,0,0,0,0,0,0,0,0,0,0,2,1,53
3542,3542,0,1,1325,13,852,-12,0,2,143,-680,-261,-541,1335,-115,72,0,0,0,0,0,0,0,0,0,0,11,0,0,0,0,0,0,0,0,0,0,0,2,1,68
3543,3543,0,0,1024,0,737,1,0,2,297,-680,-261,-640,1366,-28,72,0,0,0,0,0,0,0,0,0,0,11,0,0,0,0,0,0,0,0,0,0,0,2,1,90
3544,3544,0,1,1024,0,737,1,0,2,432,261,-680,-585,1119,-76,73,0,0,0,0,0,0,0,0,0,0,11,0,0,0,0,0,0,0,0,0,0,0,2,1,93
3545,3545,0,0,-384,0,906,10,0,2,512,261,-680,-678,690,-204,74,0,0,0,0,0,0,0,0,0,0,12,0,0,0,0,0,0,0,0,0,0,0,2,1,78
3546,3546,0,1,-384,0,906,10,0,2,596,261,-680,-925,218,-160,74,0,0,0,0,0,0,0,0,0,0,11,0,0,0,0,0,0,0,0,0,0,0,2,1,59
3547,3547,0,0,-806,-6,1381,5,0,2,646,261,-680,-1172,-199,-166,73,0,0,0,0,0,0,0,0,0,0,11,0,0,0,0,0,0,0,0,0,0,0,2,1,59
3548,3548,0,1,-806,-6,1381,5,0,2,669,261,-680,-1325,-512,-195,72,0,0,0,0,0,0,0,0,0,0,12,0,0,0,0,0,0,0,0,0,0,0,2,1,73
3549,3549,0,0,-842,-10,975,15,0,2,732,261,-680,-1355,-659,-287,73,0,0,0,0,0,0,0,0,0,0,11,0,0,0,0,0,0,0,0,0,0,0,2,1,87
3550,3550,0,1,-842,-10,975,15,0,2,933,630,261,-1219,-657,-324,74,0,0,0,0,0,0,0,0,0,0,11,0,0,0,0,0,0,0,0,0,0,0,2,1,93
3551,3551,0,0,-876,-12,-314,6,0,2,1077,630,261,-785,-696,-249,74,0,0,0,0,0,0,0,0,0,0,12,0,0,0,0,0,0,0,0,0,0,0,2,1,86
3552,3552,0,1,-876,-12,-314,6,0,2,1112,630,261,-160,-841,-209,74,0,0,0,0,0,0,0,0,0,0,11,0,0,0,0,0,0,0,0,0,0,0,2,1,65
3553,3553,0,0,-1476,-4,-954,6,0,2,1155,630,261,313,-1057,-212,74,0,0,0,0,0,0,0,0,0,0,11,0,0,0,0,0,0,0,0,0,0,0,2,1,53
3554,3554,0,1,-1476,-4,-954,6,0,2,1184,630,261,511,-1262,-244,73,0,0,0,0,0,0,0,0,0,0,12,0,0,0,0,0,0,0,0,0,0,0,2,1,68
3555,3555,0,0,-986,6,-740,-4,0,2,1221,630,261,615,-1281,-313,73,0,0,0,0,0,0,0,0,0,0,11,0,0,0,0,0,0,0,0,0,0,0,2,1,84
3556,3556,0,1,-986,6,-740,-4,0,2,1507,-261,630,669,-1082,-412,74,0,0,0,0,0,0,0,0,0,0,11,0,0,0,0,0,0,0,0,0,0,0,2,1,88
3557,3557,0,0,322,2,-847,-15,0,2,1620,-261,630,739,-679,-368,74,0,0,0,0,0,0,0,0,0,0,12,0,0,0,0,0,0,0,0,0,0,0,2,1,79
3558,3558,0,1,322,2,-847,-15,0,2,1629,-261,630,860,-175,-333,74,0,0,0,0,0,0,0,0,0,0,11,0,0,0,0,0,0,0,0,0,0,0,2,1,62
3559,3559,0,0,904,8,-1346,-2,0,2,1672,-261,630,1058,228,-341,73,0,0,0,0,0,0,0,0,0,0,11,0,0,0,0,0,0,0,0,0,0,0,2,1,54
3560,3560,0,1,904,8,-1346,-2,0,2,1683,-261,630,1262,470,-360,72,0,0,0,0,0,0,0,0,0,0,11,0,0,0,0,0,0,0,0,0,0,0,2,1,67
3561,3561,0,0,733,-3,-911,-15,0,2,1839,-261,630,1322,570,-279,72,0,0,0,0,0,0,0,0,0,0,11,0,0,0,0,0,0,0,0,0,0,0,2,1,83
3562,3562,0,1,733,-3,-911,-15,0,2,1984,-680,-261,1152,600,-343,73,0,0,0,0,0,0,0,0,0,0,11,0,0,0,0,0,0,0,0,0,0,0,2,1,89
3563,3563,0,0,917,-11,263,7,0,2,4,-680,-261,731,686,-219,74,0,0,0,0,0,0,0,0,0,0,11,0,0,0,0,0,0,0,0,0,0,0,2,1,80
3564,3564,0,1,917,-11,263,7,0,2,83,-680,-261,178,868,-174,74,0,0,0,0,0,0,0,0,0,0,11,0,0,0,0,0,0,0,0,0,0,0,2,1,61
3565,3565,0,0,1356,12,905,9,0,2,4,-680,-261,-247,1105,-50,73,0,0,0,0,0,0,0,0,0,0,11,0,0,0,0,0,0,0,0,0,0,0,2,1,55
3566,3566,0,1,1356,12,905,9,0,2,148,-680,-261,-466,1310,-70,72,0,0,0,0,0,0,0,0,0,0,11,0,0,0,0,0,0,0,0,0,0,0,2,1,70
3567,3567,0,0,943,15,706,2,0,2,212,-680,-261,-576,1346,-154,72,0,0,0,0,0,0,0,0,0,0,11,0,0,0,0,0,0,0,0,0,0,0,2,1,86
3568,3568,0,1,943,15,706,2,0,2,512,261,-680,-666,1141,-282,73,0,0,0,0,0,0,0,0,0,0,11,0,0,0,0,0,0,0,0,0,0,0,2,1,90
3569,3569,0,0,-283,5,937,9,0,2,582,261,-680,-750,724,-224,74,0,0,0,0,0,0,0,0,0,0,11,0,0,0,0,0,0,0,0,0,0,0,2,1,82
3570,3570,0,1,-283,5,937,9,0,2,582,261,-680,-887,188,-166,74,0,0,0,0,0,0,0,0,0,0,11,0,0,0,0,0,0,0,0,0,0,0,2,1,65
3571,3571,0,0,-900,-4,1329,-15,0,2,514,261,-680,-1120,-264,-40,73,0,0,0,0,0,0,0,0,0,0,11,0,0,0,0,0,0,0,0,0,0,0,2,1,56
3572,3572,0,1,-900,-4,1329,-15,0,2,684,261,-680,-1372,-521,-84,73,0,0,0,0,0,0,0,0,0,0,12,0,0,0,0,0,0,0,0,0,0,0,2,1,71
3573,3573,0,0,-745,-9,1039,15,0,2,870,261,-680,-1418,-622,-58,73,0,0,0,0,0,0,0,0,0,0,11,0,0,0,0,0,0,0,0,0,0,0,2,1,91
3574,3574,0,1,-745,-9,1039,15,0,2,956,630,261,-1186,-627,-118,74,0,0,0,0,0,0,0,0,0,0,11,0,0,0,0,0,0,0,0,0,0,0,2,1,95
3575,3575,0,0,-931,-3,-418,-2,0,2,1026,630,261,-726,-685,8,75,0,0,0,0,0,0,0,0,0,0,12,0,0,0,0,0,0,0,0,0,0,0,2,1,83
3576,3576,0,1,-931,-3,-418,-2,0,2,1046,630,261,-183,-829,114,75,0,0,0,0,0,0,0,0,0,0,11,0,0,0,0,0,0,0,0,0,0,0,2,1,61
3577,3577,0,0,-1436,4,-845,-13,0,2,1156,630,261,262,-1054,110,74,0,0,0,0,0,0,0,0,0,0,11,0,0,0,0,0,0,0,0,0,0,0,2,1,52
3578,3578,0,1,-1436,4,-845,-13,0,2,1212,630,261,522,-1263,50,73,0,0,0,0,0,0,0,0,0,0,12,0,0,0,0,0,0,0,0,0,0,0,2,1,67
3579,3579,0,0,-1007,-15,-818,14,0,2,1238,630,261,621,-1295,-36,73,0,0,0,0,0,0,0,0,0,0,11,0,0,0,0,0,0,0,0,0,0,0,2,1,84
3580,3580,0,1,-1007,-15,-818,14,0,2,1466,-261,630,637,-1090,-94,74,0,0,0,0,0,0,0,0,0,0,11,0,0,0,0,0,0,0,0,0,0,0,2,1,88
3581,3581,0,0,297,9,-834,-2,0,2,1606,-261,630,703,-692,-36,74,0,0,0,0,0,0,0,0,0,0,12,0,0,0,0,0,0,0,0,0,0,0,2,1,77
3582,3582,0,1,297,9,-834,-2,0,2,1623,-261,630,867,-202,5,74,0,0,0,0,0,0,0,0,0,0,11,0,0,0,0,0,0,0,0,0,0,0,2,1,61
3583,3583,0,0,957,-3,-1367,9,0,2,1681,-261,630,1092,223,-12,73,0,0,0,0,0,0,0,0,0,0,11,0,0,0,0,0,0,0,0,0,0,0,2,1,55
3584,3584,0,1,957,-3,-1367,9,0,2,1666,-261,630,1289,497,-14,72,0,0,0,0,0,0,0,0,0,0,11,0,0,0,0,0,0,0,0,0,0,0,2,1,69
3585,3585,0,0,771,3,-875,-11,0,2,1899,-261,630,1312,606,7,72,0,0,0,0,0,0,0,0,0,0,11,0,0,0,0,0,0,0,0,0,0,0,2,1,86
3586,3586,0,1,771,3,-875,-11,0,2,1973,-680,-261,1107,618,-46,73,0,0,0,0,0,0,0,0,0,0,11,0,0,0,0,0,0,0,0,0,0,0,2,1,89
3587,3587,0,0,876,12,267,11,0,2,0,-680,-261,702,690,-174,74,0,0,0,0,0,0,0,0,0,0,11,0,0,0,0,0,0,0,0,0,0,0,2,1,78
3588,3588,0,1,876,12,267,11,0,2,86,-680,-261,199,870,-132,74,0,0,0,0,0,0,0,0,0,0,11,0,0,0,0,0,0,0,0,0,0,0,2,1,61
3589,3589,0,0,1311,-1,886,-10,0,2,2,-680,-261,-233,1097,-6,73,0,0,0,0,0,0,0,0,0,0,11,0,0,0,0,0,0,0,0,0,0,0,2,1,55
3590,3590,0,1,1311,-1,886,-10,0,2,148,-680,-261,-506,1285,-26,72,0,0,0,0,0,0,0,0,0,0,12,0,0,0,0,0,0,0,0,0,0,0,2,1,69
3591,3591,0,0,961,1,693,-11,0,2,212,-680,-261,-599,1339,-110,72,0,0,0,0,0,0,0,0,0,0,11,0,0,0,0,0,0,0,0,0,0,0,2,1,86
3592,3592,0,1,961,1,693,-11,0,2,448,261,-680,-622,1164,-174,73,0,0,0,0,0,0,0,0,0,0,11,0,0,0,0,0,0,0,0,0,0,0,2,1,90
3593,3593,0,0,-275,13,880,-16,0,2,580,261,-680,-712,722,-114,74,0,0,0,0,0,0,0,0,0,0,11,0,0,0,0,0,0,0,0,0,0,0,2,1,81
3594,3594,0,1,-275,13,880,-16,0,2,594,261,-680,-895,151,-68,74,0,0,0,0,0,0,0,0,0,0,11,0,0,0,0,0,0,0,0,0,0,0,2,1,62
3595,3595,0,0,-919,9,1464,-8,0,2,647,261,-680,-1146,-274,-75,73,0,0,0,0,0,0,0,0,0,0,11,0,0,0,0,0,0,0,0,0,0,0,2,1,56
3596,3596,0,1,-919,9,1464,-8,0,2,670,261,-680,-1361,-491,-105,72,0,0,0,0,0,0,0,0,0,0,12,0,0,0,0,0,0,0,0,0,0,0,2,1,73
3597,3597,0,0,-690,14,905,9,0,2,660,261,-680,-1397,-587,-125,73,0,0,0,0,0,0,0,0,0,0,11,0,0,0,0,0,0,0,0,0,0,0,2,1,90
3598,3598,0,1,-690,14,905,9,0,2,1004,630,261,-1191,-640,-233,74,0,0,0,0,0,0,0,0,0,0,11,0,0,0,0,0,0,0,0,0,0,0,2,1,93
3599,3599,0,0,-989,3,-250,6,0,2,1100,630,261,-762,-711,-181,75,0,0,0,0,0,0,0,0,0,0,12,0,0,0,0,0,0,0,0,0,0,0,2,1,83
3600,3600,0,1,-989,3,-250,6,0,2,1024,630,261,-216,-843,-309,74,0,0,0,0,0,0,0,0,0,0,12,0,0,0,0,0,0,0,0,0,0,0,2,1,64
3601,3601,0,0,-1457,15,-1020,4,0,2,1025,630,261,246,-1062,-182,74,0,0,0,0,0,0,0,0,0,0,11,0,0,0,0,0,0,0,0,0,0,0,2,1,53
3602,3602,0,1,-1457,15,-1020,4,0,2,1152,630,261,532,-1285,-182,73,0,0,0,0,0,0,0,0,0,0,12,0,0,0,0,0,0,0,0,0,0,0,2,1,67
3603,3603,0,0,-894,2,-691,13,0,2,1220,630,261,648,-1315,-250,73,0,0,0,0,0,0,0,0,0,0,12,0,0,0,0,0,0,0,0,0,0,0,2,1,86
3604,3604,0,1,-894,2,-691,13,0,2,1454,-261,630,664,-1088,-296,74,0,0,0,0,0,0,0,0,0,0,11,0,0,0,0,0,0,0,0,0,0,0,2,1,90
3605,3605,0,0,158,-2,-927,1,0,2,1545,-261,630,713,-683,-177,74,0,0,0,0,0,0,0,0,0,0,12,0,0,0,0,0,0,0,0,0,0,0,2,1,79
3606,3606,0,1,158,-2,-927,1,0,2,1559,-261,630,852,-200,-72,74,0,0,0,0,0,0,0,0,0,0,12,0,0,0,0,0,0,0,0,0,0,0,2,1,60
3607,3607,0,0,1110,-10,-1272,8,0,2,1684,-261,630,1061,214,-92,73,0,0,0,0,0,0,0,0,0,0,11,0,0,0,0,0,0,0,0,0,0,0,2,1,54
3608,3608,0,1,1110,-10,-1272,8,0,2,1666,-261,630,1253,478,-94,72,0,0,0,0,0,0,0,0,0,0,12,0,0,0,0,0,0,0,0,0,0,0,2,1,66
3609,3609,0,0,572,-4,-898,-2,0,2,1968,-261,630,1296,579,-142,72,0,0,0,0,0,0,0,0,0,0,11,0,0,0,0,0,0,0,0,0,0,0,2,1,83
3610,3610,0,1,572,-4,-898,-2,0,2,2046,-680,-261,1113,588,-268,73,0,0,0,0,0,0,0,0,0,0,11,0,0,0,0,0,0,0,0,0,0,0,2,1,88
3611,3611,0,0,1062,6,252,-4,0,2,7,-680,-261,719,654,-147,74,0,0,0,0,0,0,0,0,0,0,11,0,0,0,0,0,0,0,0,0,0,0,2,1,78
3612,3612,0,1,1062,6,252,-4,0,2,84,-680,-261,216,837,-103,74,0,0,0,0,0,0,0,0,0,0,11,0,0,0,0,0,0,0,0,0,0,0,2,1,60
3613,3613,0,0,1225,9,920,-8,0,2,128,-680,-261,-217,1107,-103,73,0,0,0,0,0,0,0,0,0,0,11,0,0,0,0,0,0,0,0,0,0,0,2,1,53
3614,3614,0,1,1225,9,920,-8,0,2,157,-680,-261,-487,1349,-132,72,0,0,0,0,0,0,0,0,0,0,12,0,0,0,0,0,0,0,0,0,0,0,2,1,69
3615,3615,0,0,1050,-6,655,15,0,2,176,-680,-261,-588,1377,-180,72,0,0,0,0,0,0,0,0,0,0,11,0,0,0,0,0,0,0,0,0,0,0,2,1,88
3616,3616,0,1,1050,-6,655,15,0,2,446,261,-680,-603,1129,-242,73,0,0,0,0,0,0,0,0,0,0,11,0,0,0,0,0,0,0,0,0,0,0,2,1,93
3617,3617,0,0,-352,0,1008,-16,0,2,535,261,-680,-692,708,-137,74,0,0,0,0,0,0,0,0,0,0,12,0,0,0,0,0,0,0,0,0,0,0,2,1,78
3618,3618,0,1,-352,0,1008,-16,0,2,647,261,-680,-906,218,-144,74,0,0,0,0,0,0,0,0,0,0,11,0,0,0,0,0,0,0,0,0,0,0,2,1,61
3619,3619,0,0,-873,-9,1312,0,0,2,690,261,-680,-1178,-226,-194,73,0,0,0,0,0,0,0,0,0,0,11,0,0,0,0,0,0,0,0,0,0,0,2,1,57
3620,3620,0,1,-873,-9,1312,0,0,2,663,261,-680,-1389,-536,-217,72,0,0,0,0,0,0,0,0,0,0,12,0,0,0,0,0,0,0,0,0,0,0,2,1,74
3621,3621,0,0,-770,-2,1049,-7,0,2,659,261,-680,-1388,-649,-236,73,0,0,0,0,0,0,0,0,0,0,11,0,0,0,0,0,0,0,0,0,0,0,2,1,92
3622,3622,0,1,-770,-2,1049,-7,0,2,956,630,261,-1133,-631,-296,74,0,0,0,0,0,0,0,0,0,0,11,0,0,0,0,0,0,0,0,0,0,0,2,1,95
3623,3623,0,0,-956,4,-398,-14,0,2,1085,630,261,-726,-676,-229,75,0,0,0,0,0,0,0,0,0,0,12,0,0,0,0,0,0,0,0,0,0,0,2,1,80
3624,3624,0,1,-956,4,-398,-14,0,2,1112,630,261,-258,-846,-189,74,0,0,0,0,0,0,0,0,0,0,12,0,0,0,0,0,0,0,0,0,0,0,2,1,61
3625,3625,0,0,-1357,-13,-894,2,0,2,1158,630,261,212,-1075,-195,73,0,0,0,0,0,0,0,0,0,0,12,0,0,0,0,0,0,0,0,0,0,0,2,1,54
3626,3626,0,1,-1357,-13,-894,2,0,2,1156,630,261,577,-1259,-199,73,0,0,0,0,0,0,0,0,0,0,12,0,0,0,0,0,0,0,0,0,0,0,2,1,67
3627,3627,0,0,-1073,15,-726,10,0,2,1156,630,261,681,-1269,-203,73,0,0,0,0,0,0,0,0,0,0,12,0,0,0,0,0,0,0,0,0,0,0,2,1,86
3628,3628,0,1,-1073,15,-726,10,0,2,1471,-261,630,602,-1062,-266,74,0,0,0,0,0,0,0,0,0,0,12,0,0,0,0,0,0,0,0,0,0,0,2,1,89
3629,3629,0,0,395,11,-925,3,0,2,1590,-261,630,654,-683,-192,74,0,0,0,0,0,0,0,0,0,0,12,0,0,0,0,0,0,0,0,0,0,0,2,1,75
3630,3630,0,1,395,11,-925,3,0,2,1612,-261,630,897,-220,-140,74,0,0,0,0,0,0,0,0,0,0,12,0,0,0,0,0,0,0,0,0,0,0,2,1,59
3631,3631,0,0,842,10,-1235,13,0,2,1664,-261,630,1134,201,-140,73,0,0,0,0,0,0,0,0,0,0,11,0,0,0,0,0,0,0,0,0,0,0,2,1,57
3632,3632,0,1,842,10,-1235,13,0,2,1536,-261,630,1265,490,-268,72,0,0,0,0,0,0,0,0,0,0,12,0,0,0,0,0,0,0,0,0,0,0,2,1,71
3633,3633,0,0,841,9,-1033,-9,0,2,1696,-261,630,1279,590,-300,72,0,0,0,0,0,0,0,0,0,0,11,0,0,0,0,0,0,0,0,0,0,0,2,1,84
3634,3634,0,1,841,9,-1033,-9,0,2,1977,-680,-261,1132,579,-357,73,0,0,0,0,0,0,0,0,0,0,11,0,0,0,0,0,0,0,0,0,0,0,2,1,87
3635,3635,0,0,825,-7,399,15,0,2,33,-680,-261,745,667,-262,74,0,0,0,0,0,0,0,0,0,0,11,0,0,0,0,0,0,0,0,0,0,0,2,1,79
3636,3636,0,1,825,-7,399,15,0,2,64,-680,-261,206,896,-198,73,0,0,0,0,0,0,0,0,0,0,11,0,0,0,0,0,0,0,0,0,0,0,2,1,61
3637,3637,0,0,1414,6,823,-9,0,2,140,-680,-261,-242,1139,-210,73,0,0,0,0,0,0,0,0,0,0,11,0,0,0,0,0,0,0,0,0,0,0,2,1,57
3638,3638,0,1,1414,6,823,-9,0,2,153,-680,-261,-464,1322,-235,72,0,0,0,0,0,0,0,0,0,0,11,0,0,0,0,0,0,0,0,0,0,0,2,1,72
3639,3639,0,0,904,8,778,10,0,2,140,-680,-261,-597,1331,-247,72,0,0,0,0,0,0,0,0,0,0,11,0,0,0,0,0,0,0,0,0,0,0,2,1,86
3640,3640,0,1,904,8,778,10,0,2,448,261,-680,-630,1164,-311,73,0,0,0,0,0,0,0,0,0,0,11,0,0,0,0,0,0,0,0,0,0,0,2,1,90
3641,3641,0,0,-344,8,844,12,0,2,517,261,-680,-723,746,-188,74,0,0,0,0,0,0,0,0,0,0,11,0,0,0,0,0,0,0,0,0,0,0,2,1,82
3642,3642,0,1,-344,8,844,12,0,2,615,261,-680,-909,177,-163,74,0,0,0,0,0,0,0,0,0,0,11,0,0,0,0,0,0,0,0,0,0,0,2,1,64
3643,3643,0,0,-800,0,1467,-5,0,2,528,261,-680,-1136,-278,-51,73,0,0,0,0,0,0,0,0,0,0,11,0,0,0,0,0,0,0,0,0,0,0,2,1,57
3644,3644,0,1,-800,0,1467,-5,0,2,640,261,-680,-1341,-486,-51,73,0,0,0,0,0,0,0,0,0,0,11,0,0,0,0,0,0,0,0,0,0,0,2,1,72
3645,3645,0,0,-869,-5,854,-10,0,2,722,261,-680,-1366,-593,-133,73,0,0,0,0,0,0,0,0,0,0,11,0,0,0,0,0,0,0,0,0,0,0,2,1,87
3646,3646,0,1,-869,-5,854,-10,0,2,994,630,261,-1191,-603,-231,74,0,0,0,0,0,0,0,0,0,0,11,0,0,0,0,0,0,0,0,0,0,0,2,1,92
3647,3647,0,0,-803,-3,-167,-7,0,2,1036,630,261,-759,-684,-115,75,0,0,0,0,0,0,0,0,0,0,11,0,0,0,0,0,0,0,0,0,0,0,2,1,82
3648,3648,0,1,-803,-3,-167,-7,0,2,1024,630,261,-184,-867,-243,75,0,0,0,0,0,0,0,0,0,0,11,0,0,0,0,0,0,0,0,0,0,0,2,1,63
3649,3649,0,0,-1553,15,-1097,-9,0,2,1157,630,261,267,-1073,-248,74,0,0,0,0,0,0,0,0,0,0,11,0,0,0,0,0,0,0,0,0,0,0,2,1,55
3650,3650,0,1,-1553,15,-1097,-9,0,2,1168,630,261,504,-1231,-264,73,0,0,0,0,0,0,0,0,0,0,11,0,0,0,0,0,0,0,0,0,0,0,2,1,69
3651,3651,0,0,-901,-5,-631,9,0,2,1223,630,261,609,-1277,-335,73,0,0,0,0,0,0,0,0,0,0,11,0,0,0,0,0,0,0,0,0,0,0,2,1,82
3652,3652,0,1,-901,-5,-631,9,0,2,1532,-261,630,661,-1137,-459,74,0,0,0,0,0,0,0,0,0,0,11,0,0,0,0,0,0,0,0,0,0,0,2,1,88
3653,3653,0,0,273,-15,-979,13,0,2,1542,-261,630,725,-733,-337,74,0,0,0,0,0,0,0,0,0,0,11,0,0,0,0,0,0,0,0,0,0,0,2,1,81
3654,3654,0,1,273,-15,-979,13,0,2,1623,-261,630,851,-190,-296,74,0,0,0,0,0,0,0,0,0,0,11,0,0,0,0,0,0,0,0,0,0,0,2,1,64
3655,3655,0,0,936,8,-1233,15,0,2,1681,-261,630,1083,241,-313,73,0,0,0,0,0,0,0,0,0,0,10,0,0,0,0,0,0,0,0,0,0,0,2,1,54
3656,3656,0,1,936,8,-1233,15,0,2,1674,-261,630,1316,447,-323,72,0,0,0,0,0,0,0,0,0,0,11,0,0,0,0,0,0,0,0,0,0,0,2,1,69
3657,3657,0,0,757,-11,-993,-1,0,2,1685,-261,630,1353,537,-344,72,0,0,0,0,0,0,0,0,0,0,10,0,0,0,0,0,0,0,0,0,0,0,2,1,85
3658,3658,0,1,757,-11,-993,-1,0,2,2033,-680,-261,1127,596,-457,73,0,0,0,0,0,0,0,0,0,0,10,0,0,0,0,0,0,0,0,0,0,0,2,1,90
3659,3659,0,0,932,4,387,3,0,2,103,-680,-261,693,686,-432,74,0,0,0,0,0,0,0,0,0,0,11,0,0,0,0,0,0,0,0,0,0,0,2,1,78
3660,3660,0,1,932,4,387,3,0,2,64,-680,-261,183,848,-368,74,0,0,0,0,0,0,0,0,0,0,10,0,0,0,0,0,0,0,0,0,0,0,2,1,60
3661,3661,0,0,1224,8,784,-16,0,2,90,-680,-261,-205,1100,-330,73,0,0,0,0,0,0,0,0,0,0,10,0,0,0,0,0,0,0,0,0,0,0,2,1,53
3662,3662,0,1,1224,8,784,-16,0,2,22,-680,-261,-451,1325,-224,72,0,0,0,0,0,0,0,0,0,0,11,0,0,0,0,0,0,0,0,0,0,0,2,1,69
3663,3663,0,0,1103,15,784,-16,0,2,197,-680,-261,-581,1349,-293,73,0,0,0,0,0,0,0,0,0,0,10,0,0,0,0,0,0,0,0,0,0,0,2,1,87
3664,3664,0,1,1103,15,784,-16,0,2,508,261,-680,-645,1132,-417,74,0,0,0,0,0,0,0,0,0,0,10,0,0,0,0,0,0,0,0,0,0,0,2,1,91
3665,3665,0,0,-425,-9,861,-3,0,2,562,261,-680,-725,729,-339,74,0,0,0,0,0,0,0,0,0,0,11,0,0,0,0,0,0,0,0,0,0,0,2,1,80
3666,3666,0,1,-425,-9,861,-3,0,2,578,261,-680,-843,260,-277,74,0,0,0,0,0,0,0,0,0,0,11,0,0,0,0,0,0,0,0,0,0,0,2,1,63
3667,3667,0,0,-769,-1,1406,-2,0,2,514,261,-680,-1106,-188,-151,73,0,0,0,0,0,0,0,0,0,0,11,0,0,0,0,0,0,0,0,0,0,0,2,1,54
3668,3668,0,1,-769,-1,1406,-2,0,2,648,261,-680,-1389,-558,-159,73,0,0,0,0,0,0,0,0,0,0,11,0,0,0,0,0,0,0,0,0,0,0,2,1,69
3669,3669,0,0,-860,4,1001,9,0,2,598,261,-680,-1461,-632,-117,73,0,0,0,0,0,0,0,0,0,0,11,0,0,0,0,0,0,0,0,0,0,0,2,1,92
3670,3670,0,1,-860,4,1001,9,0,2,959,630,261,-1175,-591,-180,74,0,0,0,0,0,0,0,0,0,0,11,0,0,0,0,0,0,0,0,0,0,0,2,1,98
3671,3671,0,0,-845,-13,-395,-11,0,2,1046,630,261,-717,-649,-74,75,0,0,0,0,0,0,0,0,0,0,12,0,0,0,0,0,0,0,0,0,0,0,2,1,81
3672,3672,0,1,-845,-13,-395,-11,0,2,1107,630,261,-224,-867,-29,75,0,0,0,0,0,0,0,0,0,0,11,0,0,0,0,0,0,0,0,0,0,0,2,1,59
3673,3673,0,0,-1528,8,-877,-13,0,2,1188,630,261,200,-1104,-65,74,0,0,0,0,0,0,0,0,0,0,11,0,0,0,0,0,0,0,0,0,0,0,2,1,55
3674,3674,0,1,-1528,8,-877,-13,0,2,1175,630,261,488,-1265,-88,73,0,0,0,0,0,0,0,0,0,0,12,0,0,0,0,0,0,0,0,0,0,0,2,1,69
3675,3675,0,0,-900,-4,-834,-2,0,2,1167,630,261,607,-1292,-103,73,0,0,0,0,0,0,0,0,0,0,11,0,0,0,0,0,0,0,0,0,0,0,2,1,84
3676,3676,0,1,-900,-4,-834,-2,0,2,1470,-261,630,648,-1109,-165,74,0,0,0,0,0,0,0,0,0,0,11,0,0,0,0,0,0,0,0,0,0,0,2,1,88
3677,3677,0,0,240,-16,-795,5,0,2,1570,-261,630,700,-730,-71,74,0,0,0,0,0,0,0,0,0,0,12,0,0,0,0,0,0,0,0,0,0,0,2,1,80
3678,3678,0,1,240,-16,-795,5,0,2,1600,-261,630,880,-193,-7,74,0,0,0,0,0,0,0,0,0,0,11,0,0,0,0,0,0,0,0,0,0,0,2,1,62
3679,3679,0,0,995,3,-1340,4,0,2,1670,-261,630,1082,223,-13,73,0,0,0,0,0,0,0,0,0,0,11,0,0,0,0,0,0,0,0,0,0,0,2,1,55
3680,3680,0,1,995,3,-1340,4,0,2,1676,-261,630,1239,433,-25,72,0,0,0,0,0,0,0,0,0,0,12,0,0,0,0,0,0,0,0,0,0,0,2,1,68
3681,3681,0,0,690,-14,-880,-16,0,2,1625,-261,630,1300,524,14,72,0,0,0,0,0,0,0,0,0,0,11,0,0,0,0,0,0,0,0,0,0,0,2,1,81
3682,3682,0,1,690,-14,-880,-16,0,2,1978,-680,-261,1165,603,-44,73,0,0,0,0,0,0,0,0,0,0,11,0,0,0,0,0,0,0,0,0,0,0,2,1,86
3683,3683,0,0,922,-6,266,10,0,2,0,-680,-261,761,692,-172,74,0,0,0,0,0,0,0,0,0,0,11,0,0,0,0,0,0,0,0,0,0,0,2,1,81
3684,3684,0,1,922,-6,266,10,0,2,68,-680,-261,176,855,-112,74,0,0,0,0,0,0,0,0,0,0,11,0,0,0,0,0,0,0,0,0,0,0,2,1,63
3685,3685,0,0,1330,-14,863,-1,0,2,4,-680,-261,-260,1087,12,73,0,0,0,0,0,0,0,0,0,0,11,0,0,0,0,0,0,0,0,0,0,0,2,1,54
3686,3686,0,1,1330,-14,863,-1,0,2,147,-680,-261,-427,1324,-7,72,0,0,0,0,0,0,0,0,0,0,12,0,0,0,0,0,0,0,0,0,0,0,2,1,69
3687,3687,0,0,1003,11,728,-8,0,2,209,-680,-261,-527,1380,-88,72,0,0,0,0,0,0,0,0,0,0,11,0,0,0,0,0,0,0,0,0,0,0,2,1,85
3688,3688,0,1,1003,11,728,-8,0,2,510,261,-680,-621,1188,-214,73,0,0,0,0,0,0,0,0,0,0,11,0,0,0,0,0,0,0,0,0,0,0,2,1,91
3689,3689,0,0,-350,2,932,4,0,2,580,261,-680,-741,725,-154,74,0,0,0,0,0,0,0,0,0,0,12,0,0,0,0,0,0,0,0,0,0,0,2,1,83
3690,3690,0,1,-350,2,932,4,0,2,581,261,-680,-881,183,-95,74,0,0,0,0,0,0,0,0,0,0,12,0,0,0,0,0,0,0,0,0,0,0,2,1,64
3691,3691,0,0,-854,10,1372,-4,0,2,516,261,-680,-1137,-249,29,73,0,0,0,0,0,0,0,0,0,0,11,0,0,0,0,0,0,0,0,0,0,0,2,1,55
3692,3692,0,1,-854,10,1372,-4,0,2,668,261,-680,-1402,-469,1,72,0,0,0,0,0,0,0,0,0,0,12,0,0,0,0,0,0,0,0,0,0,0,2,1,72
3693,3693,0,0,-791,9,946,-14,0,2,814,261,-680,-1437,-575,83,73,0,0,0,0,0,0,0,0,0,0,11,0,0,0,0,0,0,0,0,0,0,0,2,1,91
3694,3694,0,1,-791,9,946,-14,0,2,1014,630,261,-1177,-637,-35,74,0,0,0,0,0,0,0,0,0,0,11,0,0,0,0,0,0,0,0,0,0,0,2,1,95
3695,3695,0,0,-908,-12,-303,-15,0,2,1046,630,261,-715,-718,71,75,0,0,0,0,0,0,0,0,0,0,12,0,0,0,0,0,0,0,0,0,0,0,2,1,82
3696,3696,0,1,-908,-12,-303,-15,0,2,1104,630,261,-232,-819,119,75,0,0,0,0,0,0,0,0,0,0,12,0,0,0,0,0,0,0,0,0,0,0,2,1,62
3697,3697,0,0,-1387,-11,-972,-12,0,2,1050,630,261,236,-1025,221,74,0,0,0,0,0,0,0,0,0,0,11,0,0,0,0,0,0,0,0,0,0,0,2,1,52
3698,3698,0,1,-1387,-11,-972,-12,0,2,1153,630,261,510,-1271,220,73,0,0,0,0,0,0,0,0,0,0,12,0,0,0,0,0,0,0,0,0,0,0,2,1,65
3699,3699,0,0,-1092,-4,-715,-11,0,2,1378,630,261,646,-1293,250,73,0,0,0,0,0,0,0,0,0,0,12,0,0,0,0,0,0,0,0,0,0,0,2,1,85
3700,3700,0,1,-1092,-4,-715,-11,0,2,1454,-261,630,629,-1077,204,74,0,0,0,0,0,0,0,0,0,0,12,0,0,0,0,0,0,0,0,0,0,0,2,1,89
3701,3701,0,0,417,1,-892,4,0,2,1536,-261,630,679,-676,76,74,0,0,0,0,0,0,0,0,0,0,12,0,0,0,0,0,0,0,0,0,0,0,2,1,77
3702,3702,0,1,417,1,-892,4,0,2,1602,-261,630,855,-202,138,74,0,0,0,0,0,0,0,0,0,0,11,0,0,0,0,0,0,0,0,0,0,0,2,1,59
3703,3703,0,0,825,-7,-1294,-14,0,2,1686,-261,630,1086,201,116,73,0,0,0,0,0,0,0,0,0,0,11,0,0,0,0,0,0,0,0,0,0,0,2,1,54
3704,3704,0,1,825,-7,-1294,-14,0,2,1674,-261,630,1280,461,106,72,0,0,0,0,0,0,0,0,0,0,12,0,0,0,0,0,0,0,0,0,0,0,2,1,68
3705,3705,0,0,837,5,-935,-7,0,2,1890,-261,630,1319,571,136,72,0,0,0,0,0,0,0,0,0,0,11,0,0,0,0,0,0,0,0,0,0,0,2,1,84
3706,3706,0,1,837,5,-935,-7,0,2,2046,-680,-261,1139,601,10,73,0,0,0,0,0,0,0,0,0,0,11,0,0,0,0,0,0,0,0,0,0,0,2,1,89
3707,3707,0,0,832,0,320,0,0,2,51,-680,-261,727,689,87,74,0,0,0,0,0,0,0,0,0,0,11,0,0,0,0,0,0,0,0,0,0,0,2,1,79
3708,3708,0,1,832,0,320,0,0,2,70,-680,-261,190,877,145,74,0,0,0,0,0,0,0,0,0,0,11,0,0,0,0,0,0,0,0,0,0,0,2,1,62
3709,3709,0,0,1436,-4,862,-2,0,2,132,-680,-261,-241,1114,141,73,0,0,0,0,0,0,0,0,0,0,11,0,0,0,0,0,0,0,0,0,0,0,2,1,55
3710,3710,0,1,1436,-4,862,-2,0,2,158,-680,-261,-452,1326,111,72,0,0,0,0,0,0,0,0,0,0,12,0,0,0,0,0,0,0,0,0,0,0,2,1,71
3711,3711,0,0,810,10,771,3,0,2,223,-680,-261,-591,1331,16,72,0,0,0,0,0,0,0,0,0,0,11,0,0,0,0,0,0,0,0,0,0,0,2,1,86
3712,3712,0,1,810,10,771,3,0,2,507,261,-680,-641,1126,-107,73,0,0,0,0,0,0,0,0,0,0,11,0,0,0,0,0,0,0,0,0,0,0,2,1,90
3713,3713,0,0,-161,-1,834,2,0,2,581,261,-680,-725,714,-48,74,0,0,0,0,0,0,0,0,0,0,11,0,0,0,0,0,0,0,0,0,0,0,2,1,80
3714,3714,0,1,-161,-1,834,2,0,2,578,261,-680,-884,195,14,74,0,0,0,0,0,0,0,0,0,0,11,0,0,0,0,0,0,0,0,0,0,0,2,1,62
3715,3715,0,0,-1026,-2,1470,-2,0,2,519,261,-680,-1123,-226,135,73,0,0,0,0,0,0,0,0,0,0,11,0,0,0,0,0,0,0,0,0,0,0,2,1,56
3716,3716,0,1,-1026,-2,1470,-2,0,2,649,261,-680,-1350,-503,126,72,0,0,0,0,0,0,0,0,0,0,12,0,0,0,0,0,0,0,0,0,0,0,2,1,70
3717,3717,0,0,-649,-9,887,-9,0,2,828,261,-680,-1415,-596,194,73,0,0,0,0,0,0,0,0,0,0,11,0,0,0,0,0,0,0,0,0,0,0,2,1,89
3718,3718,0,1,-649,-9,887,-9,0,2,1019,630,261,-1234,-587,71,74,0,0,0,0,0,0,0,0,0,0,11,0,0,0,0,0,0,0,0,0,0,0,2,1,95
3719,3719,0,0,-988,4,-244,12,0,2,1024,630,261,-764,-671,-57,74,0,0,0,0,0,0,0,0,0,0,12,0,0,0,0,0,0,0,0,0,0,0,2,1,84
3720,3720,0,1,-988,4,-244,12,0,2,1163,630,261,-175,-847,-68,74,0,0,0,0,0,0,0,0,0,0,12,0,0,0,0,0,0,0,0,0,0,0,2,1,63
3721,3721,0,0,-1469,3,-980,12,0,2,1152,630,261,275,-1071,-68,74,0,0,0,0,0,0,0,0,0,0,12,0,0,0,0,0,0,0,0,0,0,0,2,1,53
3722,3722,0,1,-1469,3,-980,12,0,2,1168,630,261,468,-1268,-84,73,0,0,0,0,0,0,0,0,0,0,12,0,0,0,0,0,0,0,0,0,0,0,2,1,68
3723,3723,0,0,-937,-9,-726,10,0,2,1185,630,261,569,-1299,-117,73,0,0,0,0,0,0,0,0,0,0,12,0,0,0,0,0,0,0,0,0,0,0,2,1,83
3724,3724,0,1,-937,-9,-726,10,0,2,1471,-261,630,634,-1119,-180,74,0,0,0,0,0,0,0,0,0,0,11,0,0,0,0,0,0,0,0,0,0,0,2,1,88
3725,3725,0,0,263,7,-936,-8,0,2,1553,-261,630,714,-721,-69,74,0,0,0,0,0,0,0,0,0,0,12,0,0,0,0,0,0,0,0,0,0,0,2,1,79
3726,3726,0,1,263,7,-936,-8,0,2,1618,-261,630,853,-207,-23,74,0,0,0,0,0,0,0,0,0,0,12,0,0,0,0,0,0,0,0,0,0,0,2,1,63
3727,3727,0,0,1005,13,-1216,0,0,2,1542,-261,630,1088,207,99,73,0,0,0,0,0,0,0,0,0,0,11,0,0,0,0,0,0,0,0,0,0,0,2,1,54
3728,3728,0,1,1005,13,-1216,0,0,2,1696,-261,630,1304,478,67,72,0,0,0,0,0,0,0,0,0,0,12,0,0,0,0,0,0,0,0,0,0,0,2,1,68
3729,3729,0,0,711,7,-984,8,0,2,1684,-261,630,1342,557,47,72,0,0,0,0,0,0,0,0,0,0,11,0,0,0,0,0,0,0,0,0,0,0,2,1,86
3730,3730,0,1,711,7,-984,8,0,2,1972,-680,-261,1088,611,-5,73,0,0,0,0,0,0,0,0,0,0,11,0,0,0,0,0,0,0,0,0,0,0,2,1,90
3731,3731,0,0,901,5,377,-7,0,2,50,-680,-261,692,681,73,74,0,0,0,0,0,0,0,0,0,0,11,0,0,0,0,0,0,0,0,0,0,0,2,1,77
3732,3732,0,1,901,5,377,-7,0,2,80,-680,-261,252,826,121,74,0,0,0,0,0,0,0,0,0,0,11,0,0,0,0,0,0,0,0,0,0,0,2,1,60
3733,3733,0,0,1336,-8,840,8,0,2,94,-680,-261,-168,1087,155,73,0,0,0,0,0,0,0,0,0,0,11,0,0,0,0,0,0,0,0,0,0,0,2,1,53
3734,3734,0,1,1336,-8,840,8,0,2,133,-680,-261,-486,1361,150,72,0,0,0,0,0,0,0,0,0,0,12,0,0,0,0,0,0,0,0,0,0,0,2,1,68
3735,3735,0,0,932,4,711,7,0,2,196,-680,-261,-604,1398,82,72,0,0,0,0,0,0,0,0,0,0,11,0,0,0,0,0,0,0,0,0,0,0,2,1,89
3736,3736,0,1,932,4,711,7,0,2,432,261,-680,-586,1138,34,73,0,0,0,0,0,0,0,0,0,0,11,0,0,0,0,0,0,0,0,0,0,0,2,1,94
3737,3737,0,0,-299,-11,931,3,0,2,530,261,-680,-675,694,144,74,0,0,0,0,0,0,0,0,0,0,12,0,0,0,0,0,0,0,0,0,0,0,2,1,79
3738,3738,0,1,-299,-11,931,3,0,2,583,261,-680,-892,215,201,74,0,0,0,0,0,0,0,0,0,0,11,0,0,0,0,0,0,0,0,0,0,0,2,1,59
3739,3739,0,0,-850,14,1364,-12,0,2,596,261,-680,-1184,-184,245,73,0,0,0,0,0,0,0,0,0,0,11,0,0,0,0,0,0,0,0,0,0,0,2,1,57
3740,3740,0,1,-850,14,1364,-12,0,2,651,261,-680,-1414,-478,234,72,0,0,0,0,0,0,0,0,0,0,12,0,0,0,0,0,0,0,0,0,0,0,2,1,73
3741,3741,0,0,-863,1,993,1,0,2,714,261,-680,-1402,-632,160,73,0,0,0,0,0,0,0,0,0,0,11,0,0,0,0,0,0,0,0,0,0,0,2,1,92
3742,3742,0,1,-863,1,993,1,0,2,956,630,261,-1155,-637,100,74,0,0,0,0,0,0,0,0,0,0,11,0,0,0,0,0,0,0,0,0,0,0,2,1,95
3743,3743,0,0,-842,-10,-317,3,0,2,1075,630,261,-725,-699,177,75,0,0,0,0,0,0,0,0,0,0,12,0,0,0,0,0,0,0,0,0,0,0,2,1,82
3744,3744,0,1,-842,-10,-317,3,0,2,1089,630,261,-215,-867,240,74,0,0,0,0,0,0,0,0,0,0,12,0,0,0,0,0,0,0,0,0,0,0,2,1,62
3745,3745,0,0,-1500,4,-994,-2,0,2,1154,630,261,244,-1070,238,74,0,0,0,0,0,0,0,0,0,0,12,0,0,0,0,0,0,0,0,0,0,0,2,1,55
3746,3746,0,1,-1500,4,-994,-2,0,2,1154,630,261,529,-1247,236,73,0,0,0,0,0,0,0,0,0,0,12,0,0,0,0,0,0,0,0,0,0,0,2,1,68
3747,3747,0,0,-954,6,-703,1,0,2,1233,630,261,666,-1259,155,73,0,0,0,0,0,0,0,0,0,0,12,0,0,0,0,0,0,0,0,0,0,0,2,1,83
3748,3748,0,1,-954,6,-703,1,0,2,1466,-261,630,641,-1098,97,74,0,0,0,0,0,0,0,0,0,0,12,0,0,0,0,0,0,0,0,0,0,0,2,1,88
3749,3749,0,0,365,13,-895,1,0,2,1608,-261,630,682,-700,153,74,0,0,0,0,0,0,0,0,0,0,12,0,0,0,0,0,0,0,0,0,0,0,2,1,78
3750,3750,0,1,365,13,-895,1,0,2,1667,-261,630,854,-166,150,74,0,0,0,0,0,0,0,0,0,0,12,0,0,0,0,0,0,0,0,0,0,0,2,1,60
3751,3751,0,0,845,13,-1249,-1,0,2,1686,-261,630,1086,258,128,73,0,0,0,0,0,0,0,0,0,0,11,0,0,0,0,0,0,0,0,0,0,0,2,1,54
3752,3752,0,1,845,13,-1249,-1,0,2,1676,-261,630,1293,451,116,72,0,0,0,0,0,0,0,0,0,0,12,0,0,0,0,0,0,0,0,0,0,0,2,1,69
3753,3753,0,0,812,12,-1020,4,0,2,1722,-261,630,1297,562,58,72,0,0,0,0,0,0,0,0,0,0,11,0,0,0,0,0,0,0,0,0,0,0,2,1,84
3754,3754,0,1,812,12,-1020,4,0,2,2018,-680,-261,1117,566,-40,73,0,0,0,0,0,0,0,0,0,0,11,0,0,0,0,0,0,0,0,0,0,0,2,1,87
3755,3755,0,0,866,2,378,-6,0,2,68,-680,-261,717,667,20,74,0,0,0,0,0,0,0,0,0,0,11,0,0,0,0,0,0,0,0,0,0,0,2,1,77
3756,3756,0,1,866,2,378,-6,0,2,68,-680,-261,222,868,80,74,0,0,0,0,0,0,0,0,0,0,11,0,0,0,0,0,0,0,0,0,0,0,2,1,60
3757,3757,0,0,1356,12,803,3,0,2,132,-680,-261,-187,1116,76,73,0,0,0,0,0,0,0,0,0,0,11,0,0,0,0,0,0,0,0,0,0,0,2,1,55
3758,3758,0,1,1356,12,803,3,0,2,150,-680,-261,-439,1322,54,72,0,0,0,0,0,0,0,0,0,0,12,0,0,0,0,0,0,0,0,0,0,0,2,1,69
3759,3759,0,0,951,-9,821,-11,0,2,147,-680,-261,-575,1365,35,72,0,0,0,0,0,0,0,0,0,0,11,0,0,0,0,0,0,0,0,0,0,0,2,1,86
3760,3760,0,1,951,-9,821,-11,0,2,431,261,-680,-650,1180,-12,73,0,0,0,0,0,0,0,0,0,0,11,0,0,0,0,0,0,0,0,0,0,0,2,1,92
3761,3761,0,0,-317,3,831,-1,0,2,516,261,-680,-729,764,112,74,0,0,0,0,0,0,0,0,0,0,12,0,0,0,0,0,0,0,0,0,0,0,2,1,83
3762,3762,0,1,-317,3,831,-1,0,2,582,261,-680,-870,221,170,74,0,0,0,0,0,0,0,0,0,0,12,0,0,0,0,0,0,0,0,0,0,0,2,1,65
3763,3763,0,0,-900,-4,1408,0,0,2,640,261,-680,-1124,-239,170,73,0,0,0,0,0,0,0,0,0,0,11,0,0,0,0,0,0,0,0,0,0,0,2,1,55
3764,3764,0,1,-900,-4,1408,0,0,2,644,261,-680,-1395,-513,166,72,0,0,0,0,0,0,0,0,0,0,12,0,0,0,0,0,0,0,0,0,0,0,2,1,70
3765,3765,0,0,-759,9,943,15,0,2,663,261,-680,-1441,-602,143,73,0,0,0,0,0,0,0,0,0,0,11,0,0,0,0,0,0,0,0,0,0,0,2,1,91
3766,3766,0,1,-759,9,943,15,0,2,943,630,261,-1187,-595,96,74,0,0,0,0,0,0,0,0,0,0,11,0,0,0,0,0,0,0,0,0,0,0,2,1,96
3767,3767,0,0,-891,5,-321,-1,0,2,1026,630,261,-721,-662,222,75,0,0,0,0,0,0,0,0,0,0,12,0,0,0,0,0,0,0,0,0,0,0,2,1,82
3768,3768,0,1,-891,5,-321,-1,0,2,1027,630,261,-184,-845,347,75,0,0,0,0,0,0,0,0,0,0,12,0,0,0,0,0,0,0,0,0,0,0,2,1,59
3769,3769,0,0,-1474,-2,-932,-4,0,2,1024,630,261,234,-1066,219,73,0,0,0,0,0,0,0,0,0,0,11,0,0,0,0,0,0,0,0,0,0,0,2,1,53
3770,3770,0,1,-1474,-2,-932,-4,0,2,1174,630,261,466,-1246,197,73,0,0,0,0,0,0,0,0,0,0,12,0,0,0,0,0,0,0,0,0,0,0,2,1,68
3771,3771,0,0,-940,-12,-756,12,0,2,1216,630,261,600,-1278,133,73,0,0,0,0,0,0,0,0,0,0,12,0,0,0,0,0,0,0,0,0,0,0,2,1,82
3772,3772,0,1,-940,-12,-756,12,0,2,1530,-261,630,646,-1132,11,74,0,0,0,0,0,0,0,0,0,0,11,0,0,0,0,0,0,0,0,0,0,0,2,1,88
3773,3773,0,0,224,0,-848,-16,0,2,1607,-261,630,719,-731,68,74,0,0,0,0,0,0,0,0,0,0,12,0,0,0,0,0,0,0,0,0,0,0,2,1,80
3774,3774,0,1,224,0,-848,-16,0,2,1604,-261,630,863,-181,128,74,0,0,0,0,0,0,0,0,0,0,11,0,0,0,0,0,0,0,0,0,0,0,2,1,63
3775,3775,0,0,1038,14,-1361,15,0,2,1678,-261,630,1084,221,114,73,0,0,0,0,0,0,0,0,0,0,11,0,0,0,0,0,0,0,0,0,0,0,2,1,54
3776,3776,0,1,1038,14,-1361,15,0,2,1672,-261,630,1292,435,106,72,0,0,0,0,0,0,0,0,0,0,11,0,0,0,0,0,0,0,0,0,0,0,2,1,68
3777,3777,0,0,687,15,-872,-8,0,2,1628,-261,630,1335,541,142,72,0,0,0,0,0,0,0,0,0,0,11,0,0,0,0,0,0,0,0,0,0,0,2,1,84
3778,3778,0,1,687,15,-872,-8,0,2,1981,-680,-261,1144,613,81,73,0,0,0,0,0,0,0,0,0,0,11,0,0,0,0,0,0,0,0,0,0,0,2,1,88
3779,3779,0,0,991,-1,255,-1,0,2,0,-680,-261,732,701,-47,74,0,0,0,0,0,0,0,0,0,0,11,0,0,0,0,0,0,0,0,0,0,0,2,1,80
3780,3780,0,1,991,-1,255,-1,0,2,64,-680,-261,208,844,17,74,0,0,0,0,0,0,0,0,0,0,11,0,0,0,0,0,0,0,0,0,0,0,2,1,62
3781,3781,0,0,1239,-9,913,-15,0,2,84,-680,-261,-220,1079,61,73,0,0,0,0,0,0,0,0,0,0,11,0,0,0,0,0,0,0,0,0,0,0,2,1,53
3782,3782,0,1,1239,-9,913,-15,0,2,151,-680,-261,-470,1321,38,72,0,0,0,0,0,0,0,0,0,0,12,0,0,0,0,0,0,0,0,0,0,0,2,1,68
3783,3783,0,0,1025,1,732,-4,0,2,153,-680,-261,-574,1370,13,72,0,0,0,0,0,0,0,0,0,0,11,0,0,0,0,0,0,0,0,0,0,0,2,1,86
3784,3784,0,1,1025,1,732,-4,0,2,434,261,-680,-608,1154,-37,73,0,0,0,0,0,0,0,0,0,0,11,0,0,0,0,0,0,0,0,0,0,0,2,1,92
3785,3785,0,0,-385,-1,872,8,0,2,512,261,-680,-689,726,-165,74,0,0,0,0,0,0,0,0,0,0,12,0,0,0,0,0,0,0,0,0,0,0,2,1,80
3786,3786,0,1,-385,-1,872,8,0,2,615,261,-680,-870,206,-140,74,0,0,0,0,0,0,0,0,0,0,11,0,0,0,0,0,0,0,0,0,0,0,2,1,62
3787,3787,0,0,-799,1,1415,7,0,2,640,261,-680,-1137,-222,-140,73,0,0,0,0,0,0,0,0,0,0,11,0,0,0,0,0,0,0,0,0,0,0,2,1,55
3788,3788,0,1,-799,1,1415,7,0,2,662,261,-680,-1386,-479,-162,72,0,0,0,0,0,0,0,0,0,0,12,0,0,0,0,0,0,0,0,0,0,0,2,1,71
3789,3789,0,0,-808,-8,968,8,0,2,735,261,-680,-1392,-620,-257,73,0,0,0,0,0,0,0,0,0,0,11,0,0,0,0,0,0,0,0,0,0,0,2,1,90
3790,3790,0,1,-808,-8,968,8,0,2,957,630,261,-1155,-637,-318,74,0,0,0,0,0,0,0,0,0,0,11,0,0,0,0,0,0,0,0,0,0,0,2,1,95
3791,3791,0,0,-910,-14,-312,8,0,2,1045,630,261,-733,-686,-211,75,0,0,0,0,0,0,0,0,0,0,12,0,0,0,0,0,0,0,0,0,0,0,2,1,82
3792,3792,0,1,-910,-14,-312,8,0,2,1099,630,261,-228,-826,-158,74,0,0,0,0,0,0,0,0,0,0,12,0,0,0,0,0,0,0,0,0,0,0,2,1,62
3793,3793,0,0,-1450,-10,-957,3,0,2,1038,630,261,234,-1056,-44,73,0,0,0,0,0,0,0,0,0,0,12,0,0,0,0,0,0,0,0,0,0,0,2,1,53
3794,3794,0,1,-1450,-10,-957,3,0,2,1154,630,261,558,-1280,-46,73,0,0,0,0,0,0,0,0,0,0,12,0,0,0,0,0,0,0,0,0,0,0,2,1,67
3795,3795,0,0,-990,2,-767,1,0,2,1236,630,261,671,-1305,-130,73,0,0,0,0,0,0,0,0,0,0,12,0,0,0,0,0,0,0,0,0,0,0,2,1,87
3796,3796,0,1,-990,2,-767,1,0,2,1456,-261,630,647,-1076,-178,74,0,0,0,0,0,0,0,0,0,0,12,0,0,0,0,0,0,0,0,0,0,0,2,1,91
3797,3797,0,0,313,-7,-869,-5,0,2,1542,-261,630,701,-676,-56,74,0,0,0,0,0,0,0,0,0,0,12,0,0,0,0,0,0,0,0,0,0,0,2,1,77
3798,3798,0,1,313,-7,-869,-5,0,2,1540,-261,630,889,-206,68,74,0,0,0,0,0,0,0,0,0,0,12,0,0,0,0,0,0,0,0,0,0,0,2,1,60
3799,3799,0,0,979,-13,-1291,-11,0,2,1713,-261,630,1098,212,19,73,0,0,0,0,0,0,0,0,0,0,11,0,0,0,0,0,0,0,0,0,0,0,2,1,56
3800,3800,0,1,979,-13,-1291,-11,0,2,1678,-261,630,1246,498,5,72,0,0,0,0,0,0,0,0,0,0,12,0,0,0,0,0,0,0,0,0,0,0,2,1,69
3801,3801,0,0,695,-9,-960,0,0,2,1831,-261,630,1273,614,94,72,0,0,0,0,0,0,0,0,0,0,11,0,0,0,0,0,0,0,0,0,0,0,2,1,83
3802,3802,0,1,695,-9,-960,0,0,2,1976,-680,-261,1145,593,38,73,0,0,0,0,0,0,0,0,0,0,11,0,0,0,0,0,0,0,0,0,0,0,2,1,88
3803,3803,0,0,919,-9,405,-11,0,2,21,-680,-261,717,678,145,74,0,0,0,0,0,0,0,0,0,0,11,0,0,0,0,0,0,0,0,0,0,0,2,1,79
3804,3804,0,1,919,-9,405,-11,0,2,20,-680,-261,170,845,253,74,0,0,0,0,0,0,0,0,0,0,11,0,0,0,0,0,0,0,0,0,0,0,2,1,61
3805,3805,0,0,1309,-3,735,-1,0,2,145,-680,-261,-223,1102,236,73,0,0,0,0,0,0,0,0,0,0,11,0,0,0,0,0,0,0,0,0,0,0,2,1,53
3806,3806,0,1,1309,-3,735,-1,0,2,155,-680,-261,-428,1332,209,72,0,0,0,0,0,0,0,0,0,0,12,0,0,0,0,0,0,0,0,0,0,0,2,1,69
3807,3807,0,0,990,-2,850,-14,0,2,222,-680,-261,-527,1376,115,72,0,0,0,0,0,0,0,0,0,0,11,0,0,0,0,0,0,0,0,0,0,0,2,1,86
3808,3808,0,1,990,-2,850,-14,0,2,512,261,-680,-604,1171,-13,73,0,0,0,0,0,0,0,0,0,0,11,0,0,0,0,0,0,0,0,0,0,0,2,1,91
3809,3809,0,0,-324,-4,791,-9,0,2,519,261,-680,-716,750,108,74,0,0,0,0,0,0,0,0,0,0,12,0,0,0,0,0,0,0,0,0,0,0,2,1,81
3810,3810,0,1,-324,-4,791,-9,0,2,580,261,-680,-893,222,168,74,0,0,0,0,0,0,0,0,0,0,12,0,0,0,0,0,0,0,0,0,0,0,2,1,64
3811,3811,0,0,-893,3,1511,7,0,2,516,261,-680,-1145,-222,292,73,0,0,0,0,0,0,0,0,0,0,11,0,0,0,0,0,0,0,0,0,0,0,2,1,56
3812,3812,0,1,-893,3,1511,7,0,2,674,261,-680,-1358,-529,258,72,0,0,0,0,0,0,0,0,0,0,12,0,0,0,0,0,0,0,0,0,0,0,2,1,72
3813,3813,0,0,-757,11,914,-14,0,2,656,261,-680,-1424,-602,242,73,0,0,0,0,0,0,0,0,0,0,11,0,0,0,0,0,0,0,0,0,0,0,2,1,91
3814,3814,0,1,-757,11,914,-14,0,2,953,630,261,-1202,-620,185,74,0,0,0,0,0,0,0,0,0,0,11,0,0,0,0,0,0,0,0,0,0,0,2,1,95
3815,3815,0,0,-973,-13,-350,2,0,2,1044,630,261,-762,-684,293,75,0,0,0,0,0,0,0,0,0,0,12,0,0,0,0,0,0,0,0,0,0,0,2,1,83
3816,3816,0,1,-973,-13,-350,2,0,2,1113,630,261,-220,-844,332,75,0,0,0,0,0,0,0,0,0,0,12,0,0,0,0,0,0,0,0,0,0,0,2,1,63
3817,3817,0,0,-1333,11,-895,1,0,2,1152,630,261,241,-1069,332,74,0,0,0,0,0,0,0,0,0,0,11,0,0,0,0,0,0,0,0,0,0,0,2,1,53
3818,3818,0,1,-1333,11,-895,1,0,2,1178,630,261,523,-1272,306,73,0,0,0,0,0,0,0,0,0,0,12,0,0,0,0,0,0,0,0,0,0,0,2,1,68
3819,3819,0,0,-1119,1,-813,-13,0,2,1222,630,261,642,-1291,236,73,0,0,0,0,0,0,0,0,0,0,12,0,0,0,0,0,0,0,0,0,0,0,2,1,85
3820,3820,0,1,-1119,1,-813,-13,0,2,1453,-261,630,623,-1102,191,74,0,0,0,0,0,0,0,0,0,0,11,0,0,0,0,0,0,0,0,0,0,0,2,1,89
3821,3821,0,0,436,-12,-846,-14,0,2,1608,-261,630,679,-680,247,74,0,0,0,0,0,0,0,0,0,0,12,0,0,0,0,0,0,0,0,0,0,0,2,1,78
3822,3822,0,1,436,-12,-846,-14,0,2,1566,-261,630,862,-148,345,74,0,0,0,0,0,0,0,0,0,0,11,0,0,0,0,0,0,0,0,0,0,0,2,1,59
3823,3823,0,0,832,0,-1309,3,0,2,1686,-261,630,1095,218,323,73,0,0,0,0,0,0,0,0,0,0,11,0,0,0,0,0,0,0,0,0,0,0,2,1,54
3824,3824,0,1,832,0,-1309,3,0,2,1670,-261,630,1276,405,317,72,0,0,0,0,0,0,0,0,0,0,12,0,0,0,0,0,0,0,0,0,0,0,2,1,69
3825,3825,0,0,830,-2,-898,-2,0,2,1742,-261,630,1315,512,239,72,0,0,0,0,0,0,0,0,0,0,11,0,0,0,0,0,0,0,0,0,0,0,2,1,82
3826,3826,0,1,830,-2,-898,-2,0,2,2017,-680,-261,1131,631,142,73,0,0,0,0,0,0,0,0,0,0,11,0,0,0,0,0,0,0,0,0,0,0,2,1,87
3827,3827,0,0,827,-5,250,-6,0,2,0,-680,-261,730,713,14,74,0,0,0,0,0,0,0,0,0,0,11,0,0,0,0,0,0,0,0,0,0,0,2,1,80
3828,3828,0,1,827,-5,250,-6,0,2,67,-680,-261,193,835,75,74,0,0,0,0,0,0,0,0,0,0,11,0,0,0,0,0,0,0,0,0,0,0,2,1,63
3829,3829,0,0,1431,-9,944,-16,0,2,1,-680,-261,-219,1088,202,73,0,0,0,0,0,0,0,0,0,0,11,0,0,0,0,0,0,0,0,0,0,0,2,1,53
3830,3830,0,1,1431,-9,944,-16,0,2,132,-680,-261,-458,1370,198,72,0,0,0,0,0,0,0,0,0,0,11,0,0,0,0,0,0,0,0,0,0,0,2,1,68
3831,3831,0,0,892,-4,675,3,0,2,218,-680,-261,-595,1395,108,72,0,0,0,0,0,0,0,0,0,0,11,0,0,0,0,0,0,0,0,0,0,0,2,1,90
3832,3832,0,1,892,-4,675,3,0,2,446,261,-680,-607,1166,46,73,0,0,0,0,0,0,0,0,0,0,11,0,0,0,0,0,0,0,0,0,0,0,2,1,93
3833,3833,0,0,-268,-12,964,4,0,2,512,261,-680,-716,710,-82,74,0,0,0,0,0,0,0,0,0,0,12,0,0,0,0,0,0,0,0,0,0,0,2,1,80
3834,3834,0,1,-268,-12,964,4,0,2,585,261,-680,-916,189,-27,74,0,0,0,0,0,0,0,0,0,0,12,0,0,0,0,0,0,0,0,0,0,0,2,1,62
3835,3835,0,0,-953,7,1313,1,0,2,642,261,-680,-1145,-230,-29,73,0,0,0,0,0,0,0,0,0,0,11,0,0,0,0,0,0,0,0,0,0,0,2,1,57
3836,3836,0,1,-953,7,1313,1,0,2,659,261,-680,-1334,-478,-48,72,0,0,0,0,0,0,0,0,0,0,12,0,0,0,0,0,0,0,0,0,0,0,2,1,71
3837,3837,0,0,-695,9,1015,-9,0,2,844,261,-680,-1365,-621,4,73,0,0,0,0,0,0,0,0,0,0,11,0,0,0,0,0,0,0,0,0,0,0,2,1,87
3838,3838,0,1,-695,9,1015,-9,0,2,958,630,261,-1213,-651,-58,74,0,0,0,0,0,0,0,0,0,0,11,0,0,0,0,0,0,0,0,0,0,0,2,1,93
3839,3839,0,0,-959,1,-331,-11,0,2,1047,630,261,-775,-712,47,75,0,0,0,0,0,0,0,0,0,0,12,0,0,0,0,0,0,0,0,0,0,0,2,1,86
3840,3840,0,1,-959,1,-331,-11,0,2,1094,630,261,-168,-849,105,75,0,0,0,0,0,0,0,0,0,0,12,0,0,0,0,0,0,0,0,0,0,0,2,1,65
3841,3841,0,0,-1425,15,-948,12,0,2,1026,630,261,293,-1052,231,74,0,0,0,0,0,0,0,0,0,0,11,0,0,0,0,0,0,0,0,0,0,0,2,1,54
3842,3842,0,1,-1425,15,-948,12,0,2,1152,630,261,511,-1240,231,73,0,0,0,0,0,0,0,0,0,0,12,0,0,0,0,0,0,0,0,0,0,0,2,1,67
3843,3843,0,0,-970,-10,-720,-16,0,2,1234,630,261,605,-1269,149,73,0,0,0,0,0,0,0,0,0,0,12,0,0,0,0,0,0,0,0,0,0,0,2,1,84
3844,3844,0,1,-970,-10,-720,-16,0,2,1536,-261,630,635,-1105,21,74,0,0,0,0,0,0,0,0,0,0,11,0,0,0,0,0,0,0,0,0,0,0,2,1,87
3845,3845,0,0,268,12,-947,13,0,2,1559,-261,630,710,-719,126,74,0,0,0,0,0,0,0,0,0,0,12,0,0,0,0,0,0,0,0,0,0,0,2,1,78
3846,3846,0,1,268,12,-947,13,0,2,1620,-261,630,842,-233,170,74,0,0,0,0,0,0,0,0,0,0,11,0,0,0,0,0,0,0,0,0,0,0,2,1,62
3847,3847,0,0,969,9,-1200,-16,0,2,1680,-261,630,1079,194,154,73,0,0,0,0,0,0,0,0,0,0,11,0,0,0,0,0,0,0,0,0,0,0,2,1,54
3848,3848,0,1,969,9,-1200,-16,0,2,1665,-261,630,1307,502,153,72,0,0,0,0,0,0,0,0,0,0,11,0,0,0,0,0,0,0,0,0,0,0,2,1,67
3849,3849,0,0,761,-7,-982,10,0,2,1716,-261,630,1367,569,101,72,0,0,0,0,0,0,0,0,0,0,11,0,0,0,0,0,0,0,0,0,0,0,2,1,87
3850,3850,0,1,761,-7,-982,10,0,2,1962,-680,-261,1125,577,59,73,0,0,0,0,0,0,0,0,0,0,11,0,0,0,0,0,0,0,0,0,0,0,2,1,92
3851,3851,0,0,862,-2,479,-1,0,2,50,-680,-261,707,663,137,74,0,0,0,0,0,0,0,0,0,0,12,0,0,0,0,0,0,0,0,0,0,0,2,1,78
3852,3852,0,1,862,-2,479,-1,0,2,22,-680,-261,223,874,243,74,0,0,0,0,0,0,0,0,0,0,11,0,0,0,0,0,0,0,0,0,0,0,2,1,59
3853,3853,0,0,1373,-3,759,-9,0,2,128,-680,-261,-202,1121,243,73,0,0,0,0,0,0,0,0,0,0,11,0,0,0,0,0,0,0,0,0,0,0,2,1,55
3854,3854,0,1,1373,-3,759,-9,0,2,26,-680,-261,-519,1287,345,72,0,0,0,0,0,0,0,0,0,0,12,0,0,0,0,0,0,0,0,0,0,0,2,1,70
3855,3855,0,0,945,-15,870,6,0,2,133,-680,-261,-589,1344,340,72,0,0,0,0,0,0,0,0,0,0,11,0,0,0,0,0,0,0,0,0,0,0,2,1,87
3856,3856,0,1,945,-15,870,6,0,2,447,261,-680,-586,1165,277,73,0,0,0,0,0,0,0,0,0,0,11,0,0,0,0,0,0,0,0,0,0,0,2,1,90
3857,3857,0,0,-248,8,754,-14,0,2,560,261,-680,-667,759,357,74,0,0,0,0,0,0,0,0,0,0,12,0,0,0,0,0,0,0,0,0,0,0,2,1,81
3858,3858,0,1,-248,8,754,-14,0,2,532,261,-680,-887,202,465,74,0,0,0,0,0,0,0,0,0,0,12,0,0,0,0,0,0,0,0,0,0,0,2,1,62
3859,3859,0,0,-932,-4,1474,2,0,2,517,261,-680,-1151,-252,588,73,0,0,0,0,0,0,0,0,0,0,11,0,0,0,0,0,0,0,0,0,0,0,2,1,56
3860,3860,0,1,-932,-4,1474,2,0,2,535,261,-680,-1380,-491,693,73,0,0,0,0,0,0,0,0,0,0,12,0,0,0,0,0,0,0,0,0,0,0,2,1,73
3861,3861,0,0,-759,9,922,-6,0,2,706,261,-680,-1381,-619,627,73,0,0,0,0,0,0,0,0,0,0,11,0,0,0,0,0,0,0,0,0,0,0,2,1,91
3862,3862,0,1,-759,9,922,-6,0,2,1016,630,261,-1159,-623,507,74,0,0,0,0,0,0,0,0,0,0,11,0,0,0,0,0,0,0,0,0,0,0,2,1,94
3863,3863,0,0,-952,8,-302,-14,0,2,1092,630,261,-743,-695,567,75,0,0,0,0,0,0,0,0,0,0,12,0,0,0,0,0,0,0,0,0,0,0,2,1,81
3864,3864,0,1,-952,8,-302,-14,0,2,1222,630,261,-227,-871,497,75,0,0,0,0,0,0,0,0,0,0,12,0,0,0,0,0,0,0,0,0,0,0,2,1,63
3865,3865,0,0,-1419,-11,-995,-3,0,2,1160,630,261,233,-1072,489,74,0,0,0,0,0,0,0,0,0,0,11,0,0,0,0,0,0,0,0,0,0,0,2,1,55
3866,3866,0,1,-1419,-11,-995,-3,0,2,1174,630,261,541,-1219,467,73,0,0,0,0,0,0,0,0,0,0,12,0,0,0,0,0,0,0,0,0,0,0,2,1,68
3867,3867,0,0,-1015,9,-712,-8,0,2,1237,630,261,661,-1253,382,73,0,0,0,0,0,0,0,0,0,0,11,0,0,0,0,0,0,0,0,0,0,0,2,1,83
3868,3868,0,1,-1015,9,-712,-8,0,2,1453,-261,630,661,-1088,337,74,0,0,0,0,0,0,0,0,0,0,11,0,0,0,0,0,0,0,0,0,0,0,2,1,87
3869,3869,0,0,335,15,-919,9,0,2,1540,-261,630,704,-669,461,74,0,0,0,0,0,0,0,0,0,0,12,0,0,0,0,0,0,0,0,0,0,0,2,1,79
3870,3870,0,1,335,15,-919,9,0,2,1542,-261,630,858,-107,583,74,0,0,0,0,0,0,0,0,0,0,11,0,0,0,0,0,0,0,0,0,0,0,2,1,60
3871,3871,0,0,943,15,-1255,-7,0,2,1668,-261,630,1082,298,579,73,0,0,0,0,0,0,0,0,0,0,11,0,0,0,0,0,0,0,0,0,0,0,2,1,53
3872,3872,0,1,943,15,-1255,-7,0,2,1696,-261,630,1285,470,547,72,0,0,0,0,0,0,0,0,0,0,11,0,0,0,0,0,0,0,0,0,0,0,2,1,69
3873,3873,0,0,735,-1,-983,9,0,2,1850,-261,630,1323,564,617,72,0,0,0,0,0,0,0,0,0,0,11,0,0,0,0,0,0,0,0,0,0,0,2,1,85
3874,3874,0,1,735,-1,-983,9,0,2,2010,-680,-261,1134,649,527,73,0,0,0,0,0,0,0,0,0,0,11,0,0,0,0,0,0,0,0,0,0,0,2,1,89
3875,3875,0,0,923,-5,379,-5,0,2,22,-680,-261,732,716,633,74,0,0,0,0,0,0,0,0,0,0,11,0,0,0,0,0,0,0,0,0,0,0,2,1,80
3876,3876,0,1,923,-5,379,-5,0,2,80,-680,-261,223,812,681,74,0,0,0,0,0,0,0,0,0,0,11,0,0,0,0,0,0,0,0,0,0,0,2,1,63
3877,3877,0,0,1304,-8,757,-11,0,2,130,-680,-261,-217,1042,679,73,0,0,0,0,0,0,0,0,0,0,11,0,0,0,0,0,0,0,0,0,0,0,2,1,52
3878,3878,0,1,1304,-8,757,-11,0,2,137,-680,-261,-495,1322,670,72,0,0,0,0,0,0,0,0,0,0,12,0,0,0,0,0,0,0,0,0,0,0,2,1,66
3879,3879,0,0,1012,-12,844,12,0,2,154,-680,-261,-615,1385,644,72,0,0,0,0,0,0,0,0,0,0,11,0,0,0,0,0,0,0,0,0,0,0,2,1,87
3880,3880,0,1,1012,-12,844,12,0,2,426,261,-680,-645,1148,602,73,0,0,0,0,0,0,0,0,0,0,11,0,0,0,0,0,0,0,0,0,0,0,2,1,94
3881,3881,0,0,-332,-12,826,-6,0,2,514,261,-680,-726,709,728,74,0,0,0,0,0,0,0,0,0,0,12,0,0,0,0,0,0,0,0,0,0,0,2,1,81
3882,3882,0,1,-332,-12,826,-6,0,2,579,261,-680,-906,193,789,74,0,0,0,0,0,0,0,0,0,0,12,0,0,0,0,0,0,0,0,0,0,0,2,1,62
3883,3883,0,0,-884,12,1462,-10,0,2,518,261,-680,-1151,-255,911,73,0,0,0,0,0,0,0,0,0,0,11,0,0,0,0,0,0,0,0,0,0,0,2,1,57
3884,3884,0,1,-884,12,1462,-10,0,2,646,261,-680,-1366,-542,905,72,0,0,0,0,0,0,0,0,0,0,12,0,0,0,0,0,0,0,0,0,0,0,2,1,72
3885,3885,0,0,-773,-5,928,0,0,2,813,261,-680,-1387,-659,988,73,0,0,0,0,0,0,0,0,0,0,11,0,0,0,0,0,0,0,0,0,0,0,2,1,90
3886,3886,0,1,-773,-5,928,0,0,2,956,630,261,-1174,-641,928,74,0,0,0,0,0,0,0,0,0,0,11,0,0,0,0,0,0,0,0,0,0,0,2,1,94
3887,3887,0,0,-896,0,-393,-9,0,2,1092,630,261,-738,-691,988,75,0,0,0,0,0,0,0,0,0,0,12,0,0,0,0,0,0,0,0,0,0,0,2,1,83
3888,3888,0,1,-896,0,-393,-9,0,2,1042,630,261,-186,-860,1098,75,0,0,0,0,0,0,0,0,0,0,12,0,0,0,0,0,0,0,0,0,0,0,2,1,62
3889,3889,0,0,-1462,10,-850,14,0,2,1152,630,261,263,-1077,1098,74,0,0,0,0,0,0,0,0,0,0,11,0,0,0,0,0,0,0,0,0,0,0,2,1,54
3890,3890,0,1,-1462,10,-850,14,0,2,1155,630,261,555,-1238,1095,73,0,0,0,0,0,0,0,0,0,0,12,0,0,0,0,0,0,0,0,0,0,0,2,1,69
3891,3891,0,0,-906,-10,-863,1,0,2,1237,630,261,636,-1281,1010,73,0,0,0,0,0,0,0,0,0,0,12,0,0,0,0,0,0,0,0,0,0,0,2,1,84
3892,3892,0,1,-906,-10,-863,1,0,2,1532,-261,630,636,-1112,886,74,0,0,0,0,0,0,0,0,0,0,11,0,0,0,0,0,0,0,0,0,0,0,2,1,88
3893,3893,0,0,202,10,-737,-1,0,2,1548,-261,630,700,-707,1002,74,0,0,0,0,0,0,0,0,0,0,12,0,0,0,0,0,0,0,0,0,0,0,2,1,79
3894,3894,0,1,202,10,-737,-1,0,2,1673,-261,630,875,-174,993,74,0,0,0,0,0,0,0,0,0,0,11,0,0,0,0,0,0,0,0,0,0,0,2,1,61
3895,3895,0,0,1016,-8,-1353,-9,0,2,1668,-261,630,1089,232,989,73,0,0,0,0,0,0,0,0,0,0,11,0,0,0,0,0,0,0,0,0,0,0,2,1,55
3896,3896,0,1,1016,-8,-1353,-9,0,2,1696,-261,630,1264,439,957,72,0,0,0,0,0,0,0,0,0,0,12,0,0,0,0,0,0,0,0,0,0,0,2,1,69
3897,3897,0,0,697,-7,-904,-8,0,2,1734,-261,630,1305,550,887,72,0,0,0,0,0,0,0,0,0,0,11,0,0,0,0,0,0,0,0,0,0,0,2,1,82
3898,3898,0,1,697,-7,-904,-8,0,2,1962,-680,-261,1147,633,845,73,0,0,0,0,0,0,0,0,0,0,11,0,0,0,0,0,0,0,0,0,0,0,2,1,88
3899,3899,0,0,991,-1,254,-2,0,2,4,-680,-261,745,720,969,74,0,0,0,0,0,0,0,0,0,0,11,0,0,0,0,0,0,0,0,0,0,0,2,1,80
3900,3900,0,1,991,-1,254,-2,0,2,66,-680,-261,200,853,1031,74,0,0,0,0,0,0,0,0,0,0,11,0,0,0,0,0,0,0,0,0,0,0,2,1,64
3901,3901,0,0,1383,7,875,11,0,2,128,-680,-261,-243,1086,1031,73,0,0,0,0,0,0,0,0,0,0,11,0,0,0,0,0,0,0,0,0,0,0,2,1,54
3902,3902,0,1,1383,7,875,11,0,2,132,-680,-261,-490,1336,1027,72,0,0,0,0,0,0,0,0,0,0,12,0,0,0,0,0,0,0,0,0,0,0,2,1,69
3903,3903,0,0,955,-5,700,-4,0,2,210,-680,-261,-594,1381,945,72,0,0,0,0,0,0,0,0,0,0,11,0,0,0,0,0,0,0,0,0,0,0,2,1,88
3904,3904,0,1,955,-5,700,-4,0,2,510,261,-680,-648,1134,819,74,0,0,0,0,0,0,0,0,0,0,11,0,0,0,0,0,0,0,0,0,0,0,2,1,93
3905,3905,0,0,-351,1,915,-13,0,2,615,261,-680,-725,674,844,74,0,0,0,0,0,0,0,0,0,0,12,0,0,0,0,0,0,0,0,0,0,0,2,1,80
3906,3906,0,1,-351,1,915,-13,0,2,594,261,-680,-888,134,890,74,0,0,0,0,0,0,0,0,0,0,11,0,0,0,0,0,0,0,0,0,0,0,2,1,61
3907,3907,0,0,-855,9,1389,13,0,2,532,261,-680,-1133,-269,998,73,0,0,0,0,0,0,0,0,0,0,11,0,0,0,0,0,0,0,0,0,0,0,2,1,55
3908,3908,0,1,-855,9,1389,13,0,2,649,261,-680,-1360,-489,989,73,0,0,0,0,0,0,0,0,0,0,12,0,0,0,0,0,0,0,0,0,0,0,2,1,72
3909,3909,0,0,-792,8,962,2,0,2,957,261,-680,-1382,-606,928,73,0,0,0,0,0,0,0,0,0,0,11,0,0,0,0,0,0,0,0,0,0,0,2,1,90
3910,3910,0,1,-792,8,962,2,0,2,1024,630,261,-1146,-672,800,74,0,0,0,0,0,0,0,0,0,0,11,0,0,0,0,0,0,0,0,0,0,0,2,1,93
3911,3911,0,0,-876,-12,-295,-7,0,2,1026,630,261,-723,-722,926,75,0,0,0,0,0,0,0,0,0,0,12,0,0,0,0,0,0,0,0,0,0,0,2,1,82
3912,3912,0,1,-876,-12,-295,-7,0,2,1024,630,261,-224,-794,798,75,0,0,0,0,0,0,0,0,0,0,11,0,0,0,0,0,0,0,0,0,0,0,2,1,63
3913,3913,0,0,-1492,12,-946,14,0,2,1030,630,261,233,-993,920,74,0,0,0,0,0,0,0,0,0,0,11,0,0,0,0,0,0,0,0,0,0,0,2,1,50
3914,3914,0,1,-1492,12,-946,14,0,2,1156,630,261,541,-1248,916,73,0,0,0,0,0,0,0,0,0,0,12,0,0,0,0,0,0,0,0,0,0,0,2,1,63
3915,3915,0,0,-978,14,-740,-4,0,2,1174,630,261,670,-1305,894,73,0,0,0,0,0,0,0,0,0,0,12,0,0,0,0,0,0,0,0,0,0,0,2,1,84
3916,3916,0,1,-978,14,-740,-4,0,2,1463,-261,630,641,-1101,839,74,0,0,0,0,0,0,0,0,0,0,11,0,0,0,0,0,0,0,0,0,0,0,2,1,91
3917,3917,0,0,303,15,-906,-10,0,2,1602,-261,630,710,-696,901,74,0,0,0,0,0,0,0,0,0,0,12,0,0,0,0,0,0,0,0,0,0,0,2,1,78
3918,3918,0,1,303,15,-906,-10,0,2,1669,-261,630,904,-218,896,74,0,0,0,0,0,0,0,0,0,0,12,0,0,0,0,0,0,0,0,0,0,0,2,1,61
3919,3919,0,0,947,-13,-1302,10,0,2,1713,-261,630,1146,196,847,73,0,0,0,0,0,0,0,0,0,0,11,0,0,0,0,0,0,0,0,0,0,0,2,1,57
3920,3920,0,1,947,-13,-1302,10,0,2,1676,-261,630,1330,467,835,72,0,0,0,0,0,0,0,0,0,0,12,0,0,0,0,0,0,0,0,0,0,0,2,1,72
3921,3921,0,0,766,-2,-907,-11,0,2,1900,-261,630,1339,578,855,72,0,0,0,0,0,0,0,0,0,0,11,0,0,0,0,0,0,0,0,0,0,0,2,1,87
3922,3922,0,1,766,-2,-907,-11,0,2,1980,-680,-261,1122,600,795,73,0,0,0,0,0,0,0,0,0,0,11,0,0,0,0,0,0,0,0,0,0,0,2,1,90
3923,3923,0,0,848,-16,329,9,0,2,38,-680,-261,693,680,885,74,0,0,0,0,0,0,0,0,0,0,11,0,0,0,0,0,0,0,0,0,0,0,2,1,78
3924,3924,0,1,848,-16,329,9,0,2,68,-680,-261,165,866,945,74,0,0,0,0,0,0,0,0,0,0,11,0,0,0,0,0,0,0,0,0,0,0,2,1,59
3925,3925,0,0,1357,13,822,-10,0,2,148,-680,-261,-256,1109,925,73,0,0,0,0,0,0,0,0,0,0,11,0,0,0,0,0,0,0,0,0,0,0,2,1,54
3926,3926,0,1,1357,13,822,-10,0,2,16,-680,-261,-495,1315,1037,72,0,0,0,0,0,0,0,0,0,0,12,0,0,0,0,0,0,0,0,0,0,0,2,1,70
3927,3927,0,0,921,-7,780,12,0,2,196,-680,-261,-602,1344,969,72,0,0,0,0,0,0,0,0,0,0,11,0,0,0,0,0,0,0,0,0,0,0,2,1,86
3928,3928,0,1,921,-7,780,12,0,2,428,261,-680,-648,1138,925,73,0,0,0,0,0,0,0,0,0,0,11,0,0,0,0,0,0,0,0,0,0,0,2,1,91
3929,3929,0,0,-257,-1,823,-9,0,2,522,261,-680,-722,722,1043,74,0,0,0,0,0,0,0,0,0,0,12,0,0,0,0,0,0,0,0,0,0,0,2,1,81
3930,3930,0,1,-257,-1,823,-9,0,2,596,261,-680,-873,207,1087,74,0,0,0,0,0,0,0,0,0,0,12,0,0,0,0,0,0,0,0,0,0,0,2,1,63
3931,3931,0,0,-974,-14,1500,-4,0,2,640,261,-680,-1128,-236,1087,73,0,0,0,0,0,0,0,0,0,0,11,0,0,0,0,0,0,0,0,0,0,0,2,1,55
3932,3932,0,1,-974,-14,1500,-4,0,2,649,261,-680,-1376,-522,1078,72,0,0,0,0,0,0,0,0,0,0,12,0,0,0,0,0,0,0,0,0,0,0,2,1,71
3933,3933,0,0,-717,-13,886,-10,0,2,874,261,-680,-1426,-615,1100,73,0,0,0,0,0,0,0,0,0,0,12,0,0,0,0,0,0,0,0,0,0,0,2,1,91
3934,3934,0,1,-717,-13,886,-10,0,2,950,630,261,-1190,-629,1046,74,0,0,0,0,0,0,0,0,0,0,12,0,0,0,0,0,0,0,0,0,0,0,2,1,95
3935,3935,0,0,-999,-7,-295,-7,0,2,1026,630,261,-743,-696,1172,75,0,0,0,0,0,0,0,0,0,0,12,0,0,0,0,0,0,0,0,0,0,0,2,1,83
3936,3936,0,1,-999,-7,-295,-7,0,2,1028,630,261,-207,-863,1296,74,0,0,0,0,0,0,0,0,0,0,12,0,0,0,0,0,0,0,0,0,0,0,2,1,63
3937,3937,0,0,-1380,-4,-959,1,0,2,1155,630,261,247,-1085,1293,74,0,0,0,0,0,0,0,0,0,0,12,0,0,0,0,0,0,0,0,0,0,0,2,1,54
3938,3938,0,1,-1380,-4,-959,1,0,2,1212,630,261,532,-1270,1233,73,0,0,0,0,0,0,0,0,0,0,12,0,0,0,0,0,0,0,0,0,0,0,2,1,68
3939,3939,0,0,-1028,-4,-792,8,0,2,1173,630,261,654,-1285,1212,73,0,0,0,0,0,0,0,0,0,0,12,0,0,0,0,0,0,0,0,0,0,0,2,1,85
3940,3940,0,1,-1028,-4,-792,8,0,2,1460,-261,630,664,-1083,1160,74,0,0,0,0,0,0,0,0,0,0,12,0,0,0,0,0,0,0,0,0,0,0,2,1,89
3941,3941,0,0,388,4,-810,-10,0,2,1639,-261,630,706,-674,1185,74,0,0,0,0,0,0,0,0,0,0,12,0,0,0,0,0,0,0,0,0,0,0,2,1,78
3942,3942,0,1,388,4,-810,-10,0,2,1536,-261,630,842,-167,1057,74,0,0,0,0,0,0,0,0,0,0,12,0,0,0,0,0,0,0,0,0,0,0,2,1,60
3943,3943,0,0,831,-1,-1337,7,0,2,1672,-261,630,1059,237,1049,73,0,0,0,0,0,0,0,0,0,0,11,0,0,0,0,0,0,0,0,0,0,0,2,1,53
3944,3944,0,1,831,-1,-1337,7,0,2,1683,-261,630,1269,467,1030,72,0,0,0,0,0,0,0,0,0,0,12,0,0,0,0,0,0,0,0,0,0,0,2,1,67
3945,3945,0,0,831,-1,-941,-13,0,2,1833,-261,630,1306,577,1117,72,0,0,0,0,0,0,0,0,0,0,12,0,0,0,0,0,0,0,0,0,0,0,2,1,84
3946,3946,0,1,831,-1,-941,-13,0,2,1954,-680,-261,1105,627,1083,73,0,0,0,0,0,0,0,0,0,0,11,0,0,0,0,0,0,0,0,0,0,0,2,1,88
3947,3947,0,0,821,-11,331,11,0,2,6,-680,-261,706,694,1205,74,0,0,0,0,0,0,0,0,0,0,11,0,0,0,0,0,0,0,0,0,0,0,2,1,78
3948,3948,0,1,821,-11,331,11,0,2,82,-680,-261,205,833,1251,74,0,0,0,0,0,0,0,0,0,0,11,0,0,0,0,0,0,0,0,0,0,0,2,1,61
3949,3949,0,0,1404,-4,817,-15,0,2,7,-680,-261,-236,1089,1372,73,0,0,0,0,0,0,0,0,0,0,11,0,0,0,0,0,0,0,0,0,0,0,2,1,53
3950,3950,0,1,1404,-4,817,-15,0,2,166,-680,-261,-524,1360,1334,72,0,0,0,0,0,0,0,0,0,0,12,0,0,0,0,0,0,0,0,0,0,0,2,1,69
3951,3951,0,0,928,0,814,14,0,2,196,-680,-261,-803,1285,1266,72,0,0,0,0,0,0,0,0,0,0,11,0,0,0,0,0,0,0,0,0,0,0,2,1,90
3952,3952,0,1,928,0,814,14,0,2,442,261,-680,-777,1025,1208,73,0,0,0,0,0,0,0,0,0,0,11,0,0,0,0,0,0,0,0,0,0,0,2,1,95
3953,3953,0,0,-290,-2,801,1,0,2,516,261,-680,-799,579,1332,74,0,0,0,0,0,0,0,0,0,0,12,0,0,0,0,0,0,0,0,0,0,0,2,1,80
3954,3954,0,1,-290,-2,801,1,0,2,535,261,-680,-929,62,1437,74,0,0,0,0,0,0,0,0,0,0,12,0,0,0,0,0,0,0,0,0,0,0,2,1,61
3955,3955,0,0,-905,-9,1480,8,0,2,660,261,-680,-1109,-390,1417,73,0,0,0,0,0,0,0,0,0,0,12,0,0,0,0,0,0,0,0,0,0,0,2,1,58
3956,3956,0,1,-905,-9,1480,8,0,2,707,261,-680,-1257,-697,1350,72,0,0,0,0,0,0,0,0,0,0,12,0,0,0,0,0,0,0,0,0,0,0,2,1,73
3957,3957,0,0,-751,-15,894,-2,0,2,821,261,-680,-1269,-820,1425,73,0,0,0,0,0,0,0,0,0,0,12,0,0,0,0,0,0,0,0,0,0,0,2,1,90
3958,3958,0,1,-751,-15,894,-2,0,2,1004,630,261,-1051,-833,1317,74,0,0,0,0,0,0,0,0,0,0,11,0,0,0,0,0,0,0,0,0,0,0,2,1,94
3959,3959,0,0,-924,4,-300,-12,0,2,1100,630,261,-611,-800,1369,75,0,0,0,0,0,0,0,0,0,0,12,0,0,0,0,0,0,0,0,0,0,0,2,1,83
3960,3960,0,1,-924,4,-300,-12,0,2,1189,630,261,-34,-833,1332,75,0,0,0,0,0,0,0,0,0,0,12,0,0,0,0,0,0,0,0,0,0,0,2,1,62
3961,3961,0,0,-1414,-6,-946,14,0,2,1162,630,261,426,-972,1322,74,0,0,0,0,0,0,0,0,0,0,12,0,0,0,0,0,0,0,0,0,0,0,2,1,52
3962,3962,0,1,-1414,-6,-946,14,0,2,1234,630,261,678,-1147,1240,73,0,0,0,0,0,0,0,0,0,0,12,0,0,0,0,0,0,0,0,0,0,0,2,1,66
3963,3963,0,0,-1072,-16,-766,2,0,2,1357,630,261,789,-1181,1291,73,0,0,0,0,0,0,0,0,0,0,12,0,0,0,0,0,0,0,0,0,0,0,2,1,83
3964,3964,0,1,-1072,-16,-766,2,0,2,1524,-261,630,817,-987,1175,74,0,0,0,0,0,0,0,0,0,0,12,0,0,0,0,0,0,0,0,0,0,0,2,1,88
3965,3965,0,0,412,-4,-831,1,0,2,1670,-261,630,817,-573,1169,74,0,0,0,0,0,0,0,0,0,0,12,0,0,0,0,0,0,0,0,0,0,0,2,1,80
3966,3966,0,1,412,-4,-831,1,0,2,1668,-261,630,854,-44,1165,74,0,0,0,0,0,0,0,0,0,0,12,0,0,0,0,0,0,0,0,0,0,0,2,1,62
3967,3967,0,0,791,-9,-1354,-10,0,2,1759,-261,630,1000,392,1070,73,0,0,0,0,0,0,0,0,0,0,12,0,0,0,0,0,0,0,0,0,0,0,2,1,53
3968,3968,0,1,791,-9,-1354,-10,0,2,1696,-261,630,1190,650,1038,72,0,0,0,0,0,0,0,0,0,0,12,0,0,0,0,0,0,0,0,0,0,0,2,1,67
3969,3969,0,0,918,-10,-870,-6,0,2,1913,-261,630,1216,770,1045,72,0,0,0,0,0,0,0,0,0,0,12,0,0,0,0,0,0,0,0,0,0,0,2,1,85
3970,3970,0,1,918,-10,-870,-6,0,2,2032,-680,-261,1000,801,933,73,0,0,0,0,0,0,0,0,0,0,12,0,0,0,0,0,0,0,0,0,0,0,2,1,90
3971,3971,0,0,739,3,230,6,0,2,152,-680,-261,600,786,909,74,0,0,0,0,0,0,0,0,0,0,12,0,0,0,0,0,0,0,0,0,0,0,2,1,80
3972,3972,0,1,739,3,230,6,0,2,162,-680,-261,79,840,875,74,0,0,0,0,0,0,0,0,0,0,12,0,0,0,0,0,0,0,0,0,0,0,2,1,62
3973,3973,0,0,1463,-9,974,14,0,2,150,-680,-261,-371,1021,853,73,0,0,0,0,0,0,0,0,0,0,12,0,0,0,0,0,0,0,0,0,0,0,2,1,52
3974,3974,0,1,1463,-9,974,14,0,2,218,-680,-261,-660,1247,763,72,0,0,0,0,0,0,0,0,0,0,12,0,0,0,0,0,0,0,0,0,0,0,2,1,68
3975,3975,0,0,869,5,621,13,0,2,380,-680,-261,-773,1273,767,72,0,0,0,0,0,0,0,0,0,0,12,0,0,0,0,0,0,0,0,0,0,0,2,1,87
3976,3976,0,1,869,5,621,13,0,2,507,261,-680,-772,1023,644,73,0,0,0,0,0,0,0,0,0,0,12,0,0,0,0,0,0,0,0,0,0,0,2,1,93
3977,3977,0,0,-269,-13,993,1,0,2,528,261,-680,-792,580,756,74,0,0,0,0,0,0,0,0,0,0,12,0,0,0,0,0,0,0,0,0,0,0,2,1,80
3978,3978,0,1,-269,-13,993,1,0,2,670,261,-680,-895,61,726,74,0,0,0,0,0,0,0,0,0,0,12,0,0,0,0,0,0,0,0,0,0,0,2,1,60
3979,3979,0,0,-926,2,1295,15,0,2,656,261,-680,-1075,-391,710,73,0,0,0,0,0,0,0,0,0,0,12,0,0,0,0,0,0,0,0,0,0,0,2,1,56
3980,3980,0,1,-926,2,1295,15,0,2,722,261,-680,-1351,-524,628,72,0,0,0,0,0,0,0,0,0,0,12,0,0,0,0,0,0,0,0,0,0,0,2,1,71
3981,3981,0,0,-721,15,1043,-13,0,2,883,261,-680,-1298,-803,641,73,0,0,0,0,0,0,0,0,0,0,12,0,0,0,0,0,0,0,0,0,0,0,2,1,89
3982,3982,0,1,-721,15,1043,-13,0,2,1002,630,261,-1109,-787,535,74,0,0,0,0,0,0,0,0,0,0,12,0,0,0,0,0,0,0,0,0,0,0,2,1,95
3983,3983,0,0,-930,-2,-355,-3,0,2,1104,630,261,-756,-689,583,75,0,0,0,0,0,0,0,0,0,0,12,0,0,0,0,0,0,0,0,0,0,0,2,1,84
3984,3984,0,1,-930,-2,-355,-3,0,2,1113,630,261,-168,-833,622,74,0,0,0,0,0,0,0,0,0,0,12,0,0,0,0,0,0,0,0,0,0,0,2,1,63
3985,3985,0,0,-1432,8,-925,3,0,2,1172,630,261,271,-1055,602,73,0,0,0,0,0,0,0,0,0,0,12,0,0,0,0,0,0,0,0,0,0,0,2,1,52
3986,3986,0,1,-1432,8,-925,3,0,2,1152,630,261,484,-1264,602,73,0,0,0,0,0,0,0,0,0,0,12,0,0,0,0,0,0,0,0,0,0,0,2,1,67
3987,3987,0,0,-1053,3,-788,12,0,2,1168,630,261,608,-1295,586,73,0,0,0,0,0,0,0,0,0,0,12,0,0,0,0,0,0,0,0,0,0,0,2,1,83
3988,3988,0,1,-1053,3,-788,12,0,2,1472,-261,630,703,-1088,522,74,0,0,0,0,0,0,0,0,0,0,12,0,0,0,0,0,0,0,0,0,0,0,2,1,88
3989,3989,0,0,378,-6,-858,6,0,2,1600,-261,630,755,-693,586,74,0,0,0,0,0,0,0,0,0,0,12,0,0,0,0,0,0,0,0,0,0,0,2,1,80
3990,3990,0,1,378,-6,-858,6,0,2,1606,-261,630,822,-206,644,74,0,0,0,0,0,0,0,0,0,0,12,0,0,0,0,0,0,0,0,0,0,0,2,1,63
3991,3991,0,0,986,-6,-1183,1,0,2,1678,-261,630,1032,229,630,73,0,0,0,0,0,0,0,0,0,0,12,0,0,0,0,0,0,0,0,0,0,0,2,1,52
3992,3992,0,1,986,-6,-1183,1,0,2,1712,-261,630,1307,516,582,72,0,0,0,0,0,0,0,0,0,0,12,0,0,0,0,0,0,0,0,0,0,0,2,1,66
3993,3993,0,0,767,-1,-908,-12,0,2,1838,-261,630,1356,608,664,72,0,0,0,0,0,0,0,0,0,0,12,0,0,0,0,0,0,0,0,0,0,0,2,1,86
3994,3994,0,1,767,-1,-908,-12,0,2,1978,-680,-261,1002,716,606,73,0,0,0,0,0,0,0,0,0,0,12,0,0,0,0,0,0,0,0,0,0,0,2,1,92
3995,3995,0,0,908,12,357,5,0,2,69,-680,-261,670,662,665,74,0,0,0,0,0,0,0,0,0,0,12,0,0,0,0,0,0,0,0,0,0,0,2,1,77
3996,3996,0,1,908,12,357,5,0,2,88,-680,-261,191,880,705,74,0,0,0,0,0,0,0,0,0,0,12,0,0,0,0,0,0,0,0,0,0,0,2,1,58
3997,3997,0,0,1313,1,802,2,0,2,129,-680,-261,-367,1071,704,73,0,0,0,0,0,0,0,0,0,0,12,0,0,0,0,0,0,0,0,0,0,0,2,1,55
3998,3998,0,1,1313,1,802,2,0,2,194,-680,-261,-509,1290,638,72,0,0,0,0,0,0,0,0,0,0,12,0,0,0,0,0,0,0,0,0,0,0,2,1,71
3999,3999,0,0,973,13,770,2,0,2,157,-680,-261,-777,1217,609,72,0,0,0,0,0,0,0,0,0,0,12,0,0,0,0,0,0,0,0,0,0,0,2,1,86
4000,4000,0,1,973,13,770,2,0,2,508,261,-680,-760,1054,485,73,0,0,0,0,0,0,0,0,0,0,12,0,0,0,0,0,0,0,0,0,0,0,2,1,90
4001,4001,0,0,-270,-14,881,-15,0,2,578,261,-680,-775,643,547,74,0,0,0,0,0,0,0,0,0,0,12,0,0,0,0,0,0,0,0,0,0,0,2,1,81
4002,4002,0,1,-270,-14,881,-15,0,2,593,261,-680,-891,75,594,74,0,0,0,0,0,0,0,0,0,0,12,0,0,0,0,0,0,0,0,0,0,0,2,1,62
4003,4003,0,0,-924,4,1396,-12,0,2,704,261,-680,-1083,-408,530,73,0,0,0,0,0,0,0,0,0,0,12,0,0,0,0,0,0,0,0,0,0,0,2,1,56
4004,4004,0,1,-924,4,1396,-12,0,2,709,261,-680,-1364,-528,461,72,0,0,0,0,0,0,0,0,0,0,12,0,0,0,0,0,0,0,0,0,0,0,2,1,72
4005,4005,0,0,-753,15,1048,-8,0,2,783,261,-680,-1412,-630,574,72,0,0,0,0,0,0,0,0,0,0,12,0,0,0,0,0,0,0,0,0,0,0,2,1,91
4006,4006,0,1,-753,15,1048,-8,0,2,998,630,261,-1104,-796,472,74,0,0,0,0,0,0,0,0,0,0,12,0,0,0,0,0,0,0,0,0,0,0,2,1,95
4007,4007,0,0,-918,10,-463,-15,0,2,1093,630,261,-760,-710,531,75,0,0,0,0,0,0,0,0,0,0,12,0,0,0,0,0,0,0,0,0,0,0,2,1,85
4008,4008,0,1,-918,10,-463,-15,0,2,1033,630,261,-173,-846,650,74,0,0,0,0,0,0,0,0,0,0,12,0,0,0,0,0,0,0,0,0,0,0,2,1,64
4009,4009,0,0,-1463,9,-804,-4,0,2,1159,630,261,443,-967,643,74,0,0,0,0,0,0,0,0,0,0,12,0,0,0,0,0,0,0,0,0,0,0,2,1,53
4010,4010,0,1,-1463,9,-804,-4,0,2,1162,630,261,601,-1185,633,73,0,0,0,0,0,0,0,0,0,0,12,0,0,0,0,0,0,0,0,0,0,0,2,1,66
4011,4011,0,0,-932,-4,-836,-4,0,2,1220,630,261,695,-1213,565,73,0,0,0,0,0,0,0,0,0,0,12,0,0,0,0,0,0,0,0,0,0,0,2,1,82
4012,4012,0,1,-932,-4,-836,-4,0,2,1471,-261,630,808,-938,502,74,0,0,0,0,0,0,0,0,0,0,12,0,0,0,0,0,0,0,0,0,0,0,2,1,86
4013,4013,0,0,236,12,-858,6,0,2,1667,-261,630,801,-555,499,74,0,0,0,0,0,0,0,0,0,0,12,0,0,0,0,0,0,0,0,0,0,0,2,1,77
4014,4014,0,1,236,12,-858,6,0,2,1680,-261,630,883,-41,483,74,0,0,0,0,0,0,0,0,0,0,12,0,0,0,0,0,0,0,0,0,0,0,2,1,61
4015,4015,0,0,1046,-10,-1270,10,0,2,1672,-261,630,1032,380,475,73,0,0,0,0,0,0,0,0,0,0,11,0,0,0,0,0,0,0,0,0,0,0,2,1,55
4016,4016,0,1,1046,-10,-1270,10,0,2,1735,-261,630,1264,463,404,72,0,0,0,0,0,0,0,0,0,0,12,0,0,0,0,0,0,0,0,0,0,0,2,1,69
4017,4017,0,0,628,-12,-954,6,0,2,1843,-261,630,1297,564,481,72,0,0,0,0,0,0,0,0,0,0,11,0,0,0,0,0,0,0,0,0,0,0,2,1,83
4018,4018,0,1,628,-12,-954,6,0,2,2033,-680,-261,1122,615,368,73,0,0,0,0,0,0,0,0,0,0,11,0,0,0,0,0,0,0,0,0,0,0,2,1,87
4019,4019,0,0,997,5,299,11,0,2,80,-680,-261,732,700,416,74,0,0,0,0,0,0,0,0,0,0,11,0,0,0,0,0,0,0,0,0,0,0,2,1,79
4020,4020,0,1,997,5,299,11,0,2,80,-680,-261,220,858,464,74,0,0,0,0,0,0,0,0,0,0,11,0,0,0,0,0,0,0,0,0,0,0,2,1,62
4021,4021,0,0,1289,9,890,-6,0,2,132,-680,-261,-225,1092,460,73,0,0,0,0,0,0,0,0,0,0,11,0,0,0,0,0,0,0,0,0,0,0,2,1,54
4022,4022,0,1,1289,9,890,-6,0,2,129,-680,-261,-505,1319,459,72,0,0,0,0,0,0,0,0,0,0,11,0,0,0,0,0,0,0,0,0,0,0,2,1,68
4023,4023,0,0,991,-1,737,1,0,2,153,-680,-261,-618,1381,434,72,0,0,0,0,0,0,0,0,0,0,11,0,0,0,0,0,0,0,0,0,0,0,2,1,87
4024,4024,0,1,991,-1,737,1,0,2,430,261,-680,-637,1187,388,73,0,0,0,0,0,0,0,0,0,0,11,0,0,0,0,0,0,0,0,0,0,0,2,1,93
4025,4025,0,0,-272,-16,934,6,0,2,514,261,-680,-712,726,514,74,0,0,0,0,0,0,0,0,0,0,12,0,0,0,0,0,0,0,0,0,0,0,2,1,83
4026,4026,0,1,-272,-16,934,6,0,2,598,261,-680,-897,134,556,74,0,0,0,0,0,0,0,0,0,0,11,0,0,0,0,0,0,0,0,0,0,0,2,1,62
4027,4027,0,0,-948,12,1427,-13,0,2,648,261,-680,-1148,-296,548,73,0,0,0,0,0,0,0,0,0,0,11,0,0,0,0,0,0,0,0,0,0,0,2,1,56
4028,4028,0,1,-948,12,1427,-13,0,2,662,261,-680,-1365,-488,526,72,0,0,0,0,0,0,0,0,0,0,12,0,0,0,0,0,0,0,0,0,0,0,2,1,73
4029,4029,0,0,-698,6,911,15,0,2,708,261,-680,-1282,-747,458,73,0,0,0,0,0,0,0,0,0,0,11,0,0,0,0,0,0,0,0,0,0,0,2,1,89
4030,4030,0,1,-698,6,911,15,0,2,1017,630,261,-1047,-790,337,74,0,0,0,0,0,0,0,0,0,0,11,0,0,0,0,0,0,0,0,0,0,0,2,1,92
4031,4031,0,0,-985,7,-306,14,0,2,1050,630,261,-626,-817,439,74,0,0,0,0,0,0,0,0,0,0,12,0,0,0,0,0,0,0,0,0,0,0,2,1,82
4032,4032,0,1,-985,7,-306,14,0,2,1024,630,261,-108,-870,311,74,0,0,0,0,0,0,0,0,0,0,11,0,0,0,0,0,0,0,0,0,0,0,2,1,64
4033,4033,0,0,-1367,9,-948,12,0,2,1154,630,261,380,-995,309,74,0,0,0,0,0,0,0,0,0,0,11,0,0,0,0,0,0,0,0,0,0,0,2,1,54
4034,4034,0,1,-1367,9,-948,12,0,2,1170,630,261,575,-1239,291,73,0,0,0,0,0,0,0,0,0,0,12,0,0,0,0,0,0,0,0,0,0,0,2,1,66
4035,4035,0,0,-974,-14,-809,-9,0,2,1324,630,261,669,-1279,375,73,0,0,0,0,0,0,0,0,0,0,11,0,0,0,0,0,0,0,0,0,0,0,2,1,84
4036,4036,0,1,-974,-14,-809,-9,0,2,1536,-261,630,614,-1096,247,74,0,0,0,0,0,0,0,0,0,0,11,0,0,0,0,0,0,0,0,0,0,0,2,1,89
4037,4037,0,0,358,6,-803,-3,0,2,1614,-261,630,667,-705,297,74,0,0,0,0,0,0,0,0,0,0,12,0,0,0,0,0,0,0,0,0,0,0,2,1,77
4038,4038,0,1,358,6,-803,-3,0,2,1676,-261,630,882,-204,285,74,0,0,0,0,0,0,0,0,0,0,11,0,0,0,0,0,0,0,0,0,0,0,2,1,60
4039,4039,0,0,897,1,-1369,7,0,2,1724,-261,630,1123,227,225,73,0,0,0,0,0,0,0,0,0,0,11,0,0,0,0,0,0,0,0,0,0,0,2,1,56
4040,4040,0,1,897,1,-1369,7,0,2,1700,-261,630,1283,496,189,72,0,0,0,0,0,0,0,0,0,0,11,0,0,0,0,0,0,0,0,0,0,0,2,1,71
4041,4041,0,0,807,7,-926,2,0,2,1750,-261,630,1299,605,103,72,0,0,0,0,0,0,0,0,0,0,11,0,0,0,0,0,0,0,0,0,0,0,2,1,85
4042,4042,0,1,807,7,-926,2,0,2,1981,-680,-261,1127,625,42,73,0,0,0,0,0,0,0,0,0,0,11,0,0,0,0,0,0,0,0,0,0,0,2,1,88
4043,4043,0,0,846,14,324,4,0,2,0,-680,-261,741,700,-86,74,0,0,0,0,0,0,0,0,0,0,11,0,0,0,0,0,0,0,0,0,0,0,2,1,79
4044,4044,0,1,846,14,324,4,0,2,16,-680,-261,227,882,26,74,0,0,0,0,0,0,0,0,0,0,11,0,0,0,0,0,0,0,0,0,0,0,2,1,63
4045,4045,0,0,1417,9,873,9,0,2,132,-680,-261,-220,1135,22,73,0,0,0,0,0,0,0,0,0,0,11,0,0,0,0,0,0,0,0,0,0,0,2,1,56
4046,4046,0,1,1417,9,873,9,0,2,164,-680,-261,-506,1352,-14,72,0,0,0,0,0,0,0,0,0,0,11,0,0,0,0,0,0,0,0,0,0,0,2,1,72
4047,4047,0,0,841,9,724,-12,0,2,214,-680,-261,-624,1356,-100,73,0,0,0,0,0,0,0,0,0,0,11,0,0,0,0,0,0,0,0,0,0,0,2,1,89
4048,4048,0,1,841,9,724,-12,0,2,431,261,-680,-620,1123,-147,74,0,0,0,0,0,0,0,0,0,0,11,0,0,0,0,0,0,0,0,0,0,0,2,1,92
4049,4049,0,0,-189,3,898,2,0,2,565,261,-680,-703,694,-72,74,0,0,0,0,0,0,0,0,0,0,11,0,0,0,0,0,0,0,0,0,0,0,2,1,79
4050,4050,0,1,-189,3,898,2,0,2,596,261,-680,-908,190,-28,74,0,0,0,0,0,0,0,0,0,0,11,0,0,0,0,0,0,0,0,0,0,0,2,1,61
4051,4051,0,0,-992,0,1386,10,0,2,652,261,-680,-1148,-254,-40,73,0,0,0,0,0,0,0,0,0,0,11,0,0,0,0,0,0,0,0,0,0,0,2,1,57
4052,4052,0,1,-992,0,1386,10,0,2,642,261,-680,-1333,-538,-42,73,0,0,0,0,0,0,0,0,0,0,11,0,0,0,0,0,0,0,0,0,0,0,2,1,72
4053,4053,0,0,-686,-14,943,15,0,2,875,261,-680,-1350,-663,-21,73,0,0,0,0,0,0,0,0,0,0,11,0,0,0,0,0,0,0,0,0,0,0,2,1,89
4054,4054,0,1,-686,-14,943,15,0,2,942,630,261,-1152,-675,-67,74,0,0,0,0,0,0,0,0,0,0,11,0,0,0,0,0,0,0,0,0,0,0,2,1,93
4055,4055,0,0,-979,13,-307,13,0,2,1092,630,261,-718,-711,-7,75,0,0,0,0,0,0,0,0,0,0,11,0,0,0,0,0,0,0,0,0,0,0,2,1,82
4056,4056,0,1,-979,13,-307,13,0,2,1108,630,261,-168,-831,37,75,0,0,0,0,0,0,0,0,0,0,11,0,0,0,0,0,0,0,0,0,0,0,2,1,62
4057,4057,0,0,-1396,12,-956,4,0,2,1154,630,261,272,-1049,35,74,0,0,0,0,0,0,0,0,0,0,11,0,0,0,0,0,0,0,0,0,0,0,2,1,52
4058,4058,0,1,-1396,12,-956,4,0,2,1187,630,261,529,-1272,0,73,0,0,0,0,0,0,0,0,0,0,11,0,0,0,0,0,0,0,0,0,0,0,2,1,67
4059,4059,0,0,-1063,-7,-718,-14,0,2,1204,630,261,625,-1329,-52,73,0,0,0,0,0,0,0,0,0,0,11,0,0,0,0,0,0,0,0,0,0,0,2,1,85
4060,4060,0,1,-1063,-7,-718,-14,0,2,1472,-261,630,662,-1122,-116,74,0,0,0,0,0,0,0,0,0,0,11,0,0,0,0,0,0,0,0,0,0,0,2,1,90
4061,4061,0,0,398,14,-963,-3,0,2,1618,-261,630,721,-700,-70,74,0,0,0,0,0,0,0,0,0,0,11,0,0,0,0,0,0,0,0,0,0,0,2,1,80
4062,4062,0,1,398,14,-963,-3,0,2,1664,-261,630,856,-181,-70,74,0,0,0,0,0,0,0,0,0,0,11,0,0,0,0,0,0,0,0,0,0,0,2,1,62
4063,4063,0,0,881,-15,-1188,-4,0,2,1678,-261,630,1080,250,-84,73,0,0,0,0,0,0,0,0,0,0,11,0,0,0,0,0,0,0,0,0,0,0,2,1,54
4064,4064,0,1,881,-15,-1188,-4,0,2,1668,-261,630,1303,494,-88,72,0,0,0,0,0,0,0,0,0,0,11,0,0,0,0,0,0,0,0,0,0,0,2,1,68
4065,4065,0,0,829,-3,-1032,-8,0,2,1854,-261,630,1318,593,-22,72,0,0,0,0,0,0,0,0,0,0,11,0,0,0,0,0,0,0,0,0,0,0,2,1,86
4066,4066,0,1,829,-3,-1032,-8,0,2,1981,-680,-261,1073,621,-83,73,0,0,0,0,0,0,0,0,0,0,11,0,0,0,0,0,0,0,0,0,0,0,2,1,90
4067,4067,0,0,809,9,394,10,0,2,65,-680,-261,676,691,-20,74,0,0,0,0,0,0,0,0,0,0,11,0,0,0,0,0,0,0,0,0,0,0,2,1,76
4068,4068,0,1,809,9,394,10,0,2,20,-680,-261,221,854,88,74,0,0,0,0,0,0,0,0,0,0,11,0,0,0,0,0,0,0,0,0,0,0,2,1,60
4069,4069,0,0,1398,-10,797,-3,0,2,2,-680,-261,-207,1091,214,73,0,0,0,0,0,0,0,0,0,0,11,0,0,0,0,0,0,0,0,0,0,0,2,1,54
4070,4070,0,1,1398,-10,797,-3,0,2,152,-680,-261,-524,1311,190,72,0,0,0,0,0,0,0,0,0,0,11,0,0,0,0,0,0,0,0,0,0,0,2,1,68
4071,4071,0,0,907,11,774,6,0,2,292,-680,-261,-646,1343,282,73,0,0,0,0,0,0,0,0,0,0,11,0,0,0,0,0,0,0,0,0,0,0,2,1,87
4072,4072,0,1,907,11,774,6,0,2,430,261,-680,-624,1131,236,74,0,0,0,0,0,0,0,0,0,0,11,0,0,0,0,0,0,0,0,0,0,0,2,1,92
4073,4073,0,0,-252,4,862,-2,0,2,562,261,-680,-693,710,314,74,0,0,0,0,0,0,0,0,0,0,12,0,0,0,0,0,0,0,0,0,0,0,2,1,79
4074,4074,0,1,-252,4,862,-2,0,2,538,261,-680,-900,197,416,74,0,0,0,0,0,0,0,0,0,0,11,0,0,0,0,0,0,0,0,0,0,0,2,1,61
4075,4075,0,0,-915,13,1423,15,0,2,640,261,-680,-1154,-250,416,73,0,0,0,0,0,0,0,0,0,0,11,0,0,0,0,0,0,0,0,0,0,0,2,1,57
4076,4076,0,1,-915,13,1423,15,0,2,644,261,-680,-1361,-522,412,72,0,0,0,0,0,0,0,0,0,0,12,0,0,0,0,0,0,0,0,0,0,0,2,1,73
4077,4077,0,0,-767,1,995,3,0,2,659,261,-680,-1395,-628,393,73,0,0,0,0,0,0,0,0,0,0,11,0,0,0,0,0,0,0,0,0,0,0,2,1,90
4078,4078,0,1,-767,1,995,3,0,2,954,630,261,-1201,-626,335,74,0,0,0,0,0,0,0,0,0,0,11,0,0,0,0,0,0,0,0,0,0,0,2,1,95
4079,4079,0,0,-889,7,-413,3,0,2,1028,630,261,-756,-701,459,75,0,0,0,0,0,0,0,0,0,0,12,0,0,0,0,0,0,0,0,0,0,0,2,1,84
4080,4080,0,1,-889,7,-413,3,0,2,1047,630,261,-177,-890,564,74,0,0,0,0,0,0,0,0,0,0,12,0,0,0,0,0,0,0,0,0,0,0,2,1,63
4081,4081,0,0,-1481,-9,-807,-7,0,2,1161,630,261,286,-1086,555,74,0,0,0,0,0,0,0,0,0,0,11,0,0,0,0,0,0,0,0,0,0,0,2,1,56
4082,4082,0,1,-1481,-9,-807,-7,0,2,1180,630,261,538,-1219,527,73,0,0,0,0,0,0,0,0,0,0,12,0,0,0,0,0,0,0,0,0,0,0,2,1,69
4083,4083,0,0,-936,-8,-931,-3,0,2,1235,630,261,642,-1255,444,73,0,0,0,0,0,0,0,0,0,0,12,0,0,0,0,0,0,0,0,0,0,0,2,1,82
4084,4084,0,1,-936,-8,-931,-3,0,2,1536,-261,630,806,-1015,316,74,0,0,0,0,0,0,0,0,0,0,11,0,0,0,0,0,0,0,0,0,0,0,2,1,87
4085,4085,0,0,285,-3,-729,7,0,2,1602,-261,630,801,-621,378,74,0,0,0,0,0,0,0,0,0,0,12,0,0,0,0,0,0,0,0,0,0,0,2,1,80
4086,4086,0,1,285,-3,-729,7,0,2,1542,-261,630,846,-56,500,74,0,0,0,0,0,0,0,0,0,0,11,0,0,0,0,0,0,0,0,0,0,0,2,1,63
4087,4087,0,0,914,-14,-1369,7,0,2,1691,-261,630,1056,263,473,73,0,0,0,0,0,0,0,0,0,0,11,0,0,0,0,0,0,0,0,0,0,0,2,1,53
4088,4088,0,1,914,-14,-1369,7,0,2,1754,-261,630,1283,469,383,72,0,0,0,0,0,0,0,0,0,0,12,0,0,0,0,0,0,0,0,0,0,0,2,1,67
4089,4089,0,0,762,-6,-884,12,0,2,1834,-261,630,1322,560,469,72,0,0,0,0,0,0,0,0,0,0,11,0,0,0,0,0,0,0,0,0,0,0,2,1,84
4090,4090,0,1,762,-6,-884,12,0,2,2026,-680,-261,1008,748,363,73,0,0,0,0,0,0,0,0,0,0,11,0,0,0,0,0,0,0,0,0,0,0,2,1,89
4091,4091,0,0,899,3,264,8,0,2,69,-680,-261,702,701,422,74,0,0,0,0,0,0,0,0,0,0,11,0,0,0,0,0,0,0,0,0,0,0,2,1,78
4092,4092,0,1,899,3,264,8,0,2,80,-680,-261,210,851,470,74,0,0,0,0,0,0,0,0,0,0,11,0,0,0,0,0,0,0,0,0,0,0,2,1,61
4093,4093,0,0,1307,-5,880,-16,0,2,130,-680,-261,-215,1086,468,73,0,0,0,0,0,0,0,0,0,0,11,0,0,0,0,0,0,0,0,0,0,0,2,1,54
4094,4094,0,1,1307,-5,880,-16,0,2,206,-680,-261,-494,1325,390,72,0,0,0,0,0,0,0,0,0,0,11,0,0,0,0,0,0,0,0,0,0,0,2,1,68
4095,4095,0,0,1022,-2,772,4,0,2,151,-680,-261,-616,1380,367,72,0,0,0,0,0,0,0,0,0,0,11,0,0,0,0,0,0,0,0,0,0,0,2,1,87
4096,4096,1,1,1022,-2,772,4,0,2,442,261,-680,-644,1166,309,73,0,0,0,0,0,0,0,0,0,0,11,0,0,0,0,0,0,0,0,0,0,0,2,2,93
4097,4097,0,0,-358,-6,876,12,0,2,566,261,-680,-714,710,383,74,0,0,0,0,0,0,0,0,0,0,12,0,0,0,0,0,0,0,0,0,0,0,2,2,83
4098,4098,0,1,-358,-6,876,12,0,2,579,261,-680,-881,147,444,74,0,0,0,0,0,0,0,0,0,0,11,0,0,0,0,0,0,0,0,0,0,0,2,2,62
4099,4099,0,0,-852,12,1414,6,0,2,648,261,-680,-1133,-271,436,73,0,0,0,0,0,0,0,0,0,0,11,0,0,0,0,0,0,0,0,0,0,0,2,2,55
4100,4100,0,1,-852,12,1414,6,0,2,644,261,-680,-1366,-480,432,72,0,0,0,0,0,0,0,0,0,0,12,0,0,0,0,0,0,0,0,0,0,0,2,2,72
4101,4101,0,0,-817,15,969,9,0,2,810,261,-680,-1399,-607,518,73,0,0,0,0,0,0,0,0,0,0,11,0,0,0,0,0,0,0,0,0,0,0,2,2,89
4102,4102,0,1,-817,15,969,9,0,2,1003,630,261,-1167,-705,411,74,0,0,0,0,0,0,0,0,0,0,11,0,0,0,0,0,0,0,0,0,0,0,2,2,94
4103,4103,0,0,-879,-15,-353,-1,0,2,1026,630,261,-726,-758,537,75,0,0,0,0,0,0,0,0,0,0,12,0,0,0,0,0,0,0,0,0,0,0,2,2,84
4104,4104,0,1,-879,-15,-353,-1,0,2,1095,630,261,-195,-817,594,75,0,0,0,0,0,0,0,0,0,0,12,0,0,0,0,0,0,0,0,0,0,0,2,2,64
4105,4105,0,0,-1446,-6,-919,9,0,2,1108,630,261,371,-950,638,74,0,0,0,0,0,0,0,0,0,0,11,0,0,0,0,0,0,0,0,0,0,0,2,2,52
4106,4106,0,1,-1446,-6,-919,9,0,2,1200,630,261,514,-1247,590,73,0,0,0,0,0,0,0,0,0,0,12,0,0,0,0,0,0,0,0,0,0,0,2,2,63
4107,4107,0,0,-971,-11,-754,14,0,2,1328,630,261,783,-1199,670,73,0,0,0,0,0,0,0,0,0,0,12,0,0,0,0,0,0,0,0,0,0,0,2,2,84
4108,4108,0,1,-971,-11,-754,14,0,2,1470,630,261,781,-986,608,74,0,0,0,0,0,0,0,0,0,0,12,0,0,0,0,0,0,0,0,0,0,0,2,2,89
4109,4109,0,0,250,-6,-895,1,0,2,1608,630,261,790,-580,664,74,0,0,0,0,0,0,0,0,0,0,12,0,0,0,0,0,0,0,0,0,0,0,2,2,79
4110,4110,0,1,250,-6,-895,1,0,2,1550,630,261,873,-86,778,74,0,0,0,0,0,0,0,0,0,0,12,0,0,0,0,0,0,0,0,0,0,0,2,2,60
4111,4111,0,0,1015,-9,-1299,13,0,2,1682,630,261,1014,373,760,73,0,0,0,0,0,0,0,0,0,0,11,0,0,0,0,0,0,0,0,0,0,0,2,2,55
4112,4112,0,1,1015,-9,-1299,13,0,2,1746,630,261,1176,637,678,72,0,0,0,0,0,0,0,0,0,0,12,0,0,0,0,0,0,0,0,0,0,0,2,2,67
4113,4113,0,0,687,15,-951,9,0,2,1842,630,261,1191,792,756,72,0,0,0,0,0,0,0,0,0,0,12,0,0,0,0,0,0,0,0,0,0,0,2,2,83
4114,4114,0,1,687,15,-951,9,0,2,2034,-680,-261,1024,799,642,73,0,0,0,0,0,0,0,0,0,0,11,0,0,0,0,0,0,0,0,0,0,0,2,2,89
4115,4115,0,0,952,-8,359,7,0,2,18,-680,-261,610,801,752,74,0,0,0,0,0,0,0,0,0,0,12,0,0,0,0,0,0,0,0,0,0,0,2,2,81
4116,4116,0,1,952,-8,359,7,0,2,129,-680,-261,48,871,751,74,0,0,0,0,0,0,0,0,0,0,12,0,0,0,0,0,0,0,0,0,0,0,2,2,63
4117,4117,0,0,1317,5,823,-9,0,2,134,-680,-261,-417,1034,745,73,0,0,0,0,0,0,0,0,0,0,12,0,0,0,0,0,0,0,0,0,0,0,2,2,54
4118,4118,0,1,1317,5,823,-9,0,2,215,-680,-261,-683,1216,658,72,0,0,0,0,0,0,0,0,0,0,12,0,0,0,0,0,0,0,0,0,0,0,2,2,69
4119,4119,0,0,968,8,778,10,0,2,333,-680,-261,-797,1240,709,72,0,0,0,0,0,0,0,0,0,0,12,0,0,0,0,0,0,0,0,0,0,0,2,2,87
4120,4120,0,1,968,8,778,10,0,2,494,630,-261,-820,1025,599,73,0,0,0,0,0,0,0,0,0,0,12,0,0,0,0,0,0,0,0,0,0,0,2,2,92
4121,4121,0,0,-336,-16,888,-8,0,2,596,630,-261,-830,586,643,74,0,0,0,0,0,0,0,0,0,0,12,0,0,0,0,0,0,0,0,0,0,0,2,2,82
4122,4122,0,1,-336,-16,888,-8,0,2,646,630,-261,-891,30,637,74,0,0,0,0,0,0,0,0,0,0,12,0,0,0,0,0,0,0,0,0,0,0,2,2,63
4123,4123,0,0,-896,0,1389,13,0,2,664,630,-261,-1051,-438,613,73,0,0,0,0,0,0,0,0,0,0,12,0,0,0,0,0,0,0,0,0,0,0,2,2,55
4124,4124,0,1,-896,0,1389,13,0,2,722,630,-261,-1239,-719,531,72,0,0,0,0,0,0,0,0,0,0,12,0,0,0,0,0,0,0,0,0,0,0,2,2,70
4125,4125,0,0,-759,9,908,12,0,2,881,630,-261,-1263,-819,546,73,0,0,0,0,0,0,0,0,0,0,12,0,0,0,0,0,0,0,0,0,0,0,2,2,89
4126,4126,0,1,-759,9,908,12,0,2,1014,-680,261,-1045,-803,428,74,0,0,0,0,0,0,0,0,0,0,12,0,0,0,0,0,0,0,0,0,0,0,2,2,94
4127,4127,0,0,-902,-6,-239,-15,0,2,1110,-680,261,-623,-800,470,75,0,0,0,0,0,0,0,0,0,0,12,0,0,0,0,0,0,0,0,0,0,0,2,2,82
4128,4128,0,1,-902,-6,-239,-15,0,2,1154,-680,261,-113,-870,468,74,0,0,0,0,0,0,0,0,0,0,12,0,0,0,0,0,0,0,0,0,0,0,2,2,63
4129,4129,0,0,-1467,5,-1000,-8,0,2,1171,-680,261,375,-1021,449,74,0,0,0,0,0,0,0,0,0,0,12,0,0,0,0,0,0,0,0,0,0,0,2,2,54
4130,4130,0,1,-1467,5,-1000,-8,0,2,1172,-680,261,712,-1170,429,73,0,0,0,0,0,0,0,0,0,0,12,0,0,0,0,0,0,0,0,0,0,0,2,2,68
4131,4131,0,0,-959,1,-696,8,0,2,1322,-680,261,820,-1187,515,73,0,0,0,0,0,0,0,0,0,0,12,0,0,0,0,0,0,0,0,0,0,0,2,2,85
4132,4132,0,1,-959,1,-696,8,0,2,1526,630,261,768,-1000,397,74,0,0,0,0,0,0,0,0,0,0,12,0,0,0,0,0,0,0,0,0,0,0,2,2,90
4133,4133,0,0,297,9,-914,14,0,2,1554,630,261,766,-587,507,74,0,0,0,0,0,0,0,0,0,0,12,0,0,0,0,0,0,0,0,0,0,0,2,2,79
4134,4134,0,1,297,9,-914,14,0,2,1715,630,261,886,-52,456,74,0,0,0,0,0,0,0,0,0,0,12,0,0,0,0,0,0,0,0,0,0,0,2,2,60
4135,4135,0,0,952,-8,-1307,5,0,2,1732,630,261,1056,384,388,73,0,0,0,0,0,0,0,0,0,0,12,0,0,0,0,0,0,0,0,0,0,0,2,2,55
4136,4136,0,1,952,-8,-1307,5,0,2,1748,630,261,1196,631,304,72,0,0,0,0,0,0,0,0,0,0,12,0,0,0,0,0,0,0,0,0,0,0,2,2,70
4137,4137,0,0,759,-9,-876,-12,0,2,1836,630,261,1203,735,388,72,0,0,0,0,0,0,0,0,0,0,12,0,0,0,0,0,0,0,0,0,0,0,2,2,84
4138,4138,0,1,759,-9,-876,-12,0,2,2029,261,630,1015,760,279,73,0,0,0,0,0,0,0,0,0,0,11,0,0,0,0,0,0,0,0,0,0,0,2,2,88
4139,4139,0,0,887,-9,249,-7,0,2,81,261,630,605,790,326,74,0,0,0,0,0,0,0,0,0,0,11,0,0,0,0,0,0,0,0,0,0,0,2,2,79
4140,4140,0,1,887,-9,249,-7,0,2,181,261,630,65,877,273,74,0,0,0,0,0,0,0,0,0,0,11,0,0,0,0,0,0,0,0,0,0,0,2,2,62
4141,4141,0,0,1321,9,938,10,0,2,145,261,630,-394,1045,256,73,0,0,0,0,0,0,0,0,0,0,11,0,0,0,0,0,0,0,0,0,0,0,2,2,55
4142,4142,0,1,1321,9,938,10,0,2,209,261,630,-669,1218,175,72,0,0,0,0,0,0,0,0,0,0,12,0,0,0,0,0,0,0,0,0,0,0,2,2,69
4143,4143,0,0,967,7,661,-11,0,2,300,261,630,-775,1227,259,73,0,0,0,0,0,0,0,0,0,0,11,0,0,0,0,0,0,0,0,0,0,0,2,2,87
4144,4144,0,1,967,7,661,-11,0,2,488,-680,261,-774,1007,155,74,0,0,0,0,0,0,0,0,0,0,11,0,0,0,0,0,0,0,0,0,0,0,2,2,91
4145,4145,0,0,-295,-7,909,13,0,2,581,-680,261,-790,602,214,74,0,0,0,0,0,0,0,0,0,0,11,0,0,0,0,0,0,0,0,0,0,0,2,2,79
4146,4146,0,1,-295,-7,909,13,0,2,642,-680,261,-875,216,212,74,0,0,0,0,0,0,0,0,0,0,11,0,0,0,0,0,0,0,0,0,0,0,2,2,62
4147,4147,0,0,-877,-13,1402,-6,0,2,662,-680,261,-1078,-369,190,73,0,0,0,0,0,0,0,0,0,0,11,0,0,0,0,0,0,0,0,0,0,0,2,2,55
4148,4148,0,1,-877,-13,1402,-6,0,2,725,-680,261,-1372,-532,105,72,0,0,0,0,0,0,0,0,0,0,11,0,0,0,0,0,0,0,0,0,0,0,2,2,71
4149,4149,0,0,-780,-12,951,-9,0,2,814,-680,261,-1404,-643,187,73,0,0,0,0,0,0,0,0,0,0,11,0,0,0,0,0,0,0,0,0,0,0,2,2,91
4150,4150,0,1,-780,-12,951,-9,0,2,946,261,-680,-1164,-629,137,74,0,0,0,0,0,0,0,0,0,0,11,0,0,0,0,0,0,0,0,0,0,0,2,2,95
4151,4151,0,0,-895,1,-308,12,0,2,1091,261,-680,-723,-680,198,75,0,0,0,0,0,0,0,0,0,0,12,0,0,0,0,0,0,0,0,0,0,0,2,2,81
4152,4152,0,1,-895,1,-308,12,0,2,1032,261,-680,-198,-856,318,75,0,0,0,0,0,0,0,0,0,0,11,0,0,0,0,0,0,0,0,0,0,0,2,2,61
4153,4153,0,0,-1515,-11,-959,1,0,2,1163,261,-680,251,-1086,307,74,0,0,0,0,0,0,0,0,0,0,11,0,0,0,0,0,0,0,0,0,0,0,2,2,54
4154,4154,0,1,-1515,-11,-959,1,0,2,1152,261,-680,539,-1270,307,73,0,0,0,0,0,0,0,0,0,0,12,0,0,0,0,0,0,0,0,0,0,0,2,2,68
4155,4155,0,0,-894,2,-769,-1,0,2,1174,261,-680,655,-1279,285,73,0,0,0,0,0,0,0,0,0,0,11,0,0,0,0,0,0,0,0,0,0,0,2,2,85
4156,4156,0,1,-894,2,-769,-1,0,2,1464,-261,630,790,-963,229,74,0,0,0,0,0,0,0,0,0,0,11,0,0,0,0,0,0,0,0,0,0,0,2,2,89
4157,4157,0,0,214,-10,-840,-8,0,2,1601,-261,630,787,-576,292,74,0,0,0,0,0,0,0,0,0,0,12,0,0,0,0,0,0,0,0,0,0,0,2,2,77
4158,4158,0,1,214,-10,-840,-8,0,2,1666,-261,630,866,-89,290,74,0,0,0,0,0,0,0,0,0,0,11,0,0,0,0,0,0,0,0,0,0,0,2,2,60
4159,4159,0,0,1061,5,-1328,-16,0,2,1688,-261,630,1021,358,266,73,0,0,0,0,0,0,0,0,0,0,11,0,0,0,0,0,0,0,0,0,0,0,2,2,54
4160,4160,0,1,1061,5,-1328,-16,0,2,1750,-261,630,1269,508,180,72,0,0,0,0,0,0,0,0,0,0,11,0,0,0,0,0,0,0,0,0,0,0,2,2,67
4161,4161,0,0,675,3,-885,11,0,2,1914,-261,630,1202,763,186,72,0,0,0,0,0,0,0,0,0,0,11,0,0,0,0,0,0,0,0,0,0,0,2,2,84
4162,4162,0,1,675,3,-885,11,0,2,2016,630,-261,1017,725,90,73,0,0,0,0,0,0,0,0,0,0,11,0,0,0,0,0,0,0,0,0,0,0,2,2,88
4163,4163,0,0,927,-1,286,-2,0,2,12,630,-261,615,730,206,74,0,0,0,0,0,0,0,0,0,0,11,0,0,0,0,0,0,0,0,0,0,0,2,2,78
4164,4164,0,1,927,-1,286,-2,0,2,66,630,-261,203,844,268,74,0,0,0,0,0,0,0,0,0,0,11,0,0,0,0,0,0,0,0,0,0,0,2,2,60
4165,4165,0,0,1347,3,854,-10,0,2,23,630,-261,-224,1104,373,73,0,0,0,0,0,0,0,0,0,0,11,0,0,0,0,0,0,0,0,0,0,0,2,2,53
4166,4166,0,1,1347,3,854,-10,0,2,192,630,-261,-485,1322,309,72,0,0,0,0,0,0,0,0,0,0,11,0,0,0,0,0,0,0,0,0,0,0,2,2,69
4167,4167,0,0,972,12,735,-1,0,2,382,630,-261,-603,1353,311,72,0,0,0,0,0,0,0,0,0,0,11,0,0,0,0,0,0,0,0,0,0,0,2,2,87
4168,4168,0,1,972,12,735,-1,0,2,436,-261,-680,-780,1034,259,73,0,0,0,0,0,0,0,0,0,0,11,0,0,0,0,0,0,0,0,0,0,0,2,2,91
4169,4169,0,0,-285,3,926,-2,0,2,513,-261,-680,-798,608,386,74,0,0,0,0,0,0,0,0,0,0,12,0,0,0,0,0,0,0,0,0,0,0,2,2,81
4170,4170,0,1,-285,3,926,-2,0,2,512,-261,-680,-892,73,258,74,0,0,0,0,0,0,0,0,0,0,11,0,0,0,0,0,0,0,0,0,0,0,2,2,62
4171,4171,0,0,-925,3,1373,-3,0,2,665,-261,-680,-1091,-395,233,73,0,0,0,0,0,0,0,0,0,0,11,0,0,0,0,0,0,0,0,0,0,0,2,2,56
4172,4172,0,1,-925,3,1373,-3,0,2,721,-261,-680,-1301,-698,152,72,0,0,0,0,0,0,0,0,0,0,12,0,0,0,0,0,0,0,0,0,0,0,2,2,72
4173,4173,0,0,-747,-11,969,9,0,2,796,-261,-680,-1305,-812,252,72,0,0,0,0,0,0,0,0,0,0,11,0,0,0,0,0,0,0,0,0,0,0,2,2,92
4174,4174,0,1,-747,-11,969,9,0,2,998,-680,-261,-1041,-795,150,74,0,0,0,0,0,0,0,0,0,0,11,0,0,0,0,0,0,0,0,0,0,0,2,2,96
4175,4175,0,0,-930,-2,-344,8,0,2,1104,-680,-261,-611,-780,198,74,0,0,0,0,0,0,0,0,0,0,12,0,0,0,0,0,0,0,0,0,0,0,2,2,82
4176,4176,0,1,-930,-2,-344,8,0,2,1184,-680,-261,-219,-830,166,74,0,0,0,0,0,0,0,0,0,0,12,0,0,0,0,0,0,0,0,0,0,0,2,2,62
4177,4177,0,0,-1440,0,-897,-1,0,2,1172,-680,-261,373,-997,146,73,0,0,0,0,0,0,0,0,0,0,12,0,0,0,0,0,0,0,0,0,0,0,2,2,53
4178,4178,0,1,-1440,0,-897,-1,0,2,1155,-680,-261,577,-1266,143,73,0,0,0,0,0,0,0,0,0,0,12,0,0,0,0,0,0,0,0,0,0,0,2,2,66
4179,4179,0,0,-959,1,-811,-11,0,2,1289,-680,-261,689,-1297,262,73,0,0,0,0,0,0,0,0,0,0,12,0,0,0,0,0,0,0,0,0,0,0,2,2,86
4180,4180,0,1,-959,1,-811,-11,0,2,1454,-680,-261,648,-1077,216,74,0,0,0,0,0,0,0,0,0,0,12,0,0,0,0,0,0,0,0,0,0,0,2,2,91
4181,4181,0,0,265,9,-772,-4,0,2,1540,-680,-261,681,-671,340,74,0,0,0,0,0,0,0,0,0,0,12,0,0,0,0,0,0,0,0,0,0,0,2,2,77
4182,4182,0,1,265,9,-772,-4,0,2,1547,-680,-261,859,-189,457,74,0,0,0,0,0,0,0,0,0,0,12,0,0,0,0,0,0,0,0,0,0,0,2,2,59
4183,4183,0,0,956,-4,-1392,-16,0,2,1726,-680,-261,1048,353,395,73,0,0,0,0,0,0,0,0,0,0,12,0,0,0,0,0,0,0,0,0,0,0,2,2,54
4184,4184,0,1,956,-4,-1392,-16,0,2,1680,-680,-261,1292,468,379,72,0,0,0,0,0,0,0,0,0,0,12,0,0,0,0,0,0,0,0,0,0,0,2,2,69
4185,4185,0,0,743,7,-882,14,0,2,1828,-680,-261,1221,736,471,72,0,0,0,0,0,0,0,0,0,0,12,0,0,0,0,0,0,0,0,0,0,0,2,2,85
4186,4186,0,1,743,7,-882,14,0,2,2042,-261,-680,1030,745,349,73,0,0,0,0,0,0,0,0,0,0,11,0,0,0,0,0,0,0,0,0,0,0,2,2,89
4187,4187,0,0,905,9,271,15,0,2,72,-261,-680,625,777,405,74,0,0,0,0,0,0,0,0,0,0,12,0,0,0,0,0,0,0,0,0,0,0,2,2,80
4188,4188,0,1,905,9,271,15,0,2,80,-261,-680,96,886,453,74,0,0,0,0,0,0,0,0,0,0,12,0,0,0,0,0,0,0,0,0,0,0,2,2,62
4189,4189,0,0,1353,9,919,-9,0,2,145,-261,-680,-370,1060,436,73,0,0,0,0,0,0,0,0,0,0,12,0,0,0,0,0,0,0,0,0,0,0,2,2,55
4190,4190,0,1,1353,9,919,-9,0,2,132,-261,-680,-670,1224,432,72,0,0,0,0,0,0,0,0,0,0,12,0,0,0,0,0,0,0,0,0,0,0,2,2,70
4191,4191,0,0,933,5,701,-3,0,2,292,-261,-680,-785,1238,524,72,0,0,0,0,0,0,0,0,0,0,12,0,0,0,0,0,0,0,0,0,0,0,2,2,87
4192,4192,0,1,933,5,701,-3,0,2,509,630,-261,-777,1034,399,73,0,0,0,0,0,0,0,0,0,0,11,0,0,0,0,0,0,0,0,0,0,0,2,2,92
4193,4193,0,0,-281,7,955,-5,0,2,517,630,-261,-792,606,522,74,0,0,0,0,0,0,0,0,0,0,12,0,0,0,0,0,0,0,0,0,0,0,2,2,80
4194,4194,0,1,-281,7,955,-5,0,2,641,630,-261,-899,60,521,74,0,0,0,0,0,0,0,0,0,0,12,0,0,0,0,0,0,0,0,0,0,0,2,2,62
4195,4195,0,0,-884,12,1317,5,0,2,656,630,-261,-1076,-425,505,73,0,0,0,0,0,0,0,0,0,0,12,0,0,0,0,0,0,0,0,0,0,0,2,2,56
4196,4196,0,1,-884,12,1317,5,0,2,721,630,-261,-1268,-674,424,73,0,0,0,0,0,0,0,0,0,0,12,0,0,0,0,0,0,0,0,0,0,0,2,2,72
4197,4197,0,0,-791,9,1051,-5,0,2,892,630,-261,-1258,-822,428,73,0,0,0,0,0,0,0,0,0,0,12,0,0,0,0,0,0,0,0,0,0,0,2,2,90
4198,4198,0,1,-791,9,1051,-5,0,2,1002,-261,630,-1034,-824,322,74,0,0,0,0,0,0,0,0,0,0,12,0,0,0,0,0,0,0,0,0,0,0,2,2,94
4199,4199,0,0,-860,4,-409,7,0,2,1090,-261,630,-610,-796,384,75,0,0,0,0,0,0,0,0,0,0,12,0,0,0,0,0,0,0,0,0,0,0,2,2,82
4200,4200,0,1,-860,4,-409,7,0,2,1175,-261,630,-102,-816,361,75,0,0,0,0,0,0,0,0,0,0,12,0,0,0,0,0,0,0,0,0,0,0,2,2,62
4201,4201,0,0,-1511,-7,-874,-10,0,2,1171,-261,630,369,-977,342,74,0,0,0,0,0,0,0,0,0,0,12,0,0,0,0,0,0,0,0,0,0,0,2,2,51
4202,4202,0,1,-1511,-7,-874,-10,0,2,1170,-261,630,682,-1185,324,73,0,0,0,0,0,0,0,0,0,0,12,0,0,0,0,0,0,0,0,0,0,0,2,2,65
4203,4203,0,0,-954,6,-782,-14,0,2,1308,-261,630,801,-1216,424,73,0,0,0,0,0,0,0,0,0,0,12,0,0,0,0,0,0,0,0,0,0,0,2,2,85
4204,4204,0,1,-954,6,-782,-14,0,2,1504,261,-680,781,-992,328,74,0,0,0,0,0,0,0,0,0,0,12,0,0,0,0,0,0,0,0,0,0,0,2,2,90
4205,4205,0,0,265,9,-847,-15,0,2,1541,261,-680,782,-578,451,74,0,0,0,0,0,0,0,0,0,0,12,0,0,0,0,0,0,0,0,0,0,0,2,2,79
4206,4206,0,1,265,9,-847,-15,0,2,1696,261,-680,875,-78,419,74,0,0,0,0,0,0,0,0,0,0,12,0,0,0,0,0,0,0,0,0,0,0,2,2,60
4207,4207,0,0,931,3,-1396,12,0,2,1693,261,-680,1031,390,390,73,0,0,0,0,0,0,0,0,0,0,12,0,0,0,0,0,0,0,0,0,0,0,2,2,55
4208,4208,0,1,931,3,-1396,12,0,2,1736,261,-680,1202,658,318,72,0,0,0,0,0,0,0,0,0,0,12,0,0,0,0,0,0,0,0,0,0,0,2,2,69
4209,4209,0,0,819,-13,-836,-4,0,2,1906,261,-680,1192,795,332,72,0,0,0,0,0,0,0,0,0,0,12,0,0,0,0,0,0,0,0,0,0,0,2,2,86
4210,4210,0,1,819,-13,-836,-4,0,2,1988,-680,261,988,772,264,73,0,0,0,0,0,0,0,0,0,0,12,0,0,0,0,0,0,0,0,0,0,0,2,2,89
4211,4211,0,0,818,-14,211,-13,0,2,68,-680,261,601,770,324,74,0,0,0,0,0,0,0,0,0,0,12,0,0,0,0,0,0,0,0,0,0,0,2,2,78
4212,4212,0,1,818,-14,211,-13,0,2,130,-680,261,89,890,322,74,0,0,0,0,0,0,0,0,0,0,12,0,0,0,0,0,0,0,0,0,0,0,2,2,61
4213,4213,0,0,1368,-8,982,-10,0,2,151,-680,261,-357,1058,299,73,0,0,0,0,0,0,0,0,0,0,11,0,0,0,0,0,0,0,0,0,0,0,2,2,56
4214,4214,0,1,1368,-8,982,-10,0,2,214,-680,261,-647,1202,213,72,0,0,0,0,0,0,0,0,0,0,12,0,0,0,0,0,0,0,0,0,0,0,2,2,69
4215,4215,0,0,993,1,615,7,0,2,330,-680,261,-773,1231,267,72,0,0,0,0,0,0,0,0,0,0,11,0,0,0,0,0,0,0,0,0,0,0,2,2,86
4216,4216,0,1,993,1,615,7,0,2,512,-680,-261,-786,1063,139,73,0,0,0,0,0,0,0,0,0,0,11,0,0,0,0,0,0,0,0,0,0,0,2,2,91
4217,4217,0,0,-395,-11,973,13,0,2,512,-680,-261,-794,634,11,74,0,0,0,0,0,0,0,0,0,0,12,0,0,0,0,0,0,0,0,0,0,0,2,2,83
4218,4218,0,1,-395,-11,973,13,0,2,654,-680,-261,-875,47,-3,74,0,0,0,0,0,0,0,0,0,0,12,0,0,0,0,0,0,0,0,0,0,0,2,2,64
4219,4219,0,0,-765,3,1350,6,0,2,662,-680,-261,-1070,-427,-25,73,0,0,0,0,0,0,0,0,0,0,11,0,0,0,0,0,0,0,0,0,0,0,2,2,54
4220,4220,0,1,-765,3,1350,6,0,2,646,-680,-261,-1290,-677,-31,72,0,0,0,0,0,0,0,0,0,0,12,0,0,0,0,0,0,0,0,0,0,0,2,2,72
4221,4221,0,0,-863,1,950,-10,0,2,805,-680,-261,-1421,-598,60,73,0,0,0,0,0,0,0,0,0,0,11,0,0,0,0,0,0,0,0,0,0,0,2,2,91
4222,4222,0,1,-863,1,950,-10,0,2,1007,261,-680,-1178,-637,-51,74,0,0,0,0,0,0,0,0,0,0,11,0,0,0,0,0,0,0,0,0,0,0,2,2,96
4223,4223,0,0,-846,-14,-277,11,0,2,1107,261,-680,-736,-703,-6,75,0,0,0,0,0,0,0,0,0,0,12,0,0,0,0,0,0,0,0,0,0,0,2,2,82
4224,4224,0,1,-846,-14,-277,11,0,2,1164,261,-680,-216,-842,-18,75,0,0,0,0,0,0,0,0,0,0,12,0,0,0,0,0,0,0,0,0,0,0,2,2,62
4225,4225,0,0,-1518,-14,-908,-12,0,2,1168,261,-680,226,-1073,-34,74,0,0,0,0,0,0,0,0,0,0,12,0,0,0,0,0,0,0,0,0,0,0,2,2,53
4226,4226,0,1,-1518,-14,-908,-12,0,2,1153,261,-680,514,-1299,-35,73,0,0,0,0,0,0,0,0,0,0,12,0,0,0,0,0,0,0,0,0,0,0,2,2,67
4227,4227,0,0,-925,3,-822,10,0,2,1238,261,-680,652,-1318,-121,73,0,0,0,0,0,0,0,0,0,0,12,0,0,0,0,0,0,0,0,0,0,0,2,2,86
4228,4228,0,1,-925,3,-822,10,0,2,1454,261,630,691,-1079,-167,74,0,0,0,0,0,0,0,0,0,0,12,0,0,0,0,0,0,0,0,0,0,0,2,2,91
4229,4229,0,0,263,7,-875,-11,0,2,1538,261,630,729,-676,-41,74,0,0,0,0,0,0,0,0,0,0,12,0,0,0,0,0,0,0,0,0,0,0,2,2,79
4230,4230,0,1,263,7,-875,-11,0,2,1562,261,630,834,-208,61,74,0,0,0,0,0,0,0,0,0,0,12,0,0,0,0,0,0,0,0,0,0,0,2,2,61
4231,4231,0,0,973,13,-1249,-1,0,2,1684,261,630,1046,214,41,73,0,0,0,0,0,0,0,0,0,0,12,0,0,0,0,0,0,0,0,0,0,0,2,2,53
4232,4232,0,1,973,13,-1249,-1,0,2,1720,261,630,1284,513,-15,72,0,0,0,0,0,0,0,0,0,0,12,0,0,0,0,0,0,0,0,0,0,0,2,2,66
4233,4233,0,0,641,1,-1157,-5,0,2,1894,261,630,1340,613,11,72,0,0,0,0,0,0,0,0,0,0,12,0,0,0,0,0,0,0,0,0,0,0,2,2,85
4234,4234,0,1,641,1,-1157,-5,0,2,1968,-261,-680,1138,578,-37,73,0,0,0,0,0,0,0,0,0,0,12,0,0,0,0,0,0,0,0,0,0,0,2,2,92
4235,4235,0,0,361,9,-1044,12,0,2,16,-261,-680,700,647,75,74,0,0,0,0,0,0,0,0,0,0,12,0,0,0,0,0,0,0,0,0,0,0,2,2,79
4236,4236,0,1,361,9,-1044,12,0,2,20,-261,-680,159,874,183,74,0,0,0,0,0,0,0,0,0,0,12,0,0,0,0,0,0,0,0,0,0,0,2,2,58
4237,4237,0,0,677,5,-1266,14,0,2,139,-261,-680,-246,1129,172,73,0,0,0,0,0,0,0,0,0,0,12,0,0,0,0,0,0,0,0,0,0,0,2,2,55
4238,4238,0,1,677,5,-1266,14,0,2,153,-261,-680,-453,1305,147,72,0,0,0,0,0,0,0,0,0,0,12,0,0,0,0,0,0,0,0,0,0,0,2,2,71
4239,4239,0,0,561,-15,-721,15,0,2,145,-261,-680,-570,1318,130,73,0,0,0,0,0,0,0,0,0,0,12,0,0,0,0,0,0,0,0,0,0,0,2,2,85
4240,4240,0,1,561,-15,-721,15,0,2,488,-261,630,-662,1126,26,74,0,0,0,0,0,0,0,0,0,0,12,0,0,0,0,0,0,0,0,0,0,0,2,2,89
4241,4241,0,0,-278,10,750,14,0,2,516,-261,630,-749,726,150,74,0,0,0,0,0,0,0,0,0,0,12,0,0,0,0,0,0,0,0,0,0,0,2,2,80
4242,4242,0,1,-278,10,750,14,0,2,587,-261,630,-877,213,203,74,0,0,0,0,0,0,0,0,0,0,12,0,0,0,0,0,0,0,0,0,0,0,2,2,64
4243,4243,0,0,-878,-14,1760,0,0,2,644,-261,630,-1116,-222,199,73,0,0,0,0,0,0,0,0,0,0,11,0,0,0,0,0,0,0,0,0,0,0,2,2,55
4244,4244,0,1,-878,-14,1760,0,0,2,644,-261,630,-1377,-492,195,73,0,0,0,0,0,0,0,0,0,0,12,0,0,0,0,0,0,0,0,0,0,0,2,2,70
4245,4245,0,0,-606,2,877,13,0,2,870,-261,630,-1420,-624,221,73,0,0,0,0,0,0,0,0,0,0,12,0,0,0,0,0,0,0,0,0,0,0,2,2,90
4246,4246,0,1,-606,2,877,13,0,2,955,630,261,-1169,-677,162,74,0,0,0,0,0,0,0,0,0,0,12,0,0,0,0,0,0,0,0,0,0,0,2,2,95
4247,4247,0,0,-408,8,-959,1,0,2,1042,630,261,-725,-741,272,75,0,0,0,0,0,0,0,0,0,0,12,0,0,0,0,0,0,0,0,0,0,0,2,2,83
4248,4248,0,1,-408,8,-959,1,0,2,1222,630,261,-209,-865,202,75,0,0,0,0,0,0,0,0,0,0,12,0,0,0,0,0,0,0,0,0,0,0,2,2,63
4249,4249,0,0,-330,-10,-1719,9,0,2,1158,630,261,374,-997,196,74,0,0,0,0,0,0,0,0,0,0,12,0,0,0,0,0,0,0,0,0,0,0,2,2,55
4250,4250,0,1,-330,-10,-1719,9,0,2,1186,630,261,539,-1238,162,73,0,0,0,0,0,0,0,0,0,0,12,0,0,0,0,0,0,0,0,0,0,0,2,2,66
4251,4251,0,0,-162,-2,-951,9,0,2,1326,630,261,779,-1218,244,73,0,0,0,0,0,0,0,0,0,0,12,0,0,0,0,0,0,0,0,0,0,0,2,2,83
4252,4252,0,1,-162,-2,-951,9,0,2,1459,630,-261,527,-1290,193,74,0,0,0,0,0,0,0,0,0,0,12,0,0,0,0,0,0,0,0,0,0,0,2,2,90
4253,4253,0,0,348,-4,958,-2,0,2,1540,630,-261,384,-1214,317,74,0,0,0,0,0,0,0,0,0,0,12,0,0,0,0,0,0,0,0,0,0,0,2,2,86
4254,4254,0,1,348,-4,958,-2,0,2,1669,630,-261,284,-1163,312,74,0,0,0,0,0,0,0,0,0,0,12,0,0,0,0,0,0,0,0,0,0,0,2,2,78
4255,4255,0,0,488,8,1808,-16,0,2,1728,630,-261,436,-1131,248,74,0,0,0,0,0,0,0,0,0,0,11,0,0,0,0,0,0,0,0,0,0,0,2,2,74
4256,4256,0,1,488,8,1808,-16,0,2,1613,630,-261,375,-1248,299,73,0,0,0,0,0,0,0,0,0,0,11,0,0,0,0,0,0,0,0,0,0,0,2,2,76
4257,4257,0,0,354,2,974,14,0,2,1604,630,-261,581,-1097,359,74,0,0,0,0,0,0,0,0,0,0,11,0,0,0,0,0,0,0,0,0,0,0,2,2,80
4258,4258,0,1,354,2,974,14,0,2,1540,630,-261,514,-814,483,75,0,0,0,0,0,0,0,0,0,0,10,0,0,0,0,0,0,0,0,0,0,0,2,2,77
4259,4259,0,0,483,3,-864,0,0,2,1622,630,-261,294,-305,525,75,0,0,0,0,0,0,0,0,0,0,10,0,0,0,0,0,0,0,0,0,0,0,2,2,60
4260,4260,0,1,483,3,-864,0,0,2,1540,630,-261,-42,352,649,74,0,0,0,0,0,0,0,0,0,0,10,0,0,0,0,0,0,0,0,0,0,0,2,2,26
4261,4261,0,0,607,-1,-1638,-6,0,0,1693,630,-261,-380,981,620,72,0,0,0,0,0,0,0,0,0,0,11,0,0,0,0,0,0,0,0,0,0,0,2,2,22
4262,4262,0,1,607,-1,-1638,-6,0,0,1687,630,-261,-660,1386,597,70,0,0,0,0,0,0,0,0,0,0,13,0,0,0,0,0,0,0,0,0,0,0,2,2,65
4263,4263,0,0,787,-13,-1053,3,0,0,1626,630,-261,-741,1417,635,70,0,0,0,0,0,0,0,0,0,0,13,0,0,0,0,0,0,0,0,0,0,0,2,2,96
4264,4264,0,1,787,-13,-1053,3,0,0,518,630,261,-667,1037,757,72,0,0,0,0,0,0,0,0,0,0,13,0,0,0,0,0,0,0,0,0,0,0,2,2,100
4265,4265,0,0,979,-13,-426,-10,0,0,536,630,261,-556,360,861,73,0,0,0,0,0,0,0,0,0,0,13,0,0,0,0,0,0,0,0,0,0,0,2,2,77
4266,4266,0,1,979,-13,-426,-10,0,0,640,630,261,-466,-427,861,73,0,0,0,0,0,0,0,0,0,0,13,0,0,0,0,0,0,0,0,0,0,0,2,2,41
4267,4267,0,0,1432,-8,-336,-16,0,4,660,630,261,-403,-1073,841,71,0,0,0,0,0,0,0,0,0,0,14,0,0,0,0,0,0,0,0,0,0,1,2,2,40
4268,4268,0,1,1432,-8,-336,-16,0,4,666,630,261,-351,-1424,815,70,0,0,0,0,0,0,0,0,0,0,14,0,0,0,0,0,0,0,0,0,0,0,3,2,71
4269,4269,0,0,1137,-15,-111,-15,0,4,870,630,261,-290,-1422,841,70,0,0,0,0,0,0,0,0,0,0,14,0,0,0,0,0,0,0,0,0,0,0,3,2,91
4270,4270,0,1,1137,-15,-111,-15,0,4,1272,-261,630,-189,-1065,721,71,0,0,0,0,0,0,0,0,0,0,14,0,0,0,0,0,0,0,0,0,0,0,3,2,91
4271,4271,0,0,598,-10,862,-2,0,4,1452,-261,630,-17,-401,677,72,0,0,0,0,0,0,0,0,0,0,15,0,0,0,0,0,0,0,0,0,0,0,3,2,67
4272,4272,0,1,598,-10,862,-2,0,4,1515,-261,630,198,410,570,71,0,0,0,0,0,0,0,0,0,0,14,0,0,0,0,0,0,0,0,0,0,0,3,2,25
4273,4273,0,0,320,0,1765,5,1,3,1472,-261,630,363,1095,506,69,0,0,0,0,0,0,0,0,0,0,15,0,0,0,0,0,0,0,0,0,0,0,3,2,28
4274,4274,0,1,320,0,1765,5,0,3,1487,-261,630,441,1478,427,68,0,0,0,0,0,0,0,0,0,0,16,0,0,0,0,0,0,0,0,0,0,0,3,2,72
4275,4275,0,0,-90,6,1041,-15,0,3,1524,-261,630,443,1482,311,68,0,0,0,0,0,0,0,0,0,0,16,0,0,0,0,0,0,0,0,0,0,0,3,2,97
4276,4276,0,1,-90,6,1041,-15,0,3,382,-261,-680,409,1109,313,69,0,0,0,0,0,0,0,0,0,0,17,0,0,0,0,0,0,0,0,0,0,0,3,2,97
4277,4277,0,0,-720,-16,-360,-8,0,3,448,-261,-680,403,445,249,70,0,0,0,0,0,0,0,0,0,0,17,0,0,0,0,0,0,0,0,0,0,0,3,2,73
4278,4278,0,1,-720,-16,-360,-8,0,3,425,-261,-680,444,-340,208,70,0,0,0,0,0,0,0,0,0,0,17,0,0,0,0,0,0,0,0,0,0,0,3,2,38
4279,4279,0,0,-1686,10,-942,-14,1,4,441,-261,-680,477,-1003,151,68,0,0,0,0,0,0,0,0,0,0,17,0,0,0,0,0,0,0,0,0,0,0,3,2,35
4280,4280,0,1,-1686,10,-942,-14,0,4,429,-261,-680,530,-1372,106,66,0,0,0,0,0,0,0,0,0,0,18,0,0,0,0,0,0,0,0,0,0,0,3,2,69
4281,4281,0,0,-846,-14,-653,-13,0,4,377,-261,-680,604,-1421,113,67,0,0,0,0,0,0,0,0,0,0,18,0,0,0,0,0,0,0,0,0,0,0,3,2,91
4282,4282,0,1,-846,-14,-653,-13,0,4,1900,261,630,697,-1215,133,68,0,0,0,0,0,0,0,0,0,0,18,0,0,0,0,0,0,0,0,0,0,0,3,2,96
4283,4283,0,0,767,-1,495,15,0,4,1680,261,630,800,-917,117,69,0,0,0,0,0,0,0,0,0,0,19,0,0,0,0,0,0,0,0,0,0,0,3,2,87
4284,4284,0,1,767,-1,495,15,0,4,1544,261,630,920,-645,237,69,0,0,0,0,0,0,0,0,0,0,19,0,0,0,0,0,0,0,0,0,0,0,3,2,76
4285,4285,0,0,1755,-5,813,13,1,5,1666,261,630,1086,-473,235,68,0,0,0,0,0,0,0,0,0,0,19,0,0,0,0,0,0,0,0,0,0,0,3,2,70
4286,4286,0,1,1755,-5,813,13,0,5,1722,261,630,1252,-392,177,68,0,0,0,0,0,0,0,0,0,0,18,0,0,0,0,0,0,0,0,0,0,0,3,2,74
4287,4287,0,0,813,13,466,-14,0,5,1737,261,630,1294,-314,104,68,0,0,0,0,0,0,0,0,0,0,18,0,0,0,0,0,0,0,0,0,0,0,3,2,82
4288,4288,0,1,813,13,466,-14,0,5,1914,261,-680,1183,-160,110,68,0,0,0,0,0,0,0,0,0,0,19,0,0,0,0,0,0,0,0,0,0,0,3,2,83
4289,4289,0,0,-303,-15,-974,-14,0,5,1850,261,-680,987,145,180,68,0,0,0,0,0,0,0,0,0,0,19,0,0,0,0,0,0,0,0,0,0,0,3,2,74
4290,4290,0,1,-303,-15,-974,-14,0,5,1981,261,-680,764,585,119,68,0,0,0,0,0,0,0,0,0,0,19,0,0,0,0,0,0,0,0,0,0,0,3,2,62
4291,4291,0,0,-582,-6,-1629,3,1,1,2044,261,-680,576,1058,-5,68,0,0,0,0,0,0,0,0,0,0,19,0,0,0,0,0,0,0,0,0,0,0,3,2,60
4292,4292,0,1,-582,-6,-1629,3,0,1,2004,261,-680,426,1415,-89,68,0,0,0,0,0,0,0,0,0,0,19,0,0,0,0,0,0,0,0,0,0,0,3,2,75
4293,4293,0,0,-410,6,-1003,-11,0,1,7,261,-680,256,1466,32,69,0,0,0,0,0,0,0,0,0,0,18,0,0,0,0,0,0,0,0,0,0,0,3,2,92
4294,4294,0,1,-410,6,-1003,-11,0,1,212,630,-261,37,1172,-52,71,0,0,0,0,0,0,0,0,0,0,17,0,0,0,0,0,0,0,0,0,0,0,3,2,93
4295,4295,0,0,-1068,-12,304,-16,0,1,510,630,-261,-154,685,-178,72,0,0,0,0,0,0,0,0,0,0,17,0,0,0,0,0,0,0,0,0,0,0,3,2,73
4296,4296,0,1,-1068,-12,304,-16,0,1,417,630,-261,-573,136,-211,71,0,0,0,0,0,0,0,0,0,0,17,0,0,0,0,0,0,0,0,0,0,0,3,2,43
4297,4297,0,0,-1433,7,543,-1,1,2,456,630,-261,-1050,-291,-283,70,0,0,0,0,0,0,0,0,0,0,17,0,0,0,0,0,0,0,0,0,0,0,3,2,36
4298,4298,0,1,-1433,7,543,-1,0,2,503,630,-261,-1444,-519,-402,68,0,0,0,0,0,0,0,0,0,0,18,0,0,0,0,0,0,0,0,0,0,0,3,2,67
4299,4299,0,0,-1327,-15,506,-6,0,2,583,630,-261,-1492,-578,-345,69,0,0,0,0,0,0,0,0,0,0,17,0,0,0,0,0,0,0,0,0,0,0,3,2,95
4300,4300,0,1,-1327,-15,506,-6,0,2,948,261,630,-1115,-496,-397,71,0,0,0,0,0,0,0,0,0,0,16,0,0,0,0,0,0,0,0,0,0,0,3,2,99
4301,4301,0,0,-507,5,895,-1,0,2,1047,261,630,-446,-244,-292,72,0,0,0,0,0,0,0,0,0,0,17,0,0,0,0,0,0,0,0,0,0,0,3,2,74
4302,4302,0,1,-507,5,895,-1,0,2,1039,261,630,346,102,-179,71,0,0,0,0,0,0,0,0,0,0,17,0,0,0,0,0,0,0,0,0,0,0,3,2,31
4303,4303,0,0,-398,-14,1391,15,1,3,1088,261,630,1055,352,-115,69,0,0,0,0,0,0,0,0,0,0,17,0,0,0,0,0,0,0,0,0,0,0,3,2,22
4304,4304,0,1,-398,-14,1391,15,0,3,1152,261,630,1486,463,-115,68,0,0,0,0,0,0,0,0,0,0,19,0,0,0,0,0,0,0,0,0,0,0,3,2,68
4305,4305,0,0,-665,7,1243,-5,0,3,1155,261,630,1503,441,-118,69,0,0,0,0,0,0,0,0,0,0,17,0,0,0,0,0,0,0,0,0,0,0,3,2,96
4306,4306,0,1,-665,7,1243,-5,0,3,85,-680,-261,1111,304,-75,71,0,0,0,0,0,0,0,0,0,0,17,0,0,0,0,0,0,0,0,0,0,0,3,2,97
4307,4307,0,0,-579,-3,1030,6,0,3,72,-680,-261,525,-53,-19,72,0,0,0,0,0,0,0,0,0,0,17,0,0,0,0,0,0,0,0,0,0,0,3,2,71
4308,4308,0,1,-579,-3,1030,6,0,3,65,-680,-261,-69,-566,44,71,0,0,0,0,0,0,0,0,0,0,17,0,0,0,0,0,0,0,0,0,0,0,3,2,32
4309,4309,0,0,-547,-3,1286,6,1,4,85,-680,-261,-504,-1026,87,69,0,0,0,0,0,0,0,0,0,0,17,0,0,0,0,0,0,0,0,0,0,0,3,2,35
4310,4310,0,1,-547,-3,1286,6,0,4,23,-680,-261,-717,-1293,192,68,0,0,0,0,0,0,0,0,0,0,18,0,0,0,0,0,0,0,0,0,0,0,3,2,71
4311,4311,0,0,-690,14,996,4,0,4,2047,-680,-261,-736,-1299,65,69,0,0,0,0,0,0,0,0,0,0,17,0,0,0,0,0,0,0,0,0,0,0,3,2,91
4312,4312,0,1,-690,14,996,4,0,4,1529,630,261,-685,-1026,-56,71,0,0,0,0,0,0,0,0,0,0,17,0,0,0,0,0,0,0,0,0,0,0,3,2,92
4313,4313,0,0,-1114,6,609,1,0,4,1404,630,261,-727,-527,-52,72,0,0,0,0,0,0,0,0,0,0,17,0,0,0,0,0,0,0,0,0,0,0,3,2,76
4314,4314,0,1,-1114,6,609,1,0,4,1372,630,261,-894,56,-16,71,0,0,0,0,0,0,0,0,0,0,17,0,0,0,0,0,0,0,0,0,0,0,3,2,55
4315,4315,0,0,-1570,-2,241,-15,1,5,1408,630,261,-1084,481,-16,70,0,0,0,0,0,0,0,0,0,0,16,0,0,0,0,0,0,0,0,0,0,0,3,2,55
4316,4316,0,1,-1570,-2,241,-15,0,5,1394,630,261,-1224,685,-2,69,0,0,0,0,0,0,0,0,0,0,16,0,0,0,0,0,0,0,0,0,0,0,3,2,73
4317,4317,0,0,-1168,-16,95,-1,0,5,1219,630,261,-1280,746,-69,69,0,0,0,0,0,0,0,0,0,0,16,0,0,0,0,0,0,0,0,0,0,0,3,2,87
4318,4318,0,1,-1168,-16,95,-1,0,5,1004,-261,-680,-1211,751,-177,69,0,0,0,0,0,0,0,0,0,0,17,0,0,0,0,0,0,0,0,0,0,0,3,2,92
4319,4319,0,0,-567,9,-950,10,0,5,896,-261,-680,-967,800,-177,70,0,0,0,0,0,0,0,0,0,0,17,0,0,0,0,0,0,0,0,0,0,0,3,2,87
4320,4320,0,1,-567,9,-950,10,0,5,859,-261,-680,-620,921,-140,70,0,0,0,0,0,0,0,0,0,0,17,0,0,0,0,0,0,0,0,0,0,0,3,2,78
4321,4321,0,0,-259,-3,-1403,5,1,6,894,-261,-680,-347,1106,-138,70,0,0,0,0,0,0,0,0,0,0,17,0,0,0,0,0,0,0,0,0,0,0,3,2,69
4322,4322,0,1,-259,-3,-1403,5,0,6,877,-261,-680,-238,1292,-119,70,0,0,0,0,0,0,0,0,0,0,17,0,0,0,0,0,0,0,0,0,0,0,3,2,72
4323,4323,0,0,-58,6,-1223,-7,0,6,808,-261,-680,-263,1385,-31,70,0,0,0,0,0,0,0,0,0,0,17,0,0,0,0,0,0,0,0,0,0,0,3,2,81
4324,4324,0,1,-58,6,-1223,-7,0,6,640,-680,261,-356,1363,-31,71,0,0,0,0,0,0,0,0,0,0,17,0,0,0,0,0,0,0,0,0,0,0,3,2,87
4325,4325,0,0,805,5,500,-12,0,6,594,-680,261,-416,1281,15,71,0,0,0,0,0,0,0,0,0,0,17,0,0,0,0,0,0,0,0,0,0,0,3,2,87
4326,4326,0,1,805,5,500,-12,0,6,514,-680,261,-411,1205,141,71,0,0,0,0,0,0,0,0,0,0,17,0,0,0,0,0,0,0,0,0,0,0,3,2,83
4327,4327,0,0,1489,-15,795,-5,1,7,563,-680,261,-380,1211,218,71,0,0,0,0,0,0,0,0,0,0,16,0,0,0,0,0,0,0,0,0,0,0,3,2,78
4328,4328,0,1,1489,-15,795,-5,0,7,514,-680,261,-360,1273,344,71,0,0,0,0,0,0,0,0,0,0,17,0,0,0,0,0,0,0,0,0,0,0,3,2,78
4329,4329,0,0,819,-13,669,-3,0,7,598,-680,261,-390,1270,386,72,0,0,0,0,0,0,0,0,0,0,16,0,0,0,0,0,0,0,0,0,0,0,3,2,82
4330,4330,0,1,819,-13,669,-3,0,7,578,-261,630,-493,1163,448,73,0,0,0,0,0,0,0,0,0,0,15,0,0,0,0,0,0,0,0,0,0,0,3,2,82
4331,4331,0,0,-937,-9,-519,-7,0,7,578,-261,630,-662,1019,510,74,0,0,0,0,0,0,0,0,0,0,16,0,0,0,0,0,0,0,0,0,0,0,3,2,78
4332,4332,0,1,-937,-9,-519,-7,0,7,586,-261,630,-981,735,564,73,0,0,0,0,0,0,0,0,0,0,15,0,0,0,0,0,0,0,0,0,0,0,3,2,74
4333,4333,0,0,-1744,-16,-851,13,1,0,577,-261,630,-1206,555,627,72,0,0,0,0,0,0,0,0,0,0,14,0,0,0,0,0,0,0,0,0,0,0,3,2,77
4334,4334,0,1,-1744,-16,-851,13,0,0,704,-261,630,-1384,390,563,73,0,0,0,0,0,0,0,0,0,0,14,0,0,0,0,0,0,0,0,0,0,0,3,2,82
4335,4335,0,0,-992,0,-421,-5,0,0,666,-261,630,-1401,263,537,74,0,0,0,0,0,0,0,0,0,0,13,0,0,0,0,0,0,0,0,0,0,0,3,2,89
4336,4336,0,1,-992,0,-421,-5,0,0,816,-261,630,-1250,84,617,76,0,0,0,0,0,0,0,0,0,0,12,0,0,0,0,0,0,0,0,0,0,0,3,2,89
4337,4337,0,0,289,1,984,-8,0,0,884,-261,630,-1002,-214,629,77,0,0,0,0,0,0,0,0,0,0,13,0,0,0,0,0,0,0,0,0,0,0,3,2,78
4338,4338,0,1,289,1,984,-8,0,0,1000,-261,630,-737,-643,525,76,0,0,0,0,0,0,0,0,0,0,12,0,0,0,0,0,0,0,0,0,0,0,3,2,63
4339,4339,0,0,735,-1,1647,15,1,1,973,-261,630,-515,-1018,448,75,0,0,0,0,0,0,0,0,0,0,11,0,0,0,0,0,0,0,0,0,0,0,3,2,60
4340,4340,0,1,735,-1,1647,15,0,1,1003,-261,630,-351,-1241,341,75,0,0,0,0,0,0,0,0,0,0,12,0,0,0,0,0,0,0,0,0,0,0,3,2,71
4341,4341,0,0,240,-16,1340,-4,0,1,1092,-261,630,-226,-1310,401,76,0,0,0,0,0,0,0,0,0,0,11,0,0,0,0,0,0,0,0,0,0,0,3,2,81
4342,4342,0,1,240,-16,1340,-4,0,1,1216,-680,261,-76,-1165,337,78,0,0,0,0,0,0,0,0,0,0,10,0,0,0,0,0,0,0,0,0,0,0,3,2,83
4343,4343,0,0,-405,11,1033,9,0,1,1408,-680,261,174,-699,337,78,0,0,0,0,0,0,0,0,0,0,10,0,0,0,0,0,0,0,0,0,0,0,3,2,73
4344,4344,0,1,-405,11,1033,9,0,1,1455,-680,261,573,-40,290,77,0,0,0,0,0,0,0,0,0,0,9,0,0,0,0,0,0,0,0,0,0,0,3,2,45
4345,4345,0,0,-737,-1,1257,9,1,2,1529,-680,261,974,449,169,76,0,0,0,0,0,0,0,0,0,0,10,0,0,0,0,0,0,0,0,0,0,0,3,2,36
4346,4346,0,1,-737,-1,1257,9,0,2,1516,-680,261,1248,648,61,75,0,0,0,0,0,0,0,0,0,0,11,0,0,0,0,0,0,0,0,0,0,0,3,2,67
4347,4347,0,0,-752,-16,908,12,0,2,1614,-680,261,1253,691,111,75,0,0,0,0,0,0,0,0,0,0,10,0,0,0,0,0,0,0,0,0,0,0,3,2,88
4348,4348,0,1,-752,-16,908,12,0,2,2025,-261,-680,933,599,6,76,0,0,0,0,0,0,0,0,0,0,10,0,0,0,0,0,0,0,0,0,0,0,3,2,90
4349,4349,0,0,-1063,-7,-229,-5,0,2,140,-261,-680,359,251,-6,77,0,0,0,0,0,0,0,0,0,0,11,0,0,0,0,0,0,0,0,0,0,0,3,2,69
4350,4350,0,1,-1063,-7,-229,-5,0,2,147,-261,-680,-464,-96,-25,76,0,0,0,0,0,0,0,0,0,0,10,0,0,0,0,0,0,0,0,0,0,0,3,2,27
4351,4351,0,0,-1415,-7,-1021,3,1,3,133,-261,-680,-1162,-368,-30,74,0,0,0,0,0,0,0,0,0,0,11,0,0,0,0,0,0,0,0,0,0,0,3,2,29
4352,4352,0,1,-1415,-7,-1021,3,0,3,184,-261,-680,-1552,-479,-86,72,0,0,0,0,0,0,0,0,0,0,12,0,0,0,0,0,0,0,0,0,0,0,3,2,75
4353,4353,0,0,-849,15,-705,-1,0,3,134,-261,-680,-1562,-452,-92,72,0,0,0,0,0,0,0,0,0,0,12,0,0,0,0,0,0,0,0,0,0,0,3,2,101
4354,4354,0,1,-849,15,-705,-1,0,3,1090,630,261,-1215,-277,-30,73,0,0,0,0,0,0,0,0,0,0,13,0,0,0,0,0,0,0,0,0,0,0,3,2,101
4355,4355,0,0,822,-10,-293,-5,0,3,1028,630,261,-636,95,94,74,0,0,0,0,0,0,0,0,0,0,14,0,0,0,0,0,0,0,0,0,0,0,3,2,77
4356,4356,0,1,822,-10,-293,-5,0,3,1088,630,261,16,595,158,74,0,0,0,0,0,0,0,0,0,0,13,0,0,0,0,0,0,0,0,0,0,0,3,2,39
4357,4357,0,0,1718,-10,-403,13,1,4,1114,630,261,532,1035,196,72,0,0,0,0,0,0,0,0,0,0,14,0,0,0,0,0,0,0,0,0,0,0,3,2,36
4358,4358,0,1,1718,-10,-403,13,0,4,1032,630,261,800,1313,316,71,0,0,0,0,0,0,0,0,0,0,15,0,0,0,0,0,0,0,0,0,0,0,3,2,71
4359,4359,0,0,1060,4,-213,11,0,4,1018,630,261,795,1406,194,70,0,0,0,0,0,0,0,0,0,0,14,0,0,0,0,0,0,0,0,0,0,0,3,2,95
4360,4360,0,1,1060,4,-213,11,0,4,511,-680,-261,583,1346,67,71,0,0,0,0,0,0,0,0,0,0,15,0,0,0,0,0,0,0,0,0,0,0,3,2,100
4361,4361,0,0,-968,-8,237,13,0,4,366,-680,-261,275,1241,85,72,0,0,0,0,0,0,0,0,0,0,15,0,0,0,0,0,0,0,0,0,0,0,3,2,91
4362,4362,0,1,-968,-8,237,13,0,4,334,-680,-261,-186,1142,135,72,0,0,0,0,0,0,0,0,0,0,16,0,0,0,0,0,0,0,0,0,0,0,3,2,78
4363,4363,0,0,-1857,-1,554,10,1,5,337,-680,-261,-282,1190,182,72,0,0,0,0,0,0,0,0,0,0,16,0,0,0,0,0,0,0,0,0,0,0,3,2,72
4364,4364,0,1,-1857,-1,554,10,0,5,510,-680,-261,-439,1260,56,72,0,0,0,0,0,0,0,0,0,0,16,0,0,0,0,0,0,0,0,0,0,0,3,2,76
4365,4365,0,0,-1079,9,162,2,0,5,506,-680,-261,-530,1242,-66,72,0,0,0,0,0,0,0,0,0,0,16,0,0,0,0,0,0,0,0,0,0,0,3,2,82
4366,4366,0,1,-1079,9,162,2,0,5,516,261,630,-606,1064,58,72,0,0,0,0,0,0,0,0,0,0,16,0,0,0,0,0,0,0,0,0,0,0,3,2,83
4367,4367,0,0,977,-15,422,6,0,5,514,261,630,-749,708,184,72,0,0,0,0,0,0,0,0,0,0,16,0,0,0,0,0,0,0,0,0,0,0,3,2,75
4368,4368,0,1,977,-15,422,6,0,5,588,261,630,-968,237,236,71,0,0,0,0,0,0,0,0,0,0,15,0,0,0,0,0,0,0,0,0,0,0,3,2,64
4369,4369,0,0,1583,15,727,-9,1,1,643,261,630,-1214,-207,233,71,0,0,0,0,0,0,0,0,0,0,15,0,0,0,0,0,0,0,0,0,0,0,3,2,61
4370,4370,0,1,1583,15,727,-9,0,1,662,261,630,-1384,-540,211,70,0,0,0,0,0,0,0,0,0,0,16,0,0,0,0,0,0,0,0,0,0,0,3,2,76
4371,4371,0,0,1039,15,347,-5,0,1,810,261,630,-1351,-667,297,71,0,0,0,0,0,0,0,0,0,0,15,0,0,0,0,0,0,0,0,0,0,0,3,2,92
4372,4372,0,1,1039,15,347,-5,0,1,954,-261,630,-1043,-621,239,72,0,0,0,0,0,0,0,0,0,0,16,0,0,0,0,0,0,0,0,0,0,0,3,2,93
4373,4373,0,0,521,9,-913,15,0,1,1060,-261,630,-458,-532,331,72,0,0,0,0,0,0,0,0,0,0,16,0,0,0,0,0,0,0,0,0,0,0,3,2,75
4374,4374,0,1,521,9,-913,15,0,1,1112,-261,630,281,-484,371,72,0,0,0,0,0,0,0,0,0,0,16,0,0,0,0,0,0,0,0,0,0,0,3,2,43
4375,4375,0,0,532,-12,-1367,9,1,2,1156,-261,630,979,-386,367,71,0,0,0,0,0,0,0,0,0,0,17,0,0,0,0,0,0,0,0,0,0,0,3,2,34
4376,4376,0,1,532,-12,-1367,9,0,2,1166,-261,630,1326,-584,353,70,0,0,0,0,0,0,0,0,0,0,18,0,0,0,0,0,0,0,0,0,0,0,3,2,66
4377,4377,0,0,471,-9,-1227,-11,0,2,1338,-261,630,1436,-384,423,70,0,0,0,0,0,0,0,0,0,0,17,0,0,0,0,0,0,0,0,0,0,0,3,2,90
4378,4378,0,1,471,-9,-1227,-11,0,2,1674,-680,-261,1123,-282,413,72,0,0,0,0,0,0,0,0,0,0,16,0,0,0,0,0,0,0,0,0,0,0,3,2,93
4379,4379,0,0,-198,-6,-1040,-16,0,2,2030,-680,-261,461,-101,303,73,0,0,0,0,0,0,0,0,0,0,17,0,0,0,0,0,0,0,0,0,0,0,3,2,73
4380,4380,0,1,-198,-6,-1040,-16,0,2,1914,-680,-261,-384,128,309,72,0,0,0,0,0,0,0,0,0,0,16,0,0,0,0,0,0,0,0,0,0,0,3,2,29
4381,4381,0,0,-626,14,-1210,6,1,3,1963,-680,-261,-1104,342,266,70,0,0,0,0,0,0,0,0,0,0,17,0,0,0,0,0,0,0,0,0,0,0,3,2,25
4382,4382,0,1,-626,14,-1210,6,0,3,2032,-680,-261,-1508,478,154,69,0,0,0,0,0,0,0,0,0,0,18,0,0,0,0,0,0,0,0,0,0,0,3,2,72
4383,4383,0,0,-331,-11,-1296,-16,0,3,1978,-680,-261,-1537,460,96,70,0,0,0,0,0,0,0,0,0,0,17,0,0,0,0,0,0,0,0,0,0,0,3,2,98
4384,4384,0,1,-331,-11,-1296,-16,0,3,1016,630,-261,-1178,337,-24,73,0,0,0,0,0,0,0,0,0,0,16,0,0,0,0,0,0,0,0,0,0,0,3,2,100
4385,4385,0,0,-316,4,-1123,-3,0,3,1024,630,-261,-475,281,-152,73,0,0,0,0,0,0,0,0,0,0,17,0,0,0,0,0,0,0,0,0,0,0,3,2,76
4386,4386,0,1,-316,4,-1123,-3,0,3,958,630,-261,427,295,-214,73,0,0,0,0,0,0,0,0,0,0,16,0,0,0,0,0,0,0,0,0,0,0,3,2,34
4387,4387,0,0,-398,-14,-1226,-10,1,4,938,630,-261,1111,326,-256,70,0,0,0,0,0,0,0,0,0,0,17,0,0,0,0,0,0,0,0,0,0,0,3,2,32
4388,4388,0,1,-398,-14,-1226,-10,0,4,950,630,-261,1451,371,-310,69,0,0,0,0,0,0,0,0,0,0,18,0,0,0,0,0,0,0,0,0,0,0,3,2,71
4389,4389,0,0,-324,-4,-1235,13,0,4,883,630,-261,1464,350,-297,70,0,0,0,0,0,0,0,0,0,0,17,0,0,0,0,0,0,0,0,0,0,0,3,2,92
4390,4390,0,1,-324,-4,-1235,13,0,4,196,-680,261,1232,184,-365,72,0,0,0,0,0,0,0,0,0,0,16,0,0,0,0,0,0,0,0,0,0,0,3,2,92
4391,4391,0,0,487,7,-1137,15,0,4,93,-680,261,899,-178,-330,72,0,0,0,0,0,0,0,0,0,0,17,0,0,0,0,0,0,0,0,0,0,0,3,2,77
4392,4392,0,1,487,7,-1137,15,0,4,0,-680,261,589,-654,-458,72,0,0,0,0,0,0,0,0,0,0,16,0,0,0,0,0,0,0,0,0,0,0,3,2,56
4393,4393,0,0,731,-5,-1189,-5,1,5,66,-680,261,395,-1059,-396,70,0,0,0,0,0,0,0,0,0,0,16,0,0,0,0,0,0,0,0,0,0,0,3,2,54
4394,4394,0,1,731,-5,-1189,-5,0,5,17,-680,261,324,-1292,-285,69,0,0,0,0,0,0,0,0,0,0,16,0,0,0,0,0,0,0,0,0,0,0,3,2,70
4395,4395,0,0,787,-13,-894,2,0,5,2042,-680,261,300,-1367,-407,69,0,0,0,0,0,0,0,0,0,0,16,0,0,0,0,0,0,0,0,0,0,0,3,2,82
4396,4396,0,1,787,-13,-894,2,0,5,1766,630,261,242,-1322,-509,69,0,0,0,0,0,0,0,0,0,0,16,0,0,0,0,0,0,0,0,0,0,0,3,2,86
4397,4397,0,0,951,-9,295,7,0,5,1618,630,261,74,-1212,-463,70,0,0,0,0,0,0,0,0,0,0,16,0,0,0,0,0,0,0,0,0,0,0,3,2,83
4398,4398,0,1,951,-9,295,7,0,5,1542,630,261,-194,-1099,-341,70,0,0,0,0,0,0,0,0,0,0,17,0,0,0,0,0,0,0,0,0,0,0,3,2,75
4399,4399,0,0,1405,-3,763,-5,1,6,1607,630,261,-465,-1050,-284,69,0,0,0,0,0,0,0,0,0,0,16,0,0,0,0,0,0,0,0,0,0,0,3,2,69
4400,4400,0,1,1405,-3,763,-5,0,6,1570,630,261,-667,-1072,-190,69,0,0,0,0,0,0,0,0,0,0,16,0,0,0,0,0,0,0,0,0,0,0,3,2,71
4401,4401,0,0,792,-8,772,4,0,6,1554,630,261,-712,-1129,-80,70,0,0,0,0,0,0,0,0,0,0,16,0,0,0,0,0,0,0,0,0,0,0,3,2,78
4402,4402,0,1,792,-8,772,4,0,6,1488,261,-680,-622,-1182,-160,70,0,0,0,0,0,0,0,0,0,0,16,0,0,0,0,0,0,0,0,0,0,0,3,2,82
4403,4403,0,0,-887,9,242,-14,0,6,1401,261,-680,-541,-1173,-153,70,0,0,0,0,0,0,0,0,0,0,16,0,0,0,0,0,0,0,0,0,0,0,3,2,82
4404,4404,0,1,-887,9,242,-14,0,6,1388,261,-680,-514,-1123,-133,70,0,0,0,0,0,0,0,0,0,0,16,0,0,0,0,0,0,0,0,0,0,0,3,2,80
4405,4405,0,0,-1815,9,359,7,1,7,1361,261,-680,-539,-1099,-86,70,0,0,0,0,0,0,0,0,0,0,16,0,0,0,0,0,0,0,0,0,0,0,3,2,76
4406,4406,0,1,-1815,9,359,7,0,7,1380,261,-680,-557,-1127,-58,70,0,0,0,0,0,0,0,0,0,0,16,0,0,0,0,0,0,0,0,0,0,0,3,2,75
4407,4407,0,0,-1099,-11,100,4,0,7,1396,261,-680,-563,-1155,-46,71,0,0,0,0,0,0,0,0,0,0,15,0,0,0,0,0,0,0,0,0,0,0,3,2,77
4408,4408,0,1,-1099,-11,100,4,0,7,1534,-261,-680,-492,-1170,-172,72,0,0,0,0,0,0,0,0,0,0,14,0,0,0,0,0,0,0,0,0,0,0,3,2,79
4409,4409,0,0,955,-5,-347,5,0,7,1388,-261,-680,-280,-1182,-152,72,0,0,0,0,0,0,0,0,0,0,14,0,0,0,0,0,0,0,0,0,0,0,3,2,78
4410,4410,0,1,955,-5,-347,5,0,7,1388,-261,-680,47,-1204,-132,72,0,0,0,0,0,0,0,0,0,0,14,0,0,0,0,0,0,0,0,0,0,0,3,2,75
4411,4411,0,0,1791,-1,-489,-9,1,0,1518,-261,-680,310,-1238,-242,71,0,0,0,0,0,0,0,0,0,0,13,0,0,0,0,0,0,0,0,0,0,0,3,2,75
4412,4412,0,1,1791,-1,-489,-9,0,0,1344,-261,-680,467,-1252,-178,71,0,0,0,0,0,0,0,0,0,0,13,0,0,0,0,0,0,0,0,0,0,0,3,2,79
4413,4413,0,0,982,-10,-402,14,0,0,1532,-261,-680,552,-1203,-302,73,0,0,0,0,0,0,0,0,0,0,12,0,0,0,0,0,0,0,0,0,0,0,3,2,83
4414,4414,0,1,982,-10,-402,14,0,0,1546,-261,-680,626,-1030,-184,75,0,0,0,0,0,0,0,0,0,0,11,0,0,0,0,0,0,0,0,0,0,0,3,2,82
4415,4415,0,0,-963,-3,-425,-9,0,0,1551,-261,-680,740,-671,-71,75,0,0,0,0,0,0,0,0,0,0,11,0,0,0,0,0,0,0,0,0,0,0,3,2,74
4416,4416,0,1,-963,-3,-425,-9,0,0,1620,-261,-680,913,-197,-27,74,0,0,0,0,0,0,0,0,0,0,10,0,0,0,0,0,0,0,0,0,0,0,3,2,62
4417,4417,0,0,-1745,15,-634,6,1,1,1676,-261,-680,1132,189,-39,73,0,0,0,0,0,0,0,0,0,0,10,0,0,0,0,0,0,0,0,0,0,0,3,2,58
4418,4418,0,1,-1745,15,-634,6,0,1,1715,-261,-680,1313,416,-90,73,0,0,0,0,0,0,0,0,0,0,10,0,0,0,0,0,0,0,0,0,0,0,3,2,71
4419,4419,0,0,-1155,-3,-821,11,0,1,1818,-261,-680,1293,540,12,74,0,0,0,0,0,0,0,0,0,0,9,0,0,0,0,0,0,0,0,0,0,0,3,2,85
4420,4420,0,1,-1155,-3,-821,11,0,1,1980,261,-680,996,581,-48,75,0,0,0,0,0,0,0,0,0,0,8,0,0,0,0,0,0,0,0,0,0,0,3,2,87
4421,4421,0,0,-388,-4,-977,15,0,1,52,261,-680,405,548,28,76,0,0,0,0,0,0,0,0,0,0,8,0,0,0,0,0,0,0,0,0,0,0,3,2,71
4422,4422,0,1,-388,-4,-977,15,0,1,76,261,-680,-352,478,80,75,0,0,0,0,0,0,0,0,0,0,8,0,0,0,0,0,0,0,0,0,0,0,3,2,42
4423,4423,0,0,-256,0,-1402,6,1,2,0,261,-680,-1012,490,-48,74,0,0,0,0,0,0,0,0,0,0,8,0,0,0,0,0,0,0,0,0,0,0,3,2,36
4424,4424,0,1,-256,0,-1402,6,0,2,163,261,-680,-1421,540,-83,72,0,0,0,0,0,0,0,0,0,0,9,0,0,0,0,0,0,0,0,0,0,0,3,2,70
4425,4425,0,0,-124,4,-1083,5,0,2,305,261,-680,-1477,528,-4,73,0,0,0,0,0,0,0,0,0,0,9,0,0,0,0,0,0,0,0,0,0,0,3,2,94
4426,4426,0,1,-124,4,-1083,5,0,2,710,630,261,-1160,354,-74,74,0,0,0,0,0,0,0,0,0,0,9,0,0,0,0,0,0,0,0,0,0,0,3,2,96
4427,4427,0,0,925,-3,-630,10,0,2,894,630,261,-502,56,-72,75,0,0,0,0,0,0,0,0,0,0,10,0,0,0,0,0,0,0,0,0,0,0,3,2,75
4428,4428,0,1,925,-3,-630,10,0,2,939,630,261,327,-274,-115,75,0,0,0,0,0,0,0,0,0,0,9,0,0,0,0,0,0,0,0,0,0,0,3,2,31
4429,4429,0,0,1589,-11,-228,-4,1,3,1015,630,261,1016,-546,-234,73,0,0,0,0,0,0,0,0,0,0,10,0,0,0,0,0,0,0,0,0,0,0,3,2,26
4430,4430,0,1,1589,-11,-228,-4,0,3,1024,630,261,1396,-674,-362,71,0,0,0,0,0,0,0,0,0,0,11,0,0,0,0,0,0,0,0,0,0,0,3,2,71
4431,4431,0,0,1131,11,-5,-5,0,3,987,630,261,1400,-688,-453,71,0,0,0,0,0,0,0,0,0,0,11,0,0,0,0,0,0,0,0,0,0,0,3,2,96
4432,4432,0,1,1131,11,-5,-5,0,3,1854,-680,261,1035,-606,-387,72,0,0,0,0,0,0,0,0,0,0,12,0,0,0,0,0,0,0,0,0,0,0,3,2,96
4433,4433,0,0,-361,-9,748,12,0,3,1912,-680,261,354,-480,-379,73,0,0,0,0,0,0,0,0,0,0,13,0,0,0,0,0,0,0,0,0,0,0,3,2,74
4434,4434,0,1,-361,-9,748,12,0,3,1917,-680,261,-475,-358,-376,73,0,0,0,0,0,0,0,0,0,0,12,0,0,0,0,0,0,0,0,0,0,0,3,2,36
4435,4435,0,0,-883,13,1599,-1,1,4,1900,-680,261,-1159,-300,-356,71,0,0,0,0,0,0,0,0,0,0,13,0,0,0,0,0,0,0,0,0,0,0,3,2,36
4436,4436,0,1,-883,13,1599,-1,0,4,1909,-680,261,-1549,-327,-345,70,0,0,0,0,0,0,0,0,0,0,14,0,0,0,0,0,0,0,0,0,0,0,3,2,73
4437,4437,0,0,-611,-3,939,11,0,4,1670,-680,261,-1613,-417,-351,69,0,0,0,0,0,0,0,0,0,0,14,0,0,0,0,0,0,0,0,0,0,0,3,2,98
4438,4438,0,1,-611,-3,939,11,0,4,1218,630,-261,-1411,-546,-417,70,0,0,0,0,0,0,0,0,0,0,14,0,0,0,0,0,0,0,0,0,0,0,3,2,103
4439,4439,0,0,466,-14,-922,6,0,4,1042,630,-261,-1090,-689,-307,71,0,0,0,0,0,0,0,0,0,0,15,0,0,0,0,0,0,0,0,0,0,0,3,2,93
4440,4440,0,1,466,-14,-922,6,0,4,1042,630,-261,-777,-841,-197,72,0,0,0,0,0,0,0,0,0,0,16,0,0,0,0,0,0,0,0,0,0,0,3,2,79
4441,4441,0,0,868,4,-1550,-14,1,5,1106,630,-261,-579,-1024,-151,72,0,0,0,0,0,0,0,0,0,0,16,0,0,0,0,0,0,0,0,0,0,0,3,2,70
4442,4442,0,1,868,4,-1550,-14,0,5,1041,630,-261,-499,-1189,-40,71,0,0,0,0,0,0,0,0,0,0,16,0,0,0,0,0,0,0,0,0,0,0,3,2,72
4443,4443,0,0,523,11,-921,7,0,5,1206,630,-261,-438,-1226,-94,71,0,0,0,0,0,0,0,0,0,0,16,0,0,0,0,0,0,0,0,0,0,0,3,2,80
4444,4444,0,1,523,11,-921,7,0,5,1294,-680,-261,-296,-1127,20,71,0,0,0,0,0,0,0,0,0,0,16,0,0,0,0,0,0,0,0,0,0,0,3,2,80
4445,4445,0,0,-991,1,466,-14,0,5,1530,-680,-261,29,-986,-102,71,0,0,0,0,0,0,0,0,0,0,16,0,0,0,0,0,0,0,0,0,0,0,3,2,72
4446,4446,0,1,-991,1,466,-14,0,5,1536,-680,-261,513,-844,-230,71,0,0,0,0,0,0,0,0,0,0,15,0,0,0,0,0,0,0,0,0,0,0,3,2,61
4447,4447,0,0,-1801,-9,382,-2,1,2,1466,-680,-261,972,-700,-288,70,0,0,0,0,0,0,0,0,0,0,16,0,0,0,0,0,0,0,0,0,0,0,3,2,60
4448,4448,0,1,-1801,-9,382,-2,0,2,1468,-680,-261,1286,-554,-348,70,0,0,0,0,0,0,0,0,0,0,16,0,0,0,0,0,0,0,0,0,0,0,3,2,74
4449,4449,0,0,-1028,-4,540,-4,0,2,1544,-680,-261,1363,-408,-228,70,0,0,0,0,0,0,0,0,0,0,16,0,0,0,0,0,0,0,0,0,0,0,3,2,87
4450,4450,0,1,-1028,-4,540,-4,0,2,1713,-261,-680,1163,-229,-277,71,0,0,0,0,0,0,0,0,0,0,16,0,0,0,0,0,0,0,0,0,0,0,3,2,88
4451,4451,0,0,302,14,896,0,0,2,1910,-261,-680,722,96,-267,72,0,0,0,0,0,0,0,0,0,0,16,0,0,0,0,0,0,0,0,0,0,0,3,2,73
4452,4452,0,1,302,14,896,0,0,2,2044,-261,-680,167,547,-391,71,0,0,0,0,0,0,0,0,0,0,16,0,0,0,0,0,0,0,0,0,0,0,3,2,45
4453,4453,0,0,666,-6,1511,7,1,1,1961,-261,-680,-263,1029,-432,70,0,0,0,0,0,0,0,0,0,0,16,0,0,0,0,0,0,0,0,0,0,0,3,2,35
4454,4454,0,1,666,-6,1511,7,0,1,2026,-261,-680,-477,1397,-538,69,0,0,0,0,0,0,0,0,0,0,17,0,0,0,0,0,0,0,0,0,0,0,3,2,65
4455,4455,0,0,594,-14,1226,10,0,1,34,-261,-680,-531,1456,-444,70,0,0,0,0,0,0,0,0,0,0,16,0,0,0,0,0,0,0,0,0,0,0,3,2,91
4456,4456,0,1,594,-14,1226,10,0,1,490,630,-261,-463,1116,-550,71,0,0,0,0,0,0,0,0,0,0,16,0,0,0,0,0,0,0,0,0,0,0,3,2,95
4457,4457,0,0,805,5,569,-7,0,1,577,630,-261,-227,439,-487,72,0,0,0,0,0,0,0,0,0,0,16,0,0,0,0,0,0,0,0,0,0,0,3,2,75
4458,4458,0,1,805,5,569,-7,0,1,586,630,-261,93,-401,-433,72,0,0,0,0,0,0,0,0,0,0,16,0,0,0,0,0,0,0,0,0,0,0,3,2,30
4459,4459,0,0,1405,-3,384,0,1,3,513,630,-261,362,-1075,-306,70,0,0,0,0,0,0,0,0,0,0,16,0,0,0,0,0,0,0,0,0,0,0,3,2,25
4460,4460,0,1,1405,-3,384,0,0,3,598,630,-261,489,-1425,-264,68,0,0,0,0,0,0,0,0,0,0,18,0,0,0,0,0,0,0,0,0,0,0,3,2,70
4461,4461,0,0,1146,-6,566,-10,0,3,667,630,-261,522,-1418,-291,69,0,0,0,0,0,0,0,0,0,0,17,0,0,0,0,0,0,0,0,0,0,0,3,2,94
4462,4462,0,1,1146,-6,566,-10,0,3,1536,-261,630,369,-1105,-419,71,0,0,0,0,0,0,0,0,0,0,16,0,0,0,0,0,0,0,0,0,0,0,3,2,94
4463,4463,0,0,1088,0,641,1,0,3,1601,-261,630,-13,-533,-356,72,0,0,0,0,0,0,0,0,0,0,17,0,0,0,0,0,0,0,0,0,0,0,3,2,72
4464,4464,0,1,1088,0,641,1,0,3,1538,-261,630,-560,115,-230,71,0,0,0,0,0,0,0,0,0,0,16,0,0,0,0,0,0,0,0,0,0,0,3,2,32
4465,4465,0,0,1210,-6,465,-15,1,4,1602,-261,630,-1084,529,-168,69,0,0,0,0,0,0,0,0,0,0,16,0,0,0,0,0,0,0,0,0,0,0,3,2,35
4466,4466,0,1,1210,-6,465,-15,0,4,1536,-261,630,-1421,648,-296,68,0,0,0,0,0,0,0,0,0,0,17,0,0,0,0,0,0,0,0,0,0,0,3,2,74
4467,4467,0,0,1054,-2,747,11,0,4,1529,-261,630,-1427,667,-417,69,0,0,0,0,0,0,0,0,0,0,16,0,0,0,0,0,0,0,0,0,0,0,3,2,97
4468,4468,0,1,1054,-2,747,11,0,4,1024,261,-680,-1096,692,-545,71,0,0,0,0,0,0,0,0,0,0,16,0,0,0,0,0,0,0,0,0,0,0,3,2,98
4469,4469,0,0,561,-15,1056,0,0,4,876,261,-680,-546,747,-525,72,0,0,0,0,0,0,0,0,0,0,17,0,0,0,0,0,0,0,0,0,0,0,3,2,81
4470,4470,0,1,561,-15,1056,0,0,4,853,261,-680,38,829,-482,71,0,0,0,0,0,0,0,0,0,0,16,0,0,0,0,0,0,0,0,0,0,0,3,2,57
4471,4471,0,0,367,15,1555,-13,1,5,850,261,-680,495,1002,-436,70,0,0,0,0,0,0,0,0,0,0,16,0,0,0,0,0,0,0,0,0,0,0,3,2,51
4472,4472,0,1,367,15,1555,-13,0,5,842,261,-680,762,1195,-382,69,0,0,0,0,0,0,0,0,0,0,16,0,0,0,0,0,0,0,0,0,0,0,3,2,69
4473,4473,0,0,25,-7,1093,5,0,5,716,261,-680,848,1264,-458,68,0,0,0,0,0,0,0,0,0,0,15,0,0,0,0,0,0,0,0,0,0,0,3,2,88
4474,4474,0,1,25,-7,1093,5,0,5,498,-680,261,839,1154,-572,69,0,0,0,0,0,0,0,0,0,0,16,0,0,0,0,0,0,0,0,0,0,0,3,2,94
4475,4475,0,0,-808,-8,566,-10,0,5,364,-680,261,833,915,-552,70,0,0,0,0,0,0,0,0,0,0,17,0,0,0,0,0,0,0,0,0,0,0,3,2,88
4476,4476,0,1,-808,-8,566,-10,0,5,360,-680,261,887,633,-528,70,0,0,0,0,0,0,0,0,0,0,17,0,0,0,0,0,0,0,0,0,0,0,3,2,76
4477,4477,0,0,-1738,-10,264,8,1,6,312,-680,261,1063,380,-456,70,0,0,0,0,0,0,0,0,0,0,17,0,0,0,0,0,0,0,0,0,0,0,3,2,67
4478,4478,0,1,-1738,-10,264,8,0,6,318,-680,261,1266,244,-390,70,0,0,0,0,0,0,0,0,0,0,17,0,0,0,0,0,0,0,0,0,0,0,3,2,70
4479,4479,0,0,-1140,12,-14,-14,0,6,304,-680,261,1350,229,-310,70,0,0,0,0,0,0,0,0,0,0,17,0,0,0,0,0,0,0,0,0,0,0,3,2,80
4480,4480,0,1,-1140,12,-14,-14,0,6,234,261,630,1298,300,-416,70,0,0,0,0,0,0,0,0,0,0,17,0,0,0,0,0,0,0,0,0,0,0,3,2,85
4481,4481,0,0,363,11,-783,-15,0,6,71,261,630,1231,377,-359,71,0,0,0,0,0,0,0,0,0,0,17,0,0,0,0,0,0,0,0,0,0,0,3,2,82
4482,4482,0,1,363,11,-783,-15,0,6,45,261,630,1205,410,-276,71,0,0,0,0,0,0,0,0,0,0,17,0,0,0,0,0,0,0,0,0,0,0,3,2,80
4483,4483,0,0,966,6,-1421,-13,1,7,39,261,630,1208,398,-187,70,0,0,0,0,0,0,0,0,0,0,17,0,0,0,0,0,0,0,0,0,0,0,3,2,78
4484,4484,0,1,966,6,-1421,-13,0,7,1,261,630,1241,334,-60,71,0,0,0,0,0,0,0,0,0,0,17,0,0,0,0,0,0,0,0,0,0,0,3,2,79
4485,4485,0,0,667,-5,-864,0,0,7,65,261,630,1237,362,3,72,0,0,0,0,0,0,0,0,0,0,16,0,0,0,0,0,0,0,0,0,0,0,3,2,79
4486,4486,0,1,667,-5,-864,0,0,7,66,630,261,1166,504,65,73,0,0,0,0,0,0,0,0,0,0,15,0,0,0,0,0,0,0,0,0,0,0,3,2,80
4487,4487,0,0,-412,4,1077,-11,0,7,70,630,261,1029,674,123,73,0,0,0,0,0,0,0,0,0,0,15,0,0,0,0,0,0,0,0,0,0,0,3,2,78
4488,4488,0,1,-412,4,1077,-11,0,7,4,630,261,849,870,247,73,0,0,0,0,0,0,0,0,0,0,15,0,0,0,0,0,0,0,0,0,0,0,3,2,76
4489,4489,0,0,-904,-8,1542,6,1,0,76,630,261,728,1090,299,72,0,0,0,0,0,0,0,0,0,0,14,0,0,0,0,0,0,0,0,0,0,0,3,2,75
4490,4490,0,1,-904,-8,1542,6,0,0,196,630,261,634,1287,231,72,0,0,0,0,0,0,0,0,0,0,14,0,0,0,0,0,0,0,0,0,0,0,3,2,81
4491,4491,0,0,-372,12,1060,4,0,0,181,630,261,503,1319,178,74,0,0,0,0,0,0,0,0,0,0,13,0,0,0,0,0,0,0,0,0,0,0,3,2,89
4492,4492,0,1,-372,12,1060,4,0,0,310,630,261,282,1178,252,76,0,0,0,0,0,0,0,0,0,0,12,0,0,0,0,0,0,0,0,0,0,0,3,2,88
4493,4493,0,0,967,7,-392,-8,0,0,378,630,261,-60,983,258,77,0,0,0,0,0,0,0,0,0,0,13,0,0,0,0,0,0,0,0,0,0,0,3,2,75
4494,4494,0,1,967,7,-392,-8,0,0,380,630,261,-480,807,262,76,0,0,0,0,0,0,0,0,0,0,12,0,0,0,0,0,0,0,0,0,0,0,3,2,60
4495,4495,0,0,1622,-10,-663,9,1,1,492,630,261,-952,676,154,75,0,0,0,0,0,0,0,0,0,0,12,0,0,0,0,0,0,0,0,0,0,0,3,2,57
4496,4496,0,1,1622,-10,-663,9,0,1,508,630,261,-1339,577,30,74,0,0,0,0,0,0,0,0,0,0,12,0,0,0,0,0,0,0,0,0,0,0,3,2,72
4497,4497,0,0,1315,3,-221,3,0,1,532,630,261,-1446,447,138,76,0,0,0,0,0,0,0,0,0,0,11,0,0,0,0,0,0,0,0,0,0,0,3,2,90
4498,4498,0,1,1315,3,-221,3,0,1,718,261,630,-1220,221,60,77,0,0,0,0,0,0,0,0,0,0,10,0,0,0,0,0,0,0,0,0,0,0,3,2,94
4499,4499,0,0,1012,-12,435,-13,0,1,824,261,630,-742,-115,132,78,0,0,0,0,0,0,0,0,0,0,11,0,0,0,0,0,0,0,0,0,0,0,3,2,77
4500,4500,0,1,1012,-12,435,-13,0,1,876,261,630,-168,-566,152,77,0,0,0,0,0,0,0,0,0,0,10,0,0,0,0,0,0,0,0,0,0,0,3,2,46
4501,4501,0,0,1154,2,673,1,1,2,944,261,630,293,-1004,104,76,0,0,0,0,0,0,0,0,0,0,10,0,0,0,0,0,0,0,0,0,0,0,3,2,36
4502,4502,0,1,1154,2,673,1,0,2,1024,261,630,548,-1305,-24,74,0,0,0,0,0,0,0,0,0,0,11,0,0,0,0,0,0,0,0,0,0,0,3,2,64
4503,4503,0,0,976,-16,750,14,0,2,1041,261,630,620,-1338,87,75,0,0,0,0,0,0,0,0,0,0,11,0,0,0,0,0,0,0,0,0,0,0,3,2,88
4504,4504,0,1,976,-16,750,14,0,2,1450,-680,261,530,-1026,45,76,0,0,0,0,0,0,0,0,0,0,11,0,0,0,0,0,0,0,0,0,0,0,3,2,91
4505,4505,0,0,-242,14,1066,10,0,2,1612,-680,261,294,-350,97,76,0,0,0,0,0,0,0,0,0,0,11,0,0,0,0,0,0,0,0,0,0,0,3,2,71
4506,4506,0,1,-242,14,1066,10,0,2,1664,-680,261,-27,510,97,76,0,0,0,0,0,0,0,0,0,0,11,0,0,0,0,0,0,0,0,0,0,0,3,2,28
4507,4507,0,0,-969,-9,1385,9,1,3,1668,-680,261,-308,1175,93,74,0,0,0,0,0,0,0,0,0,0,11,0,0,0,0,0,0,0,0,0,0,0,3,2,32
4508,4508,0,1,-969,-9,1385,9,0,3,1555,-680,261,-478,1474,202,72,0,0,0,0,0,0,0,0,0,0,12,0,0,0,0,0,0,0,0,0,0,0,3,2,75
4509,4509,0,0,-705,-1,800,0,0,3,1731,-680,261,-469,1468,135,72,0,0,0,0,0,0,0,0,0,0,12,0,0,0,0,0,0,0,0,0,0,0,3,2,96
4510,4510,0,1,-705,-1,800,0,0,3,528,261,-680,-261,1185,247,73,0,0,0,0,0,0,0,0,0,0,13,0,0,0,0,0,0,0,0,0,0,0,3,2,96
4511,4511,0,0,-351,1,-829,3,0,3,594,261,-680,120,627,293,74,0,0,0,0,0,0,0,0,0,0,13,0,0,0,0,0,0,0,0,0,0,0,3,2,74
4512,4512,0,1,-351,1,-829,3,0,3,581,261,-680,590,-57,352,74,0,0,0,0,0,0,0,0,0,0,13,0,0,0,0,0,0,0,0,0,0,0,3,2,39
4513,4513,0,0,-248,8,-1668,-4,1,4,581,261,-680,1011,-568,411,72,0,0,0,0,0,0,0,0,0,0,14,0,0,0,0,0,0,0,0,0,0,0,3,2,36
4514,4514,0,1,-248,8,-1668,-4,0,4,581,261,-680,1290,-784,470,71,0,0,0,0,0,0,0,0,0,0,15,0,0,0,0,0,0,0,0,0,0,0,3,2,72
4515,4515,0,0,-342,10,-1053,3,0,4,490,261,-680,1392,-742,364,71,0,0,0,0,0,0,0,0,0,0,14,0,0,0,0,0,0,0,0,0,0,0,3,2,93
4516,4516,0,1,-342,10,-1053,3,0,4,2017,-261,630,1330,-540,267,71,0,0,0,0,0,0,0,0,0,0,15,0,0,0,0,0,0,0,0,0,0,0,3,2,97
4517,4517,0,0,462,14,1020,-4,0,4,1914,-261,630,1222,-243,273,72,0,0,0,0,0,0,0,0,0,0,15,0,0,0,0,0,0,0,0,0,0,0,3,2,89
4518,4518,0,1,462,14,1020,-4,0,4,1901,-261,630,1145,63,292,72,0,0,0,0,0,0,0,0,0,0,16,0,0,0,0,0,0,0,0,0,0,0,3,2,77
4519,4519,0,0,412,-4,1856,0,1,5,1890,-261,630,1141,292,322,72,0,0,0,0,0,0,0,0,0,0,16,0,0,0,0,0,0,0,0,0,0,0,3,2,71
4520,4520,0,1,412,-4,1856,0,0,5,1964,-261,630,1185,422,278,72,0,0,0,0,0,0,0,0,0,0,15,0,0,0,0,0,0,0,0,0,0,0,3,2,73
4521,4521,0,0,316,-4,924,-4,0,5,1993,-261,630,1189,502,205,71,0,0,0,0,0,0,0,0,0,0,15,0,0,0,0,0,0,0,0,0,0,0,3,2,77
4522,4522,0,1,316,-4,924,-4,0,5,16,630,-261,1066,586,317,72,0,0,0,0,0,0,0,0,0,0,15,0,0,0,0,0,0,0,0,0,0,0,3,2,80
4523,4523,0,0,392,8,-858,6,0,5,64,630,-261,736,739,381,71,0,0,0,0,0,0,0,0,0,0,15,0,0,0,0,0,0,0,0,0,0,0,3,2,75
4524,4524,0,1,392,8,-858,6,0,5,78,630,-261,250,964,431,71,0,0,0,0,0,0,0,0,0,0,15,0,0,0,0,0,0,0,0,0,0,0,3,2,64
4525,4525,0,0,823,-9,-1565,3,1,1,0,630,-261,-196,1200,303,70,0,0,0,0,0,0,0,0,0,0,15,0,0,0,0,0,0,0,0,0,0,0,3,2,61
4526,4526,0,1,823,-9,-1565,3,0,1,131,630,-261,-521,1354,300,70,0,0,0,0,0,0,0,0,0,0,15,0,0,0,0,0,0,0,0,0,0,0,3,2,75
4527,4527,0,0,364,12,-1031,-7,0,1,361,630,-261,-647,1307,323,70,0,0,0,0,0,0,0,0,0,0,15,0,0,0,0,0,0,0,0,0,0,0,3,2,90
4528,4528,0,1,364,12,-1031,-7,0,1,446,630,261,-619,996,261,71,0,0,0,0,0,0,0,0,0,0,15,0,0,0,0,0,0,0,0,0,0,0,3,2,90
4529,4529,0,0,-991,1,-429,-13,0,1,564,630,261,-554,422,337,72,0,0,0,0,0,0,0,0,0,0,15,0,0,0,0,0,0,0,0,0,0,0,3,2,72
4530,4530,0,1,-991,1,-429,-13,0,1,582,630,261,-513,-298,395,71,0,0,0,0,0,0,0,0,0,0,15,0,0,0,0,0,0,0,0,0,0,0,3,2,43
4531,4531,0,0,-1470,2,-632,8,1,2,644,630,261,-497,-928,391,70,0,0,0,0,0,0,0,0,0,0,15,0,0,0,0,0,0,0,0,0,0,0,3,2,36
4532,4532,0,1,-1470,2,-632,8,0,2,692,630,261,-504,-1312,339,68,0,0,0,0,0,0,0,0,0,0,16,0,0,0,0,0,0,0,0,0,0,0,3,2,65
4533,4533,0,0,-1331,13,-431,-15,0,2,813,630,261,-510,-1368,422,69,0,0,0,0,0,0,0,0,0,0,15,0,0,0,0,0,0,0,0,0,0,0,3,2,87
4534,4534,0,1,-1331,13,-431,-15,0,2,1186,-261,630,-440,-1066,388,71,0,0,0,0,0,0,0,0,0,0,15,0,0,0,0,0,0,0,0,0,0,0,3,2,90
4535,4535,0,0,-1053,3,137,9,0,2,1386,-261,630,-156,-427,410,71,0,0,0,0,0,0,0,0,0,0,15,0,0,0,0,0,0,0,0,0,0,0,3,2,71
4536,4536,0,1,-1053,3,137,9,0,2,1450,-261,630,273,387,368,71,0,0,0,0,0,0,0,0,0,0,15,0,0,0,0,0,0,0,0,0,0,0,3,2,27
4537,4537,0,0,-1355,-11,616,8,1,3,1470,-261,630,577,1078,306,69,0,0,0,0,0,0,0,0,0,0,16,0,0,0,0,0,0,0,0,0,0,0,3,2,29
4538,4538,0,1,-1355,-11,616,8,0,3,1465,-261,630,663,1456,249,68,0,0,0,0,0,0,0,0,0,0,17,0,0,0,0,0,0,0,0,0,0,0,3,2,75
4539,4539,0,0,-1282,-2,335,15,0,3,1421,-261,630,624,1438,236,69,0,0,0,0,0,0,0,0,0,0,15,0,0,0,0,0,0,0,0,0,0,0,3,2,99
4540,4540,0,1,-1282,-2,335,15,0,3,305,-261,-680,523,1038,315,71,0,0,0,0,0,0,0,0,0,0,15,0,0,0,0,0,0,0,0,0,0,0,3,2,97
4541,4541,0,0,-1364,12,247,-9,0,3,368,-261,-680,410,366,331,72,0,0,0,0,0,0,0,0,0,0,16,0,0,0,0,0,0,0,0,0,0,0,3,2,71
4542,4542,0,1,-1364,12,247,-9,0,3,375,-261,-680,336,-407,340,71,0,0,0,0,0,0,0,0,0,0,15,0,0,0,0,0,0,0,0,0,0,0,3,2,33
4543,4543,0,0,-1167,-15,422,6,1,4,380,-261,-680,361,-1044,344,69,0,0,0,0,0,0,0,0,0,0,15,0,0,0,0,0,0,0,0,0,0,0,3,2,32
4544,4544,0,1,-1167,-15,422,6,0,4,376,-261,-680,443,-1407,352,68,0,0,0,0,0,0,0,0,0,0,17,0,0,0,0,0,0,0,0,0,0,0,3,2,68
4545,4545,0,0,-1425,15,252,-4,0,4,205,-261,-680,430,-1448,275,69,0,0,0,0,0,0,0,0,0,0,16,0,0,0,0,0,0,0,0,0,0,0,3,2,91
4546,4546,0,1,-1425,15,252,-4,0,4,1664,261,630,232,-1220,275,70,0,0,0,0,0,0,0,0,0,0,15,0,0,0,0,0,0,0,0,0,0,0,3,2,93
4547,4547,0,0,-1092,-4,-446,2,0,4,1636,261,630,-172,-866,303,71,0,0,0,0,0,0,0,0,0,0,16,0,0,0,0,0,0,0,0,0,0,0,3,2,77
4548,4548,0,1,-1092,-4,-446,2,0,4,1603,261,630,-695,-530,364,71,0,0,0,0,0,0,0,0,0,0,15,0,0,0,0,0,0,0,0,0,0,0,3,2,54
4549,4549,0,0,-1453,-13,-704,0,1,5,1628,261,630,-1133,-358,400,69,0,0,0,0,0,0,0,0,0,0,15,0,0,0,0,0,0,0,0,0,0,0,3,2,54
4550,4550,0,1,-1453,-13,-704,0,0,5,1556,261,630,-1391,-342,508,68,0,0,0,0,0,0,0,0,0,0,15,0,0,0,0,0,0,0,0,0,0,0,3,2,73
4551,4551,0,0,-805,-5,-815,-15,0,5,1536,261,630,-1476,-329,380,68,0,0,0,0,0,0,0,0,0,0,15,0,0,0,0,0,0,0,0,0,0,0,3,2,88
4552,4552,0,1,-805,-5,-815,-15,0,5,1236,261,-680,-1421,-238,296,69,0,0,0,0,0,0,0,0,0,0,16,0,0,0,0,0,0,0,0,0,0,0,3,2,93
4553,4553,0,0,142,14,-937,-9,0,5,1090,261,-680,-1286,-65,358,69,0,0,0,0,0,0,0,0,0,0,16,0,0,0,0,0,0,0,0,0,0,0,3,2,89
4554,4554,0,1,142,14,-937,-9,0,5,1029,261,-680,-1152,186,481,70,0,0,0,0,0,0,0,0,0,0,17,0,0,0,0,0,0,0,0,0,0,0,3,2,80
4555,4555,0,0,988,-4,-1353,-9,1,6,1031,261,-680,-1116,435,602,70,0,0,0,0,0,0,0,0,0,0,17,0,0,0,0,0,0,0,0,0,0,0,3,2,72
4556,4556,0,1,988,-4,-1353,-9,0,6,1029,261,-680,-1176,645,725,69,0,0,0,0,0,0,0,0,0,0,17,0,0,0,0,0,0,0,0,0,0,0,3,2,74
4557,4557,0,0,710,6,-742,-6,0,6,1040,261,-680,-1224,704,837,70,0,0,0,0,0,0,0,0,0,0,17,0,0,0,0,0,0,0,0,0,0,0,3,2,83
4558,4558,0,1,710,6,-742,-6,0,6,974,-680,-261,-1229,636,759,70,0,0,0,0,0,0,0,0,0,0,17,0,0,0,0,0,0,0,0,0,0,0,3,2,88
4559,4559,0,0,328,8,826,-6,0,6,944,-680,-261,-1248,545,711,71,0,0,0,0,0,0,0,0,0,0,17,0,0,0,0,0,0,0,0,0,0,0,3,2,85
4560,4560,0,1,328,8,826,-6,0,6,862,-680,-261,-1270,500,745,71,0,0,0,0,0,0,0,0,0,0,17,0,0,0,0,0,0,0,0,0,0,0,3,2,84
4561,4561,0,0,388,4,1810,-14,1,7,799,-680,-261,-1238,517,842,71,0,0,0,0,0,0,0,0,0,0,17,0,0,0,0,0,0,0,0,0,0,0,3,2,84
4562,4562,0,1,388,4,1810,-14,0,7,893,-680,-261,-1177,557,845,71,0,0,0,0,0,0,0,0,0,0,17,0,0,0,0,0,0,0,0,0,0,0,3,2,83
4563,4563,0,0,136,8,1056,0,0,7,1019,-680,-261,-1192,560,722,72,0,0,0,0,0,0,0,0,0,0,17,0,0,0,0,0,0,0,0,0,0,0,3,2,80
4564,4564,0,1,136,8,1056,0,0,7,960,-680,261,-1271,476,658,74,0,0,0,0,0,0,0,0,0,0,16,0,0,0,0,0,0,0,0,0,0,0,3,2,81
4565,4565,0,0,-317,3,-960,0,0,7,896,-680,261,-1288,257,658,74,0,0,0,0,0,0,0,0,0,0,16,0,0,0,0,0,0,0,0,0,0,0,3,2,84
4566,4566,0,1,-317,3,-960,0,0,7,882,-680,261,-1250,-43,672,74,0,0,0,0,0,0,0,0,0,0,16,0,0,0,0,0,0,0,0,0,0,0,3,2,81
4567,4567,0,0,-495,-15,-1709,-13,1,0,881,-680,261,-1296,-279,687,74,0,0,0,0,0,0,0,0,0,0,15,0,0,0,0,0,0,0,0,0,0,0,3,2,77
4568,4568,0,1,-495,-15,-1709,-13,0,0,956,-680,261,-1394,-413,627,74,0,0,0,0,0,0,0,0,0,0,15,0,0,0,0,0,0,0,0,0,0,0,3,2,82
4569,4569,0,0,-333,-13,-965,-5,0,0,1016,-680,261,-1338,-516,507,76,0,0,0,0,0,0,0,0,0,0,14,0,0,0,0,0,0,0,0,0,0,0,3,2,90
4570,4570,0,1,-333,-13,-965,-5,0,0,1026,-680,261,-1071,-627,633,77,0,0,0,0,0,0,0,0,0,0,14,0,0,0,0,0,0,0,0,0,0,0,3,2,88
4571,4571,0,0,-464,-16,946,-14,0,0,1026,-680,261,-685,-751,759,78,0,0,0,0,0,0,0,0,0,0,14,0,0,0,0,0,0,0,0,0,0,0,3,2,77
4572,4572,0,1,-464,-16,946,-14,0,0,1108,-680,261,-253,-902,803,77,0,0,0,0,0,0,0,0,0,0,13,0,0,0,0,0,0,0,0,0,0,0,3,2,62
4573,4573,0,0,-561,15,1662,-2,1,1,1094,-680,261,164,-1111,861,76,0,0,0,0,0,0,0,0,0,0,12,0,0,0,0,0,0,0,0,0,0,0,3,2,57
4574,4574,0,1,-561,15,1662,-2,0,1,1188,-680,261,506,-1292,825,76,0,0,0,0,0,0,0,0,0,0,13,0,0,0,0,0,0,0,0,0,0,0,3,2,69
4575,4575,0,0,-814,-14,1119,-1,0,1,1328,-680,261,654,-1268,905,77,0,0,0,0,0,0,0,0,0,0,12,0,0,0,0,0,0,0,0,0,0,0,3,2,86
4576,4576,0,1,-814,-14,1119,-1,0,1,1455,-680,-261,629,-956,858,78,0,0,0,0,0,0,0,0,0,0,11,0,0,0,0,0,0,0,0,0,0,0,3,2,89
4577,4577,0,0,-966,-6,377,-7,0,1,1550,-680,-261,594,-310,972,79,0,0,0,0,0,0,0,0,0,0,11,0,0,0,0,0,0,0,0,0,0,0,3,2,71
4578,4578,0,1,-966,-6,377,-7,0,1,1617,-680,-261,461,379,1019,79,0,0,0,0,0,0,0,0,0,0,11,0,0,0,0,0,0,0,0,0,0,0,3,2,42
4579,4579,0,0,-1594,6,243,-13,1,2,1674,-680,-261,402,1016,1009,77,0,0,0,0,0,0,0,0,0,0,11,0,0,0,0,0,0,0,0,0,0,0,3,2,37
4580,4580,0,1,-1594,6,243,-13,0,2,1701,-680,-261,399,1434,972,76,0,0,0,0,0,0,0,0,0,0,13,0,0,0,0,0,0,0,0,0,0,0,3,2,68
4581,4581,0,0,-1102,-14,134,6,0,2,1892,-680,-261,353,1493,1000,76,0,0,0,0,0,0,0,0,0,0,12,0,0,0,0,0,0,0,0,0,0,0,3,2,93
4582,4582,0,1,-1102,-14,134,6,0,2,215,261,-680,194,1156,913,77,0,0,0,0,0,0,0,0,0,0,12,0,0,0,0,0,0,0,0,0,0,0,3,2,96
4583,4583,0,0,-672,0,-997,-5,0,2,486,261,-680,13,470,811,78,0,0,0,0,0,0,0,0,0,0,13,0,0,0,0,0,0,0,0,0,0,0,3,2,73
4584,4584,0,1,-672,0,-997,-5,0,2,441,261,-680,-199,-369,754,78,0,0,0,0,0,0,0,0,0,0,12,0,0,0,0,0,0,0,0,0,0,0,3,2,29
4585,4585,0,0,-102,-6,-1521,15,1,3,510,261,-680,-352,-1061,628,76,0,0,0,0,0,0,0,0,0,0,13,0,0,0,0,0,0,0,0,0,0,0,3,2,25
4586,4586,0,1,-102,-6,-1521,15,0,3,458,261,-680,-475,-1407,554,74,0,0,0,0,0,0,0,0,0,0,14,0,0,0,0,0,0,0,0,0,0,0,3,2,69
4587,4587,0,0,-86,10,-1051,5,0,3,504,261,-680,-479,-1408,434,73,0,0,0,0,0,0,0,0,0,0,14,0,0,0,0,0,0,0,0,0,0,0,3,2,93
4588,4588,0,1,-86,10,-1051,5,0,3,1399,261,630,-426,-1060,443,74,0,0,0,0,0,0,0,0,0,0,14,0,0,0,0,0,0,0,0,0,0,0,3,2,93
4589,4589,0,0,796,-4,337,-15,0,3,1536,261,630,-451,-349,315,74,0,0,0,0,0,0,0,0,0,0,15,0,0,0,0,0,0,0,0,0,0,0,3,2,71
4590,4590,0,1,796,-4,337,-15,0,3,1462,261,630,-363,460,261,74,0,0,0,0,0,0,0,0,0,0,15,0,0,0,0,0,0,0,0,0,0,0,3,2,35
4591,4591,0,0,1535,-1,900,4,1,4,1471,261,630,-311,1121,198,72,0,0,0,0,0,0,0,0,0,0,15,0,0,0,0,0,0,0,0,0,0,0,3,2,35
4592,4592,0,1,1535,-1,900,4,0,4,1452,261,630,-313,1482,154,71,0,0,0,0,0,0,0,0,0,0,16,0,0,0,0,0,0,0,0,0,0,0,3,2,72
4593,4593,0,0,846,14,599,-9,0,4,1222,261,630,-384,1543,84,71,0,0,0,0,0,0,0,0,0,0,16,0,0,0,0,0,0,0,0,0,0,0,3,2,93
4594,4594,0,1,846,14,599,-9,0,4,704,-261,-680,-529,1358,20,71,0,0,0,0,0,0,0,0,0,0,16,0,0,0,0,0,0,0,0,0,0,0,3,2,98
4595,4595,0,0,-826,6,-497,15,0,4,518,-261,-680,-683,1057,142,71,0,0,0,0,0,0,0,0,0,0,16,0,0,0,0,0,0,0,0,0,0,0,3,2,90
4596,4596,0,1,-826,6,-497,15,0,4,578,-261,-680,-849,758,204,72,0,0,0,0,0,0,0,0,0,0,17,0,0,0,0,0,0,0,0,0,0,0,3,2,77
4597,4597,0,0,-1820,4,-873,-9,1,5,576,-261,-680,-1083,562,268,71,0,0,0,0,0,0,0,0,0,0,17,0,0,0,0,0,0,0,0,0,0,0,3,2,70
4598,4598,0,1,-1820,4,-873,-9,0,5,601,-261,-680,-1312,494,307,71,0,0,0,0,0,0,0,0,0,0,16,0,0,0,0,0,0,0,0,0,0,0,3,2,76
4599,4599,0,0,-872,-8,-485,-5,0,5,642,-261,-680,-1356,439,305,71,0,0,0,0,0,0,0,0,0,0,16,0,0,0,0,0,0,0,0,0,0,0,3,2,87
4600,4600,0,1,-872,-8,-485,-5,0,5,828,-261,630,-1203,305,373,71,0,0,0,0,0,0,0,0,0,0,17,0,0,0,0,0,0,0,0,0,0,0,3,2,88
4601,4601,0,0,325,5,948,-12,0,5,869,-261,630,-1028,-42,400,71,0,0,0,0,0,0,0,0,0,0,17,0,0,0,0,0,0,0,0,0,0,0,3,2,76
4602,4602,0,1,325,5,948,-12,0,5,940,-261,630,-881,-541,356,71,0,0,0,0,0,0,0,0,0,0,17,0,0,0,0,0,0,0,0,0,0,0,3,2,63
4603,4603,0,0,604,-4,1781,-11,1,1,956,-261,630,-703,-994,296,70,0,0,0,0,0,0,0,0,0,0,17,0,0,0,0,0,0,0,0,0,0,0,3,2,64
4604,4604,0,1,604,-4,1781,-11,0,1,1008,-261,630,-504,-1271,184,70,0,0,0,0,0,0,0,0,0,0,17,0,0,0,0,0,0,0,0,0,0,0,3,2,75
4605,4605,0,0,462,14,960,0,0,1,1037,-261,630,-353,-1310,299,70,0,0,0,0,0,0,0,0,0,0,16,0,0,0,0,0,0,0,0,0,0,0,3,2,84
4606,4606,0,1,462,14,960,0,0,1,1179,-680,261,-225,-1098,272,71,0,0,0,0,0,0,0,0,0,0,16,0,0,0,0,0,0,0,0,0,0,0,3,2,83
4607,4607,0,0,990,-2,-221,3,0,1,1344,-680,261,76,-674,336,71,0,0,0,0,0,0,0,0,0,0,16,0,0,0,0,0,0,0,0,0,0,0,3,2,69
4608,4608,0,1,990,-2,-221,3,0,1,1470,-680,261,551,-158,274,71,0,0,0,0,0,0,0,0,0,0,16,0,0,0,0,0,0,0,0,0,0,0,3,2,41
4609,4609,0,0,1364,-12,-649,-9,1,2,1466,-680,261,1035,257,216,69,0,0,0,0,0,0,0,0,0,0,17,0,0,0,0,0,0,0,0,0,0,0,3,2,35
4610,4610,0,1,1364,-12,-649,-9,0,2,1535,-680,261,1370,485,89,68,0,0,0,0,0,0,0,0,0,0,18,0,0,0,0,0,0,0,0,0,0,0,3,2,65
4611,4611,0,0,1226,10,-506,6,0,2,1541,-680,261,1393,547,212,69,0,0,0,0,0,0,0,0,0,0,17,0,0,0,0,0,0,0,0,0,0,0,3,2,90
4612,4612,0,1,1226,10,-506,6,0,2,2030,-261,-680,1054,456,102,71,0,0,0,0,0,0,0,0,0,0,16,0,0,0,0,0,0,0,0,0,0,0,3,2,92
4613,4613,0,0,575,-1,-869,-5,0,2,71,-261,-680,409,210,159,71,0,0,0,0,0,0,0,0,0,0,16,0,0,0,0,0,0,0,0,0,0,0,3,2,71
4614,4614,0,1,575,-1,-869,-5,0,2,6,-261,-680,-392,-118,281,71,0,0,0,0,0,0,0,0,0,0,16,0,0,0,0,0,0,0,0,0,0,0,3,2,28
4615,4615,0,0,457,9,-1316,-4,1,3,8,-261,-680,-1118,-367,401,69,0,0,0,0,0,0,0,0,0,0,17,0,0,0,0,0,0,0,0,0,0,0,3,2,25
4616,4616,0,1,457,9,-1316,-4,0,3,133,-261,-680,-1557,-494,396,67,0,0,0,0,0,0,0,0,0,0,18,0,0,0,0,0,0,0,0,0,0,0,3,2,72
4617,4617,0,0,631,-9,-1156,-4,0,3,146,-261,-680,-1575,-475,378,68,0,0,0,0,0,0,0,0,0,0,16,0,0,0,0,0,0,0,0,0,0,0,3,2,101
4618,4618,0,1,631,-9,-1156,-4,0,3,1095,630,261,-1174,-328,435,71,0,0,0,0,0,0,0,0,0,0,16,0,0,0,0,0,0,0,0,0,0,0,3,2,102
4619,4619,0,0,658,-14,-1016,8,0,3,1094,630,261,-564,30,493,72,0,0,0,0,0,0,0,0,0,0,17,0,0,0,0,0,0,0,0,0,0,0,3,2,75
4620,4620,0,1,658,-14,-1016,8,0,3,1090,630,261,58,552,555,71,0,0,0,0,0,0,0,0,0,0,16,0,0,0,0,0,0,0,0,0,0,0,3,2,34
4621,4621,0,0,518,6,-1146,6,1,4,1095,630,261,524,1052,612,69,0,0,0,0,0,0,0,0,0,0,17,0,0,0,0,0,0,0,0,0,0,0,3,2,34
4622,4622,0,1,518,6,-1146,6,0,4,1025,630,261,744,1374,739,68,0,0,0,0,0,0,0,0,0,0,18,0,0,0,0,0,0,0,0,0,0,0,3,2,72
4623,4623,0,0,713,9,-1062,-6,0,4,1000,630,261,779,1371,635,69,0,0,0,0,0,0,0,0,0,0,17,0,0,0,0,0,0,0,0,0,0,0,3,2,96
4624,4624,0,1,713,9,-1062,-6,0,4,511,-680,-261,722,1044,508,71,0,0,0,0,0,0,0,0,0,0,16,0,0,0,0,0,0,0,0,0,0,0,3,2,98
4625,4625,0,0,1094,6,-531,13,0,4,362,-680,-261,735,532,530,72,0,0,0,0,0,0,0,0,0,0,17,0,0,0,0,0,0,0,0,0,0,0,3,2,78
4626,4626,0,1,1094,6,-531,13,0,4,382,-680,-261,847,92,532,72,0,0,0,0,0,0,0,0,0,0,17,0,0,0,0,0,0,0,0,0,0,0,3,2,56
4627,4627,0,0,1474,2,-316,4,1,5,367,-680,-261,1057,-315,549,70,0,0,0,0,0,0,0,0,0,0,16,0,0,0,0,0,0,0,0,0,0,0,3,2,53
4628,4628,0,1,1474,2,-316,4,0,5,379,-680,-261,1145,-707,554,69,0,0,0,0,0,0,0,0,0,0,16,0,0,0,0,0,0,0,0,0,0,0,3,2,69
4629,4629,0,0,1073,-15,-53,11,0,5,204,-680,-261,1192,-787,478,69,0,0,0,0,0,0,0,0,0,0,16,0,0,0,0,0,0,0,0,0,0,0,3,2,83
4630,4630,0,1,1073,-15,-53,11,0,5,2,261,630,1124,-771,604,69,0,0,0,0,0,0,0,0,0,0,16,0,0,0,0,0,0,0,0,0,0,0,3,2,89
4631,4631,0,0,610,2,890,-6,0,5,1964,261,630,919,-794,560,70,0,0,0,0,0,0,0,0,0,0,17,0,0,0,0,0,0,0,0,0,0,0,3,2,84
4632,4632,0,1,610,2,890,-6,0,5,1869,261,630,636,-905,611,70,0,0,0,0,0,0,0,0,0,0,17,0,0,0,0,0,0,0,0,0,0,0,3,2,75
4633,4633,0,0,260,4,1626,-6,1,6,1900,261,630,411,-1074,631,69,0,0,0,0,0,0,0,0,0,0,16,0,0,0,0,0,0,0,0,0,0,0,3,2,68
4634,4634,0,1,260,4,1626,-6,0,6,1917,261,630,462,-1177,634,69,0,0,0,0,0,0,0,0,0,0,16,0,0,0,0,0,0,0,0,0,0,0,3,2,71
4635,4635,0,0,102,6,1109,-11,0,6,1849,261,630,310,-1315,705,69,0,0,0,0,0,0,0,0,0,0,16,0,0,0,0,0,0,0,0,0,0,0,3,2,78
4636,4636,0,1,102,6,1109,-11,0,6,1678,630,-261,534,-1211,691,70,0,0,0,0,0,0,0,0,0,0,16,0,0,0,0,0,0,0,0,0,0,0,3,2,83
4637,4637,0,0,-891,5,-334,-14,0,6,1606,630,-261,587,-1138,749,70,0,0,0,0,0,0,0,0,0,0,16,0,0,0,0,0,0,0,0,0,0,0,3,2,82
4638,4638,0,1,-891,5,-334,-14,0,6,1617,630,-261,600,-1083,796,70,0,0,0,0,0,0,0,0,0,0,16,0,0,0,0,0,0,0,0,0,0,0,3,2,80
4639,4639,0,0,-1572,-4,-1002,-10,1,7,1538,630,-261,573,-1081,922,70,0,0,0,0,0,0,0,0,0,0,16,0,0,0,0,0,0,0,0,0,0,0,3,2,77
4640,4640,0,1,-1572,-4,-1002,-10,0,7,1670,630,-261,533,-1114,916,70,0,0,0,0,0,0,0,0,0,0,17,0,0,0,0,0,0,0,0,0,0,0,3,2,76
4641,4641,0,0,-896,0,-601,7,0,7,1675,630,-261,546,-1125,905,71,0,0,0,0,0,0,0,0,0,0,16,0,0,0,0,0,0,0,0,0,0,0,3,2,76
4642,4642,0,1,-896,0,-601,7,0,7,1669,261,-680,662,-1056,900,72,0,0,0,0,0,0,0,0,0,0,15,0,0,0,0,0,0,0,0,0,0,0,3,2,78
4643,4643,0,0,878,14,390,6,0,7,1685,261,-680,807,-904,879,73,0,0,0,0,0,0,0,0,0,0,15,0,0,0,0,0,0,0,0,0,0,0,3,2,77
4644,4644,0,1,878,14,390,6,0,7,1680,261,-680,986,-688,863,72,0,0,0,0,0,0,0,0,0,0,14,0,0,0,0,0,0,0,0,0,0,0,3,2,76
4645,4645,0,0,1638,6,887,-9,1,0,1554,261,-680,1177,-504,973,72,0,0,0,0,0,0,0,0,0,0,14,0,0,0,0,0,0,0,0,0,0,0,3,2,75
4646,4646,0,1,1638,6,887,-9,0,0,1668,261,-680,1319,-376,969,72,0,0,0,0,0,0,0,0,0,0,14,0,0,0,0,0,0,0,0,0,0,0,3,2,80
4647,4647,0,0,954,-6,341,-11,0,0,1676,261,-680,1314,-257,957,74,0,0,0,0,0,0,0,0,0,0,13,0,0,0,0,0,0,0,0,0,0,0,3,2,86
4648,4648,0,1,954,-6,341,-11,0,0,1906,261,-680,1161,-86,971,76,0,0,0,0,0,0,0,0,0,0,12,0,0,0,0,0,0,0,0,0,0,0,3,2,83
4649,4649,0,0,-279,9,-912,-16,0,0,1918,261,-680,948,218,973,76,0,0,0,0,0,0,0,0,0,0,12,0,0,0,0,0,0,0,0,0,0,0,3,2,73
4650,4650,0,1,-279,9,-912,-16,0,0,1965,261,-680,731,632,928,75,0,0,0,0,0,0,0,0,0,0,11,0,0,0,0,0,0,0,0,0,0,0,3,2,61
4651,4651,0,0,-722,14,-1551,-15,1,1,1985,261,-680,532,1051,863,74,0,0,0,0,0,0,0,0,0,0,10,0,0,0,0,0,0,0,0,0,0,0,3,2,60
4652,4652,0,1,-722,14,-1551,-15,0,1,2026,261,-680,364,1352,757,73,0,0,0,0,0,0,0,0,0,0,11,0,0,0,0,0,0,0,0,0,0,0,3,2,74
4653,4653,0,0,-224,0,-1303,9,0,1,64,261,-680,238,1408,821,75,0,0,0,0,0,0,0,0,0,0,10,0,0,0,0,0,0,0,0,0,0,0,3,2,88
4654,4654,0,1,-224,0,-1303,9,0,1,169,630,-261,95,1172,780,76,0,0,0,0,0,0,0,0,0,0,9,0,0,0,0,0,0,0,0,0,0,0,3,2,89
4655,4655,0,0,491,11,-996,-4,0,1,360,630,-261,-193,687,804,77,0,0,0,0,0,0,0,0,0,0,9,0,0,0,0,0,0,0,0,0,0,0,3,2,73
4656,4656,0,1,491,11,-996,-4,0,1,444,630,-261,-620,79,744,76,0,0,0,0,0,0,0,0,0,0,9,0,0,0,0,0,0,0,0,0,0,0,3,2,45
4657,4657,0,0,736,0,-1161,-9,1,2,508,630,-261,-1040,-443,620,74,0,0,0,0,0,0,0,0,0,0,9,0,0,0,0,0,0,0,0,0,0,0,3,2,38
4658,4658,0,1,736,0,-1161,-9,0,2,496,630,-261,-1316,-755,508,73,0,0,0,0,0,0,0,0,0,0,10,0,0,0,0,0,0,0,0,0,0,0,3,2,71
4659,4659,0,0,830,-2,-897,-1,0,2,593,630,-261,-1318,-820,555,74,0,0,0,0,0,0,0,0,0,0,9,0,0,0,0,0,0,0,0,0,0,0,3,2,95
4660,4660,0,1,830,-2,-897,-1,0,2,992,261,630,-997,-654,459,75,0,0,0,0,0,0,0,0,0,0,9,0,0,0,0,0,0,0,0,0,0,0,3,2,97
4661,4661,0,0,969,9,263,7,0,2,1218,261,630,-385,-313,393,76,0,0,0,0,0,0,0,0,0,0,10,0,0,0,0,0,0,0,0,0,0,0,3,2,74
4662,4662,0,1,969,9,263,7,0,2,1161,261,630,372,98,384,76,0,0,0,0,0,0,0,0,0,0,10,0,0,0,0,0,0,0,0,0,0,0,3,2,30
4663,4663,0,0,1346,2,935,7,1,3,1173,261,630,1014,446,363,74,0,0,0,0,0,0,0,0,0,0,10,0,0,0,0,0,0,0,0,0,0,0,3,2,24
4664,4664,0,1,1346,2,935,7,0,3,1205,261,630,1372,647,310,72,0,0,0,0,0,0,0,0,0,0,12,0,0,0,0,0,0,0,0,0,0,0,3,2,69
4665,4665,0,0,777,9,645,5,0,3,1246,261,630,1390,635,216,72,0,0,0,0,0,0,0,0,0,0,12,0,0,0,0,0,0,0,0,0,0,0,3,2,94
4666,4666,0,1,777,9,645,5,0,3,85,-680,-261,1097,394,259,72,0,0,0,0,0,0,0,0,0,0,12,0,0,0,0,0,0,0,0,0,0,0,3,2,96
4667,4667,0,0,-795,5,321,1,0,3,134,-680,-261,606,-38,253,73,0,0,0,0,0,0,0,0,0,0,13,0,0,0,0,0,0,0,0,0,0,0,3,2,73
4668,4668,0,1,-795,5,321,1,0,3,142,-680,-261,58,-561,239,73,0,0,0,0,0,0,0,0,0,0,13,0,0,0,0,0,0,0,0,0,0,0,3,2,38
4669,4669,0,0,-1896,-8,304,-16,1,4,130,-680,-261,-508,-970,237,72,0,0,0,0,0,0,0,0,0,0,13,0,0,0,0,0,0,0,0,0,0,0,3,2,35
4670,4670,0,1,-1896,-8,304,-16,0,4,64,-680,-261,-768,-1235,301,70,0,0,0,0,0,0,0,0,0,0,14,0,0,0,0,0,0,0,0,0,0,0,3,2,67
4671,4671,0,0,-1036,-12,235,11,0,4,2030,-680,-261,-771,-1335,191,70,0,0,0,0,0,0,0,0,0,0,14,0,0,0,0,0,0,0,0,0,0,0,3,2,90
4672,4672,0,1,-1036,-12,235,11,0,4,1536,630,261,-556,-1297,63,70,0,0,0,0,0,0,0,0,0,0,14,0,0,0,0,0,0,0,0,0,0,0,3,2,95
4673,4673,0,0,881,-15,-358,-6,0,4,1388,630,261,-233,-1209,83,71,0,0,0,0,0,0,0,0,0,0,15,0,0,0,0,0,0,0,0,0,0,0,3,2,87
4674,4674,0,1,881,-15,-358,-6,0,4,1387,630,261,98,-1141,104,71,0,0,0,0,0,0,0,0,0,0,15,0,0,0,0,0,0,0,0,0,0,0,3,2,76
4675,4675,0,0,1866,10,-497,15,1,5,1398,630,261,342,-1145,114,71,0,0,0,0,0,0,0,0,0,0,15,0,0,0,0,0,0,0,0,0,0,0,3,2,70
4676,4676,0,1,1866,10,-497,15,0,5,1534,630,261,480,-1194,-12,71,0,0,0,0,0,0,0,0,0,0,15,0,0,0,0,0,0,0,0,0,0,0,3,2,73
4677,4677,0,0,950,-10,-235,-11,0,5,1482,630,261,568,-1184,-86,71,0,0,0,0,0,0,0,0,0,0,15,0,0,0,0,0,0,0,0,0,0,0,3,2,79
4678,4678,0,1,950,-10,-235,-11,0,5,1562,-261,-680,653,-1033,16,71,0,0,0,0,0,0,0,0,0,0,15,0,0,0,0,0,0,0,0,0,0,0,3,2,80
4679,4679,0,0,-999,-7,-460,-12,0,5,1540,-261,-680,769,-689,140,71,0,0,0,0,0,0,0,0,0,0,15,0,0,0,0,0,0,0,0,0,0,0,3,2,75
4680,4680,0,1,-999,-7,-460,-12,0,5,1612,-261,-680,931,-219,192,71,0,0,0,0,0,0,0,0,0,0,15,0,0,0,0,0,0,0,0,0,0,0,3,2,64
4681,4681,0,0,-1614,-14,-752,-16,1,1,1680,-261,-680,1137,213,176,70,0,0,0,0,0,0,0,0,0,0,15,0,0,0,0,0,0,0,0,0,0,0,3,2,59
4682,4682,0,1,-1614,-14,-752,-16,0,1,1718,-261,-680,1302,497,122,69,0,0,0,0,0,0,0,0,0,0,15,0,0,0,0,0,0,0,0,0,0,0,3,2,72
4683,4683,0,0,-1166,-14,-383,1,0,1,1844,-261,-680,1266,608,198,70,0,0,0,0,0,0,0,0,0,0,15,0,0,0,0,0,0,0,0,0,0,0,3,2,86
4684,4684,0,1,-1166,-14,-383,1,0,1,2046,261,-680,966,568,72,71,0,0,0,0,0,0,0,0,0,0,15,0,0,0,0,0,0,0,0,0,0,0,3,2,87
4685,4685,0,0,-382,2,913,-15,0,1,59,261,-680,410,503,141,71,0,0,0,0,0,0,0,0,0,0,15,0,0,0,0,0,0,0,0,0,0,0,3,2,69
4686,4686,0,1,-382,2,913,-15,0,1,86,261,-680,-302,478,183,70,0,0,0,0,0,0,0,0,0,0,15,0,0,0,0,0,0,0,0,0,0,0,3,2,40
4687,4687,0,0,-595,13,1483,11,1,2,18,261,-680,-978,503,293,69,0,0,0,0,0,0,0,0,0,0,16,0,0,0,0,0,0,0,0,0,0,0,3,2,35
4688,4688,0,1,-595,13,1483,11,0,2,133,261,-680,-1436,557,288,68,0,0,0,0,0,0,0,0,0,0,16,0,0,0,0,0,0,0,0,0,0,0,3,2,68
4689,4689,0,0,-389,-5,1250,2,0,2,306,261,-680,-1501,536,366,68,0,0,0,0,0,0,0,0,0,0,16,0,0,0,0,0,0,0,0,0,0,0,3,2,95
4690,4690,0,1,-389,-5,1250,2,0,2,663,630,261,-1140,411,343,70,0,0,0,0,0,0,0,0,0,0,15,0,0,0,0,0,0,0,0,0,0,0,3,2,98
4691,4691,0,0,216,-8,1118,-2,0,2,814,630,261,-479,134,425,71,0,0,0,0,0,0,0,0,0,0,16,0,0,0,0,0,0,0,0,0,0,0,3,2,75
4692,4692,0,1,216,-8,1118,-2,0,2,1002,630,261,310,-237,319,70,0,0,0,0,0,0,0,0,0,0,16,0,0,0,0,0,0,0,0,0,0,0,3,2,30
4693,4693,0,0,587,11,1253,5,1,3,1008,630,261,1050,-399,207,68,0,0,0,0,0,0,0,0,0,0,16,0,0,0,0,0,0,0,0,0,0,0,3,2,24
4694,4694,0,1,587,11,1253,5,0,3,944,630,261,1476,-486,159,67,0,0,0,0,0,0,0,0,0,0,17,0,0,0,0,0,0,0,0,0,0,0,3,2,70
4695,4695,0,0,453,5,1374,-2,0,3,943,630,261,1495,-456,112,68,0,0,0,0,0,0,0,0,0,0,16,0,0,0,0,0,0,0,0,0,0,0,3,2,97
4696,4696,0,1,453,5,1374,-2,0,3,1837,-680,261,1050,-512,195,70,0,0,0,0,0,0,0,0,0,0,15,0,0,0,0,0,0,0,0,0,0,0,3,2,97
4697,4697,0,0,221,-3,1133,13,0,3,1947,-680,261,342,-385,168,71,0,0,0,0,0,0,0,0,0,0,16,0,0,0,0,0,0,0,0,0,0,0,3,2,72
4698,4698,0,1,221,-3,1133,13,0,3,2025,-680,261,-493,-335,63,71,0,0,0,0,0,0,0,0,0,0,15,0,0,0,0,0,0,0,0,0,0,0,3,2,31
4699,4699,0,0,587,11,1364,-12,1,4,1983,-680,261,-1150,-359,0,68,0,0,0,0,0,0,0,0,0,0,16,0,0,0,0,0,0,0,0,0,0,0,3,2,36
4700,4700,0,1,587,11,1364,-12,0,4,1900,-680,261,-1488,-405,20,67,0,0,0,0,0,0,0,0,0,0,17,0,0,0,0,0,0,0,0,0,0,0,3,2,74
4701,4701,0,0,149,-11,1192,8,0,4,1740,-680,261,-1527,-379,-56,68,0,0,0,0,0,0,0,0,0,0,16,0,0,0,0,0,0,0,0,0,0,0,3,2,95
4702,4702,0,1,149,-11,1192,8,0,4,1219,630,-261,-1319,-202,-123,70,0,0,0,0,0,0,0,0,0,0,16,0,0,0,0,0,0,0,0,0,0,0,3,2,97
4703,4703,0,0,-274,14,1310,-2,0,4,1088,630,-261,-942,159,-59,71,0,0,0,0,0,0,0,0,0,0,17,0,0,0,0,0,0,0,0,0,0,0,3,2,82
4704,4704,0,1,-274,14,1310,-2,0,4,1109,630,-261,-544,647,-16,71,0,0,0,0,0,0,0,0,0,0,16,0,0,0,0,0,0,0,0,0,0,0,3,2,59
4705,4705,0,0,-887,9,1187,3,1,5,1030,630,-261,-323,1086,106,70,0,0,0,0,0,0,0,0,0,0,16,0,0,0,0,0,0,0,0,0,0,0,3,2,52
4706,4706,0,1,-887,9,1187,3,0,5,1072,630,-261,-293,1367,186,69,0,0,0,0,0,0,0,0,0,0,16,0,0,0,0,0,0,0,0,0,0,0,3,2,70
4707,4707,0,0,-642,-2,897,1,0,5,1003,630,-261,-281,1451,79,69,0,0,0,0,0,0,0,0,0,0,16,0,0,0,0,0,0,0,0,0,0,0,3,2,86
4708,4708,0,1,-642,-2,897,1,0,5,708,-680,-261,-190,1374,11,69,0,0,0,0,0,0,0,0,0,0,16,0,0,0,0,0,0,0,0,0,0,0,3,2,91
4709,4709,0,0,-1093,-5,-177,15,0,5,598,-680,-261,-11,1248,53,70,0,0,0,0,0,0,0,0,0,0,17,0,0,0,0,0,0,0,0,0,0,0,3,2,86
4710,4710,0,1,-1093,-5,-177,15,0,5,524,-680,-261,241,1149,169,70,0,0,0,0,0,0,0,0,0,0,17,0,0,0,0,0,0,0,0,0,0,0,3,2,77
4711,4711,0,0,-1389,-13,-968,-8,1,6,566,-680,-261,490,1108,243,70,0,0,0,0,0,0,0,0,0,0,17,0,0,0,0,0,0,0,0,0,0,0,3,2,72
4712,4712,0,1,-1389,-13,-968,-8,0,6,522,-680,-261,665,1129,361,70,0,0,0,0,0,0,0,0,0,0,17,0,0,0,0,0,0,0,0,0,0,0,3,2,75
4713,4713,0,0,-893,3,-690,14,0,6,514,-680,-261,734,1183,487,70,0,0,0,0,0,0,0,0,0,0,17,0,0,0,0,0,0,0,0,0,0,0,3,2,81
4714,4714,0,1,-893,3,-690,14,0,6,397,-261,630,692,1231,474,71,0,0,0,0,0,0,0,0,0,0,17,0,0,0,0,0,0,0,0,0,0,0,3,2,86
4715,4715,0,0,822,-10,-354,-2,0,6,313,-261,630,596,1217,545,71,0,0,0,0,0,0,0,0,0,0,17,0,0,0,0,0,0,0,0,0,0,0,3,2,87
4716,4716,0,1,822,-10,-354,-2,0,6,379,-261,630,354,1204,550,71,0,0,0,0,0,0,0,0,0,0,17,0,0,0,0,0,0,0,0,0,0,0,3,2,84
4717,4717,0,0,1773,13,-355,-3,1,7,364,-261,630,387,1201,570,71,0,0,0,0,0,0,0,0,0,0,17,0,0,0,0,0,0,0,0,0,0,0,3,2,78
4718,4718,0,1,1773,13,-355,-3,0,7,337,-261,630,484,1258,617,71,0,0,0,0,0,0,0,0,0,0,17,0,0,0,0,0,0,0,0,0,0,0,3,2,79
4719,4719,0,0,1007,15,-163,-3,0,7,494,-261,630,467,1273,507,73,0,0,0,0,0,0,0,0,0,0,17,0,0,0,0,0,0,0,0,0,0,0,3,2,84
4720,4720,0,1,1007,15,-163,-3,0,7,492,261,630,299,1237,399,74,0,0,0,0,0,0,0,0,0,0,16,0,0,0,0,0,0,0,0,0,0,0,3,2,84
4721,4721,0,0,-946,14,336,-16,0,7,444,261,630,84,1230,339,75,0,0,0,0,0,0,0,0,0,0,16,0,0,0,0,0,0,0,0,0,0,0,3,2,80
4722,4722,0,1,-946,14,336,-16,0,7,490,261,630,-171,1259,233,74,0,0,0,0,0,0,0,0,0,0,16,0,0,0,0,0,0,0,0,0,0,0,3,2,77
4723,4723,0,0,-1942,10,409,-7,1,0,430,261,630,-396,1271,187,74,0,0,0,0,0,0,0,0,0,0,15,0,0,0,0,0,0,0,0,0,0,0,3,2,80
4724,4724,0,1,-1942,10,409,-7,0,0,508,261,630,-637,1222,63,74,0,0,0,0,0,0,0,0,0,0,15,0,0,0,0,0,0,0,0,0,0,0,3,2,83
4725,4725,0,0,-951,9,346,-6,0,0,491,261,630,-732,1123,-44,75,0,0,0,0,0,0,0,0,0,0,14,0,0,0,0,0,0,0,0,0,0,0,3,2,86
4726,4726,0,1,-951,9,346,-6,0,0,514,261,630,-591,1035,82,77,0,0,0,0,0,0,0,0,0,0,13,0,0,0,0,0,0,0,0,0,0,0,3,2,84
4727,4727,0,0,831,-1,361,9,0,0,578,261,630,-698,705,144,78,0,0,0,0,0,0,0,0,0,0,13,0,0,0,0,0,0,0,0,0,0,0,3,2,73
4728,4728,0,1,831,-1,361,9,0,0,660,261,630,-945,273,124,77,0,0,0,0,0,0,0,0,0,0,12,0,0,0,0,0,0,0,0,0,0,0,3,2,61
4729,4729,0,0,1696,0,660,-12,1,1,650,261,630,-1210,-159,114,76,0,0,0,0,0,0,0,0,0,0,12,0,0,0,0,0,0,0,0,0,0,0,3,2,60
4730,4730,0,1,1696,0,660,-12,0,1,647,261,630,-1372,-491,107,75,0,0,0,0,0,0,0,0,0,0,12,0,0,0,0,0,0,0,0,0,0,0,3,2,75
4731,4731,0,0,1120,0,704,0,0,1,660,261,630,-1343,-626,87,77,0,0,0,0,0,0,0,0,0,0,11,0,0,0,0,0,0,0,0,0,0,0,3,2,90
4732,4732,0,1,1120,0,704,0,0,1,1014,-261,630,-1058,-596,-31,79,0,0,0,0,0,0,0,0,0,0,11,0,0,0,0,0,0,0,0,0,0,0,3,2,91
4733,4733,0,0,380,-4,1084,-4,0,1,1033,-261,630,-485,-535,88,79,0,0,0,0,0,0,0,0,0,0,11,0,0,0,0,0,0,0,0,0,0,0,3,2,75
4734,4734,0,1,380,-4,1084,-4,0,1,1094,-261,630,266,-514,146,78,0,0,0,0,0,0,0,0,0,0,10,0,0,0,0,0,0,0,0,0,0,0,3,2,44
4735,4735,0,0,341,-11,1442,2,1,2,1166,-261,630,942,-540,132,77,0,0,0,0,0,0,0,0,0,0,10,0,0,0,0,0,0,0,0,0,0,0,3,2,35
4736,4736,0,1,341,-11,1442,2,0,2,1030,-261,630,1357,-583,254,75,0,0,0,0,0,0,0,0,0,0,11,0,0,0,0,0,0,0,0,0,0,0,3,2,67
4737,4737,0,0,82,-14,1204,-12,0,2,1328,-261,630,1414,-535,334,76,0,0,0,0,0,0,0,0,0,0,11,0,0,0,0,0,0,0,0,0,0,0,3,2,91
4738,4738,0,1,82,-14,1204,-12,0,2,1555,-680,-261,1083,-375,443,77,0,0,0,0,0,0,0,0,0,0,11,0,0,0,0,0,0,0,0,0,0,0,3,2,94
4739,4739,0,0,-965,-5,512,0,0,2,1911,-680,-261,437,-93,452,78,0,0,0,0,0,0,0,0,0,0,11,0,0,0,0,0,0,0,0,0,0,0,3,2,71
4740,4740,0,1,-965,-5,512,0,0,2,1917,-680,-261,-365,247,455,77,0,0,0,0,0,0,0,0,0,0,11,0,0,0,0,0,0,0,0,0,0,0,3,2,27
4741,4741,0,0,-1674,-10,195,3,1,3,2028,-680,-261,-1074,510,347,75,0,0,0,0,0,0,0,0,0,0,12,0,0,0,0,0,0,0,0,0,0,0,3,2,26
4742,4742,0,1,-1674,-10,195,3,0,3,1981,-680,-261,-1548,431,286,73,0,0,0,0,0,0,0,0,0,0,13,0,0,0,0,0,0,0,0,0,0,0,3,2,73
4743,4743,0,0,-1178,6,11,11,0,3,1980,-680,-261,-1550,433,226,73,0,0,0,0,0,0,0,0,0,0,13,0,0,0,0,0,0,0,0,0,0,0,3,2,101
4744,4744,0,1,-1178,6,11,11,0,3,896,630,-261,-1132,402,226,74,0,0,0,0,0,0,0,0,0,0,14,0,0,0,0,0,0,0,0,0,0,0,3,2,101
4745,4745,0,0,396,12,-788,12,0,3,889,630,-261,-443,367,233,75,0,0,0,0,0,0,0,0,0,0,14,0,0,0,0,0,0,0,0,0,0,0,3,2,74
4746,4746,0,1,396,12,-788,12,0,3,938,630,-261,386,318,191,75,0,0,0,0,0,0,0,0,0,0,14,0,0,0,0,0,0,0,0,0,0,0,3,2,36
4747,4747,0,0,906,10,-1412,-4,1,4,943,630,-261,1055,287,144,73,0,0,0,0,0,0,0,0,0,0,15,0,0,0,0,0,0,0,0,0,0,0,3,2,30
4748,4748,0,1,906,10,-1412,-4,0,4,938,630,-261,1471,336,102,71,0,0,0,0,0,0,0,0,0,0,16,0,0,0,0,0,0,0,0,0,0,0,3,2,67
4749,4749,0,0,656,-16,-959,1,0,4,832,630,-261,1557,410,166,71,0,0,0,0,0,0,0,0,0,0,15,0,0,0,0,0,0,0,0,0,0,0,3,2,93
4750,4750,0,1,656,-16,-959,1,0,4,192,-680,261,1360,502,102,71,0,0,0,0,0,0,0,0,0,0,16,0,0,0,0,0,0,0,0,0,0,0,3,2,99
4751,4751,0,0,-442,6,975,15,0,4,68,-680,261,1051,662,162,72,0,0,0,0,0,0,0,0,0,0,16,0,0,0,0,0,0,0,0,0,0,0,3,2,90
4752,4752,0,1,-442,6,975,15,0,4,16,-680,261,765,879,274,72,0,0,0,0,0,0,0,0,0,0,17,0,0,0,0,0,0,0,0,0,0,0,3,2,76
4753,4753,0,0,-868,-4,1663,-1,1,5,66,-680,261,603,1094,336,72,0,0,0,0,0,0,0,0,0,0,16,0,0,0,0,0,0,0,0,0,0,0,3,2,72
4754,4754,0,1,-868,-4,1663,-1,0,5,82,-680,261,550,1249,382,71,0,0,0,0,0,0,0,0,0,0,16,0,0,0,0,0,0,0,0,0,0,0,3,2,77
4755,4755,0,0,-490,-10,945,-15,0,5,150,-680,261,480,1291,360,71,0,0,0,0,0,0,0,0,0,0,16,0,0,0,0,0,0,0,0,0,0,0,3,2,85
4756,4756,0,1,-490,-10,945,-15,0,5,311,630,261,298,1209,433,72,0,0,0,0,0,0,0,0,0,0,17,0,0,0,0,0,0,0,0,0,0,0,3,2,86
4757,4757,0,0,974,14,-402,14,0,5,364,630,261,-63,1031,453,72,0,0,0,0,0,0,0,0,0,0,17,0,0,0,0,0,0,0,0,0,0,0,3,2,77
4758,4758,0,1,974,14,-402,14,0,5,507,630,261,-656,726,330,71,0,0,0,0,0,0,0,0,0,0,17,0,0,0,0,0,0,0,0,0,0,0,3,2,64
4759,4759,0,0,1681,-15,-542,2,1,1,508,630,261,-1101,490,206,71,0,0,0,0,0,0,0,0,0,0,17,0,0,0,0,0,0,0,0,0,0,0,3,2,61
4760,4760,0,1,1681,-15,-542,2,0,1,506,630,261,-1405,327,84,70,0,0,0,0,0,0,0,0,0,0,17,0,0,0,0,0,0,0,0,0,0,0,3,2,75
4761,4761,0,0,1041,-15,-499,13,0,1,530,630,261,-1462,205,194,71,0,0,0,0,0,0,0,0,0,0,16,0,0,0,0,0,0,0,0,0,0,0,3,2,90
4762,4762,0,1,1041,-15,-499,13,0,1,695,261,630,-1228,58,139,72,0,0,0,0,0,0,0,0,0,0,17,0,0,0,0,0,0,0,0,0,0,0,3,2,92
4763,4763,0,0,-284,4,-903,-7,0,1,832,261,630,-750,-109,203,72,0,0,0,0,0,0,0,0,0,0,17,0,0,0,0,0,0,0,0,0,0,0,3,2,77
4764,4764,0,1,-284,4,-903,-7,0,1,1023,261,630,-159,-563,76,72,0,0,0,0,0,0,0,0,0,0,17,0,0,0,0,0,0,0,0,0,0,0,3,2,46
4765,4765,0,0,-643,-3,-1383,-7,1,2,988,261,630,300,-1002,-16,71,0,0,0,0,0,0,0,0,0,0,17,0,0,0,0,0,0,0,0,0,0,0,3,2,36
4766,4766,0,1,-643,-3,-1383,-7,0,2,1010,261,630,530,-1300,-130,69,0,0,0,0,0,0,0,0,0,0,18,0,0,0,0,0,0,0,0,0,0,0,3,2,64
4767,4767,0,0,-481,-1,-1152,0,0,2,1063,261,630,587,-1353,-41,70,0,0,0,0,0,0,0,0,0,0,17,0,0,0,0,0,0,0,0,0,0,0,3,2,87
4768,4768,0,1,-481,-1,-1152,0,0,2,1456,-680,261,499,-1082,-89,72,0,0,0,0,0,0,0,0,0,0,17,0,0,0,0,0,0,0,0,0,0,0,3,2,90
4769,4769,0,0,-991,1,-639,1,0,2,1559,-680,261,260,-436,16,72,0,0,0,0,0,0,0,0,0,0,17,0,0,0,0,0,0,0,0,0,0,0,3,2,73
4770,4770,0,1,-991,1,-639,1,0,2,1566,-680,261,-55,431,114,72,0,0,0,0,0,0,0,0,0,0,17,0,0,0,0,0,0,0,0,0,0,0,3,2,30
4771,4771,0,0,-1377,-1,-415,1,1,3,1716,-680,261,-322,1146,62,70,0,0,0,0,0,0,0,0,0,0,17,0,0,0,0,0,0,0,0,0,0,0,3,2,26
4772,4772,0,1,-1377,-1,-415,1,0,3,1668,-680,261,-469,1513,58,68,0,0,0,0,0,0,0,0,0,0,18,0,0,0,0,0,0,0,0,0,0,0,3,2,73
4773,4773,0,0,-1246,2,-687,-15,0,3,1679,-680,261,-482,1507,43,70,0,0,0,0,0,0,0,0,0,0,17,0,0,0,0,0,0,0,0,0,0,0,3,2,97
4774,4774,0,1,-1246,2,-687,-15,0,3,512,261,-680,-335,1161,-85,72,0,0,0,0,0,0,0,0,0,0,16,0,0,0,0,0,0,0,0,0,0,0,3,2,98
4775,4775,0,0,-1116,4,-577,-1,0,3,536,261,-680,39,573,19,73,0,0,0,0,0,0,0,0,0,0,17,0,0,0,0,0,0,0,0,0,0,0,3,2,74
4776,4776,0,1,-1116,4,-577,-1,0,3,576,261,-680,557,-86,83,72,0,0,0,0,0,0,0,0,0,0,16,0,0,0,0,0,0,0,0,0,0,0,3,2,35
4777,4777,0,0,-1261,-13,-569,7,1,4,580,261,-680,1032,-547,143,70,0,0,0,0,0,0,0,0,0,0,17,0,0,0,0,0,0,0,0,0,0,0,3,2,35
4778,4778,0,1,-1261,-13,-569,7,0,4,513,261,-680,1324,-734,270,69,0,0,0,0,0,0,0,0,0,0,18,0,0,0,0,0,0,0,0,0,0,0,3,2,71
4779,4779,0,0,-1100,-12,-699,5,0,4,492,261,-680,1336,-760,162,70,0,0,0,0,0,0,0,0,0,0,17,0,0,0,0,0,0,0,0,0,0,0,3,2,93
4780,4780,0,1,-1100,-12,-699,5,0,4,2031,-261,630,1057,-731,51,72,0,0,0,0,0,0,0,0,0,0,16,0,0,0,0,0,0,0,0,0,0,0,3,2,95
4781,4781,0,0,-601,7,-1116,4,0,4,1906,-261,630,557,-733,65,73,0,0,0,0,0,0,0,0,0,0,17,0,0,0,0,0,0,0,0,0,0,0,3,2,79
4782,4782,0,1,-601,7,-1116,4,0,4,1915,-261,630,-27,-819,70,72,0,0,0,0,0,0,0,0,0,0,16,0,0,0,0,0,0,0,0,0,0,0,3,2,57
4783,4783,0,0,-188,4,-1391,-15,1,5,1912,-261,630,-481,-969,78,71,0,0,0,0,0,0,0,0,0,0,16,0,0,0,0,0,0,0,0,0,0,0,3,2,50
4784,4784,0,1,-188,4,-1391,-15,0,5,1916,-261,630,-725,-1121,82,70,0,0,0,0,0,0,0,0,0,0,16,0,0,0,0,0,0,0,0,0,0,0,3,2,67
4785,4785,0,0,-131,-3,-1033,-9,0,5,1746,-261,630,-784,-1175,0,69,0,0,0,0,0,0,0,0,0,0,16,0,0,0,0,0,0,0,0,0,0,0,3,2,82
4786,4786,0,1,-131,-3,-1033,-9,0,5,1526,630,-261,-763,-1088,-118,70,0,0,0,0,0,0,0,0,0,0,16,0,0,0,0,0,0,0,0,0,0,0,3,2,87
4787,4787,0,0,886,-10,-601,7,0,5,1323,630,-261,-818,-889,-33,70,0,0,0,0,0,0,0,0,0,0,16,0,0,0,0,0,0,0,0,0,0,0,3,2,82
4788,4788,0,1,886,-10,-601,7,0,5,1383,630,-261,-983,-635,-8,70,0,0,0,0,0,0,0,0,0,0,16,0,0,0,0,0,0,0,0,0,0,0,3,2,74
4789,4789,0,0,1562,-6,-265,-9,1,6,1336,630,-261,-1174,-414,64,69,0,0,0,0,0,0,0,0,0,0,16,0,0,0,0,0,0,0,0,0,0,0,3,2,72
4790,4790,0,1,1562,-6,-265,-9,0,6,1402,630,-261,-1325,-286,70,69,0,0,0,0,0,0,0,0,0,0,16,0,0,0,0,0,0,0,0,0,0,0,3,2,77
4791,4791,0,0,1131,11,-107,-11,0,6,1360,630,-261,-1390,-288,118,70,0,0,0,0,0,0,0,0,0,0,16,0,0,0,0,0,0,0,0,0,0,0,3,2,84
4792,4792,0,1,1131,11,-107,-11,0,6,1194,-261,-680,-1371,-375,76,70,0,0,0,0,0,0,0,0,0,0,16,0,0,0,0,0,0,0,0,0,0,0,3,2,87
4793,4793,0,0,-317,3,909,13,0,6,1101,-261,-680,-1313,-425,127,71,0,0,0,0,0,0,0,0,0,0,17,0,0,0,0,0,0,0,0,0,0,0,3,2,87
4794,4794,0,1,-317,3,909,13,0,6,1029,-261,-680,-1261,-409,250,71,0,0,0,0,0,0,0,0,0,0,16,0,0,0,0,0,0,0,0,0,0,0,3,2,85
4795,4795,0,0,-952,8,1489,-15,1,7,1027,-261,-680,-1260,-379,375,70,0,0,0,0,0,0,0,0,0,0,16,0,0,0,0,0,0,0,0,0,0,0,3,2,81
4796,4796,0,1,-952,8,1489,-15,0,7,1092,-261,-680,-1296,-371,435,71,0,0,0,0,0,0,0,0,0,0,16,0,0,0,0,0,0,0,0,0,0,0,3,2,81
4797,4797,0,0,-640,0,908,12,0,7,1092,-261,-680,-1293,-410,495,72,0,0,0,0,0,0,0,0,0,0,16,0,0,0,0,0,0,0,0,0,0,0,3,2,83
4798,4798,0,1,-640,0,908,12,0,7,1094,-680,-261,-1224,-496,553,73,0,0,0,0,0,0,0,0,0,0,15,0,0,0,0,0,0,0,0,0,0,0,3,2,84
4799,4799,0,0,484,4,-956,4,0,7,1102,-680,-261,-1083,-659,603,74,0,0,0,0,0,0,0,0,0,0,15,0,0,0,0,0,0,0,0,0,0,0,3,2,81
4800,4800,0,1,484,4,-956,4,0,7,1090,-680,-261,-762,-973,665,74,0,0,0,0,0,0,0,0,0,0,15,0,0,0,0,0,0,0,0,0,0,0,3,2,78
4801,4801,0,0,873,9,-1563,5,1,0,1092,-680,-261,-541,-1153,725,73,0,0,0,0,0,0,0,0,0,0,15,0,0,0,0,0,0,0,0,0,0,0,3,2,77
4802,4802,0,1,873,9,-1563,5,0,0,1044,-680,-261,-355,-1266,833,73,0,0,0,0,0,0,0,0,0,0,15,0,0,0,0,0,0,0,0,0,0,0,3,2,79
4803,4803,0,0,430,14,-912,-16,0,0,1168,-680,-261,-237,-1249,817,75,0,0,0,0,0,0,0,0,0,0,14,0,0,0,0,0,0,0,0,0,0,0,3,2,82
4804,4804,0,1,430,14,-912,-16,0,0,1338,-680,-261,-95,-1111,887,77,0,0,0,0,0,0,0,0,0,0,12,0,0,0,0,0,0,0,0,0,0,0,3,2,79
4805,4805,0,0,-982,10,267,11,0,0,1396,-680,-261,174,-918,899,77,0,0,0,0,0,0,0,0,0,0,12,0,0,0,0,0,0,0,0,0,0,0,3,2,69
4806,4806,0,1,-982,10,267,11,0,0,1536,-680,-261,600,-716,771,76,0,0,0,0,0,0,0,0,0,0,12,0,0,0,0,0,0,0,0,0,0,0,3,2,58
4807,4807,0,0,-1685,11,694,-10,1,2,1532,-680,-261,1022,-529,647,75,0,0,0,0,0,0,0,0,0,0,11,0,0,0,0,0,0,0,0,0,0,0,3,2,58
4808,4808,0,1,-1685,11,694,-10,0,2,1518,-680,-261,1313,-367,537,74,0,0,0,0,0,0,0,0,0,0,12,0,0,0,0,0,0,0,0,0,0,0,3,2,72
4809,4809,0,0,-1441,-1,158,-2,0,2,1564,-680,-261,1375,-244,637,75,0,0,0,0,0,0,0,0,0,0,11,0,0,0,0,0,0,0,0,0,0,0,3,2,85
4810,4810,0,1,-1441,-1,158,-2,0,2,1698,-261,-680,1167,-102,603,77,0,0,0,0,0,0,0,0,0,0,10,0,0,0,0,0,0,0,0,0,0,0,3,2,87
4811,4811,0,0,-995,-3,-434,14,0,2,1918,-261,-680,702,193,605,77,0,0,0,0,0,0,0,0,0,0,10,0,0,0,0,0,0,0,0,0,0,0,3,2,73
4812,4812,0,1,-995,-3,-434,14,0,2,1953,-261,-680,115,620,572,77,0,0,0,0,0,0,0,0,0,0,10,0,0,0,0,0,0,0,0,0,0,0,3,2,46
4813,4813,0,0,-1331,13,-790,10,1,1,2023,-261,-680,-415,1023,469,75,0,0,0,0,0,0,0,0,0,0,10,0,0,0,0,0,0,0,0,0,0,0,3,2,39
4814,4814,0,1,-1331,13,-790,10,0,1,2022,-261,-680,-721,1269,367,74,0,0,0,0,0,0,0,0,0,0,11,0,0,0,0,0,0,0,0,0,0,0,3,2,69
4815,4815,0,0,-882,14,-684,-12,0,1,87,-261,-680,-801,1269,408,74,0,0,0,0,0,0,0,0,0,0,11,0,0,0,0,0,0,0,0,0,0,0,3,2,91
4816,4816,0,1,-882,14,-684,-12,0,1,486,630,-261,-657,972,306,76,0,0,0,0,0,0,0,0,0,0,11,0,0,0,0,0,0,0,0,0,0,0,3,2,93
4817,4817,0,0,144,-16,-1093,-5,0,1,516,630,-261,-296,369,430,76,0,0,0,0,0,0,0,0,0,0,11,0,0,0,0,0,0,0,0,0,0,0,3,2,73
4818,4818,0,1,144,-16,-1093,-5,0,1,648,630,-261,142,-415,422,76,0,0,0,0,0,0,0,0,0,0,11,0,0,0,0,0,0,0,0,0,0,0,3,2,29
4819,4819,0,0,1066,10,-1259,-11,1,3,663,630,-261,497,-1042,399,74,0,0,0,0,0,0,0,0,0,0,12,0,0,0,0,0,0,0,0,0,0,0,3,2,27
4820,4820,0,1,1066,10,-1259,-11,0,3,640,630,-261,674,-1350,399,73,0,0,0,0,0,0,0,0,0,0,13,0,0,0,0,0,0,0,0,0,0,0,3,2,72
4821,4821,0,0,680,8,-744,-8,0,3,668,630,-261,661,-1338,371,73,0,0,0,0,0,0,0,0,0,0,13,0,0,0,0,0,0,0,0,0,0,0,3,2,94
4822,4822,0,1,680,8,-744,-8,0,3,1611,-261,630,442,-1052,424,73,0,0,0,0,0,0,0,0,0,0,13,0,0,0,0,0,0,0,0,0,0,0,3,2,93
4823,4823,0,0,386,2,745,9,0,3,1744,-261,630,-4,-583,344,74,0,0,0,0,0,0,0,0,0,0,14,0,0,0,0,0,0,0,0,0,0,0,3,2,72
4824,4824,0,1,386,2,745,9,0,3,1718,-261,630,-585,-56,290,73,0,0,0,0,0,0,0,0,0,0,13,0,0,0,0,0,0,0,0,0,0,0,3,2,36
4825,4825,0,0,314,-6,1924,4,1,4,1668,-261,630,-1097,361,286,72,0,0,0,0,0,0,0,0,0,0,14,0,0,0,0,0,0,0,0,0,0,0,3,2,36
4826,4826,0,1,314,-6,1924,4,0,4,1665,-261,630,-1425,572,285,70,0,0,0,0,0,0,0,0,0,0,14,0,0,0,0,0,0,0,0,0,0,0,3,2,72
4827,4827,0,0,342,-10,950,-10,0,4,1534,-261,630,-1540,548,159,70,0,0,0,0,0,0,0,0,0,0,14,0,0,0,0,0,0,0,0,0,0,0,3,2,96
4828,4828,0,1,342,-10,950,-10,0,4,1047,261,-680,-1472,335,264,70,0,0,0,0,0,0,0,0,0,0,14,0,0,0,0,0,0,0,0,0,0,0,3,2,102
4829,4829,0,0,-419,-3,-793,7,0,4,938,261,-680,-1310,49,222,71,0,0,0,0,0,0,0,0,0,0,15,0,0,0,0,0,0,0,0,0,0,0,3,2,95
4830,4830,0,1,-419,-3,-793,7,0,4,934,261,-680,-1159,-233,184,71,0,0,0,0,0,0,0,0,0,0,16,0,0,0,0,0,0,0,0,0,0,0,3,2,82
4831,4831,0,0,-436,12,-1882,6,1,5,1018,261,-680,-1203,-320,62,71,0,0,0,0,0,0,0,0,0,0,16,0,0,0,0,0,0,0,0,0,0,0,3,2,74
4832,4832,0,1,-436,12,-1882,6,0,5,1017,261,-680,-1214,-630,-59,71,0,0,0,0,0,0,0,0,0,0,15,0,0,0,0,0,0,0,0,0,0,0,3,2,77
4833,4833,0,0,-259,-3,-884,12,0,5,1012,261,-680,-1188,-692,-175,71,0,0,0,0,0,0,0,0,0,0,16,0,0,0,0,0,0,0,0,0,0,0,3,2,85
4834,4834,0,1,-259,-3,-884,12,0,5,1024,-680,261,-1074,-580,-303,71,0,0,0,0,0,0,0,0,0,0,16,0,0,0,0,0,0,0,0,0,0,0,3,2,86
4835,4835,0,0,-342,10,943,15,0,5,1108,-680,261,-720,-716,-259,71,0,0,0,0,0,0,0,0,0,0,16,0,0,0,0,0,0,0,0,0,0,0,3,2,75
4836,4836,0,1,-342,10,943,15,0,5,1179,-680,261,-284,-949,-286,71,0,0,0,0,0,0,0,0,0,0,16,0,0,0,0,0,0,0,0,0,0,0,3,2,62
4837,4837,0,0,-810,-10,1671,7,1,1,1195,-680,261,174,-1174,-329,71,0,0,0,0,0,0,0,0,0,0,16,0,0,0,0,0,0,0,0,0,0,0,3,2,60
4838,4838,0,1,-810,-10,1671,7,0,1,1168,-680,261,558,-1287,-345,70,0,0,0,0,0,0,0,0,0,0,16,0,0,0,0,0,0,0,0,0,0,0,3,2,73
4839,4839,0,0,-337,15,1055,-1,0,1,1174,-680,261,695,-1231,-367,71,0,0,0,0,0,0,0,0,0,0,16,0,0,0,0,0,0,0,0,0,0,0,3,2,87
4840,4840,0,1,-337,15,1055,-1,0,1,1449,-680,-261,645,-931,-408,72,0,0,0,0,0,0,0,0,0,0,16,0,0,0,0,0,0,0,0,0,0,0,3,2,87
4841,4841,0,0,903,7,436,-12,0,1,1542,-680,-261,557,-407,-286,72,0,0,0,0,0,0,0,0,0,0,16,0,0,0,0,0,0,0,0,0,0,0,3,2,69
4842,4842,0,1,903,7,436,-12,0,1,1540,-680,-261,525,274,-162,72,0,0,0,0,0,0,0,0,0,0,16,0,0,0,0,0,0,0,0,0,0,0,3,2,42
4843,4843,0,0,1444,4,499,-13,1,2,1711,-680,-261,541,951,-209,70,0,0,0,0,0,0,0,0,0,0,17,0,0,0,0,0,0,0,0,0,0,0,3,2,36
4844,4844,0,1,1444,4,499,-13,0,2,1733,-680,-261,574,1428,-278,69,0,0,0,0,0,0,0,0,0,0,18,0,0,0,0,0,0,0,0,0,0,0,3,2,67
4845,4845,0,0,1272,-8,474,-6,0,2,1844,-680,-261,571,1480,-202,70,0,0,0,0,0,0,0,0,0,0,17,0,0,0,0,0,0,0,0,0,0,0,3,2,95
4846,4846,0,1,1272,-8,474,-6,0,2,155,261,-680,477,1087,-229,72,0,0,0,0,0,0,0,0,0,0,16,0,0,0,0,0,0,0,0,0,0,0,3,2,98
4847,4847,0,0,1039,15,-241,15,0,2,376,261,-680,180,445,-221,73,0,0,0,0,0,0,0,0,0,0,17,0,0,0,0,0,0,0,0,0,0,0,3,2,73
4848,4848,0,1,1039,15,-241,15,0,2,422,261,-680,-233,-286,-259,72,0,0,0,0,0,0,0,0,0,0,16,0,0,0,0,0,0,0,0,0,0,0,3,2,30
4849,4849,0,0,1239,-9,-586,-10,1,3,497,261,-680,-539,-957,-372,70,0,0,0,0,0,0,0,0,0,0,17,0,0,0,0,0,0,0,0,0,0,0,3,2,22
4850,4850,0,1,1239,-9,-586,-10,0,3,314,261,-680,-654,-1402,-302,68,0,0,0,0,0,0,0,0,0,0,19,0,0,0,0,0,0,0,0,0,0,0,3,2,68
4851,4851,0,0,1314,2,-404,12,0,3,492,261,-680,-618,-1431,-410,70,0,0,0,0,0,0,0,0,0,0,17,0,0,0,0,0,0,0,0,0,0,0,3,2,96
4852,4852,0,1,1314,2,-404,12,0,3,1316,261,630,-491,-1023,-318,72,0,0,0,0,0,0,0,0,0,0,17,0,0,0,0,0,0,0,0,0,0,0,3,2,96
4853,4853,0,0,1179,-5,-292,-4,0,3,1386,261,630,-354,-326,-296,73,0,0,0,0,0,0,0,0,0,0,17,0,0,0,0,0,0,0,0,0,0,0,3,2,70
4854,4854,0,1,1179,-5,-292,-4,0,3,1403,261,630,-277,469,-291,72,0,0,0,0,0,0,0,0,0,0,17,0,0,0,0,0,0,0,0,0,0,0,3,2,29
4855,4855,0,0,1291,11,-416,0,1,4,1372,261,630,-300,1127,-255,70,0,0,0,0,0,0,0,0,0,0,17,0,0,0,0,0,0,0,0,0,0,0,3,2,33
4856,4856,0,1,1291,11,-416,0,0,4,1391,261,630,-406,1495,-238,69,0,0,0,0,0,0,0,0,0,0,18,0,0,0,0,0,0,0,0,0,0,0,3,2,72
4857,4857,0,0,1193,9,-309,11,0,4,1171,261,630,-399,1523,-257,70,0,0,0,0,0,0,0,0,0,0,17,0,0,0,0,0,0,0,0,0,0,0,3,2,95
4858,4858,0,1,1193,9,-309,11,0,4,652,-261,-680,-212,1263,-269,72,0,0,0,0,0,0,0,0,0,0,17,0,0,0,0,0,0,0,0,0,0,0,3,2,97
4859,4859,0,0,1225,9,477,-3,0,4,580,-261,-680,163,889,-209,72,0,0,0,0,0,0,0,0,0,0,18,0,0,0,0,0,0,0,0,0,0,0,3,2,79
4860,4860,0,1,1225,9,477,-3,0,4,597,-261,-680,646,540,-166,72,0,0,0,0,0,0,0,0,0,0,17,0,0,0,0,0,0,0,0,0,0,0,3,2,56
4861,4861,0,0,1222,6,652,12,1,5,578,-261,-680,1065,330,-104,70,0,0,0,0,0,0,0,0,0,0,17,0,0,0,0,0,0,0,0,0,0,0,3,2,52
4862,4862,0,1,1222,6,652,12,0,5,517,-261,-680,1330,270,19,69,0,0,0,0,0,0,0,0,0,0,17,0,0,0,0,0,0,0,0,0,0,0,3,2,69
4863,4863,0,0,819,-13,776,8,0,5,486,-261,-680,1423,266,-83,69,0,0,0,0,0,0,0,0,0,0,16,0,0,0,0,0,0,0,0,0,0,0,3,2,84
4864,4864,0,1,819,-13,776,8,0,5,195,-261,630,1370,223,-150,69,0,0,0,0,0,0,0,0,0,0,17,0,0,0,0,0,0,0,0,0,0,0,3,2,89
4865,4865,0,0,-94,2,961,1,0,5,1,-261,630,1239,56,-23,69,0,0,0,0,0,0,0,0,0,0,17,0,0,0,0,0,0,0,0,0,0,0,3,2,85
4866,4866,0,1,-94,2,961,1,0,5,40,-261,630,1108,-231,65,69,0,0,0,0,0,0,0,0,0,0,17,0,0,0,0,0,0,0,0,0,0,0,3,2,76
4867,4867,0,0,-942,-14,1420,12,1,6,20,-261,630,1058,-482,173,69,0,0,0,0,0,0,0,0,0,0,17,0,0,0,0,0,0,0,0,0,0,0,3,2,70
4868,4868,0,1,-942,-14,1420,12,0,6,19,-261,630,1096,-653,282,69,0,0,0,0,0,0,0,0,0,0,17,0,0,0,0,0,0,0,0,0,0,0,3,2,72
4869,4869,0,0,-702,2,896,0,0,6,14,-261,630,1152,-717,396,69,0,0,0,0,0,0,0,0,0,0,17,0,0,0,0,0,0,0,0,0,0,0,3,2,79
4870,4870,0,1,-702,2,896,0,0,6,2047,630,261,1194,-669,269,70,0,0,0,0,0,0,0,0,0,0,16,0,0,0,0,0,0,0,0,0,0,0,3,2,84
4871,4871,0,0,-310,10,-892,4,0,6,1917,630,261,1192,-594,272,70,0,0,0,0,0,0,0,0,0,0,17,0,0,0,0,0,0,0,0,0,0,0,3,2,85
4872,4872,0,1,-310,10,-892,4,0,6,1875,630,261,1163,-534,317,70,0,0,0,0,0,0,0,0,0,0,17,0,0,0,0,0,0,0,0,0,0,0,3,2,82
4873,4873,0,0,-350,2,-1658,6,1,7,1868,630,261,1157,-536,369,70,0,0,0,0,0,0,0,0,0,0,17,0,0,0,0,0,0,0,0,0,0,0,3,2,79
4874,4874,0,1,-350,2,-1658,6,0,7,1915,630,261,1178,-574,374,70,0,0,0,0,0,0,0,0,0,0,17,0,0,0,0,0,0,0,0,0,0,0,3,2,79
4875,4875,0,0,-112,-16,-1040,-16,0,7,1898,630,261,1181,-578,396,71,0,0,0,0,0,0,0,0,0,0,16,0,0,0,0,0,0,0,0,0,0,0,3,2,81
4876,4876,0,1,-112,-16,-1040,-16,0,7,2046,630,-261,1167,-493,270,73,0,0,0,0,0,0,0,0,0,0,15,0,0,0,0,0,0,0,0,0,0,0,3,2,81
4877,4877,0,0,369,-15,1042,-14,0,7,1908,630,-261,1187,-269,282,73,0,0,0,0,0,0,0,0,0,0,16,0,0,0,0,0,0,0,0,0,0,0,3,2,78
4878,4878,0,1,369,-15,1042,-14,0,7,1902,630,-261,1244,40,300,73,0,0,0,0,0,0,0,0,0,0,15,0,0,0,0,0,0,0,0,0,0,0,3,2,75
4879,4879,0,0,522,10,1824,0,1,0,1900,630,-261,1291,277,320,72,0,0,0,0,0,0,0,0,0,0,14,0,0,0,0,0,0,0,0,0,0,0,3,2,76
4880,4880,0,1,522,10,1824,0,0,0,1856,630,-261,1286,403,384,72,0,0,0,0,0,0,0,0,0,0,14,0,0,0,0,0,0,0,0,0,0,0,3,2,82
4881,4881,0,0,377,-7,981,-11,0,0,2041,630,-261,1198,493,263,74,0,0,0,0,0,0,0,0,0,0,13,0,0,0,0,0,0,0,0,0,0,0,3,2,83
4882,4882,0,1,377,-7,981,-11,0,0,10,630,-261,1002,596,381,76,0,0,0,0,0,0,0,0,0,0,12,0,0,0,0,0,0,0,0,0,0,0,3,2,80
4883,4883,0,0,415,-1,-906,-10,0,0,4,630,-261,689,728,505,76,0,0,0,0,0,0,0,0,0,0,12,0,0,0,0,0,0,0,0,0,0,0,3,2,72
4884,4884,0,1,415,-1,-906,-10,0,0,66,630,-261,289,901,567,75,0,0,0,0,0,0,0,0,0,0,12,0,0,0,0,0,0,0,0,0,0,0,3,2,61
4885,4885,0,0,692,-12,-1588,12,1,1,70,630,-261,-121,1133,625,74,0,0,0,0,0,0,0,0,0,0,11,0,0,0,0,0,0,0,0,0,0,0,3,2,59
4886,4886,0,1,692,-12,-1588,12,0,1,142,630,-261,-453,1341,611,74,0,0,0,0,0,0,0,0,0,0,12,0,0,0,0,0,0,0,0,0,0,0,3,2,70
4887,4887,0,0,760,-8,-1096,-8,0,1,362,630,-261,-769,1246,633,75,0,0,0,0,0,0,0,0,0,0,10,0,0,0,0,0,0,0,0,0,0,0,3,2,87
4888,4888,0,1,760,-8,-1096,-8,0,1,508,630,261,-718,967,509,77,0,0,0,0,0,0,0,0,0,0,10,0,0,0,0,0,0,0,0,0,0,0,3,2,91
4889,4889,0,0,1030,6,-336,-16,0,1,515,630,261,-580,387,634,77,0,0,0,0,0,0,0,0,0,0,10,0,0,0,0,0,0,0,0,0,0,0,3,2,75
4890,4890,0,1,1030,6,-336,-16,0,1,584,630,261,-446,-366,690,77,0,0,0,0,0,0,0,0,0,0,9,0,0,0,0,0,0,0,0,0,0,0,3,2,44
4891,4891,0,0,1394,-14,-392,-8,1,2,660,630,261,-379,-1003,670,75,0,0,0,0,0,0,0,0,0,0,10,0,0,0,0,0,0,0,0,0,0,0,3,2,35
4892,4892,0,1,1394,-14,-392,-8,0,2,710,630,261,-367,-1362,600,74,0,0,0,0,0,0,0,0,0,0,11,0,0,0,0,0,0,0,0,0,0,0,3,2,66
4893,4893,0,0,1131,11,-71,-7,0,2,889,630,261,-320,-1400,607,74,0,0,0,0,0,0,0,0,0,0,10,0,0,0,0,0,0,0,0,0,0,0,3,2,88
4894,4894,0,1,1131,11,-71,-7,0,2,1239,-261,630,-165,-1096,520,75,0,0,0,0,0,0,0,0,0,0,10,0,0,0,0,0,0,0,0,0,0,0,3,2,90
4895,4895,0,0,668,-4,907,11,0,2,1532,-261,630,19,-426,396,76,0,0,0,0,0,0,0,0,0,0,11,0,0,0,0,0,0,0,0,0,0,0,3,2,69
4896,4896,0,1,668,-4,907,11,0,2,1444,-261,630,241,429,360,75,0,0,0,0,0,0,0,0,0,0,10,0,0,0,0,0,0,0,0,0,0,0,3,2,26
4897,4897,0,0,187,-5,1719,-9,1,3,1535,-261,630,422,1136,233,73,0,0,0,0,0,0,0,0,0,0,11,0,0,0,0,0,0,0,0,0,0,0,3,2,30
4898,4898,0,1,187,-5,1719,-9,0,3,1489,-261,630,512,1501,152,72,0,0,0,0,0,0,0,0,0,0,12,0,0,0,0,0,0,0,0,0,0,0,3,2,76
4899,4899,0,0,93,-3,1028,4,0,3,1550,-261,630,514,1486,266,72,0,0,0,0,0,0,0,0,0,0,12,0,0,0,0,0,0,0,0,0,0,0,3,2,99
4900,4900,0,1,93,-3,1028,4,0,3,378,-261,-680,458,1105,272,72,0,0,0,0,0,0,0,0,0,0,13,0,0,0,0,0,0,0,0,0,0,0,3,2,98
4901,4901,0,0,-881,15,-242,14,0,3,446,-261,-680,466,375,210,73,0,0,0,0,0,0,0,0,0,0,14,0,0,0,0,0,0,0,0,0,0,0,3,2,75
4902,4902,0,1,-881,15,-242,14,0,3,502,-261,-680,357,-426,92,73,0,0,0,0,0,0,0,0,0,0,13,0,0,0,0,0,0,0,0,0,0,0,3,2,36
4903,4903,0,0,-1565,3,-1076,12,1,4,508,-261,-680,330,-1077,-32,72,0,0,0,0,0,0,0,0,0,0,14,0,0,0,0,0,0,0,0,0,0,0,3,2,34
4904,4904,0,1,-1565,3,-1076,12,0,4,441,-261,-680,383,-1435,-89,70,0,0,0,0,0,0,0,0,0,0,15,0,0,0,0,0,0,0,0,0,0,0,3,2,69
4905,4905,0,0,-957,3,-505,7,0,4,220,-261,-680,461,-1496,-181,70,0,0,0,0,0,0,0,0,0,0,14,0,0,0,0,0,0,0,0,0,0,0,3,2,92
4906,4906,0,1,-957,3,-505,7,0,4,1666,261,630,551,-1318,-183,70,0,0,0,0,0,0,0,0,0,0,15,0,0,0,0,0,0,0,0,0,0,0,3,2,96
4907,4907,0,0,882,-14,321,1,0,4,1600,261,630,682,-1026,-119,71,0,0,0,0,0,0,0,0,0,0,15,0,0,0,0,0,0,0,0,0,0,0,3,2,89
4908,4908,0,1,882,-14,321,1,0,4,1618,261,630,862,-737,-73,71,0,0,0,0,0,0,0,0,0,0,16,0,0,0,0,0,0,0,0,0,0,0,3,2,76
4909,4909,0,0,1686,-10,973,13,1,5,1601,261,630,1052,-579,-10,71,0,0,0,0,0,0,0,0,0,0,16,0,0,0,0,0,0,0,0,0,0,0,3,2,70
4910,4910,0,1,1686,-10,973,13,0,5,1552,261,630,1196,-555,102,70,0,0,0,0,0,0,0,0,0,0,15,0,0,0,0,0,0,0,0,0,0,0,3,2,74
4911,4911,0,0,867,3,349,-3,0,5,1678,261,630,1229,-506,88,70,0,0,0,0,0,0,0,0,0,0,16,0,0,0,0,0,0,0,0,0,0,0,3,2,81
4912,4912,0,1,867,3,349,-3,0,5,1850,261,-680,1155,-312,158,71,0,0,0,0,0,0,0,0,0,0,16,0,0,0,0,0,0,0,0,0,0,0,3,2,82
4913,4913,0,0,-388,-4,-870,-6,0,5,1917,261,-680,1030,42,161,71,0,0,0,0,0,0,0,0,0,0,16,0,0,0,0,0,0,0,0,0,0,0,3,2,74
4914,4914,0,1,-388,-4,-870,-6,0,5,2043,261,-680,886,514,38,70,0,0,0,0,0,0,0,0,0,0,16,0,0,0,0,0,0,0,0,0,0,0,3,2,63
4915,4915,0,0,-495,-15,-1728,0,1,1,1961,261,-680,728,997,-3,70,0,0,0,0,0,0,0,0,0,0,16,0,0,0,0,0,0,0,0,0,0,0,3,2,62
4916,4916,0,1,-495,-15,-1728,0,0,1,2042,261,-680,561,1356,-125,69,0,0,0,0,0,0,0,0,0,0,16,0,0,0,0,0,0,0,0,0,0,0,3,2,76
4917,4917,0,0,-506,6,-914,14,0,1,13,261,-680,423,1409,-10,70,0,0,0,0,0,0,0,0,0,0,16,0,0,0,0,0,0,0,0,0,0,0,3,2,90
4918,4918,0,1,-506,6,-914,14,0,1,130,630,-261,258,1144,-12,71,0,0,0,0,0,0,0,0,0,0,16,0,0,0,0,0,0,0,0,0,0,0,3,2,91
4919,4919,0,0,-991,1,259,3,0,1,316,630,-261,-90,703,56,72,0,0,0,0,0,0,0,0,0,0,16,0,0,0,0,0,0,0,0,0,0,0,3,2,72
4920,4920,0,1,-991,1,259,3,0,1,417,630,-261,-599,200,23,71,0,0,0,0,0,0,0,0,0,0,16,0,0,0,0,0,0,0,0,0,0,0,3,2,44
4921,4921,0,0,-1535,1,578,2,1,2,427,630,-261,-1098,-245,-20,70,0,0,0,0,0,0,0,0,0,0,16,0,0,0,0,0,0,0,0,0,0,0,3,2,38
4922,4922,0,1,-1535,1,578,2,0,2,433,630,-261,-1437,-551,-69,68,0,0,0,0,0,0,0,0,0,0,17,0,0,0,0,0,0,0,0,0,0,0,3,2,69
4923,4923,0,0,-1189,-5,500,-12,0,2,545,630,-261,-1467,-613,26,69,0,0,0,0,0,0,0,0,0,0,16,0,0,0,0,0,0,0,0,0,0,0,3,2,95
4924,4924,0,1,-1189,-5,500,-12,0,2,936,261,630,-1133,-452,-14,71,0,0,0,0,0,0,0,0,0,0,16,0,0,0,0,0,0,0,0,0,0,0,3,2,98
4925,4925,0,0,-614,-6,883,-13,0,2,1094,261,630,-466,-210,44,72,0,0,0,0,0,0,0,0,0,0,16,0,0,0,0,0,0,0,0,0,0,0,3,2,75
4926,4926,0,1,-614,-6,883,-13,0,2,1046,261,630,371,41,150,72,0,0,0,0,0,0,0,0,0,0,16,0,0,0,0,0,0,0,0,0,0,0,3,2,31
4927,4927,0,0,-345,7,1424,-16,1,3,1168,261,630,1090,296,134,70,0,0,0,0,0,0,0,0,0,0,17,0,0,0,0,0,0,0,0,0,0,0,3,2,23
4928,4928,0,1,-345,7,1424,-16,0,3,1091,261,630,1496,489,195,68,0,0,0,0,0,0,0,0,0,0,18,0,0,0,0,0,0,0,0,0,0,0,3,2,69
4929,4929,0,0,-642,-2,1247,-1,0,3,1152,261,630,1493,496,195,70,0,0,0,0,0,0,0,0,0,0,17,0,0,0,0,0,0,0,0,0,0,0,3,2,97
4930,4930,0,1,-642,-2,1247,-1,0,3,3,-680,-261,1115,285,320,72,0,0,0,0,0,0,0,0,0,0,16,0,0,0,0,0,0,0,0,0,0,0,3,2,98
4931,4931,0,0,-613,-5,1054,-2,0,3,86,-680,-261,523,-83,362,73,0,0,0,0,0,0,0,0,0,0,17,0,0,0,0,0,0,0,0,0,0,0,3,2,71
4932,4932,0,1,-613,-5,1054,-2,0,3,70,-680,-261,-93,-539,420,72,0,0,0,0,0,0,0,0,0,0,16,0,0,0,0,0,0,0,0,0,0,0,3,2,32
4933,4933,0,0,-503,9,1248,0,1,4,64,-680,-261,-515,-998,484,70,0,0,0,0,0,0,0,0,0,0,16,0,0,0,0,0,0,0,0,0,0,0,3,2,33
4934,4934,0,1,-503,9,1248,0,0,4,72,-680,-261,-691,-1323,540,68,0,0,0,0,0,0,0,0,0,0,18,0,0,0,0,0,0,0,0,0,0,0,3,2,69
4935,4935,0,0,-683,-11,1064,8,0,4,2046,-680,-261,-722,-1329,414,69,0,0,0,0,0,0,0,0,0,0,16,0,0,0,0,0,0,0,0,0,0,0,3,2,92
4936,4936,0,1,-683,-11,1064,8,0,4,1514,630,261,-709,-1000,308,71,0,0,0,0,0,0,0,0,0,0,16,0,0,0,0,0,0,0,0,0,0,0,3,2,93
4937,4937,0,0,-1126,-6,573,-3,0,4,1405,630,261,-674,-574,311,72,0,0,0,0,0,0,0,0,0,0,17,0,0,0,0,0,0,0,0,0,0,0,3,2,76
4938,4938,0,1,-1126,-6,573,-3,0,4,1380,630,261,-872,-59,339,71,0,0,0,0,0,0,0,0,0,0,16,0,0,0,0,0,0,0,0,0,0,0,3,2,55
4939,4939,0,0,-1572,-4,198,6,1,5,1408,630,261,-1076,468,339,70,0,0,0,0,0,0,0,0,0,0,16,0,0,0,0,0,0,0,0,0,0,0,3,2,54
4940,4940,0,1,-1572,-4,198,6,0,5,1336,630,261,-1256,689,411,69,0,0,0,0,0,0,0,0,0,0,16,0,0,0,0,0,0,0,0,0,0,0,3,2,72
4941,4941,0,0,-1075,13,152,-8,0,5,1220,630,261,-1295,757,343,69,0,0,0,0,0,0,0,0,0,0,16,0,0,0,0,0,0,0,0,0,0,0,3,2,88
4942,4942,0,1,-1075,13,152,-8,0,5,1044,-261,-680,-1163,750,451,69,0,0,0,0,0,0,0,0,0,0,16,0,0,0,0,0,0,0,0,0,0,0,3,2,93
4943,4943,0,0,-646,-6,-973,-13,0,5,892,-261,-680,-921,788,455,70,0,0,0,0,0,0,0,0,0,0,17,0,0,0,0,0,0,0,0,0,0,0,3,2,85
4944,4944,0,1,-646,-6,-973,-13,0,5,894,-261,-680,-746,818,457,70,0,0,0,0,0,0,0,0,0,0,17,0,0,0,0,0,0,0,0,0,0,0,3,2,75
4945,4945,0,0,-230,-6,-1430,10,1,6,852,-261,-680,-393,1112,501,70,0,0,0,0,0,0,0,0,0,0,17,0,0,0,0,0,0,0,0,0,0,0,3,2,69
4946,4946,0,1,-230,-6,-1430,10,0,6,872,-261,-680,-405,1250,525,70,0,0,0,0,0,0,0,0,0,0,17,0,0,0,0,0,0,0,0,0,0,0,3,2,73
4947,4947,0,0,-34,-2,-1172,12,0,6,793,-261,-680,-409,1341,628,70,0,0,0,0,0,0,0,0,0,0,17,0,0,0,0,0,0,0,0,0,0,0,3,2,82
4948,4948,0,1,-34,-2,-1172,12,0,6,640,-680,261,-502,1300,628,71,0,0,0,0,0,0,0,0,0,0,17,0,0,0,0,0,0,0,0,0,0,0,3,2,88
4949,4949,0,0,802,2,396,12,0,6,582,-680,261,-572,1210,686,71,0,0,0,0,0,0,0,0,0,0,17,0,0,0,0,0,0,0,0,0,0,0,3,2,87
4950,4950,0,1,802,2,396,12,0,6,581,-680,261,-576,1139,745,71,0,0,0,0,0,0,0,0,0,0,17,0,0,0,0,0,0,0,0,0,0,0,3,2,83
4951,4951,0,0,1473,1,909,13,1,7,576,-680,261,-541,1138,809,71,0,0,0,0,0,0,0,0,0,0,17,0,0,0,0,0,0,0,0,0,0,0,3,2,80
4952,4952,0,1,1473,1,909,13,0,7,598,-680,261,-507,1186,851,71,0,0,0,0,0,0,0,0,0,0,17,0,0,0,0,0,0,0,0,0,0,0,3,2,79
4953,4953,0,0,851,-13,555,11,0,7,654,-680,261,-555,1175,837,72,0,0,0,0,0,0,0,0,0,0,16,0,0,0,0,0,0,0,0,0,0,0,3,2,81
4954,4954,0,1,851,-13,555,11,0,7,665,-261,630,-643,1088,812,73,0,0,0,0,0,0,0,0,0,0,16,0,0,0,0,0,0,0,0,0,0,0,3,2,81
4955,4955,0,0,-957,3,-401,15,0,7,710,-261,630,-800,922,742,74,0,0,0,0,0,0,0,0,0,0,16,0,0,0,0,0,0,0,0,0,0,0,3,2,79
4956,4956,0,1,-957,3,-401,15,0,7,515,-261,630,-1005,706,867,73,0,0,0,0,0,0,0,0,0,0,15,0,0,0,0,0,0,0,0,0,0,0,3,2,76
4957,4957,0,0,-1743,-15,-957,3,1,0,654,-261,630,-1227,492,853,73,0,0,0,0,0,0,0,0,0,0,14,0,0,0,0,0,0,0,0,0,0,0,3,2,76
4958,4958,0,1,-1743,-15,-957,3,0,0,653,-261,630,-1392,321,840,73,0,0,0,0,0,0,0,0,0,0,14,0,0,0,0,0,0,0,0,0,0,0,3,2,83
4959,4959,0,0,-939,-11,-350,2,0,0,704,-261,630,-1380,216,776,74,0,0,0,0,0,0,0,0,0,0,13,0,0,0,0,0,0,0,0,0,0,0,3,2,89
4960,4960,0,1,-939,-11,-350,2,0,0,826,-261,630,-1197,102,846,76,0,0,0,0,0,0,0,0,0,0,12,0,0,0,0,0,0,0,0,0,0,0,3,2,87
4961,4961,0,0,259,3,993,1,0,0,814,-261,630,-968,-191,928,77,0,0,0,0,0,0,0,0,0,0,13,0,0,0,0,0,0,0,0,0,0,0,3,2,75
4962,4962,0,1,259,3,993,1,0,0,1008,-261,630,-755,-642,816,76,0,0,0,0,0,0,0,0,0,0,12,0,0,0,0,0,0,0,0,0,0,0,3,2,61
4963,4963,0,0,731,-5,1577,9,1,1,1014,-261,630,-548,-1036,698,75,0,0,0,0,0,0,0,0,0,0,12,0,0,0,0,0,0,0,0,0,0,0,3,2,62
4964,4964,0,1,731,-5,1577,9,0,1,1005,-261,630,-354,-1263,589,75,0,0,0,0,0,0,0,0,0,0,12,0,0,0,0,0,0,0,0,0,0,0,3,2,73
4965,4965,0,0,289,1,1480,8,0,1,1054,-261,630,-202,-1313,687,76,0,0,0,0,0,0,0,0,0,0,11,0,0,0,0,0,0,0,0,0,0,0,3,2,82
4966,4966,0,1,289,1,1480,8,0,1,1252,-680,261,-50,-1148,587,78,0,0,0,0,0,0,0,0,0,0,10,0,0,0,0,0,0,0,0,0,0,0,3,2,83
4967,4967,0,0,-480,0,860,-4,0,1,1394,-680,261,208,-697,601,78,0,0,0,0,0,0,0,0,0,0,10,0,0,0,0,0,0,0,0,0,0,0,3,2,72
4968,4968,0,1,-480,0,860,-4,0,1,1520,-680,261,578,-67,489,77,0,0,0,0,0,0,0,0,0,0,9,0,0,0,0,0,0,0,0,0,0,0,3,2,45
4969,4969,0,0,-675,-3,1421,13,1,2,1488,-680,261,956,447,409,76,0,0,0,0,0,0,0,0,0,0,10,0,0,0,0,0,0,0,0,0,0,0,3,2,36
4970,4970,0,1,-675,-3,1421,13,0,2,1522,-680,261,1222,712,295,75,0,0,0,0,0,0,0,0,0,0,11,0,0,0,0,0,0,0,0,0,0,0,3,2,65
4971,4971,0,0,-766,2,800,0,0,2,1606,-680,261,1234,751,353,75,0,0,0,0,0,0,0,0,0,0,11,0,0,0,0,0,0,0,0,0,0,0,3,2,88
4972,4972,0,1,-766,2,800,0,0,2,2036,-261,-680,931,594,237,76,0,0,0,0,0,0,0,0,0,0,11,0,0,0,0,0,0,0,0,0,0,0,3,2,90
4973,4973,0,0,-1120,0,-133,-5,0,2,141,-261,-680,331,265,224,77,0,0,0,0,0,0,0,0,0,0,11,0,0,0,0,0,0,0,0,0,0,0,3,2,69
4974,4974,0,1,-1120,0,-133,-5,0,2,180,-261,-680,-444,-122,172,76,0,0,0,0,0,0,0,0,0,0,11,0,0,0,0,0,0,0,0,0,0,0,3,2,26
4975,4975,0,0,-1366,10,-1092,-4,1,3,144,-261,-680,-1101,-476,156,74,0,0,0,0,0,0,0,0,0,0,11,0,0,0,0,0,0,0,0,0,0,0,3,2,28
4976,4976,0,1,-1366,10,-1092,-4,0,3,184,-261,-680,-1465,-694,100,72,0,0,0,0,0,0,0,0,0,0,12,0,0,0,0,0,0,0,0,0,0,0,3,2,75
4977,4977,0,0,-874,-10,-667,5,0,3,219,-261,-680,-1459,-681,9,72,0,0,0,0,0,0,0,0,0,0,12,0,0,0,0,0,0,0,0,0,0,0,3,2,101
4978,4978,0,1,-874,-10,-667,5,0,3,1118,630,261,-1183,-270,43,73,0,0,0,0,0,0,0,0,0,0,13,0,0,0,0,0,0,0,0,0,0,0,3,2,101
4979,4979,0,0,818,-14,-316,4,0,3,1156,630,261,-606,131,39,74,0,0,0,0,0,0,0,0,0,0,14,0,0,0,0,0,0,0,0,0,0,0,3,2,74
4980,4980,0,1,818,-14,-316,4,0,3,1191,630,261,14,618,0,74,0,0,0,0,0,0,0,0,0,0,14,0,0,0,0,0,0,0,0,0,0,0,3,2,38
4981,4981,0,0,1770,10,-394,-10,1,4,1158,630,261,507,1028,-6,72,0,0,0,0,0,0,0,0,0,0,14,0,0,0,0,0,0,0,0,0,0,0,3,2,38
4982,4982,0,1,1770,10,-394,-10,0,4,1024,630,261,778,1286,-134,71,0,0,0,0,0,0,0,0,0,0,15,0,0,0,0,0,0,0,0,0,0,0,3,2,71
4983,4983,0,0,970,10,-172,-12,0,4,1020,630,261,806,1405,-258,70,0,0,0,0,0,0,0,0,0,0,14,0,0,0,0,0,0,0,0,0,0,0,3,2,92
4984,4984,0,1,970,10,-172,-12,0,4,506,-680,-261,617,1397,-380,71,0,0,0,0,0,0,0,0,0,0,15,0,0,0,0,0,0,0,0,0,0,0,3,2,100
4985,4985,0,0,-851,13,221,-3,0,4,380,-680,-261,287,1269,-376,71,0,0,0,0,0,0,0,0,0,0,15,0,0,0,0,0,0,0,0,0,0,0,3,2,94
4986,4986,0,1,-851,13,221,-3,0,4,384,-680,-261,-66,1122,-376,72,0,0,0,0,0,0,0,0,0,0,16,0,0,0,0,0,0,0,0,0,0,0,3,2,80
4987,4987,0,0,-2039,9,502,-10,1,5,376,-680,-261,-307,1149,-368,72,0,0,0,0,0,0,0,0,0,0,16,0,0,0,0,0,0,0,0,0,0,0,3,2,70
4988,4988,0,1,-2039,9,502,-10,0,5,498,-680,-261,-423,1295,-482,71,0,0,0,0,0,0,0,0,0,0,16,0,0,0,0,0,0,0,0,0,0,0,3,2,73
4989,4989,0,0,-852,12,237,13,0,5,409,-680,-261,-496,1292,-507,71,0,0,0,0,0,0,0,0,0,0,16,0,0,0,0,0,0,0,0,0,0,0,3,2,84
4990,4990,0,1,-852,12,237,13,0,5,531,261,630,-605,1049,-398,72,0,0,0,0,0,0,0,0,0,0,16,0,0,0,0,0,0,0,0,0,0,0,3,2,86
4991,4991,0,0,808,8,327,7,0,5,596,261,630,-777,682,-354,72,0,0,0,0,0,0,0,0,0,0,16,0,0,0,0,0,0,0,0,0,0,0,3,2,75
4992,4992,0,1,808,8,327,7,0,5,581,261,630,-1002,261,-295,71,0,0,0,0,0,0,0,0,0,0,16,0,0,0,0,0,0,0,0,0,0,0,3,2,64
4993,4993,0,0,1657,-7,862,-2,1,1,598,261,630,-1228,-172,-253,70,0,0,0,0,0,0,0,0,0,0,16,0,0,0,0,0,0,0,0,0,0,0,3,2,64
4994,4994,0,1,1657,-7,862,-2,0,1,641,261,630,-1372,-559,-254,70,0,0,0,0,0,0,0,0,0,0,16,0,0,0,0,0,0,0,0,0,0,0,3,2,77
4995,4995,0,0,1051,-5,231,7,0,1,830,261,630,-1332,-702,-188,71,0,0,0,0,0,0,0,0,0,0,15,0,0,0,0,0,0,0,0,0,0,0,3,2,91
4996,4996,0,1,1051,-5,231,7,0,1,957,-261,630,-1040,-625,-249,72,0,0,0,0,0,0,0,0,0,0,16,0,0,0,0,0,0,0,0,0,0,0,3,2,93
4997,4997,0,0,451,3,-811,-11,0,1,1060,-261,630,-467,-520,-157,72,0,0,0,0,0,0,0,0,0,0,16,0,0,0,0,0,0,0,0,0,0,0,3,2,75
4998,4998,0,1,451,3,-811,-11,0,1,1045,-261,630,276,-484,-50,72,0,0,0,0,0,0,0,0,0,0,16,0,0,0,0,0,0,0,0,0,0,0,3,2,43
4999,4999,0,0,558,14,-1431,9,1,2,1212,-261,630,939,-532,-110,71,0,0,0,0,0,0,0,0,0,0,17,0,0,0,0,0,0,0,0,0,0,0,3,2,33
5000,5000,0,1,558,14,-1431,9,0,2,1198,-261,630,1353,-581,-156,69,0,0,0,0,0,0,0,0,0,0,18,0,0,0,0,0,0,0,0,0,0,0,3,2,67
5001,5001,0,0,512,0,-1157,-5,0,2,1396,-261,630,1394,-566,-144,70,0,0,0,0,0,0,0,0,0,0,17,0,0,0,0,0,0,0,0,0,0,0,3,2,91
5002,5002,0,1,512,0,-1157,-5,0,2,1697,-680,-261,1060,-404,-177,72,0,0,0,0,0,0,0,0,0,0,16,0,0,0,0,0,0,0,0,0,0,0,3,2,93
5003,5003,0,0,-298,-10,-1006,-14,0,2,1903,-680,-261,435,-140,-160,73,0,0,0,0,0,0,0,0,0,0,17,0,0,0,0,0,0,0,0,0,0,0,3,2,70
5004,5004,0,1,-298,-10,-1006,-14,0,2,1917,-680,-261,-335,174,-157,72,0,0,0,0,0,0,0,0,0,0,16,0,0,0,0,0,0,0,0,0,0,0,3,2,28
5005,5005,0,0,-510,2,-1267,13,1,3,2035,-680,-261,-1053,470,-272,70,0,0,0,0,0,0,0,0,0,0,17,0,0,0,0,0,0,0,0,0,0,0,3,2,23
5006,5006,0,1,-510,2,-1267,13,0,3,1962,-680,-261,-1518,649,-314,69,0,0,0,0,0,0,0,0,0,0,19,0,0,0,0,0,0,0,0,0,0,0,3,2,71
5007,5007,0,0,-483,-3,-1268,12,0,3,1979,-680,-261,-1518,653,-373,70,0,0,0,0,0,0,0,0,0,0,17,0,0,0,0,0,0,0,0,0,0,0,3,2,102
5008,5008,0,1,-483,-3,-1268,12,0,3,844,630,-261,-1060,501,-321,73,0,0,0,0,0,0,0,0,0,0,17,0,0,0,0,0,0,0,0,0,0,0,3,2,102
5009,5009,0,0,-170,-10,-1134,-14,0,3,889,630,-261,-360,344,-314,73,0,0,0,0,0,0,0,0,0,0,17,0,0,0,0,0,0,0,0,0,0,0,3,2,72
5010,5010,0,1,-170,-10,-1134,-14,0,3,893,630,-261,392,274,-311,72,0,0,0,0,0,0,0,0,0,0,17,0,0,0,0,0,0,0,0,0,0,0,3,2,30
5011,5011,0,0,-564,12,-1229,-13,1,4,893,630,-261,1039,328,-308,70,0,0,0,0,0,0,0,0,0,0,17,0,0,0,0,0,0,0,0,0,0,0,3,2,29
5012,5012,0,1,-564,12,-1229,-13,0,4,889,630,-261,1447,433,-301,69,0,0,0,0,0,0,0,0,0,0,18,0,0,0,0,0,0,0,0,0,0,0,3,2,67
5013,5013,0,0,-189,3,-1179,5,0,4,816,630,-261,1504,399,-221,70,0,0,0,0,0,0,0,0,0,0,17,0,0,0,0,0,0,0,0,0,0,0,3,2,93
5014,5014,0,1,-189,3,-1179,5,0,4,142,-680,261,1250,167,-235,71,0,0,0,0,0,0,0,0,0,0,17,0,0,0,0,0,0,0,0,0,0,0,3,2,96
5015,5015,0,0,352,0,-1189,-5,0,4,69,-680,261,884,-200,-176,72,0,0,0,0,0,0,0,0,0,0,18,0,0,0,0,0,0,0,0,0,0,0,3,2,78
5016,5016,0,1,352,0,-1189,-5,0,4,22,-680,261,555,-625,-70,72,0,0,0,0,0,0,0,0,0,0,17,0,0,0,0,0,0,0,0,0,0,0,3,2,56
5017,5017,0,0,852,-12,-1206,10,1,5,83,-680,261,366,-1017,-25,70,0,0,0,0,0,0,0,0,0,0,17,0,0,0,0,0,0,0,0,0,0,0,3,2,51
5018,5018,0,1,852,-12,-1206,10,0,5,40,-680,261,321,-1295,63,69,0,0,0,0,0,0,0,0,0,0,17,0,0,0,0,0,0,0,0,0,0,0,3,2,66
5019,5019,0,0,671,-1,-792,8,0,5,2040,-680,261,322,-1383,-57,69,0,0,0,0,0,0,0,0,0,0,17,0,0,0,0,0,0,0,0,0,0,0,3,2,82
5020,5020,0,1,671,-1,-792,8,0,5,1731,630,261,273,-1301,-124,69,0,0,0,0,0,0,0,0,0,0,17,0,0,0,0,0,0,0,0,0,0,0,3,2,87
5021,5021,0,0,1090,2,86,-10,0,5,1552,630,261,67,-1163,-12,69,0,0,0,0,0,0,0,0,0,0,17,0,0,0,0,0,0,0,0,0,0,0,3,2,82
5022,5022,0,1,1090,2,86,-10,0,5,1542,630,261,-241,-1052,110,69,0,0,0,0,0,0,0,0,0,0,17,0,0,0,0,0,0,0,0,0,0,0,3,2,72
5023,5023,0,0,1274,-6,1030,6,1,6,1619,630,261,-488,-1039,155,69,0,0,0,0,0,0,0,0,0,0,17,0,0,0,0,0,0,0,0,0,0,0,3,2,66
5024,5024,0,1,1274,-6,1030,6,0,6,1538,630,261,-630,-1106,281,69,0,0,0,0,0,0,0,0,0,0,17,0,0,0,0,0,0,0,0,0,0,0,3,2,71
5025,5025,0,0,867,3,538,-6,0,6,1554,630,261,-698,-1159,391,69,0,0,0,0,0,0,0,0,0,0,17,0,0,0,0,0,0,0,0,0,0,0,3,2,79
5026,5026,0,1,867,3,538,-6,0,6,1463,261,-680,-683,-1170,336,69,0,0,0,0,0,0,0,0,0,0,17,0,0,0,0,0,0,0,0,0,0,0,3,2,84
5027,5027,0,0,-910,-14,398,14,0,6,1322,261,-680,-593,-1152,422,70,0,0,0,0,0,0,0,0,0,0,17,0,0,0,0,0,0,0,0,0,0,0,3,2,83
5028,5028,0,1,-910,-14,398,14,0,6,1370,261,-680,-485,-1125,460,69,0,0,0,0,0,0,0,0,0,0,17,0,0,0,0,0,0,0,0,0,0,0,3,2,80
5029,5029,0,0,-1796,-4,297,9,1,7,1360,261,-680,-503,-1113,508,69,0,0,0,0,0,0,0,0,0,0,17,0,0,0,0,0,0,0,0,0,0,0,3,2,75
5030,5030,0,1,-1796,-4,297,9,0,7,1366,261,-680,-612,-1120,550,69,0,0,0,0,0,0,0,0,0,0,17,0,0,0,0,0,0,0,0,0,0,0,3,2,75
5031,5031,0,0,-1057,-1,113,-15,0,7,1390,261,-680,-618,-1130,568,70,0,0,0,0,0,0,0,0,0,0,16,0,0,0,0,0,0,0,0,0,0,0,3,2,78
5032,5032,0,1,-1057,-1,113,-15,0,7,1534,-261,-680,-468,-1142,442,71,0,0,0,0,0,0,0,0,0,0,15,0,0,0,0,0,0,0,0,0,0,0,3,2,79
5033,5033,0,0,920,-8,-325,-5,0,7,1408,-261,-680,-84,-1178,442,72,0,0,0,0,0,0,0,0,0,0,15,0,0,0,0,0,0,0,0,0,0,0,3,2,76
5034,5034,0,1,920,-8,-325,-5,0,7,1407,-261,-680,173,-1188,443,71,0,0,0,0,0,0,0,0,0,0,15,0,0,0,0,0,0,0,0,0,0,0,3,2,74
5035,5035,0,0,1849,-7,-512,0,1,0,1374,-261,-680,431,-1203,477,71,0,0,0,0,0,0,0,0,0,0,14,0,0,0,0,0,0,0,0,0,0,0,3,2,75
5036,5036,0,1,1849,-7,-512,0,0,0,1450,-261,-680,485,-1279,435,71,0,0,0,0,0,0,0,0,0,0,14,0,0,0,0,0,0,0,0,0,0,0,3,2,79
5037,5037,0,0,891,-5,-347,5,0,0,1514,-261,-680,581,-1193,329,72,0,0,0,0,0,0,0,0,0,0,13,0,0,0,0,0,0,0,0,0,0,0,3,2,84
5038,5038,0,1,891,-5,-347,5,0,0,1542,-261,-680,604,-984,451,74,0,0,0,0,0,0,0,0,0,0,12,0,0,0,0,0,0,0,0,0,0,0,3,2,82
5039,5039,0,0,-874,-10,-474,6,0,0,1606,-261,-680,790,-568,509,75,0,0,0,0,0,0,0,0,0,0,12,0,0,0,0,0,0,0,0,0,0,0,3,2,72
5040,5040,0,1,-874,-10,-474,6,0,0,1621,-261,-680,941,-289,552,74,0,0,0,0,0,0,0,0,0,0,11,0,0,0,0,0,0,0,0,0,0,0,3,2,60
5041,5041,0,0,-1767,-7,-607,1,1,1,1682,-261,-680,1165,139,534,72,0,0,0,0,0,0,0,0,0,0,11,0,0,0,0,0,0,0,0,0,0,0,3,2,61
5042,5042,0,1,-1767,-7,-607,1,0,1,1682,-261,-680,1297,503,516,72,0,0,0,0,0,0,0,0,0,0,11,0,0,0,0,0,0,0,0,0,0,0,3,2,73
5043,5043,0,0,-1118,2,-753,15,0,1,1845,-261,-680,1155,774,591,73,0,0,0,0,0,0,0,0,0,0,10,0,0,0,0,0,0,0,0,0,0,0,3,2,86
5044,5044,0,1,-1118,2,-753,15,0,1,2047,261,-680,900,649,464,75,0,0,0,0,0,0,0,0,0,0,9,0,0,0,0,0,0,0,0,0,0,0,3,2,87
5045,5045,0,0,-458,-10,-1029,-5,0,1,6,261,-680,352,510,586,76,0,0,0,0,0,0,0,0,0,0,9,0,0,0,0,0,0,0,0,0,0,0,3,2,69
5046,5046,0,1,-458,-10,-1029,-5,0,1,86,261,-680,-395,446,628,75,0,0,0,0,0,0,0,0,0,0,9,0,0,0,0,0,0,0,0,0,0,0,3,2,38
5047,5047,0,0,-218,6,-1343,1,1,2,135,261,-680,-1058,408,621,73,0,0,0,0,0,0,0,0,0,0,9,0,0,0,0,0,0,0,0,0,0,0,3,2,37
5048,5048,0,1,-218,6,-1343,1,0,2,210,261,-680,-1454,364,539,72,0,0,0,0,0,0,0,0,0,0,10,0,0,0,0,0,0,0,0,0,0,0,3,2,71
5049,5049,0,0,-124,4,-1138,14,0,2,300,261,-680,-1494,293,623,72,0,0,0,0,0,0,0,0,0,0,10,0,0,0,0,0,0,0,0,0,0,0,3,2,94
5050,5050,0,1,-124,4,-1138,14,0,2,682,630,261,-1154,180,581,74,0,0,0,0,0,0,0,0,0,0,10,0,0,0,0,0,0,0,0,0,0,0,3,2,95
5051,5051,0,0,966,6,-567,9,0,2,960,630,261,-484,3,517,75,0,0,0,0,0,0,0,0,0,0,10,0,0,0,0,0,0,0,0,0,0,0,3,2,72
5052,5052,0,1,966,6,-567,9,0,2,1001,630,261,351,-211,412,74,0,0,0,0,0,0,0,0,0,0,10,0,0,0,0,0,0,0,0,0,0,0,3,2,30
5053,5053,0,0,1582,14,-242,14,1,3,1010,630,261,1067,-391,298,73,0,0,0,0,0,0,0,0,0,0,11,0,0,0,0,0,0,0,0,0,0,0,3,2,25
5054,5054,0,1,1582,14,-242,14,0,3,976,630,261,1474,-492,218,71,0,0,0,0,0,0,0,0,0,0,12,0,0,0,0,0,0,0,0,0,0,0,3,2,71
5055,5055,0,0,1103,15,-47,-15,0,3,1023,630,261,1467,-496,91,71,0,0,0,0,0,0,0,0,0,0,12,0,0,0,0,0,0,0,0,0,0,0,3,2,97
5056,5056,0,1,1103,15,-47,-15,0,3,1913,-680,261,1060,-441,98,72,0,0,0,0,0,0,0,0,0,0,13,0,0,0,0,0,0,0,0,0,0,0,3,2,97
5057,5057,0,0,-339,13,870,6,0,3,1968,-680,261,330,-460,50,73,0,0,0,0,0,0,0,0,0,0,13,0,0,0,0,0,0,0,0,0,0,0,3,2,72
5058,5058,0,1,-339,13,870,6,0,3,1984,-680,261,-449,-378,-14,72,0,0,0,0,0,0,0,0,0,0,13,0,0,0,0,0,0,0,0,0,0,0,3,2,34
5059,5059,0,0,-951,9,1465,-7,1,4,1965,-680,261,-1122,-327,-59,71,0,0,0,0,0,0,0,0,0,0,14,0,0,0,0,0,0,0,0,0,0,0,3,2,35
5060,5060,0,1,-951,9,1465,-7,0,4,1920,-680,261,-1535,-325,-59,69,0,0,0,0,0,0,0,0,0,0,14,0,0,0,0,0,0,0,0,0,0,0,3,2,72
5061,5061,0,0,-502,10,1006,14,0,4,1674,-680,261,-1607,-384,-69,69,0,0,0,0,0,0,0,0,0,0,14,0,0,0,0,0,0,0,0,0,0,0,3,2,97
5062,5062,0,1,-502,10,1006,14,0,4,1220,630,-261,-1394,-502,-137,70,0,0,0,0,0,0,0,0,0,0,15,0,0,0,0,0,0,0,0,0,0,0,3,2,102
5063,5063,0,0,393,9,-926,2,0,4,1106,630,-261,-1087,-663,-91,71,0,0,0,0,0,0,0,0,0,0,16,0,0,0,0,0,0,0,0,0,0,0,3,2,91
5064,5064,0,1,393,9,-926,2,0,4,1043,630,-261,-809,-846,18,71,0,0,0,0,0,0,0,0,0,0,16,0,0,0,0,0,0,0,0,0,0,0,3,2,78
5065,5065,0,0,920,-8,-1539,-3,1,5,1092,630,-261,-611,-1030,78,71,0,0,0,0,0,0,0,0,0,0,16,0,0,0,0,0,0,0,0,0,0,0,3,2,72
5066,5066,0,1,920,-8,-1539,-3,0,5,1094,630,-261,-484,-1178,136,71,0,0,0,0,0,0,0,0,0,0,16,0,0,0,0,0,0,0,0,0,0,0,3,2,74
5067,5067,0,0,505,-7,-916,12,0,5,1168,630,-261,-417,-1216,120,71,0,0,0,0,0,0,0,0,0,0,16,0,0,0,0,0,0,0,0,0,0,0,3,2,79
5068,5068,0,1,505,-7,-916,12,0,5,1288,-680,-261,-284,-1144,240,71,0,0,0,0,0,0,0,0,0,0,16,0,0,0,0,0,0,0,0,0,0,0,3,2,79
5069,5069,0,0,-1044,12,382,-2,0,5,1394,-680,-261,43,-1002,254,71,0,0,0,0,0,0,0,0,0,0,16,0,0,0,0,0,0,0,0,0,0,0,3,2,72
5070,5070,0,1,-1044,12,382,-2,0,5,1506,-680,-261,534,-833,156,71,0,0,0,0,0,0,0,0,0,0,16,0,0,0,0,0,0,0,0,0,0,0,3,2,61
5071,5071,0,0,-1704,-8,493,13,1,1,1469,-680,-261,996,-684,95,70,0,0,0,0,0,0,0,0,0,0,16,0,0,0,0,0,0,0,0,0,0,0,3,2,61
5072,5072,0,1,-1704,-8,493,13,0,1,1442,-680,-261,1293,-553,61,70,0,0,0,0,0,0,0,0,0,0,16,0,0,0,0,0,0,0,0,0,0,0,3,2,75
5073,5073,0,0,-1100,-12,455,7,0,1,1541,-680,-261,1348,-429,184,70,0,0,0,0,0,0,0,0,0,0,16,0,0,0,0,0,0,0,0,0,0,0,3,2,86
5074,5074,0,1,-1100,-12,455,7,0,1,1689,-261,-680,1144,-249,159,71,0,0,0,0,0,0,0,0,0,0,16,0,0,0,0,0,0,0,0,0,0,0,3,2,88
5075,5075,0,0,314,-6,1024,0,0,1,1854,-261,-680,715,109,225,71,0,0,0,0,0,0,0,0,0,0,16,0,0,0,0,0,0,0,0,0,0,0,3,2,72
5076,5076,0,1,314,-6,1024,0,0,1,1917,-261,-680,177,602,228,71,0,0,0,0,0,0,0,0,0,0,16,0,0,0,0,0,0,0,0,0,0,0,3,2,44
5077,5077,0,0,650,10,1428,-12,1,2,1982,-261,-680,-274,1062,166,70,0,0,0,0,0,0,0,0,0,0,16,0,0,0,0,0,0,0,0,0,0,0,3,2,38
5078,5078,0,1,650,10,1428,-12,0,2,1980,-261,-680,-514,1364,106,69,0,0,0,0,0,0,0,0,0,0,17,0,0,0,0,0,0,0,0,0,0,0,3,2,68
5079,5079,0,0,534,-10,1290,10,0,2,17,-261,-680,-557,1400,217,69,0,0,0,0,0,0,0,0,0,0,16,0,0,0,0,0,0,0,0,0,0,0,3,2,90
5080,5080,0,1,534,-10,1290,10,0,2,492,630,-261,-414,1116,109,71,0,0,0,0,0,0,0,0,0,0,16,0,0,0,0,0,0,0,0,0,0,0,3,2,93
5081,5081,0,0,916,-12,522,10,0,2,530,630,-261,-176,469,219,72,0,0,0,0,0,0,0,0,0,0,16,0,0,0,0,0,0,0,0,0,0,0,3,2,73
5082,5082,0,1,916,-12,522,10,0,2,516,630,-261,83,-383,343,71,0,0,0,0,0,0,0,0,0,0,16,0,0,0,0,0,0,0,0,0,0,0,3,2,30
5083,5083,0,0,1309,-3,466,-14,1,3,594,630,-261,333,-1072,389,69,0,0,0,0,0,0,0,0,0,0,16,0,0,0,0,0,0,0,0,0,0,0,3,2,24
5084,5084,0,1,1309,-3,466,-14,0,3,578,630,-261,500,-1423,451,68,0,0,0,0,0,0,0,0,0,0,18,0,0,0,0,0,0,0,0,0,0,0,3,2,69
5085,5085,0,0,1226,10,558,14,0,3,517,630,-261,536,-1420,574,69,0,0,0,0,0,0,0,0,0,0,16,0,0,0,0,0,0,0,0,0,0,0,3,2,93
5086,5086,0,1,1226,10,558,14,0,3,1548,-261,630,363,-1111,690,71,0,0,0,0,0,0,0,0,0,0,15,0,0,0,0,0,0,0,0,0,0,0,3,2,94
5087,5087,0,0,1030,6,637,-3,0,3,1600,-261,630,-45,-554,754,72,0,0,0,0,0,0,0,0,0,0,16,0,0,0,0,0,0,0,0,0,0,0,3,2,72
5088,5088,0,1,1030,6,637,-3,0,3,1733,-261,630,-600,3,685,71,0,0,0,0,0,0,0,0,0,0,15,0,0,0,0,0,0,0,0,0,0,0,3,2,34
5089,5089,0,0,1210,-6,495,15,1,4,1621,-261,630,-1137,371,728,69,0,0,0,0,0,0,0,0,0,0,16,0,0,0,0,0,0,0,0,0,0,0,3,2,37
5090,5090,0,1,1210,-6,495,15,0,4,1622,-261,630,-1448,463,770,68,0,0,0,0,0,0,0,0,0,0,17,0,0,0,0,0,0,0,0,0,0,0,3,2,75
5091,5091,0,0,1080,-8,685,13,0,4,1518,-261,630,-1462,482,660,69,0,0,0,0,0,0,0,0,0,0,16,0,0,0,0,0,0,0,0,0,0,0,3,2,95
5092,5092,0,1,1080,-8,685,13,0,4,1024,261,-680,-1191,508,532,71,0,0,0,0,0,0,0,0,0,0,15,0,0,0,0,0,0,0,0,0,0,0,3,2,96
5093,5093,0,0,573,-3,1106,-14,0,4,1018,261,-680,-687,636,410,72,0,0,0,0,0,0,0,0,0,0,16,0,0,0,0,0,0,0,0,0,0,0,3,2,81
5094,5094,0,1,573,-3,1106,-14,0,4,942,261,-680,-100,866,364,71,0,0,0,0,0,0,0,0,0,0,16,0,0,0,0,0,0,0,0,0,0,0,3,2,58
5095,5095,0,0,376,-8,1575,7,1,5,953,261,-680,336,1104,307,70,0,0,0,0,0,0,0,0,0,0,15,0,0,0,0,0,0,0,0,0,0,0,3,2,54
5096,5096,0,1,376,-8,1575,7,0,5,1021,261,-680,576,1267,182,69,0,0,0,0,0,0,0,0,0,0,15,0,0,0,0,0,0,0,0,0,0,0,3,2,72
5097,5097,0,0,-18,14,1052,-4,0,5,853,261,-680,633,1331,225,69,0,0,0,0,0,0,0,0,0,0,15,0,0,0,0,0,0,0,0,0,0,0,3,2,87
5098,5098,0,1,-18,14,1052,-4,0,5,548,-680,261,800,1177,317,69,0,0,0,0,0,0,0,0,0,0,15,0,0,0,0,0,0,0,0,0,0,0,3,2,92
5099,5099,0,0,-757,11,641,1,0,5,512,-680,261,828,941,189,70,0,0,0,0,0,0,0,0,0,0,16,0,0,0,0,0,0,0,0,0,0,0,3,2,88
5100,5100,0,1,-757,11,641,1,0,5,501,-680,261,938,617,72,70,0,0,0,0,0,0,0,0,0,0,16,0,0,0,0,0,0,0,0,0,0,0,3,2,78
5101,5101,0,0,-1834,-10,131,3,1,6,368,-680,261,1096,381,88,70,0,0,0,0,0,0,0,0,0,0,16,0,0,0,0,0,0,0,0,0,0,0,3,2,69
5102,5102,0,1,-1834,-10,131,3,0,6,382,-680,261,1252,291,90,70,0,0,0,0,0,0,0,0,0,0,16,0,0,0,0,0,0,0,0,0,0,0,3,2,72
5103,5103,0,0,-968,-8,125,-3,0,6,318,-680,261,1329,287,156,70,0,0,0,0,0,0,0,0,0,0,16,0,0,0,0,0,0,0,0,0,0,0,3,2,79
5104,5104,0,1,-968,-8,125,-3,0,6,157,261,630,1320,319,127,71,0,0,0,0,0,0,0,0,0,0,16,0,0,0,0,0,0,0,0,0,0,0,3,2,84
5105,5105,0,0,198,6,-861,3,0,6,91,261,630,1257,372,164,71,0,0,0,0,0,0,0,0,0,0,16,0,0,0,0,0,0,0,0,0,0,0,3,2,84
5106,5106,0,1,198,6,-861,3,0,6,26,261,630,1195,411,266,71,0,0,0,0,0,0,0,0,0,0,16,0,0,0,0,0,0,0,0,0,0,0,3,2,81
5107,5107,0,0,1041,-15,-1414,-6,1,7,34,261,630,1185,402,360,71,0,0,0,0,0,0,0,0,0,0,16,0,0,0,0,0,0,0,0,0,0,0,3,2,77
5108,5108,0,1,1041,-15,-1414,-6,0,7,3,261,630,1226,358,485,71,0,0,0,0,0,0,0,0,0,0,16,0,0,0,0,0,0,0,0,0,0,0,3,2,77
5109,5109,0,0,631,-9,-847,-15,0,7,92,261,630,1241,368,521,72,0,0,0,0,0,0,0,0,0,0,15,0,0,0,0,0,0,0,0,0,0,0,3,2,79
5110,5110,0,1,631,-9,-847,-15,0,7,90,630,261,1186,467,559,73,0,0,0,0,0,0,0,0,0,0,15,0,0,0,0,0,0,0,0,0,0,0,3,2,80
5111,5111,0,0,-462,-14,954,-6,0,7,74,630,261,1053,645,613,73,0,0,0,0,0,0,0,0,0,0,15,0,0,0,0,0,0,0,0,0,0,0,3,2,79
5112,5112,0,1,-462,-14,954,-6,0,7,18,630,261,748,973,723,73,0,0,0,0,0,0,0,0,0,0,14,0,0,0,0,0,0,0,0,0,0,0,3,2,77
5113,5113,0,0,-777,-9,1700,4,1,0,86,630,261,580,1200,765,73,0,0,0,0,0,0,0,0,0,0,14,0,0,0,0,0,0,0,0,0,0,0,3,2,76
5114,5114,0,1,-777,-9,1700,4,0,0,17,630,261,455,1373,876,73,0,0,0,0,0,0,0,0,0,0,14,0,0,0,0,0,0,0,0,0,0,0,3,2,83
5115,5115,0,0,-472,8,957,-3,0,0,130,630,261,309,1365,874,74,0,0,0,0,0,0,0,0,0,0,13,0,0,0,0,0,0,0,0,0,0,0,3,2,91
5116,5116,0,1,-472,8,957,-3,0,0,300,630,261,66,1181,958,76,0,0,0,0,0,0,0,0,0,0,12,0,0,0,0,0,0,0,0,0,0,0,3,2,87
5117,5117,0,0,1023,-1,-285,3,0,0,368,630,261,-217,952,974,77,0,0,0,0,0,0,0,0,0,0,12,0,0,0,0,0,0,0,0,0,0,0,3,2,74
5118,5118,0,1,1023,-1,-285,3,0,0,441,630,261,-587,736,917,76,0,0,0,0,0,0,0,0,0,0,12,0,0,0,0,0,0,0,0,0,0,0,3,2,61
5119,5119,0,0,1520,-16,-719,-15,1,1,505,630,261,-1039,510,796,75,0,0,0,0,0,0,0,0,0,0,11,0,0,0,0,0,0,0,0,0,0,0,3,2,59
5120,5120,0,1,1520,-16,-719,-15,0,1,494,630,261,-1434,296,686,75,0,0,0,0,0,0,0,0,0,0,12,0,0,0,0,0,0,0,0,0,0,0,3,2,72
5121,5121,0,0,1400,-8,-260,-4,0,1,584,630,261,-1488,168,742,76,0,0,0,0,0,0,0,0,0,0,11,0,0,0,0,0,0,0,0,0,0,0,3,2,92
5122,5122,0,1,1400,-8,-260,-4,0,1,658,261,630,-1159,71,724,78,0,0,0,0,0,0,0,0,0,0,10,0,0,0,0,0,0,0,0,0,0,0,3,2,94
5123,5123,0,0,972,12,477,-3,0,1,876,261,630,-656,-177,744,79,0,0,0,0,0,0,0,0,0,0,11,0,0,0,0,0,0,0,0,0,0,0,3,2,72
5124,5124,0,1,972,12,477,-3,0,1,1022,261,630,-118,-584,618,78,0,0,0,0,0,0,0,0,0,0,10,0,0,0,0,0,0,0,0,0,0,0,3,2,42
5125,5125,0,0,1233,-15,668,-4,1,2,1012,261,630,378,-971,502,76,0,0,0,0,0,0,0,0,0,0,10,0,0,0,0,0,0,0,0,0,0,0,3,2,37
5126,5126,0,1,1233,-15,668,-4,0,2,1006,261,630,737,-1205,392,75,0,0,0,0,0,0,0,0,0,0,11,0,0,0,0,0,0,0,0,0,0,0,3,2,65
5127,5127,0,0,907,11,767,-1,0,2,1044,261,630,845,-1203,500,75,0,0,0,0,0,0,0,0,0,0,11,0,0,0,0,0,0,0,0,0,0,0,3,2,88
5128,5128,0,1,907,11,767,-1,0,2,1440,-680,261,678,-913,468,76,0,0,0,0,0,0,0,0,0,0,11,0,0,0,0,0,0,0,0,0,0,0,3,2,92
5129,5129,0,0,-220,4,1044,-12,0,2,1640,-680,261,302,-329,492,77,0,0,0,0,0,0,0,0,0,0,11,0,0,0,0,0,0,0,0,0,0,0,3,2,71
5130,5130,0,1,-220,4,1044,-12,0,2,1683,-680,261,-126,439,473,76,0,0,0,0,0,0,0,0,0,0,11,0,0,0,0,0,0,0,0,0,0,0,3,2,27
5131,5131,0,0,-922,6,1356,12,1,3,1735,-680,261,-482,1071,402,74,0,0,0,0,0,0,0,0,0,0,12,0,0,0,0,0,0,0,0,0,0,0,3,2,28
5132,5132,0,1,-922,6,1356,12,0,3,1734,-680,261,-609,1433,332,72,0,0,0,0,0,0,0,0,0,0,13,0,0,0,0,0,0,0,0,0,0,0,3,2,73
5133,5133,0,0,-756,12,878,14,0,3,1634,-680,261,-648,1417,362,72,0,0,0,0,0,0,0,0,0,0,13,0,0,0,0,0,0,0,0,0,0,0,3,2,97
5134,5134,0,1,-756,12,878,14,0,3,603,261,-680,-435,1120,399,73,0,0,0,0,0,0,0,0,0,0,13,0,0,0,0,0,0,0,0,0,0,0,3,2,97
5135,5135,0,0,-208,-16,-869,-5,0,3,642,261,-680,-4,612,397,74,0,0,0,0,0,0,0,0,0,0,14,0,0,0,0,0,0,0,0,0,0,0,3,2,75
5136,5136,0,1,-208,-16,-869,-5,0,3,642,261,-680,585,56,395,74,0,0,0,0,0,0,0,0,0,0,14,0,0,0,0,0,0,0,0,0,0,0,3,2,38
5137,5137,0,0,-489,-9,-1597,3,1,4,683,261,-680,1066,-377,352,72,0,0,0,0,0,0,0,0,0,0,14,0,0,0,0,0,0,0,0,0,0,0,3,2,36
5138,5138,0,1,-489,-9,-1597,3,0,4,592,261,-680,1330,-597,400,71,0,0,0,0,0,0,0,0,0,0,15,0,0,0,0,0,0,0,0,0,0,0,3,2,70
5139,5139,0,0,-111,-15,-1134,-14,0,4,514,261,-680,1424,-594,526,70,0,0,0,0,0,0,0,0,0,0,15,0,0,0,0,0,0,0,0,0,0,0,3,2,91
5140,5140,0,1,-111,-15,-1134,-14,0,4,23,-261,630,1389,-403,631,71,0,0,0,0,0,0,0,0,0,0,15,0,0,0,0,0,0,0,0,0,0,0,3,2,96
5141,5141,0,0,240,-16,1030,6,0,4,1978,-261,630,1263,-101,573,71,0,0,0,0,0,0,0,0,0,0,16,0,0,0,0,0,0,0,0,0,0,0,3,2,91
5142,5142,0,1,240,-16,1030,6,0,4,2032,-261,630,1123,219,461,72,0,0,0,0,0,0,0,0,0,0,16,0,0,0,0,0,0,0,0,0,0,0,3,2,79
5143,5143,0,0,625,-15,1774,14,1,5,1912,-261,630,1077,478,469,72,0,0,0,0,0,0,0,0,0,0,16,0,0,0,0,0,0,0,0,0,0,0,3,2,72
5144,5144,0,1,625,-15,1774,14,0,5,1957,-261,630,1129,601,432,71,0,0,0,0,0,0,0,0,0,0,16,0,0,0,0,0,0,0,0,0,0,0,3,2,73
5145,5145,0,0,188,-4,1026,2,0,5,2023,-261,630,1112,674,329,71,0,0,0,0,0,0,0,0,0,0,16,0,0,0,0,0,0,0,0,0,0,0,3,2,80
5146,5146,0,1,188,-4,1026,2,0,5,39,630,-261,938,741,418,71,0,0,0,0,0,0,0,0,0,0,16,0,0,0,0,0,0,0,0,0,0,0,3,2,81
5147,5147,0,0,468,-12,-895,1,0,5,134,630,-261,578,837,412,71,0,0,0,0,0,0,0,0,0,0,16,0,0,0,0,0,0,0,0,0,0,0,3,2,75
5148,5148,0,1,468,-12,-895,1,0,5,151,630,-261,119,967,389,71,0,0,0,0,0,0,0,0,0,0,16,0,0,0,0,0,0,0,0,0,0,0,3,2,63
5149,5149,0,0,771,3,-1577,-9,1,1,176,630,-261,-330,1129,341,70,0,0,0,0,0,0,0,0,0,0,16,0,0,0,0,0,0,0,0,0,0,0,3,2,61
5150,5150,0,1,771,3,-1577,-9,0,1,201,630,-261,-649,1243,268,70,0,0,0,0,0,0,0,0,0,0,16,0,0,0,0,0,0,0,0,0,0,0,3,2,74
5151,5151,0,0,362,10,-1009,15,0,1,380,630,-261,-783,1207,272,70,0,0,0,0,0,0,0,0,0,0,16,0,0,0,0,0,0,0,0,0,0,0,3,2,87
5152,5152,0,1,362,10,-1009,15,0,1,506,630,261,-739,938,150,71,0,0,0,0,0,0,0,0,0,0,16,0,0,0,0,0,0,0,0,0,0,0,3,2,90
5153,5153,0,0,-919,9,-502,10,0,1,532,630,261,-581,378,258,72,0,0,0,0,0,0,0,0,0,0,16,0,0,0,0,0,0,0,0,0,0,0,3,2,75
5154,5154,0,1,-919,9,-502,10,0,1,668,630,261,-407,-354,230,71,0,0,0,0,0,0,0,0,0,0,16,0,0,0,0,0,0,0,0,0,0,0,3,2,43
5155,5155,0,0,-1539,-3,-552,-8,1,2,650,630,261,-362,-972,220,69,0,0,0,0,0,0,0,0,0,0,16,0,0,0,0,0,0,0,0,0,0,0,3,2,33
5156,5156,0,1,-1539,-3,-552,-8,0,2,720,630,261,-596,-1269,140,68,0,0,0,0,0,0,0,0,0,0,17,0,0,0,0,0,0,0,0,0,0,0,3,2,64
5157,5157,0,0,-1263,-15,-412,4,0,2,837,630,261,-399,-1388,199,69,0,0,0,0,0,0,0,0,0,0,16,0,0,0,0,0,0,0,0,0,0,0,3,2,86
5158,5158,0,1,-1263,-15,-412,4,0,2,1160,-261,630,-245,-1131,191,70,0,0,0,0,0,0,0,0,0,0,15,0,0,0,0,0,0,0,0,0,0,0,3,2,90
5159,5159,0,0,-1165,-13,60,-4,0,2,1469,-261,630,-42,-484,130,71,0,0,0,0,0,0,0,0,0,0,16,0,0,0,0,0,0,0,0,0,0,0,3,2,72
5160,5160,0,1,-1165,-13,60,-4,0,2,1530,-261,630,218,371,8,71,0,0,0,0,0,0,0,0,0,0,15,0,0,0,0,0,0,0,0,0,0,0,3,2,30
5161,5161,0,0,-1288,-8,730,-6,1,3,1454,-261,630,373,1109,-38,69,0,0,0,0,0,0,0,0,0,0,16,0,0,0,0,0,0,0,0,0,0,0,3,2,27
5162,5162,0,1,-1288,-8,730,-6,0,3,1532,-261,630,523,1469,-162,67,0,0,0,0,0,0,0,0,0,0,17,0,0,0,0,0,0,0,0,0,0,0,3,2,73
5163,5163,0,0,-1344,0,187,-5,0,3,1508,-261,630,705,1405,-262,69,0,0,0,0,0,0,0,0,0,0,16,0,0,0,0,0,0,0,0,0,0,0,3,2,97
5164,5164,0,1,-1344,0,187,-5,0,3,372,-261,-680,526,1073,-250,71,0,0,0,0,0,0,0,0,0,0,15,0,0,0,0,0,0,0,0,0,0,0,3,2,97
5165,5165,0,0,-1262,-14,407,-9,0,3,512,-261,-680,377,418,-378,72,0,0,0,0,0,0,0,0,0,0,16,0,0,0,0,0,0,0,0,0,0,0,3,2,74
5166,5166,0,1,-1262,-14,407,-9,0,3,498,-261,-680,338,-404,-492,71,0,0,0,0,0,0,0,0,0,0,15,0,0,0,0,0,0,0,0,0,0,0,3,2,34
5167,5167,0,0,-1240,8,327,7,1,4,361,-261,-680,372,-1074,-469,69,0,0,0,0,0,0,0,0,0,0,16,0,0,0,0,0,0,0,0,0,0,0,3,2,32
5168,5168,0,1,-1240,8,327,7,0,4,365,-261,-680,419,-1430,-450,68,0,0,0,0,0,0,0,0,0,0,17,0,0,0,0,0,0,0,0,0,0,0,3,2,70
5169,5169,0,0,-1316,-4,331,11,0,4,298,-261,-680,401,-1447,-364,69,0,0,0,0,0,0,0,0,0,0,16,0,0,0,0,0,0,0,0,0,0,0,3,2,92
5170,5170,0,1,-1316,-4,331,11,0,4,1738,261,630,220,-1212,-438,71,0,0,0,0,0,0,0,0,0,0,15,0,0,0,0,0,0,0,0,0,0,0,3,2,93
5171,5171,0,0,-1271,9,-494,-14,0,4,1603,261,630,-155,-878,-377,71,0,0,0,0,0,0,0,0,0,0,16,0,0,0,0,0,0,0,0,0,0,0,3,2,76
5172,5172,0,1,-1271,9,-494,-14,0,4,1620,261,630,-660,-570,-333,71,0,0,0,0,0,0,0,0,0,0,16,0,0,0,0,0,0,0,0,0,0,0,3,2,55
5173,5173,0,0,-1233,15,-756,12,1,5,1616,261,630,-1114,-381,-285,69,0,0,0,0,0,0,0,0,0,0,15,0,0,0,0,0,0,0,0,0,0,0,3,2,53
5174,5174,0,1,-1233,15,-756,12,0,5,1552,261,630,-1403,-312,-173,68,0,0,0,0,0,0,0,0,0,0,15,0,0,0,0,0,0,0,0,0,0,0,3,2,72
5175,5175,0,0,-967,-7,-743,-7,0,5,1520,261,630,-1484,-276,-285,68,0,0,0,0,0,0,0,0,0,0,15,0,0,0,0,0,0,0,0,0,0,0,3,2,88
5176,5176,0,1,-967,-7,-743,-7,0,5,1231,261,-680,-1402,-209,-364,69,0,0,0,0,0,0,0,0,0,0,16,0,0,0,0,0,0,0,0,0,0,0,3,2,93
5177,5177,0,0,201,9,-938,-10,0,5,1090,261,-680,-1285,-72,-302,69,0,0,0,0,0,0,0,0,0,0,16,0,0,0,0,0,0,0,0,0,0,0,3,2,87
5178,5178,0,1,201,9,-938,-10,0,5,1030,261,-680,-1203,158,-180,69,0,0,0,0,0,0,0,0,0,0,17,0,0,0,0,0,0,0,0,0,0,0,3,2,80
5179,5179,0,0,923,-5,-1342,2,1,6,1027,261,-680,-1163,430,-55,69,0,0,0,0,0,0,0,0,0,0,17,0,0,0,0,0,0,0,0,0,0,0,3,2,75
5180,5180,0,1,923,-5,-1342,2,0,6,1056,261,-680,-1167,683,41,69,0,0,0,0,0,0,0,0,0,0,17,0,0,0,0,0,0,0,0,0,0,0,3,2,76
5181,5181,0,0,714,10,-711,-7,0,6,1042,261,-680,-1205,721,151,70,0,0,0,0,0,0,0,0,0,0,17,0,0,0,0,0,0,0,0,0,0,0,3,2,84
5182,5182,0,1,714,10,-711,-7,0,6,1016,-680,-261,-1249,591,31,71,0,0,0,0,0,0,0,0,0,0,17,0,0,0,0,0,0,0,0,0,0,0,3,2,87
5183,5183,0,0,356,4,781,13,0,6,933,-680,-261,-1256,510,-6,71,0,0,0,0,0,0,0,0,0,0,17,0,0,0,0,0,0,0,0,0,0,0,3,2,85
5184,5184,0,1,356,4,781,13,0,6,892,-680,-261,-1221,549,-2,71,0,0,0,0,0,0,0,0,0,0,17,0,0,0,0,0,0,0,0,0,0,0,3,2,84
5185,5185,0,0,388,4,1863,7,1,7,889,-680,-261,-1191,572,5,71,0,0,0,0,0,0,0,0,0,0,17,0,0,0,0,0,0,0,0,0,0,0,3,2,82
5186,5186,0,1,388,4,1863,7,0,7,882,-680,-261,-1183,561,19,71,0,0,0,0,0,0,0,0,0,0,17,0,0,0,0,0,0,0,0,0,0,0,3,2,81
5187,5187,0,0,169,9,993,1,0,7,931,-680,-261,-1200,545,-16,72,0,0,0,0,0,0,0,0,0,0,17,0,0,0,0,0,0,0,0,0,0,0,3,2,81
5188,5188,0,1,169,9,993,1,0,7,895,-680,261,-1233,495,-15,74,0,0,0,0,0,0,0,0,0,0,16,0,0,0,0,0,0,0,0,0,0,0,3,2,81
5189,5189,0,0,-345,7,-876,-12,0,7,880,-680,261,-1276,291,1,74,0,0,0,0,0,0,0,0,0,0,16,0,0,0,0,0,0,0,0,0,0,0,3,2,82
5190,5190,0,1,-345,7,-876,-12,0,7,880,-680,261,-1316,-34,17,74,0,0,0,0,0,0,0,0,0,0,16,0,0,0,0,0,0,0,0,0,0,0,3,2,81
5191,5191,0,0,-500,12,-1763,-3,1,0,886,-680,261,-1342,-307,27,74,0,0,0,0,0,0,0,0,0,0,15,0,0,0,0,0,0,0,0,0,0,0,3,2,81
5192,5192,0,1,-500,12,-1763,-3,0,0,942,-680,261,-1334,-460,-19,74,0,0,0,0,0,0,0,0,0,0,15,0,0,0,0,0,0,0,0,0,0,0,3,2,84
5193,5193,0,0,-343,9,-949,11,0,0,1016,-680,261,-1270,-535,-139,76,0,0,0,0,0,0,0,0,0,0,14,0,0,0,0,0,0,0,0,0,0,0,3,2,87
5194,5194,0,1,-343,9,-949,11,0,0,1024,-680,261,-1100,-588,-267,78,0,0,0,0,0,0,0,0,0,0,13,0,0,0,0,0,0,0,0,0,0,0,3,2,85
5195,5195,0,0,-410,6,968,8,0,0,1097,-680,261,-751,-694,-212,78,0,0,0,0,0,0,0,0,0,0,14,0,0,0,0,0,0,0,0,0,0,0,3,2,77
5196,5196,0,1,-410,6,968,8,0,0,1091,-680,261,-272,-876,-151,77,0,0,0,0,0,0,0,0,0,0,13,0,0,0,0,0,0,0,0,0,0,0,3,2,63
5197,5197,0,0,-620,-12,1669,5,1,1,1024,-680,261,171,-1105,-279,76,0,0,0,0,0,0,0,0,0,0,12,0,0,0,0,0,0,0,0,0,0,0,3,2,56
5198,5198,0,1,-620,-12,1669,5,0,1,1182,-680,261,490,-1278,-309,76,0,0,0,0,0,0,0,0,0,0,13,0,0,0,0,0,0,0,0,0,0,0,3,2,69
5199,5199,0,0,-743,-7,1141,-11,0,1,1234,-680,261,626,-1242,-391,77,0,0,0,0,0,0,0,0,0,0,12,0,0,0,0,0,0,0,0,0,0,0,3,2,84
5200,5200,0,1,-743,-7,1141,-11,0,1,1469,-680,-261,619,-930,-452,78,0,0,0,0,0,0,0,0,0,0,11,0,0,0,0,0,0,0,0,0,0,0,3,2,85
5201,5201,0,0,-1117,3,348,-4,0,1,1553,-680,-261,564,-382,-341,79,0,0,0,0,0,0,0,0,0,0,11,0,0,0,0,0,0,0,0,0,0,0,3,2,69
5202,5202,0,1,-1117,3,348,-4,0,1,1623,-680,-261,526,303,-300,78,0,0,0,0,0,0,0,0,0,0,11,0,0,0,0,0,0,0,0,0,0,0,3,2,42
5203,5203,0,0,-1453,-13,254,-2,1,2,1686,-680,-261,558,949,-322,77,0,0,0,0,0,0,0,0,0,0,11,0,0,0,0,0,0,0,0,0,0,0,3,2,37
5204,5204,0,1,-1453,-13,254,-2,0,2,1718,-680,-261,610,1393,-376,75,0,0,0,0,0,0,0,0,0,0,12,0,0,0,0,0,0,0,0,0,0,0,3,2,68
5205,5205,0,0,-1167,-15,71,7,0,2,1919,-680,-261,558,1460,-375,76,0,0,0,0,0,0,0,0,0,0,12,0,0,0,0,0,0,0,0,0,0,0,3,2,94
5206,5206,0,1,-1167,-15,71,7,0,2,129,261,-680,387,1106,-376,77,0,0,0,0,0,0,0,0,0,0,12,0,0,0,0,0,0,0,0,0,0,0,3,2,97
5207,5207,0,0,-634,6,-851,13,0,2,372,261,-680,95,455,-364,78,0,0,0,0,0,0,0,0,0,0,13,0,0,0,0,0,0,0,0,0,0,0,3,2,72
5208,5208,0,1,-634,6,-851,13,0,2,378,261,-680,-253,-312,-358,77,0,0,0,0,0,0,0,0,0,0,12,0,0,0,0,0,0,0,0,0,0,0,3,2,28
5209,5209,0,0,-106,-10,-1625,7,1,3,425,261,-680,-535,-966,-399,75,0,0,0,0,0,0,0,0,0,0,13,0,0,0,0,0,0,0,0,0,0,0,3,2,24
5210,5210,0,1,-106,-10,-1625,7,0,3,436,261,-680,-682,-1346,-451,73,0,0,0,0,0,0,0,0,0,0,14,0,0,0,0,0,0,0,0,0,0,0,3,2,68
5211,5211,0,0,-127,1,-1039,-15,0,3,430,261,-680,-685,-1365,-497,73,0,0,0,0,0,0,0,0,0,0,14,0,0,0,0,0,0,0,0,0,0,0,3,2,93
5212,5212,0,1,-127,1,-1039,-15,0,3,1388,261,630,-578,-1006,-477,73,0,0,0,0,0,0,0,0,0,0,14,0,0,0,0,0,0,0,0,0,0,0,3,2,94
5213,5213,0,0,900,4,294,6,0,3,1404,261,630,-439,-334,-473,74,0,0,0,0,0,0,0,0,0,0,15,0,0,0,0,0,0,0,0,0,0,0,3,2,71
5214,5214,0,1,900,4,294,6,0,3,1392,261,630,-330,476,-457,74,0,0,0,0,0,0,0,0,0,0,14,0,0,0,0,0,0,0,0,0,0,0,3,2,34
5215,5215,0,0,1420,12,930,2,1,4,1378,261,630,-287,1136,-427,72,0,0,0,0,0,0,0,0,0,0,15,0,0,0,0,0,0,0,0,0,0,0,3,2,35
5216,5216,0,1,1420,12,930,2,0,4,1384,261,630,-317,1497,-403,70,0,0,0,0,0,0,0,0,0,0,16,0,0,0,0,0,0,0,0,0,0,0,3,2,72
5217,5217,0,0,973,13,546,2,0,4,1172,261,630,-392,1555,-423,70,0,0,0,0,0,0,0,0,0,0,15,0,0,0,0,0,0,0,0,0,0,0,3,2,95
5218,5218,0,1,973,13,546,2,0,4,716,-261,-680,-508,1367,-499,70,0,0,0,0,0,0,0,0,0,0,16,0,0,0,0,0,0,0,0,0,0,0,3,2,99
5219,5219,0,0,-1027,-3,-414,2,0,4,558,-261,-680,-688,1061,-417,71,0,0,0,0,0,0,0,0,0,0,16,0,0,0,0,0,0,0,0,0,0,0,3,2,90
5220,5220,0,1,-1027,-3,-414,2,0,4,514,-261,-680,-912,756,-291,71,0,0,0,0,0,0,0,0,0,0,17,0,0,0,0,0,0,0,0,0,0,0,3,2,78
5221,5221,0,0,-1680,-16,-913,15,1,5,592,-261,-680,-1125,568,-243,71,0,0,0,0,0,0,0,0,0,0,17,0,0,0,0,0,0,0,0,0,0,0,3,2,73
5222,5222,0,1,-1680,-16,-913,15,0,5,594,-261,-680,-1276,476,-197,71,0,0,0,0,0,0,0,0,0,0,17,0,0,0,0,0,0,0,0,0,0,0,3,2,77
5223,5223,0,0,-954,6,-475,5,0,5,691,-261,-680,-1296,428,-248,71,0,0,0,0,0,0,0,0,0,0,17,0,0,0,0,0,0,0,0,0,0,0,3,2,85
5224,5224,0,1,-954,6,-475,5,0,5,832,-261,630,-1201,277,-184,71,0,0,0,0,0,0,0,0,0,0,17,0,0,0,0,0,0,0,0,0,0,0,3,2,84
5225,5225,0,0,390,6,975,15,0,5,871,-261,630,-1045,-31,-159,71,0,0,0,0,0,0,0,0,0,0,17,0,0,0,0,0,0,0,0,0,0,0,3,2,76
5226,5226,0,1,390,6,975,15,0,5,957,-261,630,-865,-476,-220,71,0,0,0,0,0,0,0,0,0,0,17,0,0,0,0,0,0,0,0,0,0,0,3,2,64
5227,5227,0,0,583,7,1767,7,1,1,946,-261,630,-675,-941,-270,70,0,0,0,0,0,0,0,0,0,0,17,0,0,0,0,0,0,0,0,0,0,0,3,2,60
5228,5228,0,1,583,7,1767,7,0,1,952,-261,630,-500,-1288,-326,69,0,0,0,0,0,0,0,0,0,0,17,0,0,0,0,0,0,0,0,0,0,0,3,2,71
5229,5229,0,0,519,7,985,-7,0,1,1031,-261,630,-382,-1356,-205,70,0,0,0,0,0,0,0,0,0,0,17,0,0,0,0,0,0,0,0,0,0,0,3,2,86
5230,5230,0,1,519,7,985,-7,0,1,1154,-680,261,-250,-1119,-207,71,0,0,0,0,0,0,0,0,0,0,16,0,0,0,0,0,0,0,0,0,0,0,3,2,87
5231,5231,0,0,910,14,-187,5,0,1,1341,-680,261,80,-687,-140,71,0,0,0,0,0,0,0,0,0,0,17,0,0,0,0,0,0,0,0,0,0,0,3,2,71
5232,5232,0,1,910,14,-187,5,0,1,1450,-680,261,590,-187,-182,71,0,0,0,0,0,0,0,0,0,0,16,0,0,0,0,0,0,0,0,0,0,0,3,2,43
5233,5233,0,0,1456,-16,-790,10,1,2,1455,-680,261,1057,235,-229,69,0,0,0,0,0,0,0,0,0,0,17,0,0,0,0,0,0,0,0,0,0,0,3,2,38
5234,5234,0,1,1456,-16,-790,10,0,2,1533,-680,261,1337,491,-354,68,0,0,0,0,0,0,0,0,0,0,18,0,0,0,0,0,0,0,0,0,0,0,3,2,67
5235,5235,0,0,1208,-8,-387,-3,0,2,1542,-680,261,1365,550,-232,69,0,0,0,0,0,0,0,0,0,0,17,0,0,0,0,0,0,0,0,0,0,0,3,2,88
5236,5236,0,1,1208,-8,-387,-3,0,2,1982,-261,-680,1080,432,-294,71,0,0,0,0,0,0,0,0,0,0,16,0,0,0,0,0,0,0,0,0,0,0,3,2,91
5237,5237,0,0,580,4,-962,-2,0,2,6,-261,-680,417,203,-172,72,0,0,0,0,0,0,0,0,0,0,16,0,0,0,0,0,0,0,0,0,0,0,3,2,71
5238,5238,0,1,580,4,-962,-2,0,2,82,-261,-680,-462,-76,-126,71,0,0,0,0,0,0,0,0,0,0,16,0,0,0,0,0,0,0,0,0,0,0,3,2,28
5239,5239,0,0,471,-9,-1223,-7,1,3,28,-261,-680,-1183,-317,-26,69,0,0,0,0,0,0,0,0,0,0,17,0,0,0,0,0,0,0,0,0,0,0,3,2,28
5240,5240,0,1,471,-9,-1223,-7,0,3,84,-261,-680,-1542,-480,18,67,0,0,0,0,0,0,0,0,0,0,18,0,0,0,0,0,0,0,0,0,0,0,3,2,76
5241,5241,0,0,587,11,-1182,2,0,3,146,-261,-680,-1526,-498,0,69,0,0,0,0,0,0,0,0,0,0,16,0,0,0,0,0,0,0,0,0,0,0,3,2,100
5242,5242,0,1,587,11,-1182,2,0,3,1045,630,261,-1175,-331,107,71,0,0,0,0,0,0,0,0,0,0,16,0,0,0,0,0,0,0,0,0,0,0,3,2,99
5243,5243,0,0,659,-13,-1003,-11,0,3,1044,630,261,-584,43,215,72,0,0,0,0,0,0,0,0,0,0,17,0,0,0,0,0,0,0,0,0,0,0,3,2,75
5244,5244,0,1,659,-13,-1003,-11,0,3,1026,630,261,73,569,341,72,0,0,0,0,0,0,0,0,0,0,16,0,0,0,0,0,0,0,0,0,0,0,3,2,36
5245,5245,0,0,567,-9,-1201,15,1,4,1094,630,261,544,1063,399,70,0,0,0,0,0,0,0,0,0,0,17,0,0,0,0,0,0,0,0,0,0,0,3,2,35
5246,5246,0,1,567,-9,-1201,15,0,4,1025,630,261,749,1375,526,69,0,0,0,0,0,0,0,0,0,0,18,0,0,0,0,0,0,0,0,0,0,0,3,2,73
5247,5247,0,0,679,7,-999,-7,0,4,1002,630,261,795,1368,420,70,0,0,0,0,0,0,0,0,0,0,16,0,0,0,0,0,0,0,0,0,0,0,3,2,96
5248,5248,0,1,679,7,-999,-7,0,4,511,-680,-261,755,1051,293,72,0,0,0,0,0,0,0,0,0,0,16,0,0,0,0,0,0,0,0,0,0,0,3,2,98
5249,5249,0,0,1123,3,-531,13,0,4,494,-680,-261,753,552,183,73,0,0,0,0,0,0,0,0,0,0,17,0,0,0,0,0,0,0,0,0,0,0,3,2,80
5250,5250,0,1,1123,3,-531,13,0,4,382,-680,-261,837,5,185,72,0,0,0,0,0,0,0,0,0,0,16,0,0,0,0,0,0,0,0,0,0,0,3,2,57
5251,5251,0,0,1419,11,-320,0,1,5,374,-680,-261,996,-481,195,71,0,0,0,0,0,0,0,0,0,0,16,0,0,0,0,0,0,0,0,0,0,0,3,2,52
5252,5252,0,1,1419,11,-320,0,0,5,310,-680,-261,1161,-789,269,70,0,0,0,0,0,0,0,0,0,0,16,0,0,0,0,0,0,0,0,0,0,0,3,2,68
5253,5253,0,0,1096,8,-93,3,0,5,198,-680,-261,1233,-838,199,69,0,0,0,0,0,0,0,0,0,0,16,0,0,0,0,0,0,0,0,0,0,0,3,2,87
5254,5254,0,1,1096,8,-93,3,0,5,2,261,630,1148,-745,325,70,0,0,0,0,0,0,0,0,0,0,16,0,0,0,0,0,0,0,0,0,0,0,3,2,93
5255,5255,0,0,628,-12,911,15,0,5,1854,261,630,924,-752,391,70,0,0,0,0,0,0,0,0,0,0,17,0,0,0,0,0,0,0,0,0,0,0,3,2,84
5256,5256,0,1,628,-12,911,15,0,5,1920,261,630,627,-924,391,70,0,0,0,0,0,0,0,0,0,0,17,0,0,0,0,0,0,0,0,0,0,0,3,2,73
5257,5257,0,0,287,-1,1647,15,1,6,1920,261,630,418,-1094,391,70,0,0,0,0,0,0,0,0,0,0,16,0,0,0,0,0,0,0,0,0,0,0,3,2,69
5258,5258,0,1,287,-1,1647,15,0,6,1909,261,630,314,-1218,402,70,0,0,0,0,0,0,0,0,0,0,16,0,0,0,0,0,0,0,0,0,0,0,3,2,72
5259,5259,0,0,91,-5,1114,-6,0,6,1841,261,630,307,-1273,481,70,0,0,0,0,0,0,0,0,0,0,16,0,0,0,0,0,0,0,0,0,0,0,3,2,78
5260,5260,0,1,91,-5,1114,-6,0,6,1753,630,-261,349,-1270,392,70,0,0,0,0,0,0,0,0,0,0,16,0,0,0,0,0,0,0,0,0,0,0,3,2,81
5261,5261,0,0,-906,-10,-311,9,0,6,1623,630,-261,405,-1223,433,71,0,0,0,0,0,0,0,0,0,0,16,0,0,0,0,0,0,0,0,0,0,0,3,2,81
5262,5262,0,1,-906,-10,-311,9,0,6,1618,630,-261,442,-1171,479,71,0,0,0,0,0,0,0,0,0,0,16,0,0,0,0,0,0,0,0,0,0,0,3,2,79
5263,5263,0,0,-1557,11,-1012,12,1,7,1548,630,-261,443,-1172,595,70,0,0,0,0,0,0,0,0,0,0,16,0,0,0,0,0,0,0,0,0,0,0,3,2,77
5264,5264,0,1,-1557,11,-1012,12,0,7,1558,630,-261,405,-1221,701,71,0,0,0,0,0,0,0,0,0,0,16,0,0,0,0,0,0,0,0,0,0,0,3,2,78
5265,5265,0,0,-858,6,-611,-3,0,7,1606,630,-261,410,-1221,759,72,0,0,0,0,0,0,0,0,0,0,15,0,0,0,0,0,0,0,0,0,0,0,3,2,79
5266,5266,0,1,-858,6,-611,-3,0,7,1604,261,-680,496,-1136,819,73,0,0,0,0,0,0,0,0,0,0,15,0,0,0,0,0,0,0,0,0,0,0,3,2,79
5267,5267,0,0,893,-3,409,-7,0,7,1604,261,-680,661,-993,879,73,0,0,0,0,0,0,0,0,0,0,15,0,0,0,0,0,0,0,0,0,0,0,3,2,76
5268,5268,0,1,893,-3,409,-7,0,7,1606,261,-680,974,-695,937,73,0,0,0,0,0,0,0,0,0,0,14,0,0,0,0,0,0,0,0,0,0,0,3,2,74
5269,5269,0,0,1637,5,861,-3,1,0,1616,261,-680,1163,-532,985,72,0,0,0,0,0,0,0,0,0,0,14,0,0,0,0,0,0,0,0,0,0,0,3,2,74
5270,5270,0,1,1637,5,861,-3,0,0,1734,261,-680,1285,-414,915,72,0,0,0,0,0,0,0,0,0,0,14,0,0,0,0,0,0,0,0,0,0,0,3,2,80
5271,5271,0,0,1003,11,418,2,0,0,1686,261,-680,1282,-305,893,74,0,0,0,0,0,0,0,0,0,0,13,0,0,0,0,0,0,0,0,0,0,0,3,2,84
5272,5272,0,1,1003,11,418,2,0,0,1848,261,-680,1159,-111,965,76,0,0,0,0,0,0,0,0,0,0,12,0,0,0,0,0,0,0,0,0,0,0,3,2,83
5273,5273,0,0,-370,14,-976,-16,0,0,2046,261,-680,964,197,839,76,0,0,0,0,0,0,0,0,0,0,12,0,0,0,0,0,0,0,0,0,0,0,3,2,72
5274,5274,0,1,-370,14,-976,-16,0,0,1980,261,-680,752,633,779,75,0,0,0,0,0,0,0,0,0,0,11,0,0,0,0,0,0,0,0,0,0,0,3,2,61
5275,5275,0,0,-611,-3,-1534,2,1,1,2043,261,-680,555,1067,656,74,0,0,0,0,0,0,0,0,0,0,10,0,0,0,0,0,0,0,0,0,0,0,3,2,62
5276,5276,0,1,-611,-3,-1534,2,0,1,2028,261,-680,389,1371,548,74,0,0,0,0,0,0,0,0,0,0,11,0,0,0,0,0,0,0,0,0,0,0,3,2,75
5277,5277,0,0,-281,7,-1319,-7,0,1,0,261,-680,293,1417,420,75,0,0,0,0,0,0,0,0,0,0,10,0,0,0,0,0,0,0,0,0,0,0,3,2,89
5278,5278,0,1,-281,7,-1319,-7,0,1,162,630,-261,128,1181,386,77,0,0,0,0,0,0,0,0,0,0,9,0,0,0,0,0,0,0,0,0,0,0,3,2,90
5279,5279,0,0,512,0,-941,-13,0,1,381,630,-261,-185,704,389,77,0,0,0,0,0,0,0,0,0,0,9,0,0,0,0,0,0,0,0,0,0,0,3,2,74
5280,5280,0,1,512,0,-941,-13,0,1,431,630,-261,-617,193,342,76,0,0,0,0,0,0,0,0,0,0,8,0,0,0,0,0,0,0,0,0,0,0,3,2,45
5281,5281,0,0,718,14,-1156,-4,1,2,448,630,-261,-1113,-266,278,75,0,0,0,0,0,0,0,0,0,0,9,0,0,0,0,0,0,0,0,0,0,0,3,2,39
5282,5282,0,1,718,14,-1156,-4,0,2,510,630,-261,-1426,-548,152,73,0,0,0,0,0,0,0,0,0,0,10,0,0,0,0,0,0,0,0,0,0,0,3,2,70
5283,5283,0,0,767,-1,-939,-11,0,2,531,630,-261,-1427,-624,261,74,0,0,0,0,0,0,0,0,0,0,9,0,0,0,0,0,0,0,0,0,0,0,3,2,94
5284,5284,0,1,767,-1,-939,-11,0,2,958,261,630,-1070,-510,199,75,0,0,0,0,0,0,0,0,0,0,9,0,0,0,0,0,0,0,0,0,0,0,3,2,96
5285,5285,0,0,1029,5,301,13,0,2,1092,261,630,-407,-256,259,76,0,0,0,0,0,0,0,0,0,0,10,0,0,0,0,0,0,0,0,0,0,0,3,2,73
5286,5286,0,1,1029,5,301,13,0,2,1094,261,630,408,50,317,76,0,0,0,0,0,0,0,0,0,0,9,0,0,0,0,0,0,0,0,0,0,0,3,2,29
5287,5287,0,0,1355,11,844,12,1,3,1159,261,630,1090,309,310,74,0,0,0,0,0,0,0,0,0,0,10,0,0,0,0,0,0,0,0,0,0,0,3,2,25
5288,5288,0,1,1355,11,844,12,0,3,1168,261,630,1470,454,294,72,0,0,0,0,0,0,0,0,0,0,11,0,0,0,0,0,0,0,0,0,0,0,3,2,70
5289,5289,0,0,784,-16,791,-9,0,3,1175,261,630,1499,452,271,72,0,0,0,0,0,0,0,0,0,0,11,0,0,0,0,0,0,0,0,0,0,0,3,2,95
5290,5290,0,1,784,-16,791,-9,0,3,32,-680,-261,1183,282,367,72,0,0,0,0,0,0,0,0,0,0,12,0,0,0,0,0,0,0,0,0,0,0,3,2,97
5291,5291,0,0,-871,-7,184,-8,0,3,16,-680,-261,609,-91,479,73,0,0,0,0,0,0,0,0,0,0,13,0,0,0,0,0,0,0,0,0,0,0,3,2,75
5292,5292,0,1,-871,-7,184,-8,0,3,73,-680,-261,-51,-579,534,73,0,0,0,0,0,0,0,0,0,0,12,0,0,0,0,0,0,0,0,0,0,0,3,2,38
5293,5293,0,0,-1841,15,430,14,1,4,94,-680,-261,-538,-995,568,72,0,0,0,0,0,0,0,0,0,0,13,0,0,0,0,0,0,0,0,0,0,0,3,2,35
5294,5294,0,1,-1841,15,430,14,0,4,4,-680,-261,-733,-1252,692,70,0,0,0,0,0,0,0,0,0,0,14,0,0,0,0,0,0,0,0,0,0,0,3,2,70
5295,5295,0,0,-1064,-8,137,9,0,4,2010,-680,-261,-725,-1340,602,70,0,0,0,0,0,0,0,0,0,0,14,0,0,0,0,0,0,0,0,0,0,0,3,2,90
5296,5296,0,1,-1064,-8,137,9,0,4,1510,630,261,-379,-1344,500,70,0,0,0,0,0,0,0,0,0,0,14,0,0,0,0,0,0,0,0,0,0,0,3,2,94
5297,5297,0,0,872,8,-341,11,0,4,1400,630,261,-95,-1207,508,71,0,0,0,0,0,0,0,0,0,0,15,0,0,0,0,0,0,0,0,0,0,0,3,2,87
5298,5298,0,1,872,8,-341,11,0,4,1398,630,261,239,-1076,518,71,0,0,0,0,0,0,0,0,0,0,15,0,0,0,0,0,0,0,0,0,0,0,3,2,75
5299,5299,0,0,1907,-13,-440,8,1,5,1392,630,261,488,-1044,534,71,0,0,0,0,0,0,0,0,0,0,15,0,0,0,0,0,0,0,0,0,0,0,3,2,69
5300,5300,0,1,1907,-13,-440,8,0,5,1455,630,261,474,-1176,487,71,0,0,0,0,0,0,0,0,0,0,15,0,0,0,0,0,0,0,0,0,0,0,3,2,72
5301,5301,0,0,901,5,-318,2,0,5,1520,630,261,680,-1093,375,71,0,0,0,0,0,0,0,0,0,0,15,0,0,0,0,0,0,0,0,0,0,0,3,2,79
5302,5302,0,1,901,5,-318,2,0,5,1540,-261,-680,732,-951,499,71,0,0,0,0,0,0,0,0,0,0,15,0,0,0,0,0,0,0,0,0,0,0,3,2,81
5303,5303,0,0,-996,-4,-313,7,0,5,1670,-261,-680,821,-591,493,71,0,0,0,0,0,0,0,0,0,0,15,0,0,0,0,0,0,0,0,0,0,0,3,2,75
5304,5304,0,1,-996,-4,-313,7,0,5,1621,-261,-680,959,-85,536,71,0,0,0,0,0,0,0,0,0,0,15,0,0,0,0,0,0,0,0,0,0,0,3,2,63
5305,5305,0,0,-1645,-13,-937,-9,1,1,1668,-261,-680,1169,207,532,70,0,0,0,0,0,0,0,0,0,0,15,0,0,0,0,0,0,0,0,0,0,0,3,2,60
5306,5306,0,1,-1645,-13,-937,-9,0,1,1749,-261,-680,1232,626,447,70,0,0,0,0,0,0,0,0,0,0,15,0,0,0,0,0,0,0,0,0,0,0,3,2,73
5307,5307,0,0,-1132,-12,-292,-4,0,1,1910,-261,-680,1175,749,457,70,0,0,0,0,0,0,0,0,0,0,15,0,0,0,0,0,0,0,0,0,0,0,3,2,86
5308,5308,0,1,-1132,-12,-292,-4,0,1,2020,261,-680,879,735,357,71,0,0,0,0,0,0,0,0,0,0,15,0,0,0,0,0,0,0,0,0,0,0,3,2,87
5309,5309,0,0,-421,-5,917,-11,0,1,54,261,-680,320,590,431,71,0,0,0,0,0,0,0,0,0,0,15,0,0,0,0,0,0,0,0,0,0,0,3,2,72
5310,5310,0,1,-421,-5,917,-11,0,1,153,261,-680,-348,454,406,71,0,0,0,0,0,0,0,0,0,0,15,0,0,0,0,0,0,0,0,0,0,0,3,2,41
5311,5311,0,0,-523,-11,1487,15,1,2,136,261,-680,-1055,331,398,69,0,0,0,0,0,0,0,0,0,0,15,0,0,0,0,0,0,0,0,0,0,0,3,2,35
5312,5312,0,1,-523,-11,1487,15,0,2,130,261,-680,-1424,575,396,68,0,0,0,0,0,0,0,0,0,0,16,0,0,0,0,0,0,0,0,0,0,0,3,2,68
5313,5313,0,0,-491,-11,1285,5,0,2,350,261,-680,-1473,572,430,69,0,0,0,0,0,0,0,0,0,0,15,0,0,0,0,0,0,0,0,0,0,0,3,2,95
5314,5314,0,1,-491,-11,1285,5,0,2,709,630,261,-1145,391,361,70,0,0,0,0,0,0,0,0,0,0,15,0,0,0,0,0,0,0,0,0,0,0,3,2,98
5315,5315,0,0,261,5,1062,6,0,2,942,630,261,-504,88,315,71,0,0,0,0,0,0,0,0,0,0,16,0,0,0,0,0,0,0,0,0,0,0,3,2,75
5316,5316,0,1,261,5,1062,6,0,2,934,630,261,295,-251,277,71,0,0,0,0,0,0,0,0,0,0,15,0,0,0,0,0,0,0,0,0,0,0,3,2,31
5317,5317,0,0,636,-4,1302,-10,1,3,952,630,261,1009,-517,221,69,0,0,0,0,0,0,0,0,0,0,16,0,0,0,0,0,0,0,0,0,0,0,3,2,23
5318,5318,0,1,636,-4,1302,-10,0,3,952,630,261,1442,-649,165,67,0,0,0,0,0,0,0,0,0,0,17,0,0,0,0,0,0,0,0,0,0,0,3,2,70
5319,5319,0,0,377,-7,1299,-13,0,3,1024,630,261,1450,-644,37,68,0,0,0,0,0,0,0,0,0,0,16,0,0,0,0,0,0,0,0,0,0,0,3,2,98
5320,5320,0,1,377,-7,1299,-13,0,3,1916,-680,261,1029,-534,41,71,0,0,0,0,0,0,0,0,0,0,15,0,0,0,0,0,0,0,0,0,0,0,3,2,98
5321,5321,0,0,360,8,1283,3,0,3,1901,-680,261,314,-384,60,72,0,0,0,0,0,0,0,0,0,0,16,0,0,0,0,0,0,0,0,0,0,0,3,2,71
5322,5322,0,1,360,8,1283,3,0,3,1920,-680,261,-501,-276,60,71,0,0,0,0,0,0,0,0,0,0,15,0,0,0,0,0,0,0,0,0,0,0,3,2,30
5323,5323,0,0,366,14,1222,6,1,4,1914,-680,261,-1160,-322,66,69,0,0,0,0,0,0,0,0,0,0,16,0,0,0,0,0,0,0,0,0,0,0,3,2,35
5324,5324,0,1,366,14,1222,6,0,4,2029,-680,261,-1520,-457,-43,67,0,0,0,0,0,0,0,0,0,0,17,0,0,0,0,0,0,0,0,0,0,0,3,2,74
5325,5325,0,0,348,-4,1291,11,0,4,1750,-680,261,-1553,-447,-129,69,0,0,0,0,0,0,0,0,0,0,16,0,0,0,0,0,0,0,0,0,0,0,3,2,98
5326,5326,0,1,348,-4,1291,11,0,4,1156,630,-261,-1310,-203,-133,71,0,0,0,0,0,0,0,0,0,0,16,0,0,0,0,0,0,0,0,0,0,0,3,2,100
5327,5327,0,0,-424,-8,1191,7,0,4,1046,630,-261,-927,204,-27,71,0,0,0,0,0,0,0,0,0,0,17,0,0,0,0,0,0,0,0,0,0,0,3,2,81
5328,5328,0,1,-424,-8,1191,7,0,4,1110,630,-261,-548,679,15,71,0,0,0,0,0,0,0,0,0,0,16,0,0,0,0,0,0,0,0,0,0,0,3,2,58
5329,5329,0,0,-711,-7,1276,-4,1,5,1098,630,-261,-331,1090,69,70,0,0,0,0,0,0,0,0,0,0,16,0,0,0,0,0,0,0,0,0,0,0,3,2,53
5330,5330,0,1,-711,-7,1276,-4,0,5,1056,630,-261,-279,1364,165,69,0,0,0,0,0,0,0,0,0,0,16,0,0,0,0,0,0,0,0,0,0,0,3,2,70
5331,5331,0,0,-734,2,951,-9,0,5,954,630,-261,-268,1463,107,69,0,0,0,0,0,0,0,0,0,0,16,0,0,0,0,0,0,0,0,0,0,0,3,2,86
5332,5332,0,1,-734,2,951,-9,0,5,725,-680,-261,-224,1400,22,69,0,0,0,0,0,0,0,0,0,0,17,0,0,0,0,0,0,0,0,0,0,0,3,2,91
5333,5333,0,0,-1087,1,-259,-3,0,5,534,-680,-261,-48,1261,128,70,0,0,0,0,0,0,0,0,0,0,17,0,0,0,0,0,0,0,0,0,0,0,3,2,88
5334,5334,0,1,-1087,1,-259,-3,0,5,513,-680,-261,243,1128,255,70,0,0,0,0,0,0,0,0,0,0,17,0,0,0,0,0,0,0,0,0,0,0,3,2,78
5335,5335,0,0,-1383,-7,-865,-1,1,6,538,-680,-261,523,1084,357,70,0,0,0,0,0,0,0,0,0,0,17,0,0,0,0,0,0,0,0,0,0,0,3,2,71
5336,5336,0,1,-1383,-7,-865,-1,0,6,564,-680,-261,706,1131,433,70,0,0,0,0,0,0,0,0,0,0,17,0,0,0,0,0,0,0,0,0,0,0,3,2,74
5337,5337,0,0,-919,9,-807,-7,0,6,524,-680,-261,745,1185,549,70,0,0,0,0,0,0,0,0,0,0,17,0,0,0,0,0,0,0,0,0,0,0,3,2,82
5338,5338,0,1,-919,9,-807,-7,0,6,508,-261,630,665,1213,425,71,0,0,0,0,0,0,0,0,0,0,17,0,0,0,0,0,0,0,0,0,0,0,3,2,87
5339,5339,0,0,905,9,-261,-5,0,6,382,-261,630,596,1220,427,72,0,0,0,0,0,0,0,0,0,0,18,0,0,0,0,0,0,0,0,0,0,0,3,2,86
5340,5340,0,1,905,9,-261,-5,0,6,331,-261,630,572,1214,480,72,0,0,0,0,0,0,0,0,0,0,18,0,0,0,0,0,0,0,0,0,0,0,3,2,84
5341,5341,0,0,1690,-6,-365,-13,1,7,378,-261,630,401,1244,486,71,0,0,0,0,0,0,0,0,0,0,17,0,0,0,0,0,0,0,0,0,0,0,3,2,83
5342,5342,0,1,1690,-6,-365,-13,0,7,381,-261,630,564,1175,489,72,0,0,0,0,0,0,0,0,0,0,18,0,0,0,0,0,0,0,0,0,0,0,3,2,82
5343,5343,0,0,1073,-15,-151,9,0,7,494,-261,630,561,1178,379,73,0,0,0,0,0,0,0,0,0,0,17,0,0,0,0,0,0,0,0,0,0,0,3,2,80
5344,5344,0,1,1073,-15,-151,9,0,7,370,261,630,345,1245,393,74,0,0,0,0,0,0,0,0,0,0,16,0,0,0,0,0,0,0,0,0,0,0,3,2,80
5345,5345,0,0,-1048,8,346,-6,0,7,444,261,630,148,1244,333,75,0,0,0,0,0,0,0,0,0,0,17,0,0,0,0,0,0,0,0,0,0,0,3,2,80
5346,5346,0,1,-1048,8,346,-6,0,7,367,261,630,-160,1226,350,74,0,0,0,0,0,0,0,0,0,0,16,0,0,0,0,0,0,0,0,0,0,0,3,2,78
5347,5347,0,0,-1866,-10,398,14,1,0,368,261,630,-262,1289,366,74,0,0,0,0,0,0,0,0,0,0,15,0,0,0,0,0,0,0,0,0,0,0,3,2,77
5348,5348,0,1,-1866,-10,398,14,0,0,431,261,630,-417,1321,319,74,0,0,0,0,0,0,0,0,0,0,15,0,0,0,0,0,0,0,0,0,0,0,3,2,81
5349,5349,0,0,-930,-2,371,-13,0,0,506,261,630,-504,1274,197,75,0,0,0,0,0,0,0,0,0,0,14,0,0,0,0,0,0,0,0,0,0,0,3,2,85
5350,5350,0,1,-930,-2,371,-13,0,0,546,261,630,-584,1091,291,77,0,0,0,0,0,0,0,0,0,0,13,0,0,0,0,0,0,0,0,0,0,0,3,2,85
5351,5351,0,0,794,-6,369,-15,0,0,520,261,630,-740,726,411,78,0,0,0,0,0,0,0,0,0,0,13,0,0,0,0,0,0,0,0,0,0,0,3,2,76
5352,5352,0,1,794,-6,369,-15,0,0,595,261,630,-975,243,456,77,0,0,0,0,0,0,0,0,0,0,12,0,0,0,0,0,0,0,0,0,0,0,3,2,64
5353,5353,0,0,1739,11,700,-4,1,1,594,261,630,-1211,-181,502,76,0,0,0,0,0,0,0,0,0,0,12,0,0,0,0,0,0,0,0,0,0,0,3,2,62
5354,5354,0,1,1739,11,700,-4,0,1,656,261,630,-1363,-460,486,76,0,0,0,0,0,0,0,0,0,0,12,0,0,0,0,0,0,0,0,0,0,0,3,2,76
5355,5355,0,0,1022,-2,636,-4,0,1,814,261,630,-1344,-603,568,77,0,0,0,0,0,0,0,0,0,0,11,0,0,0,0,0,0,0,0,0,0,0,3,2,88
5356,5356,0,1,1022,-2,636,-4,0,1,958,-261,630,-971,-755,506,79,0,0,0,0,0,0,0,0,0,0,10,0,0,0,0,0,0,0,0,0,0,0,3,2,91
5357,5357,0,0,461,13,1116,-4,0,1,1062,-261,630,-398,-624,596,79,0,0,0,0,0,0,0,0,0,0,10,0,0,0,0,0,0,0,0,0,0,0,3,2,77
5358,5358,0,1,461,13,1116,-4,0,1,1089,-261,630,367,-450,659,79,0,0,0,0,0,0,0,0,0,0,10,0,0,0,0,0,0,0,0,0,0,0,3,2,45
5359,5359,0,0,296,8,1407,-1,1,2,1152,-261,630,1019,-361,659,77,0,0,0,0,0,0,0,0,0,0,10,0,0,0,0,0,0,0,0,0,0,0,3,2,36
5360,5360,0,1,296,8,1407,-1,0,2,1238,-261,630,1387,-365,573,76,0,0,0,0,0,0,0,0,0,0,11,0,0,0,0,0,0,0,0,0,0,0,3,2,67
5361,5361,0,0,126,-2,1235,-13,0,2,1384,-261,630,1429,-339,597,76,0,0,0,0,0,0,0,0,0,0,11,0,0,0,0,0,0,0,0,0,0,0,3,2,89
5362,5362,0,1,126,-2,1235,-13,0,2,1750,-680,-261,1120,-224,511,77,0,0,0,0,0,0,0,0,0,0,10,0,0,0,0,0,0,0,0,0,0,0,3,2,92
5363,5363,0,0,-984,8,533,-11,0,2,1978,-680,-261,445,-14,453,78,0,0,0,0,0,0,0,0,0,0,11,0,0,0,0,0,0,0,0,0,0,0,3,2,71
5364,5364,0,1,-984,8,533,-11,0,2,1981,-680,-261,-429,206,392,77,0,0,0,0,0,0,0,0,0,0,11,0,0,0,0,0,0,0,0,0,0,0,3,2,28
5365,5365,0,0,-1722,6,207,15,1,3,2030,-680,-261,-1155,367,282,75,0,0,0,0,0,0,0,0,0,0,11,0,0,0,0,0,0,0,0,0,0,0,3,2,30
5366,5366,0,1,-1722,6,207,15,0,3,0,-680,-261,-1531,429,154,73,0,0,0,0,0,0,0,0,0,0,12,0,0,0,0,0,0,0,0,0,0,0,3,2,76
5367,5367,0,0,-1109,11,-30,2,0,3,2038,-680,-261,-1502,434,36,73,0,0,0,0,0,0,0,0,0,0,12,0,0,0,0,0,0,0,0,0,0,0,3,2,99
5368,5368,0,1,-1109,11,-30,2,0,3,877,630,-261,-1096,413,55,74,0,0,0,0,0,0,0,0,0,0,13,0,0,0,0,0,0,0,0,0,0,0,3,2,98
5369,5369,0,0,314,-6,-763,5,0,3,958,630,-261,-386,442,-7,75,0,0,0,0,0,0,0,0,0,0,13,0,0,0,0,0,0,0,0,0,0,0,3,2,73
5370,5370,0,1,314,-6,-763,5,0,3,951,630,-261,375,335,-62,75,0,0,0,0,0,0,0,0,0,0,13,0,0,0,0,0,0,0,0,0,0,0,3,2,36
5371,5371,0,0,1083,-5,-1410,-2,1,4,949,630,-261,1053,301,-115,73,0,0,0,0,0,0,0,0,0,0,14,0,0,0,0,0,0,0,0,0,0,0,3,2,31
5372,5372,0,1,1083,-5,-1410,-2,0,4,940,630,-261,1487,349,-159,71,0,0,0,0,0,0,0,0,0,0,15,0,0,0,0,0,0,0,0,0,0,0,3,2,68
5373,5373,0,0,467,-13,-904,-8,0,4,705,630,-261,1555,406,-224,71,0,0,0,0,0,0,0,0,0,0,14,0,0,0,0,0,0,0,0,0,0,0,3,2,95
5374,5374,0,1,467,-13,-904,-8,0,4,140,-680,261,1318,474,-236,71,0,0,0,0,0,0,0,0,0,0,15,0,0,0,0,0,0,0,0,0,0,0,3,2,99
5375,5375,0,0,-321,-1,988,-4,0,4,17,-680,261,1018,632,-125,72,0,0,0,0,0,0,0,0,0,0,15,0,0,0,0,0,0,0,0,0,0,0,3,2,86
5376,5376,0,1,-321,-1,988,-4,0,4,2,-680,261,778,876,1,72,0,0,0,0,0,0,0,0,0,0,16,0,0,0,0,0,0,0,0,0,0,0,3,2,74
5377,5377,0,0,-939,-11,1612,12,1,5,66,-680,261,628,1095,63,72,0,0,0,0,0,0,0,0,0,0,15,0,0,0,0,0,0,0,0,0,0,0,3,2,72
5378,5378,0,1,-939,-11,1612,12,0,5,80,-680,261,542,1240,111,72,0,0,0,0,0,0,0,0,0,0,15,0,0,0,0,0,0,0,0,0,0,0,3,2,78
5379,5379,0,0,-471,9,927,-1,0,5,181,-680,261,464,1284,58,72,0,0,0,0,0,0,0,0,0,0,15,0,0,0,0,0,0,0,0,0,0,0,3,2,84
5380,5380,0,1,-471,9,927,-1,0,5,374,630,261,319,1215,68,72,0,0,0,0,0,0,0,0,0,0,16,0,0,0,0,0,0,0,0,0,0,0,3,2,84
5381,5381,0,0,986,-6,-397,-13,0,5,343,630,261,-36,1053,109,72,0,0,0,0,0,0,0,0,0,0,16,0,0,0,0,0,0,0,0,0,0,0,3,2,77
5382,5382,0,1,986,-6,-397,-13,0,5,380,630,261,-555,842,113,72,0,0,0,0,0,0,0,0,0,0,16,0,0,0,0,0,0,0,0,0,0,0,3,2,65
5383,5383,0,0,1648,-16,-501,11,1,1,432,630,261,-1057,666,65,71,0,0,0,0,0,0,0,0,0,0,16,0,0,0,0,0,0,0,0,0,0,0,3,2,62
5384,5384,0,1,1648,-16,-501,11,0,1,494,630,261,-1393,538,-45,71,0,0,0,0,0,0,0,0,0,0,16,0,0,0,0,0,0,0,0,0,0,0,3,2,77
5385,5385,0,0,1036,12,-513,-1,0,1,522,630,261,-1448,404,73,71,0,0,0,0,0,0,0,0,0,0,16,0,0,0,0,0,0,0,0,0,0,0,3,2,92
5386,5386,0,1,1036,12,-513,-1,0,1,701,261,630,-1203,203,12,72,0,0,0,0,0,0,0,0,0,0,16,0,0,0,0,0,0,0,0,0,0,0,3,2,92
5387,5387,0,0,-303,-15,-925,3,0,1,874,261,630,-740,-124,34,72,0,0,0,0,0,0,0,0,0,0,16,0,0,0,0,0,0,0,0,0,0,0,3,2,75
5388,5388,0,1,-303,-15,-925,3,0,1,954,261,630,-181,-557,-24,72,0,0,0,0,0,0,0,0,0,0,16,0,0,0,0,0,0,0,0,0,0,0,3,2,46
5389,5389,0,0,-548,-4,-1417,-9,1,2,936,261,630,305,-992,-64,71,0,0,0,0,0,0,0,0,0,0,17,0,0,0,0,0,0,0,0,0,0,0,3,2,35
5390,5390,0,1,-548,-4,-1417,-9,0,2,970,261,630,597,-1305,-138,69,0,0,0,0,0,0,0,0,0,0,18,0,0,0,0,0,0,0,0,0,0,0,3,2,64
5391,5391,0,0,-563,13,-1119,1,0,2,1046,261,630,629,-1346,-32,70,0,0,0,0,0,0,0,0,0,0,17,0,0,0,0,0,0,0,0,0,0,0,3,2,88
5392,5392,0,1,-563,13,-1119,1,0,2,1466,-680,261,444,-1041,-90,71,0,0,0,0,0,0,0,0,0,0,16,0,0,0,0,0,0,0,0,0,0,0,3,2,91
5393,5393,0,0,-912,-16,-614,-6,0,2,1545,-680,261,198,-387,29,72,0,0,0,0,0,0,0,0,0,0,16,0,0,0,0,0,0,0,0,0,0,0,3,2,69
5394,5394,0,1,-912,-16,-614,-6,0,2,1674,-680,261,-44,449,19,72,0,0,0,0,0,0,0,0,0,0,16,0,0,0,0,0,0,0,0,0,0,0,3,2,26
5395,5395,0,0,-1441,-1,-462,-14,1,3,1669,-680,261,-281,1134,14,70,0,0,0,0,0,0,0,0,0,0,17,0,0,0,0,0,0,0,0,0,0,0,3,2,28
5396,5396,0,1,-1441,-1,-462,-14,0,3,1730,-680,261,-492,1478,-52,68,0,0,0,0,0,0,0,0,0,0,18,0,0,0,0,0,0,0,0,0,0,0,3,2,72
5397,5397,0,0,-1244,4,-597,11,0,3,1682,-680,261,-519,1475,-70,70,0,0,0,0,0,0,0,0,0,0,17,0,0,0,0,0,0,0,0,0,0,0,3,2,96
5398,5398,0,1,-1244,4,-597,11,0,3,544,261,-680,-344,1139,26,72,0,0,0,0,0,0,0,0,0,0,16,0,0,0,0,0,0,0,0,0,0,0,3,2,96
5399,5399,0,0,-1103,-15,-719,-15,0,3,591,261,-680,49,559,75,72,0,0,0,0,0,0,0,0,0,0,17,0,0,0,0,0,0,0,0,0,0,0,3,2,73
5400,5400,0,1,-1103,-15,-719,-15,0,3,576,261,-680,569,-82,139,71,0,0,0,0,0,0,0,0,0,0,16,0,0,0,0,0,0,0,0,0,0,0,3,2,34
5401,5401,0,0,-1234,14,-446,2,1,4,517,261,-680,1036,-521,262,69,0,0,0,0,0,0,0,0,0,0,16,0,0,0,0,0,0,0,0,0,0,0,3,2,35
5402,5402,0,1,-1234,14,-446,2,0,4,598,261,-680,1311,-705,304,68,0,0,0,0,0,0,0,0,0,0,17,0,0,0,0,0,0,0,0,0,0,0,3,2,71
5403,5403,0,0,-1119,1,-802,-2,0,4,492,261,-680,1319,-736,196,69,0,0,0,0,0,0,0,0,0,0,16,0,0,0,0,0,0,0,0,0,0,0,3,2,92
5404,5404,0,1,-1119,1,-802,-2,0,4,2035,-261,630,1043,-726,81,71,0,0,0,0,0,0,0,0,0,0,16,0,0,0,0,0,0,0,0,0,0,0,3,2,93
5405,5405,0,0,-565,11,-982,10,0,4,1912,-261,630,544,-744,89,72,0,0,0,0,0,0,0,0,0,0,16,0,0,0,0,0,0,0,0,0,0,0,3,2,78
5406,5406,0,1,-565,11,-982,10,0,4,1920,-261,630,-37,-837,89,72,0,0,0,0,0,0,0,0,0,0,16,0,0,0,0,0,0,0,0,0,0,0,3,2,57
5407,5407,0,0,-260,-4,-1509,-5,1,5,1914,-261,630,-473,-995,95,70,0,0,0,0,0,0,0,0,0,0,15,0,0,0,0,0,0,0,0,0,0,0,3,2,51
5408,5408,0,1,-260,-4,-1509,-5,0,5,1915,-261,630,-681,-1155,100,69,0,0,0,0,0,0,0,0,0,0,16,0,0,0,0,0,0,0,0,0,0,0,3,2,67
5409,5409,0,0,-68,-4,-981,11,0,5,1740,-261,630,-754,-1193,24,69,0,0,0,0,0,0,0,0,0,0,16,0,0,0,0,0,0,0,0,0,0,0,3,2,82
5410,5410,0,1,-68,-4,-981,11,0,5,1522,630,-261,-778,-1074,-90,69,0,0,0,0,0,0,0,0,0,0,16,0,0,0,0,0,0,0,0,0,0,0,3,2,87
5411,5411,0,0,860,-4,-676,-4,0,5,1328,630,-261,-834,-859,-10,69,0,0,0,0,0,0,0,0,0,0,16,0,0,0,0,0,0,0,0,0,0,0,3,2,81
5412,5412,0,1,860,-4,-676,-4,0,5,1364,630,-261,-960,-615,34,69,0,0,0,0,0,0,0,0,0,0,16,0,0,0,0,0,0,0,0,0,0,0,3,2,73
5413,5413,0,0,1625,-7,-177,15,1,6,1353,630,-261,-1150,-415,89,69,0,0,0,0,0,0,0,0,0,0,16,0,0,0,0,0,0,0,0,0,0,0,3,2,70
5414,5414,0,1,1625,-7,-177,15,0,6,1398,630,-261,-1338,-312,99,69,0,0,0,0,0,0,0,0,0,0,16,0,0,0,0,0,0,0,0,0,0,0,3,2,75
5415,5415,0,0,1044,-12,-110,-14,0,6,1286,630,-261,-1424,-282,221,69,0,0,0,0,0,0,0,0,0,0,16,0,0,0,0,0,0,0,0,0,0,0,3,2,84
5416,5416,0,1,1044,-12,-110,-14,0,6,1200,-261,-680,-1383,-339,173,70,0,0,0,0,0,0,0,0,0,0,16,0,0,0,0,0,0,0,0,0,0,0,3,2,90
5417,5417,0,0,-309,11,913,-15,0,6,1095,-261,-680,-1311,-416,230,70,0,0,0,0,0,0,0,0,0,0,17,0,0,0,0,0,0,0,0,0,0,0,3,2,88
5418,5418,0,1,-309,11,913,-15,0,6,1098,-261,-680,-1260,-463,284,70,0,0,0,0,0,0,0,0,0,0,16,0,0,0,0,0,0,0,0,0,0,0,3,2,85
5419,5419,0,0,-960,0,1468,-4,1,7,1078,-261,-680,-1251,-427,358,70,0,0,0,0,0,0,0,0,0,0,16,0,0,0,0,0,0,0,0,0,0,0,3,2,83
5420,5420,0,1,-960,0,1468,-4,0,7,1047,-261,-680,-1271,-349,463,70,0,0,0,0,0,0,0,0,0,0,17,0,0,0,0,0,0,0,0,0,0,0,3,2,82
5421,5421,0,0,-609,-1,877,13,0,7,1092,-261,-680,-1279,-369,523,71,0,0,0,0,0,0,0,0,0,0,16,0,0,0,0,0,0,0,0,0,0,0,3,2,81
5422,5422,0,1,-609,-1,877,13,0,7,1105,-680,-261,-1228,-513,570,73,0,0,0,0,0,0,0,0,0,0,15,0,0,0,0,0,0,0,0,0,0,0,3,2,82
5423,5423,0,0,476,-4,-880,-16,0,7,1106,-680,-261,-1084,-673,616,73,0,0,0,0,0,0,0,0,0,0,15,0,0,0,0,0,0,0,0,0,0,0,3,2,82
5424,5424,0,1,476,-4,-880,-16,0,7,1046,-680,-261,-872,-834,722,73,0,0,0,0,0,0,0,0,0,0,15,0,0,0,0,0,0,0,0,0,0,0,3,2,79
5425,5425,0,0,850,-14,-1570,-2,1,0,1106,-680,-261,-540,-1113,768,73,0,0,0,0,0,0,0,0,0,0,15,0,0,0,0,0,0,0,0,0,0,0,3,2,74
5426,5426,0,1,850,-14,-1570,-2,0,0,1152,-680,-261,-386,-1293,768,73,0,0,0,0,0,0,0,0,0,0,15,0,0,0,0,0,0,0,0,0,0,0,3,2,77
5427,5427,0,0,425,9,-939,-11,0,0,1173,-680,-261,-263,-1298,747,74,0,0,0,0,0,0,0,0,0,0,13,0,0,0,0,0,0,0,0,0,0,0,3,2,84
5428,5428,0,1,425,9,-939,-11,0,0,1238,-680,-261,-108,-1119,661,76,0,0,0,0,0,0,0,0,0,0,12,0,0,0,0,0,0,0,0,0,0,0,3,2,82
5429,5429,0,0,-1022,2,294,6,0,0,1390,-680,-261,201,-916,679,77,0,0,0,0,0,0,0,0,0,0,12,0,0,0,0,0,0,0,0,0,0,0,3,2,70
5430,5430,0,1,-1022,2,294,6,0,0,1450,-680,-261,607,-742,637,76,0,0,0,0,0,0,0,0,0,0,12,0,0,0,0,0,0,0,0,0,0,0,3,2,58
5431,5431,0,0,-1668,-4,628,-12,1,1,1506,-680,-261,1030,-545,539,75,0,0,0,0,0,0,0,0,0,0,12,0,0,0,0,0,0,0,0,0,0,0,3,2,60
5432,5432,0,1,-1668,-4,628,-12,0,1,1514,-680,-261,1330,-372,433,74,0,0,0,0,0,0,0,0,0,0,12,0,0,0,0,0,0,0,0,0,0,0,3,2,73
5433,5433,0,0,-1392,-16,245,-11,0,1,1606,-680,-261,1380,-234,491,75,0,0,0,0,0,0,0,0,0,0,11,0,0,0,0,0,0,0,0,0,0,0,3,2,86
5434,5434,0,1,-1392,-16,245,-11,0,1,1790,-261,-680,1132,-105,365,77,0,0,0,0,0,0,0,0,0,0,10,0,0,0,0,0,0,0,0,0,0,0,3,2,88
5435,5435,0,0,-1050,6,-507,5,0,1,1897,-261,-680,659,181,388,77,0,0,0,0,0,0,0,0,0,0,11,0,0,0,0,0,0,0,0,0,0,0,3,2,71
5436,5436,0,1,-1050,6,-507,5,0,1,1984,-261,-680,93,621,324,77,0,0,0,0,0,0,0,0,0,0,10,0,0,0,0,0,0,0,0,0,0,0,3,2,43
5437,5437,0,0,-1312,0,-691,13,1,2,2042,-261,-680,-392,1030,202,75,0,0,0,0,0,0,0,0,0,0,10,0,0,0,0,0,0,0,0,0,0,0,3,2,39
5438,5438,0,1,-1312,0,-691,13,0,2,2018,-261,-680,-524,1367,104,74,0,0,0,0,0,0,0,0,0,0,11,0,0,0,0,0,0,0,0,0,0,0,3,2,68
5439,5439,0,0,-904,-8,-840,-8,0,2,95,-261,-680,-599,1371,137,74,0,0,0,0,0,0,0,0,0,0,11,0,0,0,0,0,0,0,0,0,0,0,3,2,90
5440,5440,0,1,-904,-8,-840,-8,0,2,464,630,-261,-490,1050,57,76,0,0,0,0,0,0,0,0,0,0,11,0,0,0,0,0,0,0,0,0,0,0,3,2,93
5441,5441,0,0,187,-5,-990,2,0,2,582,630,-261,-230,409,115,76,0,0,0,0,0,0,0,0,0,0,11,0,0,0,0,0,0,0,0,0,0,0,3,2,71
5442,5442,0,1,187,-5,-990,2,0,2,535,630,-261,95,-400,220,76,0,0,0,0,0,0,0,0,0,0,11,0,0,0,0,0,0,0,0,0,0,0,3,2,28
5443,5443,0,0,1086,-2,-1262,-14,1,3,644,630,-261,353,-1068,216,74,0,0,0,0,0,0,0,0,0,0,12,0,0,0,0,0,0,0,0,0,0,0,3,2,25
5444,5444,0,1,1086,-2,-1262,-14,0,3,644,630,-261,477,-1425,212,72,0,0,0,0,0,0,0,0,0,0,13,0,0,0,0,0,0,0,0,0,0,0,3,2,69
5445,5445,0,0,644,4,-751,-15,0,3,654,630,-261,461,-1438,198,72,0,0,0,0,0,0,0,0,0,0,13,0,0,0,0,0,0,0,0,0,0,0,3,2,93
5446,5446,0,1,644,4,-751,-15,0,3,1546,-261,630,289,-1129,316,73,0,0,0,0,0,0,0,0,0,0,14,0,0,0,0,0,0,0,0,0,0,0,3,2,93
5447,5447,0,0,359,7,805,5,0,3,1600,-261,630,-99,-590,380,74,0,0,0,0,0,0,0,0,0,0,14,0,0,0,0,0,0,0,0,0,0,0,3,2,72
5448,5448,0,1,359,7,805,5,0,3,1600,-261,630,-618,29,444,73,0,0,0,0,0,0,0,0,0,0,14,0,0,0,0,0,0,0,0,0,0,0,3,2,37
5449,5449,0,0,354,2,1851,-5,1,4,1605,-261,630,-1073,504,503,72,0,0,0,0,0,0,0,0,0,0,14,0,0,0,0,0,0,0,0,0,0,0,3,2,38
5450,5450,0,1,354,2,1851,-5,0,4,1601,-261,630,-1356,732,566,70,0,0,0,0,0,0,0,0,0,0,15,0,0,0,0,0,0,0,0,0,0,0,3,2,73
5451,5451,0,0,271,15,1016,-8,0,4,1499,-261,630,-1451,736,475,70,0,0,0,0,0,0,0,0,0,0,14,0,0,0,0,0,0,0,0,0,0,0,3,2,95
5452,5452,0,1,271,15,1016,-8,0,4,1010,261,-680,-1438,363,361,70,0,0,0,0,0,0,0,0,0,0,15,0,0,0,0,0,0,0,0,0,0,0,3,2,101
5453,5453,0,0,-300,-12,-829,3,0,4,889,261,-680,-1295,76,368,71,0,0,0,0,0,0,0,0,0,0,15,0,0,0,0,0,0,0,0,0,0,0,3,2,93
5454,5454,0,1,-300,-12,-829,3,0,4,896,261,-680,-1177,-244,368,71,0,0,0,0,0,0,0,0,0,0,16,0,0,0,0,0,0,0,0,0,0,0,3,2,81
5455,5455,0,0,-529,15,-1812,12,1,5,879,261,-680,-1165,-477,385,71,0,0,0,0,0,0,0,0,0,0,16,0,0,0,0,0,0,0,0,0,0,0,3,2,75
5456,5456,0,1,-529,15,-1812,12,0,5,944,261,-680,-1302,-441,337,71,0,0,0,0,0,0,0,0,0,0,16,0,0,0,0,0,0,0,0,0,0,0,3,2,79
5457,5457,0,0,-179,13,-894,2,0,5,1006,261,-680,-1280,-530,227,71,0,0,0,0,0,0,0,0,0,0,16,0,0,0,0,0,0,0,0,0,0,0,3,2,85
5458,5458,0,1,-179,13,-894,2,0,5,1121,-680,261,-1089,-639,258,71,0,0,0,0,0,0,0,0,0,0,16,0,0,0,0,0,0,0,0,0,0,0,3,2,86
5459,5459,0,0,-474,6,950,-10,0,5,1093,-680,261,-729,-775,317,71,0,0,0,0,0,0,0,0,0,0,17,0,0,0,0,0,0,0,0,0,0,0,3,2,78
5460,5460,0,1,-474,6,950,-10,0,5,1090,-680,261,-255,-938,379,71,0,0,0,0,0,0,0,0,0,0,16,0,0,0,0,0,0,0,0,0,0,0,3,2,65
5461,5461,0,0,-723,13,1616,-16,1,1,1047,-680,261,220,-1124,484,71,0,0,0,0,0,0,0,0,0,0,16,0,0,0,0,0,0,0,0,0,0,0,3,2,60
5462,5462,0,1,-723,13,1616,-16,0,1,1154,-680,261,582,-1265,482,70,0,0,0,0,0,0,0,0,0,0,17,0,0,0,0,0,0,0,0,0,0,0,3,2,70
5463,5463,0,0,-349,3,1112,-8,0,1,1403,-680,261,705,-1224,487,71,0,0,0,0,0,0,0,0,0,0,16,0,0,0,0,0,0,0,0,0,0,0,3,2,86
5464,5464,0,1,-349,3,1112,-8,0,1,1452,-680,-261,624,-933,443,72,0,0,0,0,0,0,0,0,0,0,16,0,0,0,0,0,0,0,0,0,0,0,3,2,87
5465,5465,0,0,869,5,405,-11,0,1,1575,-680,-261,568,-315,532,72,0,0,0,0,0,0,0,0,0,0,16,0,0,0,0,0,0,0,0,0,0,0,3,2,69
5466,5466,0,1,869,5,405,-11,0,1,1547,-680,-261,457,366,649,71,0,0,0,0,0,0,0,0,0,0,16,0,0,0,0,0,0,0,0,0,0,0,3,2,40
5467,5467,0,0,1467,-5,600,-8,1,2,1761,-680,-261,407,1015,552,70,0,0,0,0,0,0,0,0,0,0,17,0,0,0,0,0,0,0,0,0,0,0,3,2,36
5468,5468,0,1,1467,-5,600,-8,0,2,1665,-680,-261,396,1450,551,69,0,0,0,0,0,0,0,0,0,0,18,0,0,0,0,0,0,0,0,0,0,0,3,2,68
5469,5469,0,0,1176,-8,352,0,0,2,2045,-680,-261,376,1504,426,70,0,0,0,0,0,0,0,0,0,0,17,0,0,0,0,0,0,0,0,0,0,0,3,2,93
5470,5470,0,1,1176,-8,352,0,0,2,196,261,-680,268,1152,358,71,0,0,0,0,0,0,0,0,0,0,16,0,0,0,0,0,0,0,0,0,0,0,3,2,97
5471,5471,0,0,1082,-6,-133,-5,0,2,493,261,-680,112,484,249,72,0,0,0,0,0,0,0,0,0,0,17,0,0,0,0,0,0,0,0,0,0,0,3,2,74
5472,5472,0,1,1082,-6,-133,-5,0,2,426,261,-680,-146,-308,207,72,0,0,0,0,0,0,0,0,0,0,16,0,0,0,0,0,0,0,0,0,0,0,3,2,31
5473,5473,0,0,1252,4,-701,3,1,3,432,261,-680,-368,-1004,159,70,0,0,0,0,0,0,0,0,0,0,17,0,0,0,0,0,0,0,0,0,0,0,3,2,21
5474,5474,0,1,1252,4,-701,3,0,3,511,261,-680,-482,-1426,32,68,0,0,0,0,0,0,0,0,0,0,19,0,0,0,0,0,0,0,0,0,0,0,3,2,66
5475,5475,0,0,1298,-14,-274,14,0,3,437,261,-680,-644,-1386,-21,69,0,0,0,0,0,0,0,0,0,0,17,0,0,0,0,0,0,0,0,0,0,0,3,2,94
5476,5476,0,1,1298,-14,-274,14,0,3,1392,261,630,-480,-1008,-5,72,0,0,0,0,0,0,0,0,0,0,16,0,0,0,0,0,0,0,0,0,0,0,3,2,94
5477,5477,0,0,1165,13,-353,-1,0,3,1517,261,630,-354,-325,-114,72,0,0,0,0,0,0,0,0,0,0,17,0,0,0,0,0,0,0,0,0,0,0,3,2,69
5478,5478,0,1,1165,13,-353,-1,0,3,1454,261,630,-325,479,-160,72,0,0,0,0,0,0,0,0,0,0,16,0,0,0,0,0,0,0,0,0,0,0,3,2,29
5479,5479,0,0,1238,-10,-412,4,1,4,1403,261,630,-353,1124,-155,70,0,0,0,0,0,0,0,0,0,0,17,0,0,0,0,0,0,0,0,0,0,0,3,2,35
5480,5480,0,1,1238,-10,-412,4,0,4,1392,261,630,-384,1470,-139,68,0,0,0,0,0,0,0,0,0,0,18,0,0,0,0,0,0,0,0,0,0,0,3,2,73
5481,5481,0,0,1242,-6,-315,5,0,4,1265,261,630,-346,1505,-252,70,0,0,0,0,0,0,0,0,0,0,17,0,0,0,0,0,0,0,0,0,0,0,3,2,94
5482,5482,0,1,1242,-6,-315,5,0,4,640,-261,-680,-191,1277,-252,71,0,0,0,0,0,0,0,0,0,0,17,0,0,0,0,0,0,0,0,0,0,0,3,2,95
5483,5483,0,0,1189,5,416,0,0,4,515,-261,-680,155,913,-127,72,0,0,0,0,0,0,0,0,0,0,18,0,0,0,0,0,0,0,0,0,0,0,3,2,80
5484,5484,0,1,1189,5,416,0,0,4,595,-261,-680,623,548,-82,72,0,0,0,0,0,0,0,0,0,0,17,0,0,0,0,0,0,0,0,0,0,0,3,2,57
5485,5485,0,0,1213,-3,736,0,1,5,576,-261,-680,1053,349,-18,70,0,0,0,0,0,0,0,0,0,0,16,0,0,0,0,0,0,0,0,0,0,0,3,2,50
5486,5486,0,1,1213,-3,736,0,0,5,518,-261,-680,1334,316,104,69,0,0,0,0,0,0,0,0,0,0,16,0,0,0,0,0,0,0,0,0,0,0,3,2,68
5487,5487,0,0,886,-10,692,-12,0,5,506,-261,-680,1409,291,-18,68,0,0,0,0,0,0,0,0,0,0,16,0,0,0,0,0,0,0,0,0,0,0,3,2,84
5488,5488,0,1,886,-10,692,-12,0,5,139,-261,630,1318,181,-29,69,0,0,0,0,0,0,0,0,0,0,17,0,0,0,0,0,0,0,0,0,0,0,3,2,89
5489,5489,0,0,-243,13,1079,-9,0,5,70,-261,630,1191,15,29,69,0,0,0,0,0,0,0,0,0,0,17,0,0,0,0,0,0,0,0,0,0,0,3,2,82
5490,5490,0,1,-243,13,1079,-9,0,5,2,-261,630,1110,-208,155,69,0,0,0,0,0,0,0,0,0,0,17,0,0,0,0,0,0,0,0,0,0,0,3,2,73
5491,5491,0,0,-820,12,1293,13,1,6,2,-261,630,1084,-473,281,68,0,0,0,0,0,0,0,0,0,0,17,0,0,0,0,0,0,0,0,0,0,0,3,2,70
5492,5492,0,1,-820,12,1293,13,0,6,35,-261,630,1107,-698,374,68,0,0,0,0,0,0,0,0,0,0,16,0,0,0,0,0,0,0,0,0,0,0,3,2,73
5493,5493,0,0,-766,2,931,3,0,6,2,-261,630,1154,-743,500,68,0,0,0,0,0,0,0,0,0,0,16,0,0,0,0,0,0,0,0,0,0,0,3,2,81
5494,5494,0,1,-766,2,931,3,0,6,2036,630,261,1194,-627,384,69,0,0,0,0,0,0,0,0,0,0,16,0,0,0,0,0,0,0,0,0,0,0,3,2,85
5495,5495,0,0,-290,-2,-833,-1,0,6,1850,630,261,1189,-530,454,70,0,0,0,0,0,0,0,0,0,0,17,0,0,0,0,0,0,0,0,0,0,0,3,2,83
5496,5496,0,1,-290,-2,-833,-1,0,6,1866,630,261,1147,-529,508,70,0,0,0,0,0,0,0,0,0,0,17,0,0,0,0,0,0,0,0,0,0,0,3,2,81
5497,5497,0,0,-366,-14,-1737,-9,1,7,1871,630,261,1176,-405,557,69,0,0,0,0,0,0,0,0,0,0,17,0,0,0,0,0,0,0,0,0,0,0,3,2,78
5498,5498,0,1,-366,-14,-1737,-9,0,7,1867,630,261,1141,-585,610,70,0,0,0,0,0,0,0,0,0,0,17,0,0,0,0,0,0,0,0,0,0,0,3,2,77
5499,5499,0,0,-125,3,-910,-14,0,7,1920,630,261,1214,-417,610,71,0,0,0,0,0,0,0,0,0,0,16,0,0,0,0,0,0,0,0,0,0,0,3,2,79
5500,5500,0,1,-125,3,-910,-14,0,7,1908,630,-261,1219,-340,622,72,0,0,0,0,0,0,0,0,0,0,15,0,0,0,0,0,0,0,0,0,0,0,3,2,80
5501,5501,0,0,305,-15,867,3,0,7,1974,630,-261,1214,-134,568,72,0,0,0,0,0,0,0,0,0,0,16,0,0,0,0,0,0,0,0,0,0,0,3,2,79
5502,5502,0,1,305,-15,867,3,0,7,1909,630,-261,1206,165,579,72,0,0,0,0,0,0,0,0,0,0,15,0,0,0,0,0,0,0,0,0,0,0,3,2,76
5503,5503,0,0,614,6,1924,4,1,0,1972,630,-261,1207,427,527,71,0,0,0,0,0,0,0,0,0,0,14,0,0,0,0,0,0,0,0,0,0,0,3,2,76
5504,5504,0,1,614,6,1924,4,0,0,1967,630,-261,1199,589,480,71,0,0,0,0,0,0,0,0,0,0,14,0,0,0,0,0,0,0,0,0,0,0,3,2,79
5505,5505,0,0,313,-7,916,-12,0,0,2046,630,-261,1125,661,354,73,0,0,0,0,0,0,0,0,0,0,13,0,0,0,0,0,0,0,0,0,0,0,3,2,84
5506,5506,0,1,313,-7,916,-12,0,0,42,630,-261,935,694,440,75,0,0,0,0,0,0,0,0,0,0,12,0,0,0,0,0,0,0,0,0,0,0,3,2,81
5507,5507,0,0,477,-3,-837,-5,0,0,70,630,-261,576,791,498,75,0,0,0,0,0,0,0,0,0,0,12,0,0,0,0,0,0,0,0,0,0,0,3,2,73
5508,5508,0,1,477,-3,-837,-5,0,0,20,630,-261,104,962,606,75,0,0,0,0,0,0,0,0,0,0,12,0,0,0,0,0,0,0,0,0,0,0,3,2,60
5509,5509,0,0,622,14,-1617,15,1,1,132,630,-261,-167,1170,602,74,0,0,0,0,0,0,0,0,0,0,11,0,0,0,0,0,0,0,0,0,0,0,3,2,60
5510,5510,0,1,622,14,-1617,15,0,1,207,630,-261,-594,1217,523,73,0,0,0,0,0,0,0,0,0,0,12,0,0,0,0,0,0,0,0,0,0,0,3,2,73
5511,5511,0,0,773,5,-1073,15,0,1,379,630,-261,-725,1184,528,75,0,0,0,0,0,0,0,0,0,0,10,0,0,0,0,0,0,0,0,0,0,0,3,2,85
5512,5512,0,1,773,5,-1073,15,0,1,510,630,261,-719,952,402,76,0,0,0,0,0,0,0,0,0,0,10,0,0,0,0,0,0,0,0,0,0,0,3,2,86
5513,5513,0,0,1027,3,-383,1,0,1,556,630,261,-615,404,486,77,0,0,0,0,0,0,0,0,0,0,10,0,0,0,0,0,0,0,0,0,0,0,3,2,75
5514,5514,0,1,1027,3,-383,1,0,1,530,630,261,-453,-323,596,76,0,0,0,0,0,0,0,0,0,0,9,0,0,0,0,0,0,0,0,0,0,0,3,2,45
5515,5515,0,0,1412,4,-336,-16,1,2,672,630,261,-376,-989,564,75,0,0,0,0,0,0,0,0,0,0,9,0,0,0,0,0,0,0,0,0,0,0,3,2,34
5516,5516,0,1,1412,4,-336,-16,0,2,720,630,261,-373,-1384,484,73,0,0,0,0,0,0,0,0,0,0,10,0,0,0,0,0,0,0,0,0,0,0,3,2,65
5517,5517,0,0,1147,-5,-47,-15,0,2,811,630,261,-332,-1406,569,73,0,0,0,0,0,0,0,0,0,0,10,0,0,0,0,0,0,0,0,0,0,0,3,2,89
5518,5518,0,1,1147,-5,-47,-15,0,2,1152,-261,630,-182,-1051,569,75,0,0,0,0,0,0,0,0,0,0,10,0,0,0,0,0,0,0,0,0,0,0,3,2,90
5519,5519,0,0,586,10,844,12,0,2,1482,-261,630,-20,-405,495,75,0,0,0,0,0,0,0,0,0,0,10,0,0,0,0,0,0,0,0,0,0,0,3,2,67
5520,5520,0,1,586,10,844,12,0,2,1468,-261,630,200,368,435,75,0,0,0,0,0,0,0,0,0,0,10,0,0,0,0,0,0,0,0,0,0,0,3,2,25
5521,5521,0,0,257,1,1796,4,1,3,1526,-261,630,380,1076,317,73,0,0,0,0,0,0,0,0,0,0,11,0,0,0,0,0,0,0,0,0,0,0,3,2,25
5522,5522,0,1,257,1,1796,4,0,3,1482,-261,630,507,1517,243,71,0,0,0,0,0,0,0,0,0,0,12,0,0,0,0,0,0,0,0,0,0,0,3,2,71
5523,5523,0,0,52,-12,951,-9,0,3,1535,-261,630,548,1516,116,71,0,0,0,0,0,0,0,0,0,0,12,0,0,0,0,0,0,0,0,0,0,0,3,2,100
5524,5524,0,1,52,-12,951,-9,0,3,374,-261,-680,451,1100,126,72,0,0,0,0,0,0,0,0,0,0,13,0,0,0,0,0,0,0,0,0,0,0,3,2,101
5525,5525,0,0,-851,13,-170,-10,0,3,442,-261,-680,395,415,68,73,0,0,0,0,0,0,0,0,0,0,14,0,0,0,0,0,0,0,0,0,0,0,3,2,75
5526,5526,0,1,-851,13,-170,-10,0,3,448,-261,-680,375,-407,4,73,0,0,0,0,0,0,0,0,0,0,13,0,0,0,0,0,0,0,0,0,0,0,3,2,35
5527,5527,0,0,-1611,-11,-1115,5,1,4,448,-261,-680,348,-1049,-60,71,0,0,0,0,0,0,0,0,0,0,14,0,0,0,0,0,0,0,0,0,0,0,3,2,34
5528,5528,0,1,-1611,-11,-1115,5,0,4,426,-261,-680,361,-1426,-102,69,0,0,0,0,0,0,0,0,0,0,15,0,0,0,0,0,0,0,0,0,0,0,3,2,68
5529,5529,0,0,-915,13,-479,1,0,4,314,-261,-680,425,-1497,-32,69,0,0,0,0,0,0,0,0,0,0,14,0,0,0,0,0,0,0,0,0,0,0,3,2,90
5530,5530,0,1,-915,13,-479,1,0,4,1754,261,630,531,-1317,-122,69,0,0,0,0,0,0,0,0,0,0,15,0,0,0,0,0,0,0,0,0,0,0,3,2,96
5531,5531,0,0,804,4,320,0,0,4,1606,261,630,683,-1029,-64,70,0,0,0,0,0,0,0,0,0,0,15,0,0,0,0,0,0,0,0,0,0,0,3,2,87
5532,5532,0,1,804,4,320,0,0,4,1552,261,630,862,-757,48,70,0,0,0,0,0,0,0,0,0,0,16,0,0,0,0,0,0,0,0,0,0,0,3,2,76
5533,5533,0,0,1709,13,948,-12,1,5,1618,261,630,1052,-601,94,70,0,0,0,0,0,0,0,0,0,0,16,0,0,0,0,0,0,0,0,0,0,0,3,2,70
5534,5534,0,1,1709,13,948,-12,0,5,1556,261,630,1208,-548,202,70,0,0,0,0,0,0,0,0,0,0,15,0,0,0,0,0,0,0,0,0,0,0,3,2,74
5535,5535,0,0,898,2,406,-10,0,5,1678,261,630,1252,-469,188,70,0,0,0,0,0,0,0,0,0,0,15,0,0,0,0,0,0,0,0,0,0,0,3,2,81
5536,5536,0,1,898,2,406,-10,0,5,1846,261,-680,1170,-285,262,70,0,0,0,0,0,0,0,0,0,0,16,0,0,0,0,0,0,0,0,0,0,0,3,2,82
5537,5537,0,0,-401,15,-877,-13,0,5,1919,261,-680,1015,49,263,70,0,0,0,0,0,0,0,0,0,0,16,0,0,0,0,0,0,0,0,0,0,0,3,2,74
5538,5538,0,1,-401,15,-877,-13,0,5,1911,261,-680,836,498,272,70,0,0,0,0,0,0,0,0,0,0,16,0,0,0,0,0,0,0,0,0,0,0,3,2,62
5539,5539,0,0,-502,10,-1673,-9,1,1,1964,261,-680,691,991,228,69,0,0,0,0,0,0,0,0,0,0,16,0,0,0,0,0,0,0,0,0,0,0,3,2,60
5540,5540,0,1,-502,10,-1673,-9,0,1,2044,261,-680,581,1376,104,69,0,0,0,0,0,0,0,0,0,0,16,0,0,0,0,0,0,0,0,0,0,0,3,2,74
5541,5541,0,0,-527,-15,-931,-3,0,1,6,261,-680,452,1425,226,69,0,0,0,0,0,0,0,0,0,0,16,0,0,0,0,0,0,0,0,0,0,0,3,2,92
5542,5542,0,1,-527,-15,-931,-3,0,1,158,630,-261,246,1126,196,70,0,0,0,0,0,0,0,0,0,0,16,0,0,0,0,0,0,0,0,0,0,0,3,2,93
5543,5543,0,0,-928,0,194,2,0,1,308,630,-261,-110,683,272,71,0,0,0,0,0,0,0,0,0,0,17,0,0,0,0,0,0,0,0,0,0,0,3,2,71
5544,5544,0,1,-928,0,194,2,0,1,496,630,-261,-593,221,160,70,0,0,0,0,0,0,0,0,0,0,16,0,0,0,0,0,0,0,0,0,0,0,3,2,42
5545,5545,0,0,-1511,-7,679,7,1,2,429,630,-261,-1090,-224,115,69,0,0,0,0,0,0,0,0,0,0,17,0,0,0,0,0,0,0,0,0,0,0,3,2,39
5546,5546,0,1,-1511,-7,679,7,0,2,508,630,-261,-1448,-556,-9,68,0,0,0,0,0,0,0,0,0,0,18,0,0,0,0,0,0,0,0,0,0,0,3,2,68
5547,5547,0,0,-1270,10,456,8,0,2,563,630,-261,-1477,-631,68,69,0,0,0,0,0,0,0,0,0,0,17,0,0,0,0,0,0,0,0,0,0,0,3,2,96
5548,5548,0,1,-1270,10,456,8,0,2,876,261,630,-1122,-455,88,71,0,0,0,0,0,0,0,0,0,0,16,0,0,0,0,0,0,0,0,0,0,0,3,2,99
5549,5549,0,0,-496,-16,961,1,0,2,1026,261,630,-463,-199,214,72,0,0,0,0,0,0,0,0,0,0,17,0,0,0,0,0,0,0,0,0,0,0,3,2,75
5550,5550,0,1,-496,-16,961,1,0,2,1054,261,630,338,53,312,71,0,0,0,0,0,0,0,0,0,0,16,0,0,0,0,0,0,0,0,0,0,0,3,2,31
5551,5551,0,0,-531,13,1351,7,1,3,1171,261,630,1047,301,293,69,0,0,0,0,0,0,0,0,0,0,17,0,0,0,0,0,0,0,0,0,0,0,3,2,21
5552,5552,0,1,-531,13,1351,7,0,3,1108,261,630,1481,485,337,68,0,0,0,0,0,0,0,0,0,0,19,0,0,0,0,0,0,0,0,0,0,0,3,2,68
5553,5553,0,0,-483,-3,1252,4,0,3,1075,261,630,1509,503,414,69,0,0,0,0,0,0,0,0,0,0,17,0,0,0,0,0,0,0,0,0,0,0,3,2,96
5554,5554,0,1,-483,-3,1252,4,0,3,50,-680,-261,1142,315,492,71,0,0,0,0,0,0,0,0,0,0,16,0,0,0,0,0,0,0,0,0,0,0,3,2,98
5555,5555,0,0,-667,5,1043,-13,0,3,2,-680,-261,544,-52,618,72,0,0,0,0,0,0,0,0,0,0,17,0,0,0,0,0,0,0,0,0,0,0,3,2,72
5556,5556,0,1,-667,5,1043,-13,0,3,6,-680,-261,-20,-523,740,71,0,0,0,0,0,0,0,0,0,0,16,0,0,0,0,0,0,0,0,0,0,0,3,2,33
5557,5557,0,0,-488,-8,1296,-16,1,4,86,-680,-261,-385,-1029,782,69,0,0,0,0,0,0,0,0,0,0,17,0,0,0,0,0,0,0,0,0,0,0,3,2,32
5558,5558,0,1,-488,-8,1296,-16,0,4,71,-680,-261,-515,-1355,839,68,0,0,0,0,0,0,0,0,0,0,18,0,0,0,0,0,0,0,0,0,0,0,3,2,68
5559,5559,0,0,-710,-6,1048,-8,0,4,2018,-680,-261,-512,-1380,741,69,0,0,0,0,0,0,0,0,0,0,16,0,0,0,0,0,0,0,0,0,0,0,3,2,91
5560,5560,0,1,-710,-6,1048,-8,0,4,1523,630,261,-551,-1083,626,71,0,0,0,0,0,0,0,0,0,0,16,0,0,0,0,0,0,0,0,0,0,0,3,2,91
5561,5561,0,0,-1181,3,553,9,0,4,1468,630,261,-653,-618,566,71,0,0,0,0,0,0,0,0,0,0,17,0,0,0,0,0,0,0,0,0,0,0,3,2,76
5562,5562,0,1,-1181,3,553,9,0,4,1530,630,261,-836,-123,444,71,0,0,0,0,0,0,0,0,0,0,16,0,0,0,0,0,0,0,0,0,0,0,3,2,56
5563,5563,0,0,-1461,11,216,-8,1,5,1532,630,261,-1078,281,320,70,0,0,0,0,0,0,0,0,0,0,16,0,0,0,0,0,0,0,0,0,0,0,3,2,52
5564,5564,0,1,-1461,11,216,-8,0,5,1386,630,261,-1303,520,342,69,0,0,0,0,0,0,0,0,0,0,16,0,0,0,0,0,0,0,0,0,0,0,3,2,69
5565,5565,0,0,-1231,-15,66,2,0,5,1238,630,261,-1388,586,256,68,0,0,0,0,0,0,0,0,0,0,16,0,0,0,0,0,0,0,0,0,0,0,3,2,88
5566,5566,0,1,-1231,-15,66,2,0,5,1070,-261,-680,-1271,596,338,69,0,0,0,0,0,0,0,0,0,0,16,0,0,0,0,0,0,0,0,0,0,0,3,2,94
5567,5567,0,0,-452,-4,-856,8,0,5,1021,-261,-680,-1018,657,213,70,0,0,0,0,0,0,0,0,0,0,17,0,0,0,0,0,0,0,0,0,0,0,3,2,88
5568,5568,0,1,-452,-4,-856,8,0,5,1020,-261,-680,-710,846,89,70,0,0,0,0,0,0,0,0,0,0,17,0,0,0,0,0,0,0,0,0,0,0,3,2,76
5569,5569,0,0,-432,-16,-1500,4,1,6,1006,-261,-680,-518,1063,-21,70,0,0,0,0,0,0,0,0,0,0,17,0,0,0,0,0,0,0,0,0,0,0,3,2,69
5570,5570,0,1,-432,-16,-1500,4,0,6,1018,-261,-680,-475,1232,-143,70,0,0,0,0,0,0,0,0,0,0,17,0,0,0,0,0,0,0,0,0,0,0,3,2,73
5571,5571,0,0,75,11,-1109,11,0,6,870,-261,-680,-298,1369,-117,70,0,0,0,0,0,0,0,0,0,0,17,0,0,0,0,0,0,0,0,0,0,0,3,2,82
5572,5572,0,1,75,11,-1109,11,0,6,643,-680,261,-298,1342,-120,71,0,0,0,0,0,0,0,0,0,0,17,0,0,0,0,0,0,0,0,0,0,0,3,2,86
5573,5573,0,0,737,1,364,12,0,6,579,-680,261,-338,1275,-59,71,0,0,0,0,0,0,0,0,0,0,17,0,0,0,0,0,0,0,0,0,0,0,3,2,85
5574,5574,0,1,737,1,364,12,0,6,598,-680,261,-404,1217,-17,71,0,0,0,0,0,0,0,0,0,0,17,0,0,0,0,0,0,0,0,0,0,0,3,2,81
5575,5575,0,0,1570,2,917,-11,1,7,580,-680,261,-403,1228,43,70,0,0,0,0,0,0,0,0,0,0,16,0,0,0,0,0,0,0,0,0,0,0,3,2,79
5576,5576,0,1,1570,2,917,-11,0,7,518,-680,261,-350,1286,165,71,0,0,0,0,0,0,0,0,0,0,17,0,0,0,0,0,0,0,0,0,0,0,3,2,79
5577,5577,0,0,760,-8,589,13,0,7,532,-680,261,-361,1289,273,72,0,0,0,0,0,0,0,0,0,0,16,0,0,0,0,0,0,0,0,0,0,0,3,2,82
5578,5578,0,1,760,-8,589,13,0,7,582,-261,630,-480,1199,331,73,0,0,0,0,0,0,0,0,0,0,15,0,0,0,0,0,0,0,0,0,0,0,3,2,83
5579,5579,0,0,-899,-3,-394,-10,0,7,583,-261,630,-689,1039,388,74,0,0,0,0,0,0,0,0,0,0,16,0,0,0,0,0,0,0,0,0,0,0,3,2,79
5580,5580,0,1,-899,-3,-394,-10,0,7,540,-261,630,-932,853,488,73,0,0,0,0,0,0,0,0,0,0,15,0,0,0,0,0,0,0,0,0,0,0,3,2,76
5581,5581,0,0,-1795,-3,-967,-7,1,0,512,-261,630,-1152,677,360,72,0,0,0,0,0,0,0,0,0,0,14,0,0,0,0,0,0,0,0,0,0,0,3,2,77
5582,5582,0,1,-1795,-3,-967,-7,0,0,588,-261,630,-1342,354,412,72,0,0,0,0,0,0,0,0,0,0,14,0,0,0,0,0,0,0,0,0,0,0,3,2,82
5583,5583,0,0,-976,-16,-325,-5,0,0,687,-261,630,-1358,234,365,74,0,0,0,0,0,0,0,0,0,0,13,0,0,0,0,0,0,0,0,0,0,0,3,2,86
5584,5584,0,1,-976,-16,-325,-5,0,0,776,-261,630,-1246,96,485,76,0,0,0,0,0,0,0,0,0,0,12,0,0,0,0,0,0,0,0,0,0,0,3,2,86
5585,5585,0,0,340,-12,906,10,0,0,861,-261,630,-1004,-179,520,77,0,0,0,0,0,0,0,0,0,0,12,0,0,0,0,0,0,0,0,0,0,0,3,2,78
5586,5586,0,1,340,-12,906,10,0,0,956,-261,630,-712,-583,460,76,0,0,0,0,0,0,0,0,0,0,12,0,0,0,0,0,0,0,0,0,0,0,3,2,63
5587,5587,0,0,678,6,1715,-13,1,1,1001,-261,630,-526,-978,355,75,0,0,0,0,0,0,0,0,0,0,11,0,0,0,0,0,0,0,0,0,0,0,3,2,57
5588,5588,0,1,678,6,1715,-13,0,1,1000,-261,630,-447,-1255,251,74,0,0,0,0,0,0,0,0,0,0,12,0,0,0,0,0,0,0,0,0,0,0,3,2,69
5589,5589,0,0,322,2,1379,3,0,1,1032,-261,630,-284,-1329,371,76,0,0,0,0,0,0,0,0,0,0,11,0,0,0,0,0,0,0,0,0,0,0,3,2,83
5590,5590,0,1,322,2,1379,3,0,1,1246,-680,261,-81,-1132,277,77,0,0,0,0,0,0,0,0,0,0,10,0,0,0,0,0,0,0,0,0,0,0,3,2,85
5591,5591,0,0,-526,-14,955,-5,0,1,1408,-680,261,226,-679,277,78,0,0,0,0,0,0,0,0,0,0,10,0,0,0,0,0,0,0,0,0,0,0,3,2,71
5592,5592,0,1,-526,-14,955,-5,0,1,1466,-680,261,576,-81,219,77,0,0,0,0,0,0,0,0,0,0,10,0,0,0,0,0,0,0,0,0,0,0,3,2,45
5593,5593,0,0,-665,7,1349,5,1,2,1502,-680,261,964,409,125,76,0,0,0,0,0,0,0,0,0,0,10,0,0,0,0,0,0,0,0,0,0,0,3,2,36
5594,5594,0,1,-665,7,1349,5,0,2,1505,-680,261,1275,676,28,74,0,0,0,0,0,0,0,0,0,0,11,0,0,0,0,0,0,0,0,0,0,0,3,2,65
5595,5595,0,0,-753,15,816,-16,0,2,1608,-680,261,1282,732,84,75,0,0,0,0,0,0,0,0,0,0,11,0,0,0,0,0,0,0,0,0,0,0,3,2,90
5596,5596,0,1,-753,15,816,-16,0,2,2011,-261,-680,1005,475,-7,76,0,0,0,0,0,0,0,0,0,0,11,0,0,0,0,0,0,0,0,0,0,0,3,2,92
5597,5597,0,0,-1081,7,-107,-11,0,2,146,-261,-680,339,251,-25,77,0,0,0,0,0,0,0,0,0,0,11,0,0,0,0,0,0,0,0,0,0,0,3,2,68
5598,5598,0,1,-1081,7,-107,-11,0,2,134,-261,-680,-454,-51,-31,76,0,0,0,0,0,0,0,0,0,0,11,0,0,0,0,0,0,0,0,0,0,0,3,2,25
5599,5599,0,0,-1399,9,-1097,-9,1,3,152,-261,-680,-1152,-332,-55,74,0,0,0,0,0,0,0,0,0,0,12,0,0,0,0,0,0,0,0,0,0,0,3,2,28
5600,5600,0,1,-1399,9,-1097,-9,0,3,143,-261,-680,-1576,-502,-70,72,0,0,0,0,0,0,0,0,0,0,13,0,0,0,0,0,0,0,0,0,0,0,3,2,74
5601,5601,0,0,-901,-5,-610,-2,0,3,198,-261,-680,-1597,-474,-140,72,0,0,0,0,0,0,0,0,0,0,13,0,0,0,0,0,0,0,0,0,0,0,3,2,102
5602,5602,0,1,-901,-5,-610,-2,0,3,1060,630,261,-1218,-251,-48,73,0,0,0,0,0,0,0,0,0,0,13,0,0,0,0,0,0,0,0,0,0,0,3,2,102
5603,5603,0,0,861,-3,-447,1,0,3,1090,630,261,-608,123,14,74,0,0,0,0,0,0,0,0,0,0,14,0,0,0,0,0,0,0,0,0,0,0,3,2,76
5604,5604,0,1,861,-3,-447,1,0,3,1090,630,261,46,575,76,74,0,0,0,0,0,0,0,0,0,0,14,0,0,0,0,0,0,0,0,0,0,0,3,2,38
5605,5605,0,0,1751,-9,-243,13,1,4,1118,630,261,543,1010,110,72,0,0,0,0,0,0,0,0,0,0,15,0,0,0,0,0,0,0,0,0,0,0,3,2,35
5606,5606,0,1,1751,-9,-243,13,0,4,1024,630,261,790,1336,-18,71,0,0,0,0,0,0,0,0,0,0,15,0,0,0,0,0,0,0,0,0,0,0,3,2,71
5607,5607,0,0,1032,8,-346,6,0,4,969,630,261,805,1454,-91,70,0,0,0,0,0,0,0,0,0,0,15,0,0,0,0,0,0,0,0,0,0,0,3,2,96
5608,5608,0,1,1032,8,-346,6,0,4,487,-680,-261,616,1383,-194,71,0,0,0,0,0,0,0,0,0,0,16,0,0,0,0,0,0,0,0,0,0,0,3,2,103
5609,5609,0,0,-888,8,429,13,0,4,376,-680,-261,286,1244,-186,71,0,0,0,0,0,0,0,0,0,0,16,0,0,0,0,0,0,0,0,0,0,0,3,2,94
5610,5610,0,1,-888,8,429,13,0,4,308,-680,-261,-79,1149,-110,72,0,0,0,0,0,0,0,0,0,0,17,0,0,0,0,0,0,0,0,0,0,0,3,2,79
5611,5611,0,0,-2010,6,396,12,1,5,348,-680,-261,-326,1183,-74,72,0,0,0,0,0,0,0,0,0,0,17,0,0,0,0,0,0,0,0,0,0,0,3,2,71
5612,5612,0,1,-2010,6,396,12,0,5,376,-680,-261,-421,1289,-66,71,0,0,0,0,0,0,0,0,0,0,16,0,0,0,0,0,0,0,0,0,0,0,3,2,76
5613,5613,0,0,-917,11,216,-8,0,5,512,-680,-261,-483,1264,-194,71,0,0,0,0,0,0,0,0,0,0,17,0,0,0,0,0,0,0,0,0,0,0,3,2,84
5614,5614,0,1,-917,11,216,-8,0,5,532,261,630,-584,1043,-86,72,0,0,0,0,0,0,0,0,0,0,17,0,0,0,0,0,0,0,0,0,0,0,3,2,83
5615,5615,0,0,867,3,437,-11,0,5,534,261,630,-749,700,20,72,0,0,0,0,0,0,0,0,0,0,17,0,0,0,0,0,0,0,0,0,0,0,3,2,73
5616,5616,0,1,867,3,437,-11,0,5,581,261,630,-971,287,79,71,0,0,0,0,0,0,0,0,0,0,16,0,0,0,0,0,0,0,0,0,0,0,3,2,64
5617,5617,0,0,1714,-14,684,12,1,1,582,261,630,-1212,-160,137,71,0,0,0,0,0,0,0,0,0,0,16,0,0,0,0,0,0,0,0,0,0,0,3,2,62
5618,5618,0,1,1714,-14,684,12,0,1,646,261,630,-1388,-537,131,70,0,0,0,0,0,0,0,0,0,0,17,0,0,0,0,0,0,0,0,0,0,0,3,2,75
5619,5619,0,0,978,-14,423,7,0,1,876,261,630,-1365,-669,151,71,0,0,0,0,0,0,0,0,0,0,16,0,0,0,0,0,0,0,0,0,0,0,3,2,92
5620,5620,0,1,978,-14,423,7,0,1,932,-261,630,-1063,-591,115,72,0,0,0,0,0,0,0,0,0,0,16,0,0,0,0,0,0,0,0,0,0,0,3,2,94
5621,5621,0,0,516,4,-953,7,0,1,1066,-261,630,-476,-523,201,72,0,0,0,0,0,0,0,0,0,0,17,0,0,0,0,0,0,0,0,0,0,0,3,2,75
5622,5622,0,1,516,4,-953,7,0,1,1112,-261,630,283,-543,241,72,0,0,0,0,0,0,0,0,0,0,17,0,0,0,0,0,0,0,0,0,0,0,3,2,43
5623,5623,0,0,507,-5,-1401,7,1,2,1202,-261,630,956,-560,191,71,0,0,0,0,0,0,0,0,0,0,18,0,0,0,0,0,0,0,0,0,0,0,3,2,37
5624,5624,0,1,507,-5,-1401,7,0,2,1156,-261,630,1364,-546,187,70,0,0,0,0,0,0,0,0,0,0,18,0,0,0,0,0,0,0,0,0,0,0,3,2,68
5625,5625,0,0,529,-15,-1188,-4,0,2,1383,-261,630,1411,-527,212,70,0,0,0,0,0,0,0,0,0,0,17,0,0,0,0,0,0,0,0,0,0,0,3,2,91
5626,5626,0,1,529,-15,-1188,-4,0,2,1691,-680,-261,1083,-451,185,72,0,0,0,0,0,0,0,0,0,0,17,0,0,0,0,0,0,0,0,0,0,0,3,2,93
5627,5627,0,0,-249,7,-1065,-9,0,2,1908,-680,-261,456,-176,197,73,0,0,0,0,0,0,0,0,0,0,17,0,0,0,0,0,0,0,0,0,0,0,3,2,73
5628,5628,0,1,-249,7,-1065,-9,0,2,2020,-680,-261,-327,241,97,73,0,0,0,0,0,0,0,0,0,0,17,0,0,0,0,0,0,0,0,0,0,0,3,2,30
5629,5629,0,0,-558,-14,-1150,2,1,3,2038,-680,-261,-1050,550,-21,71,0,0,0,0,0,0,0,0,0,0,18,0,0,0,0,0,0,0,0,0,0,0,3,2,25
5630,5630,0,1,-558,-14,-1150,2,0,3,1856,-680,-261,-1515,653,43,69,0,0,0,0,0,0,0,0,0,0,19,0,0,0,0,0,0,0,0,0,0,0,3,2,73
5631,5631,0,0,-447,1,-1342,2,0,3,2024,-680,-261,-1531,600,-61,71,0,0,0,0,0,0,0,0,0,0,17,0,0,0,0,0,0,0,0,0,0,0,3,2,102
5632,5632,0,1,-447,1,-1342,2,0,3,818,630,-261,-1093,472,17,73,0,0,0,0,0,0,0,0,0,0,17,0,0,0,0,0,0,0,0,0,0,0,3,2,101
5633,5633,0,0,-234,-10,-1086,2,0,3,869,630,-261,-375,366,44,74,0,0,0,0,0,0,0,0,0,0,18,0,0,0,0,0,0,0,0,0,0,0,3,2,73
5634,5634,0,1,-234,-10,-1086,2,0,3,893,630,-261,424,318,47,73,0,0,0,0,0,0,0,0,0,0,17,0,0,0,0,0,0,0,0,0,0,0,3,2,32
5635,5635,0,0,-485,-5,-1272,8,1,4,1015,630,-261,1096,322,-72,71,0,0,0,0,0,0,0,0,0,0,17,0,0,0,0,0,0,0,0,0,0,0,3,2,32
5636,5636,0,1,-485,-5,-1272,8,0,4,820,630,-261,1492,346,4,69,0,0,0,0,0,0,0,0,0,0,18,0,0,0,0,0,0,0,0,0,0,0,3,2,70
5637,5637,0,0,-220,4,-1167,-15,0,4,814,630,-261,1519,339,86,70,0,0,0,0,0,0,0,0,0,0,17,0,0,0,0,0,0,0,0,0,0,0,3,2,94
5638,5638,0,1,-220,4,-1167,-15,0,4,136,-680,261,1240,214,78,72,0,0,0,0,0,0,0,0,0,0,17,0,0,0,0,0,0,0,0,0,0,0,3,2,96
5639,5639,0,0,428,12,-1180,4,0,4,84,-680,261,873,-141,122,73,0,0,0,0,0,0,0,0,0,0,17,0,0,0,0,0,0,0,0,0,0,0,3,2,77
5640,5640,0,1,428,12,-1180,4,0,4,83,-680,261,560,-659,167,72,0,0,0,0,0,0,0,0,0,0,17,0,0,0,0,0,0,0,0,0,0,0,3,2,54
5641,5641,0,0,726,-10,-1170,14,1,5,6,-680,261,366,-1092,289,71,0,0,0,0,0,0,0,0,0,0,16,0,0,0,0,0,0,0,0,0,0,0,3,2,53
5642,5642,0,1,726,-10,-1170,14,0,5,54,-680,261,294,-1326,363,70,0,0,0,0,0,0,0,0,0,0,16,0,0,0,0,0,0,0,0,0,0,0,3,2,70
5643,5643,0,0,768,0,-836,-4,0,5,1996,-680,261,295,-1382,287,69,0,0,0,0,0,0,0,0,0,0,16,0,0,0,0,0,0,0,0,0,0,0,3,2,83
5644,5644,0,1,768,0,-836,-4,0,5,1549,630,261,264,-1315,402,70,0,0,0,0,0,0,0,0,0,0,16,0,0,0,0,0,0,0,0,0,0,0,3,2,87
5645,5645,0,0,966,6,156,-4,0,5,1600,630,261,90,-1201,466,70,0,0,0,0,0,0,0,0,0,0,17,0,0,0,0,0,0,0,0,0,0,0,3,2,82
5646,5646,0,1,966,6,156,-4,0,5,1606,630,261,-63,-1102,524,70,0,0,0,0,0,0,0,0,0,0,17,0,0,0,0,0,0,0,0,0,0,0,3,2,74
5647,5647,0,0,1421,13,911,15,1,6,1610,630,261,-476,-1043,578,70,0,0,0,0,0,0,0,0,0,0,17,0,0,0,0,0,0,0,0,0,0,0,3,2,69
5648,5648,0,1,1421,13,911,15,0,6,1536,630,261,-491,-1115,450,70,0,0,0,0,0,0,0,0,0,0,17,0,0,0,0,0,0,0,0,0,0,0,3,2,70
5649,5649,0,0,780,12,647,7,0,6,1552,630,261,-542,-1182,562,70,0,0,0,0,0,0,0,0,0,0,16,0,0,0,0,0,0,0,0,0,0,0,3,2,75
5650,5650,0,1,780,12,647,7,0,6,1512,261,-680,-509,-1244,458,70,0,0,0,0,0,0,0,0,0,0,16,0,0,0,0,0,0,0,0,0,0,0,3,2,81
5651,5651,0,0,-876,-12,339,-13,0,6,1534,261,-680,-428,-1230,332,70,0,0,0,0,0,0,0,0,0,0,16,0,0,0,0,0,0,0,0,0,0,0,3,2,84
5652,5652,0,1,-876,-12,339,-13,0,6,1530,261,-680,-355,-1161,210,70,0,0,0,0,0,0,0,0,0,0,16,0,0,0,0,0,0,0,0,0,0,0,3,2,82
5653,5653,0,0,-1792,0,358,6,1,7,1398,261,-680,-363,-1144,220,70,0,0,0,0,0,0,0,0,0,0,16,0,0,0,0,0,0,0,0,0,0,0,3,2,75
5654,5654,0,1,-1792,0,358,6,0,7,1452,261,-680,-428,-1188,176,70,0,0,0,0,0,0,0,0,0,0,16,0,0,0,0,0,0,0,0,0,0,0,3,2,75
5655,5655,0,0,-1108,12,31,-1,0,7,1460,261,-680,-426,-1208,124,71,0,0,0,0,0,0,0,0,0,0,15,0,0,0,0,0,0,0,0,0,0,0,3,2,79
5656,5656,0,1,-1108,12,31,-1,0,7,1536,-261,-680,-458,-1149,-4,72,0,0,0,0,0,0,0,0,0,0,14,0,0,0,0,0,0,0,0,0,0,0,3,2,80
5657,5657,0,0,973,13,-254,2,0,7,1469,-261,-680,-228,-1164,-65,72,0,0,0,0,0,0,0,0,0,0,15,0,0,0,0,0,0,0,0,0,0,0,3,2,77
5658,5658,0,1,973,13,-254,2,0,7,1455,-261,-680,49,-1207,-112,72,0,0,0,0,0,0,0,0,0,0,14,0,0,0,0,0,0,0,0,0,0,0,3,2,73
5659,5659,0,0,1817,-7,-552,-8,1,0,1458,-261,-680,283,-1247,-162,71,0,0,0,0,0,0,0,0,0,0,13,0,0,0,0,0,0,0,0,0,0,0,3,2,75
5660,5660,0,1,1817,-7,-552,-8,0,0,1453,-261,-680,434,-1252,-207,71,0,0,0,0,0,0,0,0,0,0,14,0,0,0,0,0,0,0,0,0,0,0,3,2,79
5661,5661,0,0,940,12,-326,-6,0,0,1514,-261,-680,533,-1182,-313,73,0,0,0,0,0,0,0,0,0,0,12,0,0,0,0,0,0,0,0,0,0,0,3,2,82
5662,5662,0,1,940,12,-326,-6,0,0,1549,-261,-680,611,-1003,-198,75,0,0,0,0,0,0,0,0,0,0,11,0,0,0,0,0,0,0,0,0,0,0,3,2,80
5663,5663,0,0,-969,-9,-472,8,0,0,1536,-261,-680,727,-684,-326,75,0,0,0,0,0,0,0,0,0,0,11,0,0,0,0,0,0,0,0,0,0,0,3,2,72
5664,5664,0,1,-969,-9,-472,8,0,0,1628,-261,-680,907,-256,-290,74,0,0,0,0,0,0,0,0,0,0,10,0,0,0,0,0,0,0,0,0,0,0,3,2,61
5665,5665,0,0,-1722,6,-673,-1,1,1,1673,-261,-680,1139,151,-299,73,0,0,0,0,0,0,0,0,0,0,10,0,0,0,0,0,0,0,0,0,0,0,3,2,58
5666,5666,0,1,-1722,6,-673,-1,0,1,1721,-261,-680,1333,454,-356,72,0,0,0,0,0,0,0,0,0,0,10,0,0,0,0,0,0,0,0,0,0,0,3,2,71
5667,5667,0,0,-1155,-3,-723,13,0,1,1834,-261,-680,1307,583,-270,74,0,0,0,0,0,0,0,0,0,0,9,0,0,0,0,0,0,0,0,0,0,0,3,2,87
5668,5668,0,1,-1155,-3,-723,13,0,1,2046,261,-680,982,564,-396,75,0,0,0,0,0,0,0,0,0,0,8,0,0,0,0,0,0,0,0,0,0,0,3,2,88
5669,5669,0,0,-412,4,-1053,3,0,1,1,261,-680,390,514,-269,76,0,0,0,0,0,0,0,0,0,0,9,0,0,0,0,0,0,0,0,0,0,0,3,2,70
5670,5670,0,1,-412,4,-1053,3,0,1,66,261,-680,-343,499,-207,75,0,0,0,0,0,0,0,0,0,0,8,0,0,0,0,0,0,0,0,0,0,0,3,2,39
5671,5671,0,0,-237,-13,-1279,1,1,2,7,261,-680,-993,530,-86,73,0,0,0,0,0,0,0,0,0,0,9,0,0,0,0,0,0,0,0,0,0,0,3,2,37
5672,5672,0,1,-237,-13,-1279,1,0,2,130,261,-680,-1393,576,-88,72,0,0,0,0,0,0,0,0,0,0,10,0,0,0,0,0,0,0,0,0,0,0,3,2,70
5673,5673,0,0,-134,-6,-1181,3,0,2,317,261,-680,-1469,495,-21,73,0,0,0,0,0,0,0,0,0,0,9,0,0,0,0,0,0,0,0,0,0,0,3,2,93
5674,5674,0,1,-134,-6,-1181,3,0,2,706,630,261,-1165,305,-87,74,0,0,0,0,0,0,0,0,0,0,9,0,0,0,0,0,0,0,0,0,0,0,3,2,96
5675,5675,0,0,874,10,-612,-4,0,2,874,630,261,-504,42,-65,75,0,0,0,0,0,0,0,0,0,0,10,0,0,0,0,0,0,0,0,0,0,0,3,2,74
5676,5676,0,1,874,10,-612,-4,0,2,993,630,261,342,-243,-162,74,0,0,0,0,0,0,0,0,0,0,9,0,0,0,0,0,0,0,0,0,0,0,3,2,31
5677,5677,0,0,1697,1,-169,-9,1,3,960,630,261,1041,-516,-226,73,0,0,0,0,0,0,0,0,0,0,10,0,0,0,0,0,0,0,0,0,0,0,3,2,25
5678,5678,0,1,1697,1,-169,-9,0,3,1021,630,261,1415,-682,-351,71,0,0,0,0,0,0,0,0,0,0,11,0,0,0,0,0,0,0,0,0,0,0,3,2,72
5679,5679,0,0,1043,-13,-110,-14,0,3,998,630,261,1404,-699,-453,71,0,0,0,0,0,0,0,0,0,0,11,0,0,0,0,0,0,0,0,0,0,0,3,2,97
5680,5680,0,1,1043,-13,-110,-14,0,3,1856,-680,261,1020,-579,-389,72,0,0,0,0,0,0,0,0,0,0,12,0,0,0,0,0,0,0,0,0,0,0,3,2,97
5681,5681,0,0,-319,1,895,-1,0,3,1900,-680,261,333,-447,-369,72,0,0,0,0,0,0,0,0,0,0,13,0,0,0,0,0,0,0,0,0,0,0,3,2,72
5682,5682,0,1,-319,1,895,-1,0,3,1878,-680,261,-491,-364,-327,72,0,0,0,0,0,0,0,0,0,0,13,0,0,0,0,0,0,0,0,0,0,0,3,2,34
5683,5683,0,0,-913,15,1502,-2,1,4,1882,-680,261,-1164,-337,-289,71,0,0,0,0,0,0,0,0,0,0,13,0,0,0,0,0,0,0,0,0,0,0,3,2,37
5684,5684,0,1,-913,15,1502,-2,0,4,1914,-680,261,-1543,-362,-283,69,0,0,0,0,0,0,0,0,0,0,14,0,0,0,0,0,0,0,0,0,0,0,3,2,74
5685,5685,0,0,-620,-12,954,-6,0,4,1680,-680,261,-1599,-416,-299,69,0,0,0,0,0,0,0,0,0,0,14,0,0,0,0,0,0,0,0,0,0,0,3,2,98
5686,5686,0,1,-620,-12,954,-6,0,4,1190,630,-261,-1398,-503,-337,70,0,0,0,0,0,0,0,0,0,0,15,0,0,0,0,0,0,0,0,0,0,0,3,2,102
5687,5687,0,0,517,5,-895,1,0,4,1044,630,-261,-1090,-653,-229,71,0,0,0,0,0,0,0,0,0,0,15,0,0,0,0,0,0,0,0,0,0,0,3,2,92
5688,5688,0,1,517,5,-895,1,0,4,1034,630,-261,-792,-847,-111,71,0,0,0,0,0,0,0,0,0,0,16,0,0,0,0,0,0,0,0,0,0,0,3,2,78
5689,5689,0,0,824,-8,-1616,-16,1,5,1091,630,-261,-588,-1024,-50,71,0,0,0,0,0,0,0,0,0,0,16,0,0,0,0,0,0,0,0,0,0,0,3,2,72
5690,5690,0,1,824,-8,-1616,-16,0,5,1094,630,-261,-488,-1143,8,71,0,0,0,0,0,0,0,0,0,0,16,0,0,0,0,0,0,0,0,0,0,0,3,2,72
5691,5691,0,0,545,1,-804,-4,0,5,1158,630,-261,-424,-1187,2,71,0,0,0,0,0,0,0,0,0,0,16,0,0,0,0,0,0,0,0,0,0,0,3,2,77
5692,5692,0,1,545,1,-804,-4,0,5,1291,-680,-261,-292,-1152,119,71,0,0,0,0,0,0,0,0,0,0,16,0,0,0,0,0,0,0,0,0,0,0,3,2,78
5693,5693,0,0,-1067,-11,305,-15,0,5,1392,-680,-261,10,-1030,135,71,0,0,0,0,0,0,0,0,0,0,16,0,0,0,0,0,0,0,0,0,0,0,3,2,73
5694,5694,0,1,-1067,-11,305,-15,0,5,1404,-680,-261,483,-855,139,71,0,0,0,0,0,0,0,0,0,0,16,0,0,0,0,0,0,0,0,0,0,0,3,2,64
5695,5695,0,0,-1742,-14,531,-13,1,1,1455,-680,-261,977,-678,92,70,0,0,0,0,0,0,0,0,0,0,16,0,0,0,0,0,0,0,0,0,0,0,3,2,60
5696,5696,0,1,-1742,-14,531,-13,0,1,1472,-680,-261,1335,-540,28,70,0,0,0,0,0,0,0,0,0,0,16,0,0,0,0,0,0,0,0,0,0,0,3,2,73
5697,5697,0,0,-1071,-15,431,15,0,1,1538,-680,-261,1399,-423,154,70,0,0,0,0,0,0,0,0,0,0,15,0,0,0,0,0,0,0,0,0,0,0,3,2,89
5698,5698,0,1,-1071,-15,431,15,0,1,1670,-261,-680,1141,-263,148,71,0,0,0,0,0,0,0,0,0,0,16,0,0,0,0,0,0,0,0,0,0,0,3,2,91
5699,5699,0,0,351,-1,977,-15,0,1,1852,-261,-680,686,86,216,72,0,0,0,0,0,0,0,0,0,0,16,0,0,0,0,0,0,0,0,0,0,0,3,2,72
5700,5700,0,1,351,-1,977,-15,0,1,1964,-261,-680,167,602,172,71,0,0,0,0,0,0,0,0,0,0,16,0,0,0,0,0,0,0,0,0,0,0,3,2,43
5701,5701,0,0,616,8,1499,-5,1,2,1978,-261,-680,-244,1084,114,70,0,0,0,0,0,0,0,0,0,0,16,0,0,0,0,0,0,0,0,0,0,0,3,2,38
5702,5702,0,1,616,8,1499,-5,0,2,2040,-261,-680,-488,1388,-6,69,0,0,0,0,0,0,0,0,0,0,17,0,0,0,0,0,0,0,0,0,0,0,3,2,68
5703,5703,0,0,568,-8,1248,0,0,2,0,-261,-680,-560,1415,-134,70,0,0,0,0,0,0,0,0,0,0,16,0,0,0,0,0,0,0,0,0,0,0,3,2,90
5704,5704,0,1,568,-8,1248,0,0,2,442,630,-261,-465,1110,-192,71,0,0,0,0,0,0,0,0,0,0,15,0,0,0,0,0,0,0,0,0,0,0,3,2,94
5705,5705,0,0,844,12,521,9,0,2,615,630,-261,-212,454,-167,72,0,0,0,0,0,0,0,0,0,0,16,0,0,0,0,0,0,0,0,0,0,0,3,2,75
5706,5706,0,1,844,12,521,9,0,2,582,630,-261,120,-389,-109,72,0,0,0,0,0,0,0,0,0,0,16,0,0,0,0,0,0,0,0,0,0,0,3,2,30
5707,5707,0,0,1358,14,406,-10,1,3,514,630,-261,375,-1084,17,70,0,0,0,0,0,0,0,0,0,0,16,0,0,0,0,0,0,0,0,0,0,0,3,2,25
5708,5708,0,1,1358,14,406,-10,0,3,641,630,-261,475,-1448,16,68,0,0,0,0,0,0,0,0,0,0,18,0,0,0,0,0,0,0,0,0,0,0,3,2,70
5709,5709,0,0,1212,-4,591,15,0,3,654,630,-261,486,-1427,2,69,0,0,0,0,0,0,0,0,0,0,16,0,0,0,0,0,0,0,0,0,0,0,3,2,94
5710,5710,0,1,1212,-4,591,15,0,3,1616,-261,630,368,-1067,50,71,0,0,0,0,0,0,0,0,0,0,16,0,0,0,0,0,0,0,0,0,0,0,3,2,93
5711,5711,0,0,1030,6,616,8,0,3,1603,-261,630,-24,-515,111,72,0,0,0,0,0,0,0,0,0,0,16,0,0,0,0,0,0,0,0,0,0,0,3,2,69
5712,5712,0,1,1030,6,616,8,0,3,1606,-261,630,-606,69,169,71,0,0,0,0,0,0,0,0,0,0,16,0,0,0,0,0,0,0,0,0,0,0,3,2,31
5713,5713,0,0,1180,-4,515,3,1,4,1618,-261,630,-1120,492,215,69,0,0,0,0,0,0,0,0,0,0,16,0,0,0,0,0,0,0,0,0,0,0,3,2,37
5714,5714,0,1,1180,-4,515,3,0,4,1612,-261,630,-1406,689,267,68,0,0,0,0,0,0,0,0,0,0,17,0,0,0,0,0,0,0,0,0,0,0,3,2,75
5715,5715,0,0,1093,5,642,2,0,4,1522,-261,630,-1402,720,153,69,0,0,0,0,0,0,0,0,0,0,16,0,0,0,0,0,0,0,0,0,0,0,3,2,97
5716,5716,0,1,1093,5,642,2,0,4,1020,261,-680,-1099,694,29,71,0,0,0,0,0,0,0,0,0,0,16,0,0,0,0,0,0,0,0,0,0,0,3,2,98
5717,5717,0,0,497,-15,1159,7,0,4,892,261,-680,-561,715,33,72,0,0,0,0,0,0,0,0,0,0,17,0,0,0,0,0,0,0,0,0,0,0,3,2,80
5718,5718,0,1,497,-15,1159,7,0,4,876,261,-680,66,845,53,71,0,0,0,0,0,0,0,0,0,0,16,0,0,0,0,0,0,0,0,0,0,0,3,2,55
5719,5719,0,0,416,0,1478,6,1,5,846,261,-680,529,1038,103,70,0,0,0,0,0,0,0,0,0,0,15,0,0,0,0,0,0,0,0,0,0,0,3,2,52
5720,5720,0,1,416,0,1478,6,0,5,842,261,-680,737,1224,157,69,0,0,0,0,0,0,0,0,0,0,15,0,0,0,0,0,0,0,0,0,0,0,3,2,72
5721,5721,0,0,16,-16,1165,13,0,5,720,261,-680,801,1282,77,68,0,0,0,0,0,0,0,0,0,0,15,0,0,0,0,0,0,0,0,0,0,0,3,2,88
5722,5722,0,1,16,-16,1165,13,0,5,487,-680,261,800,1174,-26,69,0,0,0,0,0,0,0,0,0,0,16,0,0,0,0,0,0,0,0,0,0,0,3,2,93
5723,5723,0,0,-856,8,551,7,0,5,366,-680,261,817,922,-8,70,0,0,0,0,0,0,0,0,0,0,16,0,0,0,0,0,0,0,0,0,0,0,3,2,88
5724,5724,0,1,-856,8,551,7,0,5,368,-680,261,908,601,8,70,0,0,0,0,0,0,0,0,0,0,17,0,0,0,0,0,0,0,0,0,0,0,3,2,76
5725,5725,0,0,-1705,-9,250,-6,1,6,364,-680,261,1064,367,28,70,0,0,0,0,0,0,0,0,0,0,17,0,0,0,0,0,0,0,0,0,0,0,3,2,67
5726,5726,0,1,-1705,-9,250,-6,0,6,382,-680,261,1251,259,30,70,0,0,0,0,0,0,0,0,0,0,17,0,0,0,0,0,0,0,0,0,0,0,3,2,69
5727,5727,0,0,-1144,8,-20,12,0,6,348,-680,261,1345,262,66,70,0,0,0,0,0,0,0,0,0,0,17,0,0,0,0,0,0,0,0,0,0,0,3,2,79
5728,5728,0,1,-1144,8,-20,12,0,6,182,261,630,1321,330,12,70,0,0,0,0,0,0,0,0,0,0,17,0,0,0,0,0,0,0,0,0,0,0,3,2,85
5729,5729,0,0,362,10,-749,-13,0,6,66,261,630,1248,395,74,71,0,0,0,0,0,0,0,0,0,0,17,0,0,0,0,0,0,0,0,0,0,0,3,2,84
5730,5730,0,1,362,10,-749,-13,0,6,19,261,630,1183,420,183,71,0,0,0,0,0,0,0,0,0,0,17,0,0,0,0,0,0,0,0,0,0,0,3,2,80
5731,5731,0,0,1004,12,-1467,5,1,7,4,261,630,1172,403,307,70,0,0,0,0,0,0,0,0,0,0,16,0,0,0,0,0,0,0,0,0,0,0,3,2,77
5732,5732,0,1,1004,12,-1467,5,0,7,6,261,630,1206,369,429,71,0,0,0,0,0,0,0,0,0,0,17,0,0,0,0,0,0,0,0,0,0,0,3,2,77
5733,5733,0,0,566,-10,-752,-16,0,7,67,261,630,1223,373,490,72,0,0,0,0,0,0,0,0,0,0,16,0,0,0,0,0,0,0,0,0,0,0,3,2,78
5734,5734,0,1,566,-10,-752,-16,0,7,78,630,261,1181,445,540,73,0,0,0,0,0,0,0,0,0,0,15,0,0,0,0,0,0,0,0,0,0,0,3,2,79
5735,5735,0,0,-345,7,904,8,0,7,74,630,261,1039,633,594,73,0,0,0,0,0,0,0,0,0,0,15,0,0,0,0,0,0,0,0,0,0,0,3,2,78
5736,5736,0,1,-345,7,904,8,0,7,1,630,261,839,897,721,73,0,0,0,0,0,0,0,0,0,0,15,0,0,0,0,0,0,0,0,0,0,0,3,2,75
5737,5737,0,0,-983,9,1670,6,1,0,22,630,261,705,1133,827,72,0,0,0,0,0,0,0,0,0,0,14,0,0,0,0,0,0,0,0,0,0,0,3,2,76
5738,5738,0,1,-983,9,1670,6,0,0,85,630,261,635,1279,870,72,0,0,0,0,0,0,0,0,0,0,14,0,0,0,0,0,0,0,0,0,0,0,3,2,82
5739,5739,0,0,-272,-16,978,-14,0,0,146,630,261,516,1300,852,74,0,0,0,0,0,0,0,0,0,0,13,0,0,0,0,0,0,0,0,0,0,0,3,2,88
5740,5740,0,1,-272,-16,978,-14,0,0,300,630,261,126,1213,936,76,0,0,0,0,0,0,0,0,0,0,12,0,0,0,0,0,0,0,0,0,0,0,3,2,87
5741,5741,0,0,892,-4,-311,9,0,0,331,630,261,-198,993,989,76,0,0,0,0,0,0,0,0,0,0,13,0,0,0,0,0,0,0,0,0,0,0,3,2,76
5742,5742,0,1,892,-4,-311,9,0,0,362,630,261,-610,740,1011,76,0,0,0,0,0,0,0,0,0,0,12,0,0,0,0,0,0,0,0,0,0,0,3,2,64
5743,5743,0,0,1599,-1,-687,-15,1,1,486,630,261,-1045,527,909,75,0,0,0,0,0,0,0,0,0,0,11,0,0,0,0,0,0,0,0,0,0,0,3,2,60
5744,5744,0,1,1599,-1,-687,-15,0,1,512,630,261,-1395,336,781,75,0,0,0,0,0,0,0,0,0,0,12,0,0,0,0,0,0,0,0,0,0,0,3,2,72
5745,5745,0,0,1326,14,-222,2,0,1,518,630,261,-1467,194,903,76,0,0,0,0,0,0,0,0,0,0,11,0,0,0,0,0,0,0,0,0,0,0,3,2,89
5746,5746,0,1,1326,14,-222,2,0,1,766,261,630,-1219,27,777,78,0,0,0,0,0,0,0,0,0,0,10,0,0,0,0,0,0,0,0,0,0,0,3,2,93
5747,5747,0,0,986,-6,415,-1,0,1,890,261,630,-707,-225,783,78,0,0,0,0,0,0,0,0,0,0,10,0,0,0,0,0,0,0,0,0,0,0,3,2,76
5748,5748,0,1,986,-6,415,-1,0,1,1011,261,630,-88,-562,668,77,0,0,0,0,0,0,0,0,0,0,10,0,0,0,0,0,0,0,0,0,0,0,3,2,46
5749,5749,0,0,1255,7,711,7,1,2,982,261,630,458,-927,582,76,0,0,0,0,0,0,0,0,0,0,10,0,0,0,0,0,0,0,0,0,0,0,3,2,35
5750,5750,0,1,1255,7,711,7,0,2,1017,261,630,731,-1217,461,74,0,0,0,0,0,0,0,0,0,0,11,0,0,0,0,0,0,0,0,0,0,0,3,2,64
5751,5751,0,0,842,10,731,-5,0,2,1092,261,630,812,-1199,521,75,0,0,0,0,0,0,0,0,0,0,11,0,0,0,0,0,0,0,0,0,0,0,3,2,88
5752,5752,0,1,842,10,731,-5,0,2,1501,-680,261,612,-889,428,76,0,0,0,0,0,0,0,0,0,0,10,0,0,0,0,0,0,0,0,0,0,0,3,2,90
5753,5753,0,0,-109,-13,1041,-15,0,2,1668,-680,261,296,-289,424,76,0,0,0,0,0,0,0,0,0,0,11,0,0,0,0,0,0,0,0,0,0,0,3,2,67
5754,5754,0,1,-109,-13,1041,-15,0,2,1670,-680,261,-30,447,418,76,0,0,0,0,0,0,0,0,0,0,10,0,0,0,0,0,0,0,0,0,0,0,3,2,25
5755,5755,0,0,-1116,4,1448,8,1,3,1729,-680,261,-451,1049,353,74,0,0,0,0,0,0,0,0,0,0,11,0,0,0,0,0,0,0,0,0,0,0,3,2,28
5756,5756,0,1,-1116,4,1448,8,0,3,1668,-680,261,-507,1497,349,72,0,0,0,0,0,0,0,0,0,0,12,0,0,0,0,0,0,0,0,0,0,0,3,2,71
5757,5757,0,0,-586,-10,675,3,0,3,1942,-680,261,-485,1512,327,72,0,0,0,0,0,0,0,0,0,0,12,0,0,0,0,0,0,0,0,0,0,0,3,2,98
5758,5758,0,1,-586,-10,675,3,0,3,534,261,-680,-237,1173,433,73,0,0,0,0,0,0,0,0,0,0,13,0,0,0,0,0,0,0,0,0,0,0,3,2,98
5759,5759,0,0,-370,14,-626,14,0,3,643,261,-680,148,605,430,73,0,0,0,0,0,0,0,0,0,0,13,0,0,0,0,0,0,0,0,0,0,0,3,2,74
5760,5760,0,1,-370,14,-626,14,0,3,578,261,-680,578,-27,492,73,0,0,0,0,0,0,0,0,0,0,13,0,0,0,0,0,0,0,0,0,0,0,3,2,38
5761,5761,0,0,-333,-13,-1901,-13,1,4,516,261,-680,974,-516,616,72,0,0,0,0,0,0,0,0,0,0,14,0,0,0,0,0,0,0,0,0,0,0,3,2,35
5762,5762,0,1,-333,-13,-1901,-13,0,4,608,261,-680,1261,-761,648,70,0,0,0,0,0,0,0,0,0,0,15,0,0,0,0,0,0,0,0,0,0,0,3,2,68
5763,5763,0,0,-221,3,-792,8,0,4,506,261,-680,1372,-756,526,70,0,0,0,0,0,0,0,0,0,0,14,0,0,0,0,0,0,0,0,0,0,0,3,2,91
5764,5764,0,1,-221,3,-792,8,0,4,2034,-261,630,1370,-373,412,70,0,0,0,0,0,0,0,0,0,0,15,0,0,0,0,0,0,0,0,0,0,0,3,2,96
5765,5765,0,0,316,-4,749,13,0,4,1914,-261,630,1227,-93,418,71,0,0,0,0,0,0,0,0,0,0,15,0,0,0,0,0,0,0,0,0,0,0,3,2,88
5766,5766,0,1,316,-4,749,13,0,4,1903,-261,630,1110,195,435,71,0,0,0,0,0,0,0,0,0,0,16,0,0,0,0,0,0,0,0,0,0,0,3,2,77
5767,5767,0,0,530,-14,2047,-1,1,5,1869,-261,630,1100,428,486,71,0,0,0,0,0,0,0,0,0,0,16,0,0,0,0,0,0,0,0,0,0,0,3,2,70
5768,5768,0,1,530,-14,2047,-1,0,5,1980,-261,630,1237,426,426,71,0,0,0,0,0,0,0,0,0,0,16,0,0,0,0,0,0,0,0,0,0,0,3,2,74
5769,5769,0,0,271,15,778,10,0,5,2025,-261,630,1214,510,321,71,0,0,0,0,0,0,0,0,0,0,16,0,0,0,0,0,0,0,0,0,0,0,3,2,81
5770,5770,0,1,271,15,778,10,0,5,48,630,-261,1025,588,401,71,0,0,0,0,0,0,0,0,0,0,16,0,0,0,0,0,0,0,0,0,0,0,3,2,81
5771,5771,0,0,453,5,-752,-16,0,5,73,630,-261,594,802,456,71,0,0,0,0,0,0,0,0,0,0,16,0,0,0,0,0,0,0,0,0,0,0,3,2,72
5772,5772,0,1,453,5,-752,-16,0,5,76,630,-261,283,940,508,71,0,0,0,0,0,0,0,0,0,0,15,0,0,0,0,0,0,0,0,0,0,0,3,2,62
5773,5773,0,0,750,14,-1643,-11,1,1,128,630,-261,-174,1198,508,70,0,0,0,0,0,0,0,0,0,0,15,0,0,0,0,0,0,0,0,0,0,0,3,2,60
5774,5774,0,1,750,14,-1643,-11,0,1,144,630,-261,-555,1388,492,69,0,0,0,0,0,0,0,0,0,0,16,0,0,0,0,0,0,0,0,0,0,0,3,2,74
5775,5775,0,0,418,2,-1013,11,0,1,378,630,-261,-844,1203,498,70,0,0,0,0,0,0,0,0,0,0,15,0,0,0,0,0,0,0,0,0,0,0,3,2,92
5776,5776,0,1,418,2,-1013,11,0,1,402,630,261,-707,854,480,71,0,0,0,0,0,0,0,0,0,0,16,0,0,0,0,0,0,0,0,0,0,0,3,2,91
5777,5777,0,0,-1043,13,-428,-12,0,1,549,630,261,-539,332,571,71,0,0,0,0,0,0,0,0,0,0,16,0,0,0,0,0,0,0,0,0,0,0,3,2,69
5778,5778,0,1,-1043,13,-428,-12,0,1,595,630,261,-444,-284,616,71,0,0,0,0,0,0,0,0,0,0,16,0,0,0,0,0,0,0,0,0,0,0,3,2,39
5779,5779,0,0,-1386,-10,-646,-6,1,2,711,630,261,-402,-927,545,69,0,0,0,0,0,0,0,0,0,0,16,0,0,0,0,0,0,0,0,0,0,0,3,2,32
5780,5780,0,1,-1386,-10,-646,-6,0,2,640,630,261,-384,-1415,545,67,0,0,0,0,0,0,0,0,0,0,17,0,0,0,0,0,0,0,0,0,0,0,3,2,62
5781,5781,0,0,-1430,10,-347,5,0,2,876,630,261,-349,-1457,565,68,0,0,0,0,0,0,0,0,0,0,17,0,0,0,0,0,0,0,0,0,0,0,3,2,91
5782,5782,0,1,-1430,10,-347,5,0,2,1176,-261,630,-257,-1030,541,70,0,0,0,0,0,0,0,0,0,0,16,0,0,0,0,0,0,0,0,0,0,0,3,2,94
5783,5783,0,0,-979,13,56,-8,0,2,1388,-261,630,-74,-376,561,71,0,0,0,0,0,0,0,0,0,0,17,0,0,0,0,0,0,0,0,0,0,0,3,2,66
5784,5784,0,1,-979,13,56,-8,0,2,1450,-261,630,171,340,519,70,0,0,0,0,0,0,0,0,0,0,16,0,0,0,0,0,0,0,0,0,0,0,3,2,23
5785,5785,0,0,-1403,5,707,3,1,3,1470,-261,630,382,1040,457,68,0,0,0,0,0,0,0,0,0,0,17,0,0,0,0,0,0,0,0,0,0,0,3,2,23
5786,5786,0,1,-1403,5,707,3,0,3,1471,-261,630,495,1538,394,66,0,0,0,0,0,0,0,0,0,0,18,0,0,0,0,0,0,0,0,0,0,0,3,2,69
5787,5787,0,0,-1343,1,257,1,0,3,1530,-261,630,484,1545,272,68,0,0,0,0,0,0,0,0,0,0,17,0,0,0,0,0,0,0,0,0,0,0,3,2,101
5788,5788,0,1,-1343,1,257,1,0,3,354,-261,-680,396,1059,302,70,0,0,0,0,0,0,0,0,0,0,17,0,0,0,0,0,0,0,0,0,0,0,3,2,102
5789,5789,0,0,-1219,-3,291,3,0,3,447,-261,-680,354,365,239,71,0,0,0,0,0,0,0,0,0,0,17,0,0,0,0,0,0,0,0,0,0,0,3,2,71
5790,5790,0,1,-1219,-3,291,3,0,3,428,-261,-680,400,-342,195,70,0,0,0,0,0,0,0,0,0,0,17,0,0,0,0,0,0,0,0,0,0,0,3,2,31
5791,5791,0,0,-1365,11,396,12,1,4,430,-261,-680,376,-1016,149,68,0,0,0,0,0,0,0,0,0,0,17,0,0,0,0,0,0,0,0,0,0,0,3,2,32
5792,5792,0,1,-1365,11,396,12,0,4,430,-261,-680,413,-1420,103,67,0,0,0,0,0,0,0,0,0,0,18,0,0,0,0,0,0,0,0,0,0,0,3,2,67
5793,5793,0,0,-1184,0,261,5,0,4,302,-261,-680,393,-1483,185,68,0,0,0,0,0,0,0,0,0,0,17,0,0,0,0,0,0,0,0,0,0,0,3,2,91
5794,5794,0,1,-1184,0,261,5,0,4,1850,261,630,234,-1236,255,70,0,0,0,0,0,0,0,0,0,0,17,0,0,0,0,0,0,0,0,0,0,0,3,2,94
5795,5795,0,0,-1390,-14,-437,11,0,4,1586,261,630,-161,-861,333,70,0,0,0,0,0,0,0,0,0,0,17,0,0,0,0,0,0,0,0,0,0,0,3,2,77
5796,5796,0,1,-1390,-14,-437,11,0,4,1626,261,630,-706,-521,371,70,0,0,0,0,0,0,0,0,0,0,17,0,0,0,0,0,0,0,0,0,0,0,3,2,54
5797,5797,0,0,-1197,-13,-753,15,1,5,1621,261,630,-1139,-356,414,69,0,0,0,0,0,0,0,0,0,0,17,0,0,0,0,0,0,0,0,0,0,0,3,2,54
5798,5798,0,1,-1197,-13,-753,15,0,5,1540,261,630,-1364,-346,538,68,0,0,0,0,0,0,0,0,0,0,17,0,0,0,0,0,0,0,0,0,0,0,3,2,74
5799,5799,0,0,-984,8,-757,11,0,5,1508,261,630,-1457,-309,438,67,0,0,0,0,0,0,0,0,0,0,17,0,0,0,0,0,0,0,0,0,0,0,3,2,87
5800,5800,0,1,-984,8,-757,11,0,5,1167,261,-680,-1395,-368,423,68,0,0,0,0,0,0,0,0,0,0,17,0,0,0,0,0,0,0,0,0,0,0,3,2,92
5801,5801,0,0,267,11,-991,1,0,5,1026,261,-680,-1288,-196,549,69,0,0,0,0,0,0,0,0,0,0,18,0,0,0,0,0,0,0,0,0,0,0,3,2,90
5802,5802,0,1,267,11,-991,1,0,5,1105,261,-680,-1142,8,596,69,0,0,0,0,0,0,0,0,0,0,18,0,0,0,0,0,0,0,0,0,0,0,3,2,81
5803,5803,0,0,896,0,-1267,13,1,6,1027,261,-680,-1126,270,721,69,0,0,0,0,0,0,0,0,0,0,18,0,0,0,0,0,0,0,0,0,0,0,3,2,71
5804,5804,0,1,896,0,-1267,13,0,6,1028,261,-680,-1244,514,845,69,0,0,0,0,0,0,0,0,0,0,18,0,0,0,0,0,0,0,0,0,0,0,3,2,72
5805,5805,0,0,716,12,-811,-11,0,6,1072,261,-680,-1333,567,925,69,0,0,0,0,0,0,0,0,0,0,18,0,0,0,0,0,0,0,0,0,0,0,3,2,84
5806,5806,0,1,716,12,-811,-11,0,6,1022,-680,-261,-1343,407,799,70,0,0,0,0,0,0,0,0,0,0,18,0,0,0,0,0,0,0,0,0,0,0,3,2,90
5807,5807,0,0,357,5,830,-2,0,6,1022,-680,-261,-1299,303,673,70,0,0,0,0,0,0,0,0,0,0,19,0,0,0,0,0,0,0,0,0,0,0,3,2,87
5808,5808,0,1,357,5,830,-2,0,6,1010,-680,-261,-1258,291,559,70,0,0,0,0,0,0,0,0,0,0,19,0,0,0,0,0,0,0,0,0,0,0,3,2,83
5809,5809,0,0,321,1,1865,9,1,7,1022,-680,-261,-1264,326,433,70,0,0,0,0,0,0,0,0,0,0,18,0,0,0,0,0,0,0,0,0,0,0,3,2,81
5810,5810,0,1,321,1,1865,9,0,7,938,-680,-261,-1299,362,391,70,0,0,0,0,0,0,0,0,0,0,19,0,0,0,0,0,0,0,0,0,0,0,3,2,81
5811,5811,0,0,200,8,952,-8,0,7,1023,-680,-261,-1290,355,264,72,0,0,0,0,0,0,0,0,0,0,18,0,0,0,0,0,0,0,0,0,0,0,3,2,84
5812,5812,0,1,200,8,952,-8,0,7,1015,-680,261,-1245,267,145,73,0,0,0,0,0,0,0,0,0,0,17,0,0,0,0,0,0,0,0,0,0,0,3,2,84
5813,5813,0,0,-368,-16,-823,9,0,7,1007,-680,261,-1251,92,34,74,0,0,0,0,0,0,0,0,0,0,17,0,0,0,0,0,0,0,0,0,0,0,3,2,80
5814,5814,0,1,-368,-16,-823,9,0,7,944,-680,261,-1315,-194,-14,74,0,0,0,0,0,0,0,0,0,0,17,0,0,0,0,0,0,0,0,0,0,0,3,2,78
5815,5815,0,0,-479,1,-1867,-11,1,0,1017,-680,261,-1388,-274,-135,73,0,0,0,0,0,0,0,0,0,0,16,0,0,0,0,0,0,0,0,0,0,0,3,2,83
5816,5816,0,1,-479,1,-1867,-11,0,0,1004,-680,261,-1342,-446,-243,74,0,0,0,0,0,0,0,0,0,0,16,0,0,0,0,0,0,0,0,0,0,0,3,2,87
5817,5817,0,0,-408,8,-808,-8,0,0,1002,-680,261,-1255,-542,-349,76,0,0,0,0,0,0,0,0,0,0,15,0,0,0,0,0,0,0,0,0,0,0,3,2,87
5818,5818,0,1,-408,8,-808,-8,0,0,1030,-680,261,-1097,-600,-227,78,0,0,0,0,0,0,0,0,0,0,14,0,0,0,0,0,0,0,0,0,0,0,3,2,84
5819,5819,0,0,-396,-12,843,11,0,0,1039,-680,261,-744,-721,-114,78,0,0,0,0,0,0,0,0,0,0,14,0,0,0,0,0,0,0,0,0,0,0,3,2,77
5820,5820,0,1,-396,-12,843,11,0,0,1111,-680,261,-235,-916,-73,77,0,0,0,0,0,0,0,0,0,0,13,0,0,0,0,0,0,0,0,0,0,0,3,2,63
5821,5821,0,0,-652,-12,1735,7,1,1,1157,-680,261,211,-1117,-78,76,0,0,0,0,0,0,0,0,0,0,13,0,0,0,0,0,0,0,0,0,0,0,3,2,58
5822,5822,0,1,-652,-12,1735,7,0,1,1154,-680,261,497,-1255,-80,76,0,0,0,0,0,0,0,0,0,0,13,0,0,0,0,0,0,0,0,0,0,0,3,2,70
5823,5823,0,0,-719,-15,1052,-4,0,1,1234,-680,261,605,-1236,-162,77,0,0,0,0,0,0,0,0,0,0,12,0,0,0,0,0,0,0,0,0,0,0,3,2,84
5824,5824,0,1,-719,-15,1052,-4,0,1,1455,-680,-261,598,-972,-209,79,0,0,0,0,0,0,0,0,0,0,11,0,0,0,0,0,0,0,0,0,0,0,3,2,85
5825,5825,0,0,-1097,-9,446,-2,0,1,1564,-680,-261,554,-429,-109,79,0,0,0,0,0,0,0,0,0,0,12,0,0,0,0,0,0,0,0,0,0,0,3,2,70
5826,5826,0,1,-1097,-9,446,-2,0,1,1626,-680,-261,527,298,-71,78,0,0,0,0,0,0,0,0,0,0,11,0,0,0,0,0,0,0,0,0,0,0,3,2,43
5827,5827,0,0,-1489,15,230,6,1,2,1682,-680,-261,543,979,-89,77,0,0,0,0,0,0,0,0,0,0,11,0,0,0,0,0,0,0,0,0,0,0,3,2,37
5828,5828,0,1,-1489,15,230,6,0,2,1722,-680,-261,559,1420,-147,76,0,0,0,0,0,0,0,0,0,0,12,0,0,0,0,0,0,0,0,0,0,0,3,2,69
5829,5829,0,0,-1236,12,77,13,0,2,1898,-680,-261,540,1454,-125,76,0,0,0,0,0,0,0,0,0,0,12,0,0,0,0,0,0,0,0,0,0,0,3,2,94
5830,5830,0,1,-1236,12,77,13,0,2,135,261,-680,391,1082,-132,77,0,0,0,0,0,0,0,0,0,0,12,0,0,0,0,0,0,0,0,0,0,0,3,2,96
5831,5831,0,0,-532,12,-922,6,0,2,372,261,-680,106,445,-120,78,0,0,0,0,0,0,0,0,0,0,13,0,0,0,0,0,0,0,0,0,0,0,3,2,71
5832,5832,0,1,-532,12,-922,6,0,2,423,261,-680,-254,-298,-159,78,0,0,0,0,0,0,0,0,0,0,12,0,0,0,0,0,0,0,0,0,0,0,3,2,28
5833,5833,0,0,-232,-8,-1555,13,1,3,493,261,-680,-542,-969,-268,76,0,0,0,0,0,0,0,0,0,0,13,0,0,0,0,0,0,0,0,0,0,0,3,2,23
5834,5834,0,1,-232,-8,-1555,13,0,3,441,261,-680,-688,-1389,-325,73,0,0,0,0,0,0,0,0,0,0,14,0,0,0,0,0,0,0,0,0,0,0,3,2,68
5835,5835,0,0,-57,7,-1043,13,0,3,444,261,-680,-697,-1384,-385,73,0,0,0,0,0,0,0,0,0,0,14,0,0,0,0,0,0,0,0,0,0,0,3,2,96
5836,5836,0,1,-57,7,-1043,13,0,3,1403,261,630,-593,-960,-380,74,0,0,0,0,0,0,0,0,0,0,15,0,0,0,0,0,0,0,0,0,0,0,3,2,95
5837,5837,0,0,817,-15,323,3,0,3,1395,261,630,-464,-291,-367,75,0,0,0,0,0,0,0,0,0,0,15,0,0,0,0,0,0,0,0,0,0,0,3,2,69
5838,5838,0,1,817,-15,323,3,0,3,1386,261,630,-352,445,-345,74,0,0,0,0,0,0,0,0,0,0,15,0,0,0,0,0,0,0,0,0,0,0,3,2,33
5839,5839,0,0,1466,-6,960,0,1,4,1353,261,630,-300,1089,-290,72,0,0,0,0,0,0,0,0,0,0,15,0,0,0,0,0,0,0,0,0,0,0,3,2,34
5840,5840,0,1,1466,-6,960,0,0,4,1406,261,630,-332,1497,-288,71,0,0,0,0,0,0,0,0,0,0,16,0,0,0,0,0,0,0,0,0,0,0,3,2,69
5841,5841,0,0,936,8,484,4,0,4,1188,261,630,-402,1562,-324,70,0,0,0,0,0,0,0,0,0,0,16,0,0,0,0,0,0,0,0,0,0,0,3,2,95
5842,5842,0,1,936,8,484,4,0,4,731,-261,-680,-520,1333,-415,71,0,0,0,0,0,0,0,0,0,0,16,0,0,0,0,0,0,0,0,0,0,0,3,2,100
5843,5843,0,0,-938,-10,-370,14,0,4,598,-261,-680,-682,1031,-373,71,0,0,0,0,0,0,0,0,0,0,17,0,0,0,0,0,0,0,0,0,0,0,3,2,88
5844,5844,0,1,-938,-10,-370,14,0,4,526,-261,-680,-897,776,-259,71,0,0,0,0,0,0,0,0,0,0,17,0,0,0,0,0,0,0,0,0,0,0,3,2,76
5845,5845,0,0,-1730,-2,-923,5,1,5,593,-261,-680,-1114,615,-212,71,0,0,0,0,0,0,0,0,0,0,17,0,0,0,0,0,0,0,0,0,0,0,3,2,73
5846,5846,0,1,-1730,-2,-923,5,0,5,537,-261,-680,-1290,513,-109,71,0,0,0,0,0,0,0,0,0,0,17,0,0,0,0,0,0,0,0,0,0,0,3,2,78
5847,5847,0,0,-962,-2,-485,-5,0,5,654,-261,-680,-1340,428,-123,71,0,0,0,0,0,0,0,0,0,0,17,0,0,0,0,0,0,0,0,0,0,0,3,2,86
5848,5848,0,1,-962,-2,-485,-5,0,5,824,-261,630,-1253,265,-51,71,0,0,0,0,0,0,0,0,0,0,17,0,0,0,0,0,0,0,0,0,0,0,3,2,87
5849,5849,0,0,423,7,1020,-4,0,5,894,-261,630,-1061,-59,-49,71,0,0,0,0,0,0,0,0,0,0,17,0,0,0,0,0,0,0,0,0,0,0,3,2,79
5850,5850,0,1,423,7,1020,-4,0,5,901,-261,630,-833,-528,-54,71,0,0,0,0,0,0,0,0,0,0,17,0,0,0,0,0,0,0,0,0,0,0,3,2,66
5851,5851,0,0,503,-9,1672,8,1,1,956,-261,630,-649,-973,-114,70,0,0,0,0,0,0,0,0,0,0,17,0,0,0,0,0,0,0,0,0,0,0,3,2,60
5852,5852,0,1,503,-9,1672,8,0,1,1020,-261,630,-525,-1266,-238,70,0,0,0,0,0,0,0,0,0,0,17,0,0,0,0,0,0,0,0,0,0,0,3,2,72
5853,5853,0,0,596,-12,1118,-2,0,1,1040,-261,630,-413,-1314,-126,70,0,0,0,0,0,0,0,0,0,0,17,0,0,0,0,0,0,0,0,0,0,0,3,2,84
5854,5854,0,1,596,-12,1118,-2,0,1,1168,-680,261,-237,-1100,-142,71,0,0,0,0,0,0,0,0,0,0,17,0,0,0,0,0,0,0,0,0,0,0,3,2,85
5855,5855,0,0,851,-13,-385,-1,0,1,1377,-680,261,99,-677,-111,71,0,0,0,0,0,0,0,0,0,0,17,0,0,0,0,0,0,0,0,0,0,0,3,2,69
5856,5856,0,1,851,-13,-385,-1,0,1,1458,-680,261,569,-159,-161,71,0,0,0,0,0,0,0,0,0,0,17,0,0,0,0,0,0,0,0,0,0,0,3,2,42
5857,5857,0,0,1461,-11,-543,1,1,2,1470,-680,261,1027,278,-223,69,0,0,0,0,0,0,0,0,0,0,17,0,0,0,0,0,0,0,0,0,0,0,3,2,36
5858,5858,0,1,1461,-11,-543,1,0,2,1468,-680,261,1337,528,-283,68,0,0,0,0,0,0,0,0,0,0,18,0,0,0,0,0,0,0,0,0,0,0,3,2,66
5859,5859,0,0,1173,-11,-597,11,0,2,1590,-680,261,1372,563,-209,69,0,0,0,0,0,0,0,0,0,0,17,0,0,0,0,0,0,0,0,0,0,0,3,2,88
5860,5860,0,1,1173,-11,-597,11,0,2,1977,-261,-680,1069,416,-266,71,0,0,0,0,0,0,0,0,0,0,17,0,0,0,0,0,0,0,0,0,0,0,3,2,92
5861,5861,0,0,598,-10,-806,-6,0,2,5,-261,-680,421,178,-143,71,0,0,0,0,0,0,0,0,0,0,17,0,0,0,0,0,0,0,0,0,0,0,3,2,71
5862,5862,0,1,598,-10,-806,-6,0,2,18,-261,-680,-422,-69,-33,71,0,0,0,0,0,0,0,0,0,0,16,0,0,0,0,0,0,0,0,0,0,0,3,2,27
5863,5863,0,0,454,6,-1365,11,1,3,30,-261,-680,-1142,-304,65,68,0,0,0,0,0,0,0,0,0,0,17,0,0,0,0,0,0,0,0,0,0,0,3,2,26
5864,5864,0,1,454,6,-1365,11,0,3,121,-261,-680,-1544,-473,72,67,0,0,0,0,0,0,0,0,0,0,18,0,0,0,0,0,0,0,0,0,0,0,3,2,72
5865,5865,0,0,639,-1,-1071,-15,0,3,162,-261,-680,-1551,-516,38,68,0,0,0,0,0,0,0,0,0,0,17,0,0,0,0,0,0,0,0,0,0,0,3,2,100
5866,5866,0,1,639,-1,-1071,-15,0,3,1045,630,261,-1192,-346,145,71,0,0,0,0,0,0,0,0,0,0,16,0,0,0,0,0,0,0,0,0,0,0,3,2,101
5867,5867,0,0,622,14,-1088,0,0,3,1028,630,261,-581,49,269,72,0,0,0,0,0,0,0,0,0,0,17,0,0,0,0,0,0,0,0,0,0,0,3,2,76
5868,5868,0,1,622,14,-1088,0,0,3,1104,630,261,89,586,317,71,0,0,0,0,0,0,0,0,0,0,16,0,0,0,0,0,0,0,0,0,0,0,3,2,36
5869,5869,0,0,530,-14,-1079,9,1,4,1096,630,261,538,1062,373,69,0,0,0,0,0,0,0,0,0,0,17,0,0,0,0,0,0,0,0,0,0,0,3,2,36
5870,5870,0,1,530,-14,-1079,9,0,4,1098,630,261,722,1339,427,68,0,0,0,0,0,0,0,0,0,0,18,0,0,0,0,0,0,0,0,0,0,0,3,2,73
5871,5871,0,0,689,-15,-1122,-2,0,4,998,630,261,770,1357,325,70,0,0,0,0,0,0,0,0,0,0,17,0,0,0,0,0,0,0,0,0,0,0,3,2,94
5872,5872,0,1,689,-15,-1122,-2,0,4,495,-680,-261,780,1088,214,71,0,0,0,0,0,0,0,0,0,0,16,0,0,0,0,0,0,0,0,0,0,0,3,2,96
5873,5873,0,0,1136,-16,-481,-1,0,4,360,-680,-261,775,566,238,72,0,0,0,0,0,0,0,0,0,0,17,0,0,0,0,0,0,0,0,0,0,0,3,2,82
5874,5874,0,1,1136,-16,-481,-1,0,4,368,-680,-261,814,-60,254,72,0,0,0,0,0,0,0,0,0,0,16,0,0,0,0,0,0,0,0,0,0,0,3,2,59
5875,5875,0,0,1387,11,-358,-6,1,5,375,-680,-261,959,-513,263,71,0,0,0,0,0,0,0,0,0,0,16,0,0,0,0,0,0,0,0,0,0,0,3,2,50
5876,5876,0,1,1387,11,-358,-6,0,5,320,-680,-261,1157,-706,327,69,0,0,0,0,0,0,0,0,0,0,16,0,0,0,0,0,0,0,0,0,0,0,3,2,67
5877,5877,0,0,1133,13,-30,2,0,5,132,-680,-261,1228,-773,323,69,0,0,0,0,0,0,0,0,0,0,16,0,0,0,0,0,0,0,0,0,0,0,3,2,84
5878,5878,0,1,1133,13,-30,2,0,5,2032,261,630,1116,-798,211,70,0,0,0,0,0,0,0,0,0,0,16,0,0,0,0,0,0,0,0,0,0,0,3,2,90
5879,5879,0,0,512,0,814,14,0,5,1904,261,630,891,-826,227,70,0,0,0,0,0,0,0,0,0,0,17,0,0,0,0,0,0,0,0,0,0,0,3,2,85
5880,5880,0,1,512,0,814,14,0,5,1870,261,630,630,-901,277,70,0,0,0,0,0,0,0,0,0,0,17,0,0,0,0,0,0,0,0,0,0,0,3,2,75
5881,5881,0,0,390,6,1710,14,1,6,1898,261,630,418,-1061,299,69,0,0,0,0,0,0,0,0,0,0,16,0,0,0,0,0,0,0,0,0,0,0,3,2,68
5882,5882,0,1,390,6,1710,14,0,6,1911,261,630,306,-1250,308,69,0,0,0,0,0,0,0,0,0,0,16,0,0,0,0,0,0,0,0,0,0,0,3,2,70
5883,5883,0,0,-53,11,1001,9,0,6,1806,261,630,305,-1318,422,69,0,0,0,0,0,0,0,0,0,0,16,0,0,0,0,0,0,0,0,0,0,0,3,2,79
5884,5884,0,1,-53,11,1001,9,0,6,1671,630,-261,377,-1254,415,70,0,0,0,0,0,0,0,0,0,0,16,0,0,0,0,0,0,0,0,0,0,0,3,2,83
5885,5885,0,0,-755,13,-180,12,0,6,1626,630,-261,431,-1193,453,70,0,0,0,0,0,0,0,0,0,0,16,0,0,0,0,0,0,0,0,0,0,0,3,2,80
5886,5886,0,1,-755,13,-180,12,0,6,1606,630,-261,432,-1181,511,70,0,0,0,0,0,0,0,0,0,0,16,0,0,0,0,0,0,0,0,0,0,0,3,2,78
5887,5887,0,0,-1714,14,-1149,3,1,7,1538,630,-261,411,-1174,637,70,0,0,0,0,0,0,0,0,0,0,16,0,0,0,0,0,0,0,0,0,0,0,3,2,77
5888,5888,0,1,-1714,14,-1149,3,0,7,1630,630,-261,385,-1170,671,70,0,0,0,0,0,0,0,0,0,0,16,0,0,0,0,0,0,0,0,0,0,0,3,2,77
5889,5889,0,0,-785,15,-509,3,0,7,1622,630,-261,401,-1181,713,71,0,0,0,0,0,0,0,0,0,0,16,0,0,0,0,0,0,0,0,0,0,0,3,2,76
5890,5890,0,1,-785,15,-509,3,0,7,1650,261,-680,486,-1171,727,72,0,0,0,0,0,0,0,0,0,0,15,0,0,0,0,0,0,0,0,0,0,0,3,2,77
5891,5891,0,0,829,-3,308,-12,0,7,1613,261,-680,782,-941,778,73,0,0,0,0,0,0,0,0,0,0,15,0,0,0,0,0,0,0,0,0,0,0,3,2,78
5892,5892,0,1,829,-3,308,-12,0,7,1606,261,-680,983,-704,836,72,0,0,0,0,0,0,0,0,0,0,14,0,0,0,0,0,0,0,0,0,0,0,3,2,76
5893,5893,0,0,1657,-7,923,-5,1,0,1610,261,-680,1163,-520,890,72,0,0,0,0,0,0,0,0,0,0,14,0,0,0,0,0,0,0,0,0,0,0,3,2,76
5894,5894,0,1,1657,-7,923,-5,0,0,1630,261,-680,1271,-417,924,72,0,0,0,0,0,0,0,0,0,0,14,0,0,0,0,0,0,0,0,0,0,0,3,2,80
5895,5895,0,0,998,6,350,-2,0,0,1728,261,-680,1274,-306,860,74,0,0,0,0,0,0,0,0,0,0,13,0,0,0,0,0,0,0,0,0,0,0,3,2,83
5896,5896,0,1,998,6,350,-2,0,0,1854,261,-680,1165,-89,926,76,0,0,0,0,0,0,0,0,0,0,12,0,0,0,0,0,0,0,0,0,0,0,3,2,82
5897,5897,0,0,-389,-5,-910,-14,0,0,2040,261,-680,950,204,806,76,0,0,0,0,0,0,0,0,0,0,12,0,0,0,0,0,0,0,0,0,0,0,3,2,73
5898,5898,0,1,-389,-5,-910,-14,0,0,1978,261,-680,698,596,748,75,0,0,0,0,0,0,0,0,0,0,11,0,0,0,0,0,0,0,0,0,0,0,3,2,60
5899,5899,0,0,-621,-13,-1587,13,1,1,2036,261,-680,517,1030,632,74,0,0,0,0,0,0,0,0,0,0,10,0,0,0,0,0,0,0,0,0,0,0,3,2,57
5900,5900,0,1,-621,-13,-1587,13,0,1,2023,261,-680,408,1373,529,73,0,0,0,0,0,0,0,0,0,0,11,0,0,0,0,0,0,0,0,0,0,0,3,2,72
5901,5901,0,0,-326,-6,-1263,-15,0,1,69,261,-680,268,1421,588,74,0,0,0,0,0,0,0,0,0,0,10,0,0,0,0,0,0,0,0,0,0,0,3,2,90
5902,5902,0,1,-326,-6,-1263,-15,0,1,215,630,-261,49,1140,501,76,0,0,0,0,0,0,0,0,0,0,9,0,0,0,0,0,0,0,0,0,0,0,3,2,90
5903,5903,0,0,583,7,-1054,2,0,1,490,630,-261,-222,680,395,77,0,0,0,0,0,0,0,0,0,0,9,0,0,0,0,0,0,0,0,0,0,0,3,2,71
5904,5904,0,1,583,7,-1054,2,0,1,442,630,-261,-589,147,337,76,0,0,0,0,0,0,0,0,0,0,9,0,0,0,0,0,0,0,0,0,0,0,3,2,45
5905,5905,0,0,668,-4,-1048,8,1,2,492,630,-261,-1019,-374,229,74,0,0,0,0,0,0,0,0,0,0,9,0,0,0,0,0,0,0,0,0,0,0,3,2,38
5906,5906,0,1,668,-4,-1048,8,0,2,498,630,-261,-1376,-758,115,73,0,0,0,0,0,0,0,0,0,0,10,0,0,0,0,0,0,0,0,0,0,0,3,2,68
5907,5907,0,0,804,4,-998,-6,0,2,582,630,-261,-1500,-659,173,73,0,0,0,0,0,0,0,0,0,0,10,0,0,0,0,0,0,0,0,0,0,0,3,2,98
5908,5908,0,1,804,4,-998,-6,0,2,1018,261,630,-1076,-493,51,75,0,0,0,0,0,0,0,0,0,0,10,0,0,0,0,0,0,0,0,0,0,0,3,2,101
5909,5909,0,0,1006,14,342,-10,0,2,1042,261,630,-385,-237,161,76,0,0,0,0,0,0,0,0,0,0,11,0,0,0,0,0,0,0,0,0,0,0,3,2,73
5910,5910,0,1,1006,14,342,-10,0,2,1154,261,630,388,26,159,75,0,0,0,0,0,0,0,0,0,0,10,0,0,0,0,0,0,0,0,0,0,0,3,2,28
5911,5911,0,0,1328,-16,844,12,1,3,1158,261,630,1054,277,153,73,0,0,0,0,0,0,0,0,0,0,11,0,0,0,0,0,0,0,0,0,0,0,3,2,24
5912,5912,0,1,1328,-16,844,12,0,3,1155,261,630,1464,458,150,71,0,0,0,0,0,0,0,0,0,0,12,0,0,0,0,0,0,0,0,0,0,0,3,2,67
5913,5913,0,0,794,-6,747,11,0,3,1170,261,630,1507,461,132,71,0,0,0,0,0,0,0,0,0,0,12,0,0,0,0,0,0,0,0,0,0,0,3,2,94
5914,5914,0,1,794,-6,747,11,0,3,22,-680,-261,1184,256,238,72,0,0,0,0,0,0,0,0,0,0,13,0,0,0,0,0,0,0,0,0,0,0,3,2,97
5915,5915,0,0,-827,5,234,10,0,3,82,-680,-261,598,-111,284,73,0,0,0,0,0,0,0,0,0,0,13,0,0,0,0,0,0,0,0,0,0,0,3,2,74
5916,5916,0,1,-827,5,234,10,0,3,82,-680,-261,-67,-560,330,73,0,0,0,0,0,0,0,0,0,0,13,0,0,0,0,0,0,0,0,0,0,0,3,2,37
5917,5917,0,0,-1883,5,394,10,1,4,65,-680,-261,-550,-972,393,71,0,0,0,0,0,0,0,0,0,0,14,0,0,0,0,0,0,0,0,0,0,0,3,2,34
5918,5918,0,1,-1883,5,394,10,0,4,69,-680,-261,-750,-1259,452,70,0,0,0,0,0,0,0,0,0,0,15,0,0,0,0,0,0,0,0,0,0,0,3,2,69
5919,5919,0,0,-1083,5,126,-2,0,4,2014,-680,-261,-748,-1349,358,70,0,0,0,0,0,0,0,0,0,0,15,0,0,0,0,0,0,0,0,0,0,0,3,2,90
5920,5920,0,1,-1083,5,126,-2,0,4,1524,630,261,-581,-1283,242,70,0,0,0,0,0,0,0,0,0,0,15,0,0,0,0,0,0,0,0,0,0,0,3,2,96
5921,5921,0,0,892,-4,-278,10,0,4,1401,630,261,-261,-1199,249,71,0,0,0,0,0,0,0,0,0,0,16,0,0,0,0,0,0,0,0,0,0,0,3,2,87
5922,5922,0,1,892,-4,-278,10,0,4,1402,630,261,265,-1123,255,71,0,0,0,0,0,0,0,0,0,0,16,0,0,0,0,0,0,0,0,0,0,0,3,2,76
5923,5923,0,0,1859,3,-572,4,1,5,1404,630,261,372,-1149,259,71,0,0,0,0,0,0,0,0,0,0,16,0,0,0,0,0,0,0,0,0,0,0,3,2,72
5924,5924,0,1,1859,3,-572,4,0,5,1392,630,261,472,-1146,275,71,0,0,0,0,0,0,0,0,0,0,16,0,0,0,0,0,0,0,0,0,0,0,3,2,74
5925,5925,0,0,913,-15,-159,1,0,5,1515,630,261,530,-1141,168,71,0,0,0,0,0,0,0,0,0,0,16,0,0,0,0,0,0,0,0,0,0,0,3,2,76
5926,5926,0,1,913,-15,-159,1,0,5,1538,-261,-680,615,-1050,294,71,0,0,0,0,0,0,0,0,0,0,16,0,0,0,0,0,0,0,0,0,0,0,3,2,78
5927,5927,0,0,-927,1,-478,2,0,5,1605,-261,-680,755,-720,353,71,0,0,0,0,0,0,0,0,0,0,16,0,0,0,0,0,0,0,0,0,0,0,3,2,75
5928,5928,0,1,-927,1,-478,2,0,5,1607,-261,-680,947,-204,410,70,0,0,0,0,0,0,0,0,0,0,16,0,0,0,0,0,0,0,0,0,0,0,3,2,64
5929,5929,0,0,-1747,13,-790,10,1,1,1676,-261,-680,1155,225,398,70,0,0,0,0,0,0,0,0,0,0,16,0,0,0,0,0,0,0,0,0,0,0,3,2,60
5930,5930,0,1,-1747,13,-790,10,0,1,1675,-261,-680,1296,479,387,69,0,0,0,0,0,0,0,0,0,0,16,0,0,0,0,0,0,0,0,0,0,0,3,2,72
5931,5931,0,0,-1082,6,-348,4,0,1,1832,-261,-680,1260,588,475,70,0,0,0,0,0,0,0,0,0,0,15,0,0,0,0,0,0,0,0,0,0,0,3,2,85
5932,5932,0,1,-1082,6,-348,4,0,1,1980,261,-680,974,598,415,71,0,0,0,0,0,0,0,0,0,0,15,0,0,0,0,0,0,0,0,0,0,0,3,2,86
5933,5933,0,0,-431,-15,900,4,0,1,30,261,-680,414,534,513,71,0,0,0,0,0,0,0,0,0,0,16,0,0,0,0,0,0,0,0,0,0,0,3,2,70
5934,5934,0,1,-431,-15,900,4,0,1,16,261,-680,-318,464,625,70,0,0,0,0,0,0,0,0,0,0,15,0,0,0,0,0,0,0,0,0,0,0,3,2,42
5935,5935,0,0,-565,11,1498,-6,1,2,29,261,-680,-1040,349,724,69,0,0,0,0,0,0,0,0,0,0,16,0,0,0,0,0,0,0,0,0,0,0,3,2,35
5936,5936,0,1,-565,11,1498,-6,0,2,186,261,-680,-1438,571,666,68,0,0,0,0,0,0,0,0,0,0,17,0,0,0,0,0,0,0,0,0,0,0,3,2,68
5937,5937,0,0,-406,10,1214,-2,0,2,362,261,-680,-1548,350,688,69,0,0,0,0,0,0,0,0,0,0,16,0,0,0,0,0,0,0,0,0,0,0,3,2,95
5938,5938,0,1,-406,10,1214,-2,0,2,722,630,261,-1197,223,606,70,0,0,0,0,0,0,0,0,0,0,15,0,0,0,0,0,0,0,0,0,0,0,3,2,99
5939,5939,0,0,144,-16,1140,-12,0,2,1024,630,261,-513,19,478,71,0,0,0,0,0,0,0,0,0,0,16,0,0,0,0,0,0,0,0,0,0,0,3,2,76
5940,5940,0,1,144,-16,1140,-12,0,2,998,630,261,331,-173,376,71,0,0,0,0,0,0,0,0,0,0,15,0,0,0,0,0,0,0,0,0,0,0,3,2,32
5941,5941,0,0,640,0,1270,-10,0,2,953,630,261,1061,-352,319,68,0,0,0,0,0,0,0,0,0,0,16,0,0,0,0,0,0,0,0,0,0,0,3,2,22
5942,5942,0,1,640,0,1270,-10,1,3,990,630,261,1473,-503,225,67,0,0,0,0,0,0,0,0,0,0,17,0,0,0,0,0,0,0,0,0,0,0,3,2,69
5943,5943,0,0,391,7,1332,-12,0,3,1021,630,261,1479,-473,100,68,0,0,0,0,0,0,0,0,0,0,16,0,0,0,0,0,0,0,0,0,0,0,3,2,97
5944,5944,0,1,391,7,1332,-12,0,3,1892,-680,261,1033,-485,128,70,0,0,0,0,0,0,0,0,0,0,15,0,0,0,0,0,0,0,0,0,0,0,3,2,97
5945,5945,0,0,313,-7,1200,-16,0,3,0,-680,261,347,-348,0,71,0,0,0,0,0,0,0,0,0,0,16,0,0,0,0,0,0,0,0,0,0,0,3,2,71
5946,5946,0,1,313,-7,1200,-16,0,3,2029,-680,261,-467,-329,-109,71,0,0,0,0,0,0,0,0,0,0,15,0,0,0,0,0,0,0,0,0,0,0,3,2,29
5947,5947,0,0,452,4,1333,-11,1,4,1979,-680,261,-1156,-371,-168,68,0,0,0,0,0,0,0,0,0,0,16,0,0,0,0,0,0,0,0,0,0,0,3,2,35
5948,5948,0,1,452,4,1333,-11,0,4,1915,-680,261,-1548,-422,-163,67,0,0,0,0,0,0,0,0,0,0,17,0,0,0,0,0,0,0,0,0,0,0,3,2,74
5949,5949,0,0,261,5,1238,-10,0,4,1751,-680,261,-1584,-376,-250,68,0,0,0,0,0,0,0,0,0,0,16,0,0,0,0,0,0,0,0,0,0,0,3,2,99
5950,5950,0,1,261,5,1238,-10,0,4,1158,630,-261,-1310,-194,-256,70,0,0,0,0,0,0,0,0,0,0,16,0,0,0,0,0,0,0,0,0,0,0,3,2,100
5951,5951,0,0,-426,-10,1235,-13,0,4,1044,630,-261,-912,161,-148,71,0,0,0,0,0,0,0,0,0,0,17,0,0,0,0,0,0,0,0,0,0,0,3,2,82
5952,5952,0,1,-426,-10,1235,-13,0,4,1109,630,-261,-551,645,-105,71,0,0,0,0,0,0,0,0,0,0,16,0,0,0,0,0,0,0,0,0,0,0,3,2,57
5953,5953,0,0,-703,1,1200,-16,1,5,1100,630,-261,-349,1082,-53,70,0,0,0,0,0,0,0,0,0,0,16,0,0,0,0,0,0,0,0,0,0,0,3,2,52
5954,5954,0,1,-703,1,1200,-16,0,5,1063,630,-261,-303,1365,36,69,0,0,0,0,0,0,0,0,0,0,16,0,0,0,0,0,0,0,0,0,0,0,3,2,71
5955,5955,0,0,-809,-9,990,-2,0,5,1024,630,-261,-284,1441,-92,69,0,0,0,0,0,0,0,0,0,0,16,0,0,0,0,0,0,0,0,0,0,0,3,2,86
5956,5956,0,1,-809,-9,990,-2,0,5,709,-680,-261,-211,1355,-161,69,0,0,0,0,0,0,0,0,0,0,16,0,0,0,0,0,0,0,0,0,0,0,3,2,90
5957,5957,0,0,-987,5,-324,-4,0,5,596,-680,-261,-38,1240,-117,70,0,0,0,0,0,0,0,0,0,0,17,0,0,0,0,0,0,0,0,0,0,0,3,2,85
5958,5958,0,1,-987,5,-324,-4,0,5,583,-680,-261,201,1161,-60,70,0,0,0,0,0,0,0,0,0,0,17,0,0,0,0,0,0,0,0,0,0,0,3,2,76
5959,5959,0,0,-1496,8,-828,4,1,6,550,-680,-261,451,1133,30,70,0,0,0,0,0,0,0,0,0,0,17,0,0,0,0,0,0,0,0,0,0,0,3,2,73
5960,5960,0,1,-1496,8,-828,4,0,6,562,-680,-261,662,1148,108,70,0,0,0,0,0,0,0,0,0,0,17,0,0,0,0,0,0,0,0,0,0,0,3,2,76
5961,5961,0,0,-857,7,-750,-14,0,6,520,-680,-261,732,1185,228,70,0,0,0,0,0,0,0,0,0,0,17,0,0,0,0,0,0,0,0,0,0,0,3,2,82
5962,5962,0,1,-857,7,-750,-14,0,6,458,-261,630,680,1215,154,71,0,0,0,0,0,0,0,0,0,0,17,0,0,0,0,0,0,0,0,0,0,0,3,2,87
5963,5963,0,0,787,-13,-386,-2,0,6,445,-261,630,597,1211,93,71,0,0,0,0,0,0,0,0,0,0,18,0,0,0,0,0,0,0,0,0,0,0,3,2,86
5964,5964,0,1,787,-13,-386,-2,0,6,375,-261,630,555,1180,102,71,0,0,0,0,0,0,0,0,0,0,18,0,0,0,0,0,0,0,0,0,0,0,3,2,83
5965,5965,0,0,1766,6,-275,13,1,7,366,-261,630,563,1180,120,71,0,0,0,0,0,0,0,0,0,0,18,0,0,0,0,0,0,0,0,0,0,0,3,2,81
5966,5966,0,1,1766,6,-275,13,0,7,345,-261,630,611,1207,159,72,0,0,0,0,0,0,0,0,0,0,18,0,0,0,0,0,0,0,0,0,0,0,3,2,81
5967,5967,0,0,1058,2,-253,3,0,7,364,-261,630,600,1219,179,73,0,0,0,0,0,0,0,0,0,0,17,0,0,0,0,0,0,0,0,0,0,0,3,2,84
5968,5968,0,1,1058,2,-253,3,0,7,370,261,630,490,1210,193,74,0,0,0,0,0,0,0,0,0,0,17,0,0,0,0,0,0,0,0,0,0,0,3,2,83
5969,5969,0,0,-1042,14,440,-8,0,7,368,261,630,268,1223,209,75,0,0,0,0,0,0,0,0,0,0,17,0,0,0,0,0,0,0,0,0,0,0,3,2,81
5970,5970,0,1,-1042,14,440,-8,0,7,360,261,630,-18,1262,233,74,0,0,0,0,0,0,0,0,0,0,16,0,0,0,0,0,0,0,0,0,0,0,3,2,77
5971,5971,0,0,-1854,2,346,-6,1,0,364,261,630,-259,1294,253,74,0,0,0,0,0,0,0,0,0,0,15,0,0,0,0,0,0,0,0,0,0,0,3,2,78
5972,5972,0,1,-1854,2,346,-6,0,0,428,261,630,-416,1293,209,74,0,0,0,0,0,0,0,0,0,0,15,0,0,0,0,0,0,0,0,0,0,0,3,2,81
5973,5973,0,0,-1083,5,387,3,0,0,507,261,630,-528,1245,86,75,0,0,0,0,0,0,0,0,0,0,14,0,0,0,0,0,0,0,0,0,0,0,3,2,83
5974,5974,0,1,-1083,5,387,3,0,0,517,261,630,-622,1094,209,77,0,0,0,0,0,0,0,0,0,0,13,0,0,0,0,0,0,0,0,0,0,0,3,2,84
5975,5975,0,0,989,-3,350,-2,0,0,520,261,630,-755,728,329,78,0,0,0,0,0,0,0,0,0,0,13,0,0,0,0,0,0,0,0,0,0,0,3,2,77
5976,5976,0,1,989,-3,350,-2,0,0,581,261,630,-948,212,388,77,0,0,0,0,0,0,0,0,0,0,12,0,0,0,0,0,0,0,0,0,0,0,3,2,65
5977,5977,0,0,1549,13,668,-4,1,1,643,261,630,-1195,-205,385,76,0,0,0,0,0,0,0,0,0,0,12,0,0,0,0,0,0,0,0,0,0,0,3,2,60
5978,5978,0,1,1549,13,668,-4,0,1,655,261,630,-1401,-441,370,76,0,0,0,0,0,0,0,0,0,0,12,0,0,0,0,0,0,0,0,0,0,0,3,2,74
5979,5979,0,0,1221,5,684,12,0,1,814,261,630,-1382,-560,452,77,0,0,0,0,0,0,0,0,0,0,11,0,0,0,0,0,0,0,0,0,0,0,3,2,91
5980,5980,0,1,1221,5,684,12,0,1,954,-261,630,-1070,-590,394,79,0,0,0,0,0,0,0,0,0,0,11,0,0,0,0,0,0,0,0,0,0,0,3,2,92
5981,5981,0,0,239,15,1141,-11,0,1,1062,-261,630,-487,-574,484,79,0,0,0,0,0,0,0,0,0,0,11,0,0,0,0,0,0,0,0,0,0,0,3,2,75
5982,5982,0,1,239,15,1141,-11,0,1,1091,-261,630,250,-544,545,79,0,0,0,0,0,0,0,0,0,0,10,0,0,0,0,0,0,0,0,0,0,0,3,2,46
5983,5983,0,0,445,-3,1321,9,1,2,1052,-261,630,920,-535,645,77,0,0,0,0,0,0,0,0,0,0,10,0,0,0,0,0,0,0,0,0,0,0,3,2,36
5984,5984,0,1,445,-3,1321,9,0,2,1155,-261,630,1353,-539,642,76,0,0,0,0,0,0,0,0,0,0,11,0,0,0,0,0,0,0,0,0,0,0,3,2,65
5985,5985,0,0,10,10,1292,12,0,2,1340,-261,630,1465,-324,710,76,0,0,0,0,0,0,0,0,0,0,11,0,0,0,0,0,0,0,0,0,0,0,3,2,90
5986,5986,0,1,10,10,1292,12,0,2,1674,-680,-261,1134,-254,700,77,0,0,0,0,0,0,0,0,0,0,11,0,0,0,0,0,0,0,0,0,0,0,3,2,94
5987,5987,0,0,-883,13,461,13,0,2,1918,-680,-261,442,-53,702,78,0,0,0,0,0,0,0,0,0,0,11,0,0,0,0,0,0,0,0,0,0,0,3,2,72
5988,5988,0,1,-883,13,461,13,0,2,1958,-680,-261,-428,230,664,77,0,0,0,0,0,0,0,0,0,0,11,0,0,0,0,0,0,0,0,0,0,0,3,2,27
5989,5989,0,0,-1816,8,248,-8,1,3,2026,-680,-261,-1156,373,558,75,0,0,0,0,0,0,0,0,0,0,12,0,0,0,0,0,0,0,0,0,0,0,3,2,30
5990,5990,0,1,-1816,8,248,-8,0,3,2042,-680,-261,-1541,386,436,74,0,0,0,0,0,0,0,0,0,0,13,0,0,0,0,0,0,0,0,0,0,0,3,2,75
5991,5991,0,0,-1058,-2,-59,5,0,3,2010,-680,-261,-1551,374,346,74,0,0,0,0,0,0,0,0,0,0,13,0,0,0,0,0,0,0,0,0,0,0,3,2,100
5992,5992,0,1,-1058,-2,-59,5,0,3,896,630,-261,-1176,408,346,74,0,0,0,0,0,0,0,0,0,0,13,0,0,0,0,0,0,0,0,0,0,0,3,2,99
5993,5993,0,0,293,5,-759,9,0,3,1004,630,-261,-469,385,238,75,0,0,0,0,0,0,0,0,0,0,14,0,0,0,0,0,0,0,0,0,0,0,3,2,77
5994,5994,0,1,293,5,-759,9,0,3,960,630,-261,386,366,174,75,0,0,0,0,0,0,0,0,0,0,14,0,0,0,0,0,0,0,0,0,0,0,3,2,38
5995,5995,0,0,985,-7,-1471,1,1,4,1020,630,-261,1099,277,50,73,0,0,0,0,0,0,0,0,0,0,14,0,0,0,0,0,0,0,0,0,0,0,3,2,33
5996,5996,0,1,985,-7,-1471,1,0,4,948,630,-261,1435,342,-2,72,0,0,0,0,0,0,0,0,0,0,15,0,0,0,0,0,0,0,0,0,0,0,3,2,70
5997,5997,0,0,616,8,-884,12,0,4,802,630,-261,1507,416,92,71,0,0,0,0,0,0,0,0,0,0,15,0,0,0,0,0,0,0,0,0,0,0,3,2,91
5998,5998,0,1,616,8,-884,12,0,4,198,-680,261,1368,494,22,72,0,0,0,0,0,0,0,0,0,0,15,0,0,0,0,0,0,0,0,0,0,0,3,2,97
5999,5999,0,0,-447,1,951,-9,0,4,79,-680,261,1066,659,71,72,0,0,0,0,0,0,0,0,0,0,16,0,0,0,0,0,0,0,0,0,0,0,3,2,90
6000,6000,0,1,-447,1,951,-9,0,4,3,-680,261,725,906,196,72,0,0,0,0,0,0,0,0,0,0,16,0,0,0,0,0,0,0,0,0,0,0,3,2,77
6001,6001,0,0,-857,7,1682,-14,1,5,88,-680,261,559,1097,236,72,0,0,0,0,0,0,0,0,0,0,16,0,0,0,0,0,0,0,0,0,0,0,3,2,72
6002,6002,0,1,-857,7,1682,-14,0,5,70,-680,261,564,1192,294,72,0,0,0,0,0,0,0,0,0,0,15,0,0,0,0,0,0,0,0,0,0,0,3,2,76
6003,6003,0,0,-520,-8,885,-11,0,5,147,-680,261,514,1239,275,72,0,0,0,0,0,0,0,0,0,0,15,0,0,0,0,0,0,0,0,0,0,0,3,2,81
6004,6004,0,1,-520,-8,885,-11,0,5,302,630,261,294,1224,357,72,0,0,0,0,0,0,0,0,0,0,16,0,0,0,0,0,0,0,0,0,0,0,3,2,83
6005,6005,0,0,981,-11,-348,4,0,5,361,630,261,-71,1065,380,72,0,0,0,0,0,0,0,0,0,0,16,0,0,0,0,0,0,0,0,0,0,0,3,2,78
6006,6006,0,1,981,-11,-348,4,0,5,369,630,261,-542,810,395,72,0,0,0,0,0,0,0,0,0,0,16,0,0,0,0,0,0,0,0,0,0,0,3,2,66
6007,6007,0,0,1695,-1,-620,-12,1,1,384,630,261,-1038,626,395,71,0,0,0,0,0,0,0,0,0,0,16,0,0,0,0,0,0,0,0,0,0,0,3,2,60
6008,6008,0,1,1695,-1,-620,-12,0,1,510,630,261,-1419,535,269,71,0,0,0,0,0,0,0,0,0,0,16,0,0,0,0,0,0,0,0,0,0,0,3,2,74
6009,6009,0,0,994,2,-395,-11,0,1,532,630,261,-1483,413,377,71,0,0,0,0,0,0,0,0,0,0,16,0,0,0,0,0,0,0,0,0,0,0,3,2,94
6010,6010,0,1,994,2,-395,-11,0,1,654,261,630,-1205,33,363,72,0,0,0,0,0,0,0,0,0,0,16,0,0,0,0,0,0,0,0,0,0,0,3,2,96
6011,6011,0,0,-275,13,-975,-15,0,1,847,261,630,-689,-235,412,73,0,0,0,0,0,0,0,0,0,0,17,0,0,0,0,0,0,0,0,0,0,0,3,2,75
6012,6012,0,1,-275,13,-975,-15,0,1,956,261,630,-182,-567,352,72,0,0,0,0,0,0,0,0,0,0,16,0,0,0,0,0,0,0,0,0,0,0,3,2,45
6013,6013,0,0,-654,-14,-1398,10,1,2,938,261,630,266,-1001,310,71,0,0,0,0,0,0,0,0,0,0,17,0,0,0,0,0,0,0,0,0,0,0,3,2,36
6014,6014,0,1,-654,-14,-1398,10,0,2,1016,261,630,540,-1325,190,70,0,0,0,0,0,0,0,0,0,0,18,0,0,0,0,0,0,0,0,0,0,0,3,2,64
6015,6015,0,0,-513,-1,-1109,11,0,2,1098,261,630,779,-1265,244,70,0,0,0,0,0,0,0,0,0,0,17,0,0,0,0,0,0,0,0,0,0,0,3,2,88
6016,6016,0,1,-513,-1,-1109,11,0,2,1468,-680,261,502,-1055,184,72,0,0,0,0,0,0,0,0,0,0,16,0,0,0,0,0,0,0,0,0,0,0,3,2,92
6017,6017,0,0,-924,4,-717,-13,0,2,1621,-680,261,246,-396,227,73,0,0,0,0,0,0,0,0,0,0,16,0,0,0,0,0,0,0,0,0,0,0,3,2,72
6018,6018,0,1,-924,4,-717,-13,0,2,1628,-680,261,-71,442,263,72,0,0,0,0,0,0,0,0,0,0,16,0,0,0,0,0,0,0,0,0,0,0,3,2,28
6019,6019,0,0,-1445,-5,-289,-1,1,3,1682,-680,261,-331,1139,245,70,0,0,0,0,0,0,0,0,0,0,17,0,0,0,0,0,0,0,0,0,0,0,3,2,27
6020,6020,0,1,-1445,-5,-289,-1,0,3,1680,-680,261,-473,1508,229,69,0,0,0,0,0,0,0,0,0,0,18,0,0,0,0,0,0,0,0,0,0,0,3,2,73
6021,6021,0,0,-1251,-3,-772,-4,0,3,1684,-680,261,-494,1495,209,70,0,0,0,0,0,0,0,0,0,0,16,0,0,0,0,0,0,0,0,0,0,0,3,2,97
6022,6022,0,1,-1251,-3,-772,-4,0,3,531,261,-680,-355,1136,318,72,0,0,0,0,0,0,0,0,0,0,16,0,0,0,0,0,0,0,0,0,0,0,3,2,97
6023,6023,0,0,-1131,-11,-568,8,0,3,579,261,-680,18,556,379,73,0,0,0,0,0,0,0,0,0,0,17,0,0,0,0,0,0,0,0,0,0,0,3,2,74
6024,6024,0,1,-1131,-11,-568,8,0,3,578,261,-680,554,-72,441,72,0,0,0,0,0,0,0,0,0,0,16,0,0,0,0,0,0,0,0,0,0,0,3,2,34
6025,6025,0,0,-1271,9,-564,12,1,4,582,261,-680,1042,-536,499,70,0,0,0,0,0,0,0,0,0,0,16,0,0,0,0,0,0,0,0,0,0,0,3,2,34
6026,6026,0,1,-1271,9,-564,12,0,4,514,261,-680,1331,-752,625,69,0,0,0,0,0,0,0,0,0,0,17,0,0,0,0,0,0,0,0,0,0,0,3,2,72
6027,6027,0,0,-1090,-2,-746,-10,0,4,504,261,-680,1404,-578,505,70,0,0,0,0,0,0,0,0,0,0,16,0,0,0,0,0,0,0,0,0,0,0,3,2,95
6028,6028,0,1,-1090,-2,-746,-10,0,4,2046,-261,630,1109,-537,379,72,0,0,0,0,0,0,0,0,0,0,16,0,0,0,0,0,0,0,0,0,0,0,3,2,95
6029,6029,0,0,-584,-8,-1004,-12,0,4,1910,-261,630,617,-609,389,72,0,0,0,0,0,0,0,0,0,0,16,0,0,0,0,0,0,0,0,0,0,0,3,2,77
6030,6030,0,1,-584,-8,-1004,-12,0,4,1914,-261,630,90,-817,395,72,0,0,0,0,0,0,0,0,0,0,16,0,0,0,0,0,0,0,0,0,0,0,3,2,54
6031,6031,0,0,-259,-3,-1456,-16,1,5,2033,-261,630,-349,-1055,282,71,0,0,0,0,0,0,0,0,0,0,16,0,0,0,0,0,0,0,0,0,0,0,3,2,51
6032,6032,0,1,-259,-3,-1456,-16,0,5,1853,-261,630,-566,-1224,349,69,0,0,0,0,0,0,0,0,0,0,16,0,0,0,0,0,0,0,0,0,0,0,3,2,69
6033,6033,0,0,-117,11,-1056,0,0,5,1867,-261,630,-627,-1255,402,69,0,0,0,0,0,0,0,0,0,0,16,0,0,0,0,0,0,0,0,0,0,0,3,2,83
6034,6034,0,1,-117,11,-1056,0,0,5,1571,630,-261,-619,-1149,495,70,0,0,0,0,0,0,0,0,0,0,16,0,0,0,0,0,0,0,0,0,0,0,3,2,88
6035,6035,0,0,847,15,-574,2,0,5,1466,630,-261,-811,-891,437,70,0,0,0,0,0,0,0,0,0,0,17,0,0,0,0,0,0,0,0,0,0,0,3,2,81
6036,6036,0,1,847,15,-574,2,0,5,1405,630,-261,-852,-781,440,70,0,0,0,0,0,0,0,0,0,0,17,0,0,0,0,0,0,0,0,0,0,0,3,2,74
6037,6037,0,0,1663,-1,-346,6,1,6,1378,630,-261,-1076,-570,470,70,0,0,0,0,0,0,0,0,0,0,16,0,0,0,0,0,0,0,0,0,0,0,3,2,71
6038,6038,0,1,1663,-1,-346,6,0,6,1408,630,-261,-1279,-409,470,69,0,0,0,0,0,0,0,0,0,0,16,0,0,0,0,0,0,0,0,0,0,0,3,2,76
6039,6039,0,0,968,8,-5,-5,0,6,1328,630,-261,-1360,-420,550,70,0,0,0,0,0,0,0,0,0,0,16,0,0,0,0,0,0,0,0,0,0,0,3,2,84
6040,6040,0,1,968,8,-5,-5,0,6,1233,-261,-680,-1318,-563,469,70,0,0,0,0,0,0,0,0,0,0,16,0,0,0,0,0,0,0,0,0,0,0,3,2,89
6041,6041,0,0,-157,3,837,5,0,6,1174,-261,-680,-1242,-635,447,71,0,0,0,0,0,0,0,0,0,0,17,0,0,0,0,0,0,0,0,0,0,0,3,2,89
6042,6042,0,1,-157,3,837,5,0,6,1092,-261,-680,-1193,-590,507,71,0,0,0,0,0,0,0,0,0,0,17,0,0,0,0,0,0,0,0,0,0,0,3,2,87
6043,6043,0,0,-1166,-14,1514,10,1,7,1088,-261,-680,-1196,-538,571,70,0,0,0,0,0,0,0,0,0,0,16,0,0,0,0,0,0,0,0,0,0,0,3,2,83
6044,6044,0,1,-1166,-14,1514,10,0,7,1027,-261,-680,-1229,-534,696,71,0,0,0,0,0,0,0,0,0,0,17,0,0,0,0,0,0,0,0,0,0,0,3,2,81
6045,6045,0,0,-448,0,909,13,0,7,1161,-261,-680,-1220,-579,687,72,0,0,0,0,0,0,0,0,0,0,16,0,0,0,0,0,0,0,0,0,0,0,3,2,83
6046,6046,0,1,-448,0,909,13,0,7,1044,-680,-261,-1132,-665,795,73,0,0,0,0,0,0,0,0,0,0,16,0,0,0,0,0,0,0,0,0,0,0,3,2,84
6047,6047,0,0,307,-13,-976,-16,0,7,1033,-680,-261,-945,-804,914,74,0,0,0,0,0,0,0,0,0,0,16,0,0,0,0,0,0,0,0,0,0,0,3,2,82
6048,6048,0,1,307,-13,-976,-16,0,7,1165,-680,-261,-726,-941,901,74,0,0,0,0,0,0,0,0,0,0,15,0,0,0,0,0,0,0,0,0,0,0,3,2,77
6049,6049,0,0,998,6,-1484,-12,1,0,1048,-680,-261,-521,-1120,1005,73,0,0,0,0,0,0,0,0,0,0,15,0,0,0,0,0,0,0,0,0,0,0,3,2,74
6050,6050,0,1,998,6,-1484,-12,0,0,1157,-680,-261,-361,-1280,1000,73,0,0,0,0,0,0,0,0,0,0,15,0,0,0,0,0,0,0,0,0,0,0,3,2,77
6051,6051,0,0,367,15,-1009,15,0,0,1220,-680,-261,-242,-1294,932,75,0,0,0,0,0,0,0,0,0,0,14,0,0,0,0,0,0,0,0,0,0,0,3,2,83
6052,6052,0,1,367,15,-1009,15,0,0,1388,-680,-261,-109,-1144,952,77,0,0,0,0,0,0,0,0,0,0,13,0,0,0,0,0,0,0,0,0,0,0,3,2,82
6053,6053,0,0,-1011,13,375,-9,0,0,1531,-680,-261,168,-927,829,77,0,0,0,0,0,0,0,0,0,0,13,0,0,0,0,0,0,0,0,0,0,0,3,2,71
6054,6054,0,1,-1011,13,375,-9,0,0,1528,-680,-261,588,-711,709,76,0,0,0,0,0,0,0,0,0,0,12,0,0,0,0,0,0,0,0,0,0,0,3,2,59
6055,6055,0,0,-1681,15,599,-9,1,1,1492,-680,-261,1031,-536,625,75,0,0,0,0,0,0,0,0,0,0,12,0,0,0,0,0,0,0,0,0,0,0,3,2,57
6056,6056,0,1,-1681,15,599,-9,0,1,1507,-680,-261,1353,-402,526,74,0,0,0,0,0,0,0,0,0,0,12,0,0,0,0,0,0,0,0,0,0,0,3,2,73
6057,6057,0,0,-1400,8,195,3,0,1,1554,-680,-261,1384,-261,636,76,0,0,0,0,0,0,0,0,0,0,11,0,0,0,0,0,0,0,0,0,0,0,3,2,88
6058,6058,0,1,-1400,8,195,3,0,1,1697,-261,-680,1107,-68,603,77,0,0,0,0,0,0,0,0,0,0,10,0,0,0,0,0,0,0,0,0,0,0,3,2,88
6059,6059,0,0,-1070,-14,-450,-2,0,1,2035,-261,-680,656,229,488,78,0,0,0,0,0,0,0,0,0,0,11,0,0,0,0,0,0,0,0,0,0,0,3,2,69
6060,6060,0,1,-1070,-14,-450,-2,0,1,1956,-261,-680,135,611,452,77,0,0,0,0,0,0,0,0,0,0,10,0,0,0,0,0,0,0,0,0,0,0,3,2,43
6061,6061,0,0,-1242,6,-744,-8,1,2,1997,-261,-680,-392,992,375,75,0,0,0,0,0,0,0,0,0,0,10,0,0,0,0,0,0,0,0,0,0,0,3,2,39
6062,6062,0,1,-1242,6,-744,-8,0,2,2030,-261,-680,-792,1262,265,74,0,0,0,0,0,0,0,0,0,0,11,0,0,0,0,0,0,0,0,0,0,0,3,2,67
6063,6063,0,0,-1067,-11,-719,-15,0,2,68,-261,-680,-864,1281,325,75,0,0,0,0,0,0,0,0,0,0,11,0,0,0,0,0,0,0,0,0,0,0,3,2,93
6064,6064,0,1,-1067,-11,-719,-15,0,2,507,630,-261,-615,979,202,76,0,0,0,0,0,0,0,0,0,0,11,0,0,0,0,0,0,0,0,0,0,0,3,2,97
6065,6065,0,0,306,-14,-1042,14,0,2,522,630,-261,-244,363,320,77,0,0,0,0,0,0,0,0,0,0,12,0,0,0,0,0,0,0,0,0,0,0,3,2,72
6066,6066,0,1,306,-14,-1042,14,0,2,671,630,-261,99,-421,289,76,0,0,0,0,0,0,0,0,0,0,11,0,0,0,0,0,0,0,0,0,0,0,3,2,27
6067,6067,0,0,896,0,-1327,-15,1,3,640,630,-261,438,-1027,289,75,0,0,0,0,0,0,0,0,0,0,12,0,0,0,0,0,0,0,0,0,0,0,3,2,27
6068,6068,0,1,896,0,-1327,-15,0,3,726,630,-261,694,-1314,203,73,0,0,0,0,0,0,0,0,0,0,13,0,0,0,0,0,0,0,0,0,0,0,3,2,69
6069,6069,0,0,829,-3,-720,-16,0,3,641,630,-261,709,-1322,202,73,0,0,0,0,0,0,0,0,0,0,13,0,0,0,0,0,0,0,0,0,0,0,3,2,92
6070,6070,0,1,829,-3,-720,-16,0,3,1610,-261,630,439,-1081,256,73,0,0,0,0,0,0,0,0,0,0,14,0,0,0,0,0,0,0,0,0,0,0,3,2,94
6071,6071,0,0,267,11,838,6,0,3,1666,-261,630,-46,-603,254,74,0,0,0,0,0,0,0,0,0,0,14,0,0,0,0,0,0,0,0,0,0,0,3,2,72
6072,6072,0,1,267,11,838,6,0,3,1717,-261,630,-621,-24,201,74,0,0,0,0,0,0,0,0,0,0,14,0,0,0,0,0,0,0,0,0,0,0,3,2,37
6073,6073,0,0,360,8,1824,0,1,4,1718,-261,630,-1117,393,147,72,0,0,0,0,0,0,0,0,0,0,15,0,0,0,0,0,0,0,0,0,0,0,3,2,38
6074,6074,0,1,360,8,1824,0,0,4,1620,-261,630,-1430,548,191,70,0,0,0,0,0,0,0,0,0,0,15,0,0,0,0,0,0,0,0,0,0,0,3,2,73
6075,6075,0,0,280,-8,1034,10,0,4,1520,-261,630,-1528,506,79,70,0,0,0,0,0,0,0,0,0,0,15,0,0,0,0,0,0,0,0,0,0,0,3,2,95
6076,6076,0,1,280,-8,1034,10,0,4,1036,261,-680,-1451,327,195,70,0,0,0,0,0,0,0,0,0,0,15,0,0,0,0,0,0,0,0,0,0,0,3,2,100
6077,6077,0,0,-375,9,-913,15,0,4,954,261,-680,-1302,233,137,71,0,0,0,0,0,0,0,0,0,0,16,0,0,0,0,0,0,0,0,0,0,0,3,2,93
6078,6078,0,1,-375,9,-913,15,0,4,954,261,-680,-1186,-227,79,71,0,0,0,0,0,0,0,0,0,0,16,0,0,0,0,0,0,0,0,0,0,0,3,2,82
6079,6079,0,0,-448,0,-1769,-9,1,5,954,261,-680,-1219,-311,21,71,0,0,0,0,0,0,0,0,0,0,16,0,0,0,0,0,0,0,0,0,0,0,3,2,75
6080,6080,0,1,-448,0,-1769,-9,0,5,953,261,-680,-1193,-609,-36,71,0,0,0,0,0,0,0,0,0,0,16,0,0,0,0,0,0,0,0,0,0,0,3,2,77
6081,6081,0,0,-257,-1,-959,1,0,5,974,261,-680,-1286,-520,-114,71,0,0,0,0,0,0,0,0,0,0,16,0,0,0,0,0,0,0,0,0,0,0,3,2,83
6082,6082,0,1,-257,-1,-959,1,0,5,1069,-680,261,-1151,-572,-31,71,0,0,0,0,0,0,0,0,0,0,16,0,0,0,0,0,0,0,0,0,0,0,3,2,85
6083,6083,0,0,-408,8,1031,7,0,5,1104,-680,261,-779,-710,17,71,0,0,0,0,0,0,0,0,0,0,17,0,0,0,0,0,0,0,0,0,0,0,3,2,79
6084,6084,0,1,-408,8,1031,7,0,5,1169,-680,261,-244,-938,0,71,0,0,0,0,0,0,0,0,0,0,17,0,0,0,0,0,0,0,0,0,0,0,3,2,65
6085,6085,0,0,-804,-4,1570,2,1,1,1101,-680,261,212,-1171,51,71,0,0,0,0,0,0,0,0,0,0,17,0,0,0,0,0,0,0,0,0,0,0,3,2,59
6086,6086,0,1,-804,-4,1570,2,0,1,1174,-680,261,504,-1307,29,70,0,0,0,0,0,0,0,0,0,0,17,0,0,0,0,0,0,0,0,0,0,0,3,2,73
6087,6087,0,0,-313,7,1137,-15,0,1,1264,-680,261,647,-1249,-83,71,0,0,0,0,0,0,0,0,0,0,16,0,0,0,0,0,0,0,0,0,0,0,3,2,86
6088,6088,0,1,-313,7,1137,-15,0,1,1454,-680,-261,674,-941,-129,72,0,0,0,0,0,0,0,0,0,0,16,0,0,0,0,0,0,0,0,0,0,0,3,2,86
6089,6089,0,0,861,-3,357,5,0,1,1584,-680,-261,607,-378,-49,72,0,0,0,0,0,0,0,0,0,0,17,0,0,0,0,0,0,0,0,0,0,0,3,2,71
6090,6090,0,1,861,-3,357,5,0,1,1616,-680,-261,512,335,-1,72,0,0,0,0,0,0,0,0,0,0,16,0,0,0,0,0,0,0,0,0,0,0,3,2,44
6091,6091,0,0,1523,-13,593,-15,1,2,1691,-680,-261,506,983,-28,70,0,0,0,0,0,0,0,0,0,0,17,0,0,0,0,0,0,0,0,0,0,0,3,2,38
6092,6092,0,1,1523,-13,593,-15,0,2,1731,-680,-261,571,1399,-95,69,0,0,0,0,0,0,0,0,0,0,18,0,0,0,0,0,0,0,0,0,0,0,3,2,68
6093,6093,0,0,1139,-13,428,12,0,2,1899,-680,-261,574,1449,-74,70,0,0,0,0,0,0,0,0,0,0,17,0,0,0,0,0,0,0,0,0,0,0,3,2,93
6094,6094,0,1,1139,-13,428,12,0,2,138,261,-680,452,1106,-84,72,0,0,0,0,0,0,0,0,0,0,16,0,0,0,0,0,0,0,0,0,0,0,3,2,96
6095,6095,0,0,1105,-15,-258,-2,0,2,366,261,-680,157,457,-66,73,0,0,0,0,0,0,0,0,0,0,17,0,0,0,0,0,0,0,0,0,0,0,3,2,74
6096,6096,0,1,1105,-15,-258,-2,0,2,426,261,-680,-235,-327,-108,72,0,0,0,0,0,0,0,0,0,0,16,0,0,0,0,0,0,0,0,0,0,0,3,2,29
6097,6097,0,0,1230,14,-541,3,1,3,487,261,-680,-535,-991,-211,70,0,0,0,0,0,0,0,0,0,0,17,0,0,0,0,0,0,0,0,0,0,0,3,2,24
6098,6098,0,1,1230,14,-541,3,0,3,419,261,-680,-658,-1370,-246,68,0,0,0,0,0,0,0,0,0,0,18,0,0,0,0,0,0,0,0,0,0,0,3,2,70
6099,6099,0,0,1334,-10,-500,12,0,3,469,261,-680,-630,-1387,-331,70,0,0,0,0,0,0,0,0,0,0,17,0,0,0,0,0,0,0,0,0,0,0,3,2,93
6100,6100,0,1,1334,-10,-500,12,0,3,1334,261,630,-510,-1024,-257,72,0,0,0,0,0,0,0,0,0,0,16,0,0,0,0,0,0,0,0,0,0,0,3,2,94
6101,6101,0,0,1149,-3,-154,6,0,3,1408,261,630,-381,-332,-257,73,0,0,0,0,0,0,0,0,0,0,17,0,0,0,0,0,0,0,0,0,0,0,3,2,70
6102,6102,0,1,1149,-3,-154,6,0,3,1408,261,630,-308,504,-257,72,0,0,0,0,0,0,0,0,0,0,16,0,0,0,0,0,0,0,0,0,0,0,3,2,31
6103,6103,0,0,1275,-5,-543,1,1,4,1366,261,630,-347,1150,-215,70,0,0,0,0,0,0,0,0,0,0,17,0,0,0,0,0,0,0,0,0,0,0,3,2,36
6104,6104,0,1,1275,-5,-543,1,0,4,1404,261,630,-425,1467,-211,69,0,0,0,0,0,0,0,0,0,0,18,0,0,0,0,0,0,0,0,0,0,0,3,2,74
6105,6105,0,0,1159,7,-212,12,0,4,1224,261,630,-397,1490,-283,70,0,0,0,0,0,0,0,0,0,0,17,0,0,0,0,0,0,0,0,0,0,0,3,2,94
6106,6106,0,1,1159,7,-212,12,0,4,658,-261,-680,-196,1276,-301,72,0,0,0,0,0,0,0,0,0,0,16,0,0,0,0,0,0,0,0,0,0,0,3,2,95
6107,6107,0,0,1268,-12,348,-4,0,4,599,-261,-680,179,908,-260,72,0,0,0,0,0,0,0,0,0,0,17,0,0,0,0,0,0,0,0,0,0,0,3,2,80
6108,6108,0,1,1268,-12,348,-4,0,4,605,-261,-680,635,519,-225,72,0,0,0,0,0,0,0,0,0,0,16,0,0,0,0,0,0,0,0,0,0,0,3,2,57
6109,6109,0,0,1156,4,774,6,1,5,597,-261,-680,1062,316,-182,71,0,0,0,0,0,0,0,0,0,0,16,0,0,0,0,0,0,0,0,0,0,0,3,2,50
6110,6110,0,1,1156,4,774,6,0,5,545,-261,-680,1363,297,-87,69,0,0,0,0,0,0,0,0,0,0,16,0,0,0,0,0,0,0,0,0,0,0,3,2,68
6111,6111,0,0,957,-3,661,-11,0,5,482,-261,-680,1434,303,-185,69,0,0,0,0,0,0,0,0,0,0,16,0,0,0,0,0,0,0,0,0,0,0,3,2,86
6112,6112,0,1,957,-3,661,-11,0,5,198,-261,630,1316,231,-255,69,0,0,0,0,0,0,0,0,0,0,16,0,0,0,0,0,0,0,0,0,0,0,3,2,91
6113,6113,0,0,-235,-11,1099,11,0,5,84,-261,630,1178,36,-211,70,0,0,0,0,0,0,0,0,0,0,17,0,0,0,0,0,0,0,0,0,0,0,3,2,83
6114,6114,0,1,-235,-11,1099,11,0,5,71,-261,630,1103,-253,-154,70,0,0,0,0,0,0,0,0,0,0,17,0,0,0,0,0,0,0,0,0,0,0,3,2,73
6115,6115,0,0,-902,-6,1342,-2,1,6,2,-261,630,1088,-486,-28,69,0,0,0,0,0,0,0,0,0,0,16,0,0,0,0,0,0,0,0,0,0,0,3,2,70
6116,6116,0,1,-902,-6,1342,-2,0,6,39,-261,630,1115,-639,61,69,0,0,0,0,0,0,0,0,0,0,16,0,0,0,0,0,0,0,0,0,0,0,3,2,73
6117,6117,0,0,-671,1,863,-1,0,6,8,-261,630,1162,-708,181,69,0,0,0,0,0,0,0,0,0,0,16,0,0,0,0,0,0,0,0,0,0,0,3,2,79
6118,6118,0,1,-671,1,863,-1,0,6,0,630,261,1200,-695,53,70,0,0,0,0,0,0,0,0,0,0,16,0,0,0,0,0,0,0,0,0,0,0,3,2,84
6119,6119,0,0,-375,9,-814,-14,0,6,1914,630,261,1191,-608,59,70,0,0,0,0,0,0,0,0,0,0,16,0,0,0,0,0,0,0,0,0,0,0,3,2,85
6120,6120,0,1,-375,9,-814,-14,0,6,1888,630,261,1155,-492,91,70,0,0,0,0,0,0,0,0,0,0,16,0,0,0,0,0,0,0,0,0,0,0,3,2,83
6121,6121,0,0,-304,-16,-1721,7,1,7,1872,630,261,1140,-493,139,70,0,0,0,0,0,0,0,0,0,0,16,0,0,0,0,0,0,0,0,0,0,0,3,2,77
6122,6122,0,1,-304,-16,-1721,7,0,7,1879,630,261,1150,-607,180,70,0,0,0,0,0,0,0,0,0,0,16,0,0,0,0,0,0,0,0,0,0,0,3,2,76
6123,6123,0,0,-164,-4,-967,-7,0,7,1894,630,261,1149,-622,206,71,0,0,0,0,0,0,0,0,0,0,16,0,0,0,0,0,0,0,0,0,0,0,3,2,80
6124,6124,0,1,-164,-4,-967,-7,0,7,1918,630,-261,1144,-484,208,73,0,0,0,0,0,0,0,0,0,0,15,0,0,0,0,0,0,0,0,0,0,0,3,2,80
6125,6125,0,0,337,-15,959,-1,0,7,1916,630,-261,1181,-255,212,73,0,0,0,0,0,0,0,0,0,0,15,0,0,0,0,0,0,0,0,0,0,0,3,2,77
6126,6126,0,1,337,-15,959,-1,0,7,1891,630,-261,1249,-4,241,72,0,0,0,0,0,0,0,0,0,0,15,0,0,0,0,0,0,0,0,0,0,0,3,2,75
6127,6127,0,0,551,7,1895,7,1,0,1920,630,-261,1289,241,241,72,0,0,0,0,0,0,0,0,0,0,14,0,0,0,0,0,0,0,0,0,0,0,3,2,77
6128,6128,0,1,551,7,1895,7,0,0,1856,630,-261,1272,434,305,72,0,0,0,0,0,0,0,0,0,0,14,0,0,0,0,0,0,0,0,0,0,0,3,2,81
6129,6129,0,0,349,-3,894,-2,0,0,2014,630,-261,1208,525,211,73,0,0,0,0,0,0,0,0,0,0,13,0,0,0,0,0,0,0,0,0,0,0,3,2,83
6130,6130,0,1,349,-3,894,-2,0,0,0,630,-261,1055,562,83,75,0,0,0,0,0,0,0,0,0,0,12,0,0,0,0,0,0,0,0,0,0,0,3,2,81
6131,6131,0,0,477,-3,-770,-2,0,0,44,630,-261,723,699,167,76,0,0,0,0,0,0,0,0,0,0,12,0,0,0,0,0,0,0,0,0,0,0,3,2,74
6132,6132,0,1,477,-3,-770,-2,0,0,66,630,-261,254,953,229,75,0,0,0,0,0,0,0,0,0,0,11,0,0,0,0,0,0,0,0,0,0,0,3,2,62
6133,6133,0,0,628,-12,-1669,-5,1,1,132,630,-261,-178,1198,225,74,0,0,0,0,0,0,0,0,0,0,11,0,0,0,0,0,0,0,0,0,0,0,3,2,61
6134,6134,0,1,628,-12,-1669,-5,0,1,151,630,-261,-465,1341,202,74,0,0,0,0,0,0,0,0,0,0,11,0,0,0,0,0,0,0,0,0,0,0,3,2,75
6135,6135,0,0,753,-15,-982,10,0,1,145,630,-261,-590,1297,185,75,0,0,0,0,0,0,0,0,0,0,10,0,0,0,0,0,0,0,0,0,0,0,3,2,88
6136,6136,0,1,753,-15,-982,10,0,1,428,630,261,-571,1018,141,77,0,0,0,0,0,0,0,0,0,0,9,0,0,0,0,0,0,0,0,0,0,0,3,2,88
6137,6137,0,0,1028,4,-486,-6,0,1,528,630,261,-528,462,253,77,0,0,0,0,0,0,0,0,0,0,10,0,0,0,0,0,0,0,0,0,0,0,3,2,72
6138,6138,0,1,1028,4,-486,-6,0,1,580,630,261,-518,-269,313,77,0,0,0,0,0,0,0,0,0,0,9,0,0,0,0,0,0,0,0,0,0,0,3,2,44
6139,6139,0,0,1384,8,-228,-4,1,2,520,630,261,-533,-925,433,75,0,0,0,0,0,0,0,0,0,0,9,0,0,0,0,0,0,0,0,0,0,0,3,2,35
6140,6140,0,1,1384,8,-228,-4,0,2,646,630,261,-544,-1328,427,74,0,0,0,0,0,0,0,0,0,0,10,0,0,0,0,0,0,0,0,0,0,0,3,2,66
6141,6141,0,0,1223,7,-203,-11,0,2,895,630,261,-498,-1375,428,74,0,0,0,0,0,0,0,0,0,0,10,0,0,0,0,0,0,0,0,0,0,0,3,2,88
6142,6142,0,1,1223,7,-203,-11,0,2,1052,-261,630,-354,-1046,528,75,0,0,0,0,0,0,0,0,0,0,10,0,0,0,0,0,0,0,0,0,0,0,3,2,90
6143,6143,0,0,545,1,1053,-3,0,2,1405,-261,630,-31,-411,531,76,0,0,0,0,0,0,0,0,0,0,10,0,0,0,0,0,0,0,0,0,0,0,3,2,68
6144,6144,0,1,545,1,1053,-3,0,2,1530,-261,630,205,406,409,75,0,0,0,0,0,0,0,0,0,0,10,0,0,0,0,0,0,0,0,0,0,0,3,2,25
6145,6145,0,0,245,-11,1595,-5,1,3,1519,-261,630,407,1112,298,73,0,0,0,0,0,0,0,0,0,0,11,0,0,0,0,0,0,0,0,0,0,0,3,2,28
6146,6146,0,1,245,-11,1595,-5,0,3,1526,-261,630,519,1514,180,71,0,0,0,0,0,0,0,0,0,0,12,0,0,0,0,0,0,0,0,0,0,0,3,2,74
6147,6147,0,0,60,-4,1143,-9,0,3,1520,-261,630,521,1498,68,71,0,0,0,0,0,0,0,0,0,0,12,0,0,0,0,0,0,0,0,0,0,0,3,2,100
6148,6148,0,1,60,-4,1143,-9,0,3,353,-261,-680,454,1081,99,72,0,0,0,0,0,0,0,0,0,0,13,0,0,0,0,0,0,0,0,0,0,0,3,2,99
6149,6149,0,0,-885,11,-369,15,0,3,432,-261,-680,469,366,51,73,0,0,0,0,0,0,0,0,0,0,14,0,0,0,0,0,0,0,0,0,0,0,3,2,73
6150,6150,0,1,-885,11,-369,15,0,3,510,-261,-680,392,-378,-75,73,0,0,0,0,0,0,0,0,0,0,13,0,0,0,0,0,0,0,0,0,0,0,3,2,37
6151,6151,0,0,-1552,-16,-963,-3,1,4,500,-261,-680,351,-1028,-191,71,0,0,0,0,0,0,0,0,0,0,14,0,0,0,0,0,0,0,0,0,0,0,3,2,33
6152,6152,0,1,-1552,-16,-963,-3,0,4,320,-261,-680,354,-1436,-127,70,0,0,0,0,0,0,0,0,0,0,15,0,0,0,0,0,0,0,0,0,0,0,3,2,67
6153,6153,0,0,-983,9,-571,5,0,4,198,-261,-680,414,-1500,-197,69,0,0,0,0,0,0,0,0,0,0,14,0,0,0,0,0,0,0,0,0,0,0,3,2,91
6154,6154,0,1,-983,9,-571,5,0,4,1840,261,630,527,-1282,-117,70,0,0,0,0,0,0,0,0,0,0,15,0,0,0,0,0,0,0,0,0,0,0,3,2,96
6155,6155,0,0,859,-5,385,1,0,4,1608,261,630,685,-997,-61,70,0,0,0,0,0,0,0,0,0,0,15,0,0,0,0,0,0,0,0,0,0,0,3,2,85
6156,6156,0,1,859,-5,385,1,0,4,1614,261,630,850,-784,-11,71,0,0,0,0,0,0,0,0,0,0,16,0,0,0,0,0,0,0,0,0,0,0,3,2,74
6157,6157,0,0,1680,-16,910,14,1,5,1606,261,630,1043,-614,47,70,0,0,0,0,0,0,0,0,0,0,15,0,0,0,0,0,0,0,0,0,0,0,3,2,72
6158,6158,0,1,1680,-16,910,14,0,5,1613,261,630,1199,-521,98,70,0,0,0,0,0,0,0,0,0,0,15,0,0,0,0,0,0,0,0,0,0,0,3,2,75
6159,6159,0,0,853,-11,408,-8,0,5,1730,261,630,1260,-458,32,70,0,0,0,0,0,0,0,0,0,0,15,0,0,0,0,0,0,0,0,0,0,0,3,2,80
6160,6160,0,1,853,-11,408,-8,0,5,1902,261,-680,1197,-341,50,70,0,0,0,0,0,0,0,0,0,0,16,0,0,0,0,0,0,0,0,0,0,0,3,2,82
6161,6161,0,0,-343,9,-942,-14,0,5,1907,261,-680,1044,12,63,70,0,0,0,0,0,0,0,0,0,0,16,0,0,0,0,0,0,0,0,0,0,0,3,2,76
6162,6162,0,1,-343,9,-942,-14,0,5,2042,261,-680,850,563,-59,70,0,0,0,0,0,0,0,0,0,0,16,0,0,0,0,0,0,0,0,0,0,0,3,2,64
6163,6163,0,0,-552,-8,-1622,10,1,1,1967,261,-680,683,1050,-106,70,0,0,0,0,0,0,0,0,0,0,16,0,0,0,0,0,0,0,0,0,0,0,3,2,63
6164,6164,0,1,-552,-8,-1622,10,0,1,0,261,-680,561,1330,-234,69,0,0,0,0,0,0,0,0,0,0,16,0,0,0,0,0,0,0,0,0,0,0,3,2,77
6165,6165,0,0,-499,13,-990,2,0,1,2,261,-680,444,1373,-108,70,0,0,0,0,0,0,0,0,0,0,16,0,0,0,0,0,0,0,0,0,0,0,3,2,89
6166,6166,0,1,-499,13,-990,2,0,1,189,630,-261,259,1169,-169,71,0,0,0,0,0,0,0,0,0,0,16,0,0,0,0,0,0,0,0,0,0,0,3,2,89
6167,6167,0,0,-995,-3,255,-1,0,1,374,630,-261,-111,728,-159,71,0,0,0,0,0,0,0,0,0,0,16,0,0,0,0,0,0,0,0,0,0,0,3,2,74
6168,6168,0,1,-995,-3,255,-1,0,1,510,630,-261,-617,166,-285,71,0,0,0,0,0,0,0,0,0,0,16,0,0,0,0,0,0,0,0,0,0,0,3,2,45
6169,6169,0,0,-1550,-14,606,-2,1,2,443,630,-261,-1101,-292,-344,69,0,0,0,0,0,0,0,0,0,0,16,0,0,0,0,0,0,0,0,0,0,0,3,2,39
6170,6170,0,1,-1550,-14,606,-2,0,2,506,630,-261,-1419,-538,-466,68,0,0,0,0,0,0,0,0,0,0,17,0,0,0,0,0,0,0,0,0,0,0,3,2,70
6171,6171,0,0,-1171,13,437,-11,0,2,528,630,-261,-1452,-585,-354,69,0,0,0,0,0,0,0,0,0,0,16,0,0,0,0,0,0,0,0,0,0,0,3,2,94
6172,6172,0,1,-1171,13,437,-11,0,2,940,261,630,-1140,-462,-398,71,0,0,0,0,0,0,0,0,0,0,16,0,0,0,0,0,0,0,0,0,0,0,3,2,97
6173,6173,0,0,-608,0,973,13,0,2,1106,261,630,-490,-219,-352,72,0,0,0,0,0,0,0,0,0,0,16,0,0,0,0,0,0,0,0,0,0,0,3,2,76
6174,6174,0,1,-608,0,973,13,0,2,1109,261,630,350,61,-309,71,0,0,0,0,0,0,0,0,0,0,16,0,0,0,0,0,0,0,0,0,0,0,3,2,32
6175,6175,0,0,-425,-9,1393,-15,1,3,1044,261,630,1073,314,-201,70,0,0,0,0,0,0,0,0,0,0,17,0,0,0,0,0,0,0,0,0,0,0,3,2,21
6176,6176,0,1,-425,-9,1393,-15,0,3,1108,261,630,1478,474,-157,68,0,0,0,0,0,0,0,0,0,0,18,0,0,0,0,0,0,0,0,0,0,0,3,2,69
6177,6177,0,0,-593,15,1209,-7,0,3,1160,261,630,1478,480,-165,70,0,0,0,0,0,0,0,0,0,0,17,0,0,0,0,0,0,0,0,0,0,0,3,2,96
6178,6178,0,1,-593,15,1209,-7,0,3,23,-680,-261,1107,299,-60,72,0,0,0,0,0,0,0,0,0,0,16,0,0,0,0,0,0,0,0,0,0,0,3,2,96
6179,6179,0,0,-632,8,1078,-10,0,3,4,-680,-261,528,-69,64,72,0,0,0,0,0,0,0,0,0,0,17,0,0,0,0,0,0,0,0,0,0,0,3,2,71
6180,6180,0,1,-632,8,1078,-10,0,3,69,-680,-261,-74,-562,123,71,0,0,0,0,0,0,0,0,0,0,16,0,0,0,0,0,0,0,0,0,0,0,3,2,33
6181,6181,0,0,-533,11,1245,-3,1,4,23,-680,-261,-503,-1010,228,69,0,0,0,0,0,0,0,0,0,0,16,0,0,0,0,0,0,0,0,0,0,0,3,2,35
6182,6182,0,1,-533,11,1245,-3,0,4,76,-680,-261,-700,-1282,280,68,0,0,0,0,0,0,0,0,0,0,17,0,0,0,0,0,0,0,0,0,0,0,3,2,69
6183,6183,0,0,-663,9,1106,-14,0,4,2038,-680,-261,-754,-1283,162,69,0,0,0,0,0,0,0,0,0,0,16,0,0,0,0,0,0,0,0,0,0,0,3,2,90
6184,6184,0,1,-663,9,1106,-14,0,4,1534,630,261,-732,-1009,36,71,0,0,0,0,0,0,0,0,0,0,16,0,0,0,0,0,0,0,0,0,0,0,3,2,92
6185,6185,0,0,-1216,0,493,13,0,4,1322,630,261,-762,-525,122,72,0,0,0,0,0,0,0,0,0,0,16,0,0,0,0,0,0,0,0,0,0,0,3,2,77
6186,6186,0,1,-1216,0,493,13,0,4,1406,630,261,-887,31,124,71,0,0,0,0,0,0,0,0,0,0,16,0,0,0,0,0,0,0,0,0,0,0,3,2,57
6187,6187,0,0,-1476,-4,322,2,1,5,1364,630,261,-1081,477,168,70,0,0,0,0,0,0,0,0,0,0,15,0,0,0,0,0,0,0,0,0,0,0,3,2,54
6188,6188,0,1,-1476,-4,322,2,0,5,1340,630,261,-1261,711,236,69,0,0,0,0,0,0,0,0,0,0,15,0,0,0,0,0,0,0,0,0,0,0,3,2,73
6189,6189,0,0,-1198,-14,-39,-7,0,5,1221,630,261,-1296,764,167,69,0,0,0,0,0,0,0,0,0,0,15,0,0,0,0,0,0,0,0,0,0,0,3,2,89
6190,6190,0,1,-1198,-14,-39,-7,0,5,1014,-261,-680,-1157,732,49,70,0,0,0,0,0,0,0,0,0,0,16,0,0,0,0,0,0,0,0,0,0,0,3,2,93
6191,6191,0,0,-556,-12,-770,-2,0,5,826,-261,-680,-907,783,119,70,0,0,0,0,0,0,0,0,0,0,16,0,0,0,0,0,0,0,0,0,0,0,3,2,84
6192,6192,0,1,-556,-12,-770,-2,0,5,857,-261,-680,-626,955,158,70,0,0,0,0,0,0,0,0,0,0,16,0,0,0,0,0,0,0,0,0,0,0,3,2,74
6193,6193,0,0,-254,2,-1602,-2,1,6,836,-261,-680,-400,1161,218,70,0,0,0,0,0,0,0,0,0,0,16,0,0,0,0,0,0,0,0,0,0,0,3,2,70
6194,6194,0,1,-254,2,-1602,-2,0,6,882,-261,-680,-277,1324,232,70,0,0,0,0,0,0,0,0,0,0,16,0,0,0,0,0,0,0,0,0,0,0,3,2,75
6195,6195,0,0,-60,4,-993,-1,0,6,826,-261,-680,-263,1381,302,70,0,0,0,0,0,0,0,0,0,0,16,0,0,0,0,0,0,0,0,0,0,0,3,2,84
6196,6196,0,1,-60,4,-993,-1,0,6,644,-680,261,-325,1340,298,71,0,0,0,0,0,0,0,0,0,0,16,0,0,0,0,0,0,0,0,0,0,0,3,2,86
6197,6197,0,0,839,7,209,-15,0,6,604,-680,261,-391,1270,334,71,0,0,0,0,0,0,0,0,0,0,16,0,0,0,0,0,0,0,0,0,0,0,3,2,85
6198,6198,0,1,839,7,209,-15,0,6,530,-680,261,-418,1224,444,71,0,0,0,0,0,0,0,0,0,0,16,0,0,0,0,0,0,0,0,0,0,0,3,2,82
6199,6199,0,0,1455,15,1033,9,1,7,564,-680,261,-408,1227,520,71,0,0,0,0,0,0,0,0,0,0,16,0,0,0,0,0,0,0,0,0,0,0,3,2,80
6200,6200,0,1,1455,15,1033,9,0,7,580,-680,261,-375,1268,580,71,0,0,0,0,0,0,0,0,0,0,16,0,0,0,0,0,0,0,0,0,0,0,3,2,80
6201,6201,0,0,860,-4,471,-9,0,7,577,-680,261,-381,1276,643,72,0,0,0,0,0,0,0,0,0,0,16,0,0,0,0,0,0,0,0,0,0,0,3,2,82
6202,6202,0,1,860,-4,471,-9,0,7,586,-261,630,-470,1210,697,73,0,0,0,0,0,0,0,0,0,0,15,0,0,0,0,0,0,0,0,0,0,0,3,2,82
6203,6203,0,0,-954,6,-331,-11,0,7,576,-261,630,-671,1051,761,74,0,0,0,0,0,0,0,0,0,0,15,0,0,0,0,0,0,0,0,0,0,0,3,2,80
6204,6204,0,1,-954,6,-331,-11,0,7,516,-261,630,-1032,704,885,73,0,0,0,0,0,0,0,0,0,0,15,0,0,0,0,0,0,0,0,0,0,0,3,2,76
6205,6205,0,0,-1720,8,-976,-16,1,0,581,-261,630,-1240,516,944,73,0,0,0,0,0,0,0,0,0,0,14,0,0,0,0,0,0,0,0,0,0,0,3,2,78
6206,6206,0,1,-1720,8,-976,-16,0,0,598,-261,630,-1359,395,986,73,0,0,0,0,0,0,0,0,0,0,14,0,0,0,0,0,0,0,0,0,0,0,3,2,83
6207,6207,0,0,-1036,-12,-353,-1,0,0,695,-261,630,-1358,263,931,74,0,0,0,0,0,0,0,0,0,0,13,0,0,0,0,0,0,0,0,0,0,0,3,2,89
6208,6208,0,1,-1036,-12,-353,-1,0,0,798,-261,630,-1238,37,1029,77,0,0,0,0,0,0,0,0,0,0,12,0,0,0,0,0,0,0,0,0,0,0,3,2,86
6209,6209,0,0,340,-12,940,12,0,0,1010,-261,630,-1011,-236,915,77,0,0,0,0,0,0,0,0,0,0,12,0,0,0,0,0,0,0,0,0,0,0,3,2,77
6210,6210,0,1,340,-12,940,12,0,0,939,-261,630,-739,-585,872,76,0,0,0,0,0,0,0,0,0,0,12,0,0,0,0,0,0,0,0,0,0,0,3,2,65
6211,6211,0,0,717,13,1689,-7,1,1,996,-261,630,-507,-976,772,75,0,0,0,0,0,0,0,0,0,0,11,0,0,0,0,0,0,0,0,0,0,0,3,2,59
6212,6212,0,1,717,13,1689,-7,0,1,1016,-261,630,-343,-1295,652,75,0,0,0,0,0,0,0,0,0,0,12,0,0,0,0,0,0,0,0,0,0,0,3,2,68
6213,6213,0,0,252,-4,1304,-8,0,1,1090,-261,630,-223,-1351,714,76,0,0,0,0,0,0,0,0,0,0,11,0,0,0,0,0,0,0,0,0,0,0,3,2,84
6214,6214,0,1,252,-4,1304,-8,0,1,1170,-680,261,-74,-1102,696,78,0,0,0,0,0,0,0,0,0,0,10,0,0,0,0,0,0,0,0,0,0,0,3,2,85
6215,6215,0,0,-480,0,1119,-1,0,1,1390,-680,261,201,-654,714,78,0,0,0,0,0,0,0,0,0,0,10,0,0,0,0,0,0,0,0,0,0,0,3,2,69
6216,6216,0,1,-480,0,1119,-1,0,1,1517,-680,261,588,-136,605,78,0,0,0,0,0,0,0,0,0,0,10,0,0,0,0,0,0,0,0,0,0,0,3,2,42
6217,6217,0,0,-653,-13,1175,-9,1,2,1532,-680,261,972,381,481,76,0,0,0,0,0,0,0,0,0,0,10,0,0,0,0,0,0,0,0,0,0,0,3,2,38
6218,6218,0,1,-653,-13,1175,-9,0,2,1515,-680,261,1223,726,374,75,0,0,0,0,0,0,0,0,0,0,11,0,0,0,0,0,0,0,0,0,0,0,3,2,65
6219,6219,0,0,-881,15,972,12,0,2,1601,-680,261,1229,790,437,75,0,0,0,0,0,0,0,0,0,0,11,0,0,0,0,0,0,0,0,0,0,0,3,2,89
6220,6220,0,1,-881,15,972,12,0,2,2038,-261,-680,946,561,319,76,0,0,0,0,0,0,0,0,0,0,11,0,0,0,0,0,0,0,0,0,0,0,3,2,91
6221,6221,0,0,-996,-4,-269,-13,0,2,25,-261,-680,336,242,422,77,0,0,0,0,0,0,0,0,0,0,11,0,0,0,0,0,0,0,0,0,0,0,3,2,69
6222,6222,0,1,-996,-4,-269,-13,0,2,134,-261,-680,-452,-49,416,76,0,0,0,0,0,0,0,0,0,0,11,0,0,0,0,0,0,0,0,0,0,0,3,2,25
6223,6223,0,0,-1446,-6,-1008,-16,1,3,153,-261,-680,-1090,-445,391,74,0,0,0,0,0,0,0,0,0,0,12,0,0,0,0,0,0,0,0,0,0,0,3,2,28
6224,6224,0,1,-1446,-6,-1008,-16,0,3,134,-261,-680,-1548,-495,385,72,0,0,0,0,0,0,0,0,0,0,13,0,0,0,0,0,0,0,0,0,0,0,3,2,73
6225,6225,0,0,-878,-14,-634,6,0,3,202,-261,-680,-1476,-689,311,72,0,0,0,0,0,0,0,0,0,0,13,0,0,0,0,0,0,0,0,0,0,0,3,2,100
6226,6226,0,1,-878,-14,-634,6,0,3,1058,630,261,-1173,-426,405,73,0,0,0,0,0,0,0,0,0,0,14,0,0,0,0,0,0,0,0,0,0,0,3,2,102
6227,6227,0,0,842,10,-392,-8,0,3,1109,630,261,-645,33,448,74,0,0,0,0,0,0,0,0,0,0,14,0,0,0,0,0,0,0,0,0,0,0,3,2,78
6228,6228,0,1,842,10,-392,-8,0,3,1091,630,261,-48,580,509,74,0,0,0,0,0,0,0,0,0,0,14,0,0,0,0,0,0,0,0,0,0,0,3,2,40
6229,6229,0,0,1671,7,-329,-9,1,4,1198,630,261,547,1023,463,72,0,0,0,0,0,0,0,0,0,0,15,0,0,0,0,0,0,0,0,0,0,0,3,2,36
6230,6230,0,1,1671,7,-329,-9,0,4,1096,630,261,614,1402,519,71,0,0,0,0,0,0,0,0,0,0,15,0,0,0,0,0,0,0,0,0,0,0,3,2,72
6231,6231,0,0,1115,-5,-223,1,0,4,1023,630,261,595,1493,392,70,0,0,0,0,0,0,0,0,0,0,15,0,0,0,0,0,0,0,0,0,0,0,3,2,96
6232,6232,0,1,1115,-5,-223,1,0,4,538,-680,-261,395,1392,494,71,0,0,0,0,0,0,0,0,0,0,15,0,0,0,0,0,0,0,0,0,0,0,3,2,101
6233,6233,0,0,-1017,7,274,-14,0,4,322,-680,-261,93,1260,556,72,0,0,0,0,0,0,0,0,0,0,16,0,0,0,0,0,0,0,0,0,0,0,3,2,90
6234,6234,0,1,-1017,7,274,-14,0,4,379,-680,-261,-223,1181,561,72,0,0,0,0,0,0,0,0,0,0,16,0,0,0,0,0,0,0,0,0,0,0,3,2,79
6235,6235,0,0,-1908,12,528,-16,1,5,421,-680,-261,-449,1157,524,72,0,0,0,0,0,0,0,0,0,0,16,0,0,0,0,0,0,0,0,0,0,0,3,2,75
6236,6236,0,1,-1908,12,528,-16,0,5,448,-680,-261,-573,1157,460,72,0,0,0,0,0,0,0,0,0,0,16,0,0,0,0,0,0,0,0,0,0,0,3,2,77
6237,6237,0,0,-971,-11,151,-9,0,5,490,-680,-261,-674,1125,354,72,0,0,0,0,0,0,0,0,0,0,16,0,0,0,0,0,0,0,0,0,0,0,3,2,81
6238,6238,0,1,-971,-11,151,-9,0,5,514,261,630,-781,978,480,72,0,0,0,0,0,0,0,0,0,0,16,0,0,0,0,0,0,0,0,0,0,0,3,2,82
6239,6239,0,0,814,14,473,-7,0,5,576,261,630,-878,622,544,72,0,0,0,0,0,0,0,0,0,0,16,0,0,0,0,0,0,0,0,0,0,0,3,2,78
6240,6240,0,1,814,14,473,-7,0,5,660,261,630,-981,104,524,71,0,0,0,0,0,0,0,0,0,0,16,0,0,0,0,0,0,0,0,0,0,0,3,2,67
6241,6241,0,0,1714,-14,632,-8,1,1,678,261,630,-1138,-384,486,71,0,0,0,0,0,0,0,0,0,0,16,0,0,0,0,0,0,0,0,0,0,0,3,2,61
6242,6242,0,1,1714,-14,632,-8,0,1,723,261,630,-1288,-708,403,70,0,0,0,0,0,0,0,0,0,0,16,0,0,0,0,0,0,0,0,0,0,0,3,2,75
6243,6243,0,0,1026,2,472,-8,0,1,896,261,630,-1262,-799,403,71,0,0,0,0,0,0,0,0,0,0,16,0,0,0,0,0,0,0,0,0,0,0,3,2,92
6244,6244,0,1,1026,2,472,-8,0,1,989,-261,630,-967,-701,310,72,0,0,0,0,0,0,0,0,0,0,16,0,0,0,0,0,0,0,0,0,0,0,3,2,93
6245,6245,0,0,438,-10,-971,-11,0,1,1098,-261,630,-394,-567,364,72,0,0,0,0,0,0,0,0,0,0,17,0,0,0,0,0,0,0,0,0,0,0,3,2,74
6246,6246,0,1,438,-10,-971,-11,0,1,1186,-261,630,338,-474,330,72,0,0,0,0,0,0,0,0,0,0,17,0,0,0,0,0,0,0,0,0,0,0,3,2,43
6247,6247,0,0,597,-11,-1319,-7,1,2,1183,-261,630,974,-419,299,71,0,0,0,0,0,0,0,0,0,0,17,0,0,0,0,0,0,0,0,0,0,0,3,2,36
6248,6248,0,1,597,-11,-1319,-7,0,2,1220,-261,630,1357,-387,231,70,0,0,0,0,0,0,0,0,0,0,18,0,0,0,0,0,0,0,0,0,0,0,3,2,66
6249,6249,0,0,402,-14,-1244,4,0,2,1339,-261,630,1426,-347,300,71,0,0,0,0,0,0,0,0,0,0,17,0,0,0,0,0,0,0,0,0,0,0,3,2,89
6250,6250,0,1,402,-14,-1244,4,0,2,1737,-680,-261,1140,-264,227,72,0,0,0,0,0,0,0,0,0,0,16,0,0,0,0,0,0,0,0,0,0,0,3,2,92
6251,6251,0,0,-138,-10,-1016,8,0,2,1917,-680,-261,477,-91,230,73,0,0,0,0,0,0,0,0,0,0,17,0,0,0,0,0,0,0,0,0,0,0,3,2,73
6252,6252,0,1,-138,-10,-1016,8,0,2,1957,-680,-261,-382,199,193,72,0,0,0,0,0,0,0,0,0,0,16,0,0,0,0,0,0,0,0,0,0,0,3,2,30
6253,6253,0,0,-679,-7,-1239,9,1,3,2027,-680,-261,-1146,358,86,71,0,0,0,0,0,0,0,0,0,0,17,0,0,0,0,0,0,0,0,0,0,0,3,2,26
6254,6254,0,1,-679,-7,-1239,9,0,3,2046,-680,-261,-1489,679,-40,69,0,0,0,0,0,0,0,0,0,0,18,0,0,0,0,0,0,0,0,0,0,0,3,2,75
6255,6255,0,0,-331,-11,-1230,-14,0,3,1955,-680,-261,-1484,646,-75,71,0,0,0,0,0,0,0,0,0,0,17,0,0,0,0,0,0,0,0,0,0,0,3,2,101
6256,6256,0,1,-331,-11,-1230,-14,0,3,838,630,-261,-1097,474,-17,73,0,0,0,0,0,0,0,0,0,0,16,0,0,0,0,0,0,0,0,0,0,0,3,2,100
6257,6257,0,0,-355,-3,-1208,8,0,3,960,630,-261,-424,350,-81,74,0,0,0,0,0,0,0,0,0,0,17,0,0,0,0,0,0,0,0,0,0,0,3,2,74
6258,6258,0,1,-355,-3,-1208,8,0,3,862,630,-261,374,326,-47,73,0,0,0,0,0,0,0,0,0,0,16,0,0,0,0,0,0,0,0,0,0,0,3,2,34
6259,6259,0,0,-375,9,-1131,-11,1,4,892,630,-261,1060,331,-43,71,0,0,0,0,0,0,0,0,0,0,17,0,0,0,0,0,0,0,0,0,0,0,3,2,30
6260,6260,0,1,-375,9,-1131,-11,0,4,892,630,-261,1475,331,-39,69,0,0,0,0,0,0,0,0,0,0,18,0,0,0,0,0,0,0,0,0,0,0,3,2,68
6261,6261,0,0,-332,-12,-1307,5,0,4,832,630,-261,1527,322,25,70,0,0,0,0,0,0,0,0,0,0,17,0,0,0,0,0,0,0,0,0,0,0,3,2,93
6262,6262,0,1,-332,-12,-1307,5,0,4,161,-680,261,1267,223,-8,72,0,0,0,0,0,0,0,0,0,0,16,0,0,0,0,0,0,0,0,0,0,0,3,2,97
6263,6263,0,0,449,1,-1090,-2,0,4,66,-680,261,883,-120,54,73,0,0,0,0,0,0,0,0,0,0,17,0,0,0,0,0,0,0,0,0,0,0,3,2,79
6264,6264,0,1,449,1,-1090,-2,0,4,7,-680,261,533,-645,175,72,0,0,0,0,0,0,0,0,0,0,16,0,0,0,0,0,0,0,0,0,0,0,3,2,55
6265,6265,0,0,798,-2,-1249,-1,1,5,19,-680,261,351,-1072,284,71,0,0,0,0,0,0,0,0,0,0,16,0,0,0,0,0,0,0,0,0,0,0,3,2,51
6266,6266,0,1,798,-2,-1249,-1,0,5,23,-680,261,325,-1288,389,70,0,0,0,0,0,0,0,0,0,0,16,0,0,0,0,0,0,0,0,0,0,0,3,2,69
6267,6267,0,0,678,6,-820,12,0,5,2036,-680,261,305,-1354,273,69,0,0,0,0,0,0,0,0,0,0,16,0,0,0,0,0,0,0,0,0,0,0,3,2,82
6268,6268,0,1,678,6,-820,12,0,5,1728,630,261,219,-1315,209,70,0,0,0,0,0,0,0,0,0,0,16,0,0,0,0,0,0,0,0,0,0,0,3,2,85
6269,6269,0,0,1069,13,207,15,0,5,1540,630,261,49,-1209,333,70,0,0,0,0,0,0,0,0,0,0,17,0,0,0,0,0,0,0,0,0,0,0,3,2,82
6270,6270,0,1,1069,13,207,15,0,5,1542,630,261,-41,-1096,455,70,0,0,0,0,0,0,0,0,0,0,17,0,0,0,0,0,0,0,0,0,0,0,3,2,75
6271,6271,0,0,1260,12,828,-4,1,6,1608,630,261,-453,-1047,511,70,0,0,0,0,0,0,0,0,0,0,16,0,0,0,0,0,0,0,0,0,0,0,3,2,68
6272,6272,0,1,1260,12,828,-4,0,6,1556,630,261,-677,-1080,619,69,0,0,0,0,0,0,0,0,0,0,16,0,0,0,0,0,0,0,0,0,0,0,3,2,70
6273,6273,0,0,913,-15,736,0,0,6,1548,630,261,-575,-1199,735,69,0,0,0,0,0,0,0,0,0,0,16,0,0,0,0,0,0,0,0,0,0,0,3,2,79
6274,6274,0,1,913,-15,736,0,0,6,1524,261,-680,-481,-1211,619,70,0,0,0,0,0,0,0,0,0,0,16,0,0,0,0,0,0,0,0,0,0,0,3,2,83
6275,6275,0,0,-913,15,232,8,0,6,1339,261,-680,-400,-1205,688,70,0,0,0,0,0,0,0,0,0,0,17,0,0,0,0,0,0,0,0,0,0,0,3,2,81
6276,6276,0,1,-913,15,232,8,0,6,1387,261,-680,-357,-1202,709,70,0,0,0,0,0,0,0,0,0,0,16,0,0,0,0,0,0,0,0,0,0,0,3,2,79
6277,6277,0,0,-1827,-3,436,-12,1,7,1520,261,-680,-368,-1177,597,69,0,0,0,0,0,0,0,0,0,0,16,0,0,0,0,0,0,0,0,0,0,0,3,2,78
6278,6278,0,1,-1827,-3,436,-12,0,7,1446,261,-680,-374,-1158,559,70,0,0,0,0,0,0,0,0,0,0,16,0,0,0,0,0,0,0,0,0,0,0,3,2,77
6279,6279,0,0,-1094,-6,-15,-15,0,7,1464,261,-680,-369,-1182,503,71,0,0,0,0,0,0,0,0,0,0,15,0,0,0,0,0,0,0,0,0,0,0,3,2,75
6280,6280,0,1,-1094,-6,-15,-15,0,7,1516,-261,-680,-305,-1230,395,72,0,0,0,0,0,0,0,0,0,0,14,0,0,0,0,0,0,0,0,0,0,0,3,2,77
6281,6281,0,0,944,-16,-240,-16,0,7,1470,-261,-680,-101,-1222,333,72,0,0,0,0,0,0,0,0,0,0,14,0,0,0,0,0,0,0,0,0,0,0,3,2,79
6282,6282,0,1,944,-16,-240,-16,0,7,1516,-261,-680,215,-1163,225,72,0,0,0,0,0,0,0,0,0,0,14,0,0,0,0,0,0,0,0,0,0,0,3,2,76
6283,6283,0,0,1791,-1,-595,13,1,0,1470,-261,-680,467,-1165,163,71,0,0,0,0,0,0,0,0,0,0,14,0,0,0,0,0,0,0,0,0,0,0,3,2,73
6284,6284,0,1,1791,-1,-595,13,0,0,1529,-261,-680,638,-1189,42,71,0,0,0,0,0,0,0,0,0,0,14,0,0,0,0,0,0,0,0,0,0,0,3,2,78
6285,6285,0,0,1006,14,-328,-8,0,0,1509,-261,-680,696,-1124,-59,73,0,0,0,0,0,0,0,0,0,0,13,0,0,0,0,0,0,0,0,0,0,0,3,2,84
6286,6286,0,1,1006,14,-328,-8,0,0,1562,-261,-680,587,-1005,43,75,0,0,0,0,0,0,0,0,0,0,11,0,0,0,0,0,0,0,0,0,0,0,3,2,83
6287,6287,0,0,-1007,-15,-456,-8,0,0,1604,-261,-680,714,-655,103,75,0,0,0,0,0,0,0,0,0,0,12,0,0,0,0,0,0,0,0,0,0,0,3,2,72
6288,6288,0,1,-1007,-15,-456,-8,0,0,1686,-261,-680,938,-233,81,74,0,0,0,0,0,0,0,0,0,0,11,0,0,0,0,0,0,0,0,0,0,0,3,2,59
6289,6289,0,0,-1696,0,-678,-6,1,1,1701,-261,-680,1152,145,44,73,0,0,0,0,0,0,0,0,0,0,10,0,0,0,0,0,0,0,0,0,0,0,3,2,59
6290,6290,0,1,-1696,0,-678,-6,0,1,1674,-261,-680,1271,429,34,72,0,0,0,0,0,0,0,0,0,0,11,0,0,0,0,0,0,0,0,0,0,0,3,2,72
6291,6291,0,0,-1198,-14,-719,-15,0,1,1872,-261,-680,1254,567,82,74,0,0,0,0,0,0,0,0,0,0,10,0,0,0,0,0,0,0,0,0,0,0,3,2,83
6292,6292,0,1,-1198,-14,-719,-15,0,1,1970,261,-680,1020,578,32,75,0,0,0,0,0,0,0,0,0,0,9,0,0,0,0,0,0,0,0,0,0,0,3,2,85
6293,6293,0,0,-378,6,-1041,15,0,1,32,261,-680,456,519,128,76,0,0,0,0,0,0,0,0,0,0,9,0,0,0,0,0,0,0,0,0,0,0,3,2,72
6294,6294,0,1,-378,6,-1041,15,0,1,88,261,-680,-331,464,168,75,0,0,0,0,0,0,0,0,0,0,8,0,0,0,0,0,0,0,0,0,0,0,3,2,42
6295,6295,0,0,-253,3,-1352,-8,1,2,128,261,-680,-1023,502,168,73,0,0,0,0,0,0,0,0,0,0,8,0,0,0,0,0,0,0,0,0,0,0,3,2,35
6296,6296,0,1,-253,3,-1352,-8,0,2,134,261,-680,-1428,586,162,72,0,0,0,0,0,0,0,0,0,0,9,0,0,0,0,0,0,0,0,0,0,0,3,2,70
6297,6297,0,0,-132,-4,-1086,2,0,2,309,261,-680,-1483,532,237,72,0,0,0,0,0,0,0,0,0,0,9,0,0,0,0,0,0,0,0,0,0,0,3,2,95
6298,6298,0,1,-132,-4,-1086,2,0,2,704,630,261,-1169,306,173,74,0,0,0,0,0,0,0,0,0,0,9,0,0,0,0,0,0,0,0,0,0,0,3,2,97
6299,6299,0,0,938,10,-681,-9,0,2,876,630,261,-509,24,193,75,0,0,0,0,0,0,0,0,0,0,10,0,0,0,0,0,0,0,0,0,0,0,3,2,74
6300,6300,0,1,938,10,-681,-9,0,2,1018,630,261,325,-250,71,74,0,0,0,0,0,0,0,0,0,0,9,0,0,0,0,0,0,0,0,0,0,0,3,2,31
6301,6301,0,0,1614,14,-78,-14,1,3,946,630,261,1017,-512,21,73,0,0,0,0,0,0,0,0,0,0,10,0,0,0,0,0,0,0,0,0,0,0,3,2,25
6302,6302,0,1,1614,14,-78,-14,0,3,942,630,261,1388,-707,-25,71,0,0,0,0,0,0,0,0,0,0,11,0,0,0,0,0,0,0,0,0,0,0,3,2,70
6303,6303,0,0,1059,3,-227,-3,0,3,1018,630,261,1399,-731,-147,71,0,0,0,0,0,0,0,0,0,0,11,0,0,0,0,0,0,0,0,0,0,0,3,2,96
6304,6304,0,1,1059,3,-227,-3,0,3,1900,-680,261,1047,-602,-127,72,0,0,0,0,0,0,0,0,0,0,12,0,0,0,0,0,0,0,0,0,0,0,3,2,98
6305,6305,0,0,-268,-12,967,7,0,3,1920,-680,261,357,-455,-127,73,0,0,0,0,0,0,0,0,0,0,13,0,0,0,0,0,0,0,0,0,0,0,3,2,75
6306,6306,0,1,-268,-12,967,7,0,3,1863,-680,261,-491,-356,-70,72,0,0,0,0,0,0,0,0,0,0,13,0,0,0,0,0,0,0,0,0,0,0,3,2,35
6307,6307,0,0,-981,11,1459,-13,1,4,1900,-680,261,-1177,-328,-50,71,0,0,0,0,0,0,0,0,0,0,13,0,0,0,0,0,0,0,0,0,0,0,3,2,37
6308,6308,0,1,-981,11,1459,-13,0,4,1918,-680,261,-1543,-361,-48,70,0,0,0,0,0,0,0,0,0,0,14,0,0,0,0,0,0,0,0,0,0,0,3,2,75
6309,6309,0,0,-586,-10,965,5,0,4,1728,-680,261,-1602,-418,-112,69,0,0,0,0,0,0,0,0,0,0,14,0,0,0,0,0,0,0,0,0,0,0,3,2,98
6310,6310,0,1,-586,-10,965,5,0,4,1156,630,-261,-1417,-500,-116,70,0,0,0,0,0,0,0,0,0,0,15,0,0,0,0,0,0,0,0,0,0,0,3,2,102
6311,6311,0,0,466,-14,-884,12,0,4,1040,630,-261,-1105,-647,-4,71,0,0,0,0,0,0,0,0,0,0,15,0,0,0,0,0,0,0,0,0,0,0,3,2,93
6312,6312,0,1,466,-14,-884,12,0,4,1034,630,-261,-786,-846,114,71,0,0,0,0,0,0,0,0,0,0,16,0,0,0,0,0,0,0,0,0,0,0,3,2,79
6313,6313,0,0,880,-16,-1581,-13,1,5,1107,630,-261,-579,-1044,159,71,0,0,0,0,0,0,0,0,0,0,16,0,0,0,0,0,0,0,0,0,0,0,3,2,71
6314,6314,0,1,880,-16,-1581,-13,0,5,1221,630,-261,-494,-1181,90,71,0,0,0,0,0,0,0,0,0,0,16,0,0,0,0,0,0,0,0,0,0,0,3,2,73
6315,6315,0,0,476,-4,-919,9,0,5,1162,630,-261,-434,-1203,80,71,0,0,0,0,0,0,0,0,0,0,16,0,0,0,0,0,0,0,0,0,0,0,3,2,79
6316,6316,0,1,476,-4,-919,9,0,5,1293,-680,-261,-290,-1119,195,71,0,0,0,0,0,0,0,0,0,0,16,0,0,0,0,0,0,0,0,0,0,0,3,2,79
6317,6317,0,0,-959,1,443,-5,0,5,1404,-680,-261,32,-1002,199,71,0,0,0,0,0,0,0,0,0,0,16,0,0,0,0,0,0,0,0,0,0,0,3,2,71
6318,6318,0,1,-959,1,443,-5,0,5,1344,-680,-261,513,-870,263,71,0,0,0,0,0,0,0,0,0,0,16,0,0,0,0,0,0,0,0,0,0,0,3,2,62
6319,6319,0,0,-1861,-5,413,-3,1,1,1456,-680,-261,985,-698,215,70,0,0,0,0,0,0,0,0,0,0,16,0,0,0,0,0,0,0,0,0,0,0,3,2,62
6320,6320,0,1,-1861,-5,413,-3,0,1,1454,-680,-261,1312,-499,169,70,0,0,0,0,0,0,0,0,0,0,16,0,0,0,0,0,0,0,0,0,0,0,3,2,74
6321,6321,0,0,-954,6,543,-1,0,1,1562,-680,-261,1360,-392,271,70,0,0,0,0,0,0,0,0,0,0,15,0,0,0,0,0,0,0,0,0,0,0,3,2,87
6322,6322,0,1,-954,6,543,-1,0,1,1668,-261,-680,1122,-294,267,71,0,0,0,0,0,0,0,0,0,0,15,0,0,0,0,0,0,0,0,0,0,0,3,2,88
6323,6323,0,0,159,-1,858,-6,0,1,1856,-261,-680,699,42,331,72,0,0,0,0,0,0,0,0,0,0,16,0,0,0,0,0,0,0,0,0,0,0,3,2,71
6324,6324,0,1,159,-1,858,-6,0,1,2028,-261,-680,203,602,223,71,0,0,0,0,0,0,0,0,0,0,16,0,0,0,0,0,0,0,0,0,0,0,3,2,43
6325,6325,0,0,769,1,1588,-12,1,2,1965,-261,-680,-234,1104,178,70,0,0,0,0,0,0,0,0,0,0,16,0,0,0,0,0,0,0,0,0,0,0,3,2,39
6326,6326,0,1,769,1,1588,-12,0,2,1966,-261,-680,-520,1384,132,69,0,0,0,0,0,0,0,0,0,0,17,0,0,0,0,0,0,0,0,0,0,0,3,2,70
6327,6327,0,0,442,-6,1154,2,0,2,18,-261,-680,-598,1396,242,70,0,0,0,0,0,0,0,0,0,0,16,0,0,0,0,0,0,0,0,0,0,0,3,2,91
6328,6328,0,1,442,-6,1154,2,0,2,440,630,-261,-475,1100,186,72,0,0,0,0,0,0,0,0,0,0,16,0,0,0,0,0,0,0,0,0,0,0,3,2,93
6329,6329,0,0,947,-13,589,13,0,2,515,630,-261,-212,461,311,72,0,0,0,0,0,0,0,0,0,0,16,0,0,0,0,0,0,0,0,0,0,0,3,2,74
6330,6330,0,1,947,-13,589,13,0,2,596,630,-261,104,-375,355,72,0,0,0,0,0,0,0,0,0,0,16,0,0,0,0,0,0,0,0,0,0,0,3,2,31
6331,6331,0,0,1311,-1,444,-4,1,3,642,630,-261,362,-1067,353,70,0,0,0,0,0,0,0,0,0,0,16,0,0,0,0,0,0,0,0,0,0,0,3,2,23
6332,6332,0,1,1311,-1,444,-4,0,3,644,630,-261,502,-1431,349,68,0,0,0,0,0,0,0,0,0,0,18,0,0,0,0,0,0,0,0,0,0,0,3,2,69
6333,6333,0,0,1157,5,513,1,0,3,652,630,-261,502,-1440,337,69,0,0,0,0,0,0,0,0,0,0,16,0,0,0,0,0,0,0,0,0,0,0,3,2,94
6334,6334,0,1,1157,5,513,1,0,3,1600,-261,630,474,-1052,401,71,0,0,0,0,0,0,0,0,0,0,16,0,0,0,0,0,0,0,0,0,0,0,3,2,94
6335,6335,0,0,1137,-15,662,-10,0,3,1602,-261,630,33,-534,463,72,0,0,0,0,0,0,0,0,0,0,16,0,0,0,0,0,0,0,0,0,0,0,3,2,72
6336,6336,0,1,1137,-15,662,-10,0,3,1604,-261,630,-564,33,523,71,0,0,0,0,0,0,0,0,0,0,15,0,0,0,0,0,0,0,0,0,0,0,3,2,33
6337,6337,0,0,1132,12,480,0,1,4,1540,-261,630,-1134,384,647,69,0,0,0,0,0,0,0,0,0,0,16,0,0,0,0,0,0,0,0,0,0,0,3,2,35
6338,6338,0,1,1132,12,480,0,0,4,1681,-261,630,-1500,478,630,68,0,0,0,0,0,0,0,0,0,0,17,0,0,0,0,0,0,0,0,0,0,0,3,2,74
6339,6339,0,0,1095,7,697,-7,0,4,1556,-261,630,-1498,502,738,69,0,0,0,0,0,0,0,0,0,0,16,0,0,0,0,0,0,0,0,0,0,0,3,2,98
6340,6340,0,1,1095,7,697,-7,0,4,1006,261,-680,-1144,557,628,71,0,0,0,0,0,0,0,0,0,0,16,0,0,0,0,0,0,0,0,0,0,0,3,2,99
6341,6341,0,0,548,4,1133,13,0,4,958,261,-680,-655,634,566,72,0,0,0,0,0,0,0,0,0,0,16,0,0,0,0,0,0,0,0,0,0,0,3,2,79
6342,6342,0,1,548,4,1133,13,0,4,949,261,-680,-144,801,513,71,0,0,0,0,0,0,0,0,0,0,16,0,0,0,0,0,0,0,0,0,0,0,3,2,57
6343,6343,0,0,309,-11,1485,13,1,5,1024,261,-680,286,1057,385,70,0,0,0,0,0,0,0,0,0,0,15,0,0,0,0,0,0,0,0,0,0,0,3,2,51
6344,6344,0,1,309,-11,1485,13,0,5,878,261,-680,564,1319,403,69,0,0,0,0,0,0,0,0,0,0,15,0,0,0,0,0,0,0,0,0,0,0,3,2,68
6345,6345,0,0,125,-3,1123,3,0,5,806,261,-680,635,1392,493,68,0,0,0,0,0,0,0,0,0,0,15,0,0,0,0,0,0,0,0,0,0,0,3,2,90
6346,6346,0,1,125,-3,1123,3,0,5,594,-680,261,613,1227,539,69,0,0,0,0,0,0,0,0,0,0,16,0,0,0,0,0,0,0,0,0,0,0,3,2,95
6347,6347,0,0,-946,14,548,4,0,5,508,-680,261,649,977,415,70,0,0,0,0,0,0,0,0,0,0,16,0,0,0,0,0,0,0,0,0,0,0,3,2,85
6348,6348,0,1,-946,14,548,4,0,5,509,-680,261,831,724,290,70,0,0,0,0,0,0,0,0,0,0,17,0,0,0,0,0,0,0,0,0,0,0,3,2,73
6349,6349,0,0,-1701,-5,260,4,1,6,382,-680,261,1042,541,292,70,0,0,0,0,0,0,0,0,0,0,16,0,0,0,0,0,0,0,0,0,0,0,3,2,69
6350,6350,0,1,-1701,-5,260,4,0,6,330,-680,261,1183,480,346,70,0,0,0,0,0,0,0,0,0,0,16,0,0,0,0,0,0,0,0,0,0,0,3,2,73
6351,6351,0,0,-1094,-6,17,-15,0,6,329,-680,261,1248,430,401,70,0,0,0,0,0,0,0,0,0,0,16,0,0,0,0,0,0,0,0,0,0,0,3,2,80
6352,6352,0,1,-1094,-6,17,-15,0,6,136,261,630,1212,457,393,71,0,0,0,0,0,0,0,0,0,0,16,0,0,0,0,0,0,0,0,0,0,0,3,2,82
6353,6353,0,0,254,-2,-811,-11,0,6,138,261,630,1171,513,383,71,0,0,0,0,0,0,0,0,0,0,16,0,0,0,0,0,0,0,0,0,0,0,3,2,81
6354,6354,0,1,254,-2,-811,-11,0,6,30,261,630,1155,562,481,71,0,0,0,0,0,0,0,0,0,0,16,0,0,0,0,0,0,0,0,0,0,0,3,2,80
6355,6355,0,0,1082,-6,-1449,-9,1,7,82,261,630,1149,553,527,70,0,0,0,0,0,0,0,0,0,0,16,0,0,0,0,0,0,0,0,0,0,0,3,2,80
6356,6356,0,1,1082,-6,-1449,-9,0,7,84,261,630,1142,509,571,71,0,0,0,0,0,0,0,0,0,0,16,0,0,0,0,0,0,0,0,0,0,0,3,2,80
6357,6357,0,0,589,13,-813,-13,0,7,134,261,630,1131,518,565,72,0,0,0,0,0,0,0,0,0,0,16,0,0,0,0,0,0,0,0,0,0,0,3,2,78
6358,6358,0,1,589,13,-813,-13,0,7,18,630,261,1087,616,675,73,0,0,0,0,0,0,0,0,0,0,15,0,0,0,0,0,0,0,0,0,0,0,3,2,78
6359,6359,0,0,-400,-16,953,-7,0,7,146,630,261,926,806,657,73,0,0,0,0,0,0,0,0,0,0,15,0,0,0,0,0,0,0,0,0,0,0,3,2,79
6360,6360,0,1,-400,-16,953,-7,0,7,64,630,261,707,1006,721,73,0,0,0,0,0,0,0,0,0,0,15,0,0,0,0,0,0,0,0,0,0,0,3,2,76
6361,6361,0,0,-908,-12,1690,-6,1,0,138,630,261,513,1203,711,72,0,0,0,0,0,0,0,0,0,0,14,0,0,0,0,0,0,0,0,0,0,0,3,2,77
6362,6362,0,1,-908,-12,1690,-6,0,0,168,630,261,380,1341,671,72,0,0,0,0,0,0,0,0,0,0,14,0,0,0,0,0,0,0,0,0,0,0,3,2,81
6363,6363,0,0,-374,10,879,15,0,0,200,630,261,274,1339,599,74,0,0,0,0,0,0,0,0,0,0,13,0,0,0,0,0,0,0,0,0,0,0,3,2,87
6364,6364,0,1,-374,10,879,15,0,0,314,630,261,121,1192,669,76,0,0,0,0,0,0,0,0,0,0,12,0,0,0,0,0,0,0,0,0,0,0,3,2,86
6365,6365,0,0,944,-16,-191,1,0,0,381,630,261,-193,960,672,77,0,0,0,0,0,0,0,0,0,0,12,0,0,0,0,0,0,0,0,0,0,0,3,2,75
6366,6366,0,1,944,-16,-191,1,0,0,424,630,261,-650,709,632,76,0,0,0,0,0,0,0,0,0,0,12,0,0,0,0,0,0,0,0,0,0,0,3,2,61
6367,6367,0,0,1615,15,-882,14,1,1,448,630,261,-1105,498,568,75,0,0,0,0,0,0,0,0,0,0,11,0,0,0,0,0,0,0,0,0,0,0,3,2,60
6368,6368,0,1,1615,15,-882,14,0,1,511,630,261,-1418,343,441,75,0,0,0,0,0,0,0,0,0,0,12,0,0,0,0,0,0,0,0,0,0,0,3,2,75
6369,6369,0,0,1304,-8,-65,-1,0,1,576,630,261,-1455,212,505,76,0,0,0,0,0,0,0,0,0,0,11,0,0,0,0,0,0,0,0,0,0,0,3,2,91
6370,6370,0,1,1304,-8,-65,-1,0,1,753,261,630,-1193,50,392,78,0,0,0,0,0,0,0,0,0,0,10,0,0,0,0,0,0,0,0,0,0,0,3,2,92
6371,6371,0,0,1004,12,318,-2,0,1,896,261,630,-709,-221,392,78,0,0,0,0,0,0,0,0,0,0,10,0,0,0,0,0,0,0,0,0,0,0,3,2,74
6372,6372,0,1,1004,12,318,-2,0,1,996,261,630,-120,-589,292,77,0,0,0,0,0,0,0,0,0,0,10,0,0,0,0,0,0,0,0,0,0,0,3,2,46
6373,6373,0,0,1191,7,742,6,1,2,962,261,630,418,-957,226,76,0,0,0,0,0,0,0,0,0,0,10,0,0,0,0,0,0,0,0,0,0,0,3,2,38
6374,6374,0,1,1191,7,742,6,0,2,1011,261,630,747,-1230,111,74,0,0,0,0,0,0,0,0,0,0,11,0,0,0,0,0,0,0,0,0,0,0,3,2,64
6375,6375,0,0,911,15,737,1,0,2,1091,261,630,830,-1233,172,75,0,0,0,0,0,0,0,0,0,0,10,0,0,0,0,0,0,0,0,0,0,0,3,2,90
6376,6376,0,1,911,15,737,1,0,2,1439,-680,261,647,-920,141,76,0,0,0,0,0,0,0,0,0,0,10,0,0,0,0,0,0,0,0,0,0,0,3,2,92
6377,6377,0,0,-228,-4,1033,9,0,2,1668,-680,261,298,-310,137,77,0,0,0,0,0,0,0,0,0,0,11,0,0,0,0,0,0,0,0,0,0,0,3,2,70
6378,6378,0,1,-228,-4,1033,9,0,2,1681,-680,261,-49,463,120,76,0,0,0,0,0,0,0,0,0,0,10,0,0,0,0,0,0,0,0,0,0,0,3,2,26
6379,6379,0,0,-931,-3,1398,-10,1,3,1686,-680,261,-459,1082,98,74,0,0,0,0,0,0,0,0,0,0,11,0,0,0,0,0,0,0,0,0,0,0,3,2,28
6380,6380,0,1,-931,-3,1398,-10,0,3,1670,-680,261,-666,1424,92,72,0,0,0,0,0,0,0,0,0,0,12,0,0,0,0,0,0,0,0,0,0,0,3,2,74
6381,6381,0,0,-753,15,809,9,0,3,1752,-680,261,-660,1405,4,72,0,0,0,0,0,0,0,0,0,0,12,0,0,0,0,0,0,0,0,0,0,0,3,2,98
6382,6382,0,1,-753,15,809,9,0,3,546,261,-680,-281,1131,98,73,0,0,0,0,0,0,0,0,0,0,13,0,0,0,0,0,0,0,0,0,0,0,3,2,97
6383,6383,0,0,-229,-5,-808,-8,0,3,643,261,-680,101,589,95,74,0,0,0,0,0,0,0,0,0,0,13,0,0,0,0,0,0,0,0,0,0,0,3,2,72
6384,6384,0,1,-229,-5,-808,-8,0,3,686,261,-680,585,5,49,74,0,0,0,0,0,0,0,0,0,0,13,0,0,0,0,0,0,0,0,0,0,0,3,2,37
6385,6385,0,0,-493,-13,-1735,-7,1,4,646,261,-680,1006,-515,43,72,0,0,0,0,0,0,0,0,0,0,14,0,0,0,0,0,0,0,0,0,0,0,3,2,36
6386,6386,0,1,-493,-13,-1735,-7,0,4,591,261,-680,1273,-838,92,71,0,0,0,0,0,0,0,0,0,0,15,0,0,0,0,0,0,0,0,0,0,0,3,2,69
6387,6387,0,0,-68,-4,-1019,5,0,4,474,261,-680,1367,-822,2,70,0,0,0,0,0,0,0,0,0,0,15,0,0,0,0,0,0,0,0,0,0,0,3,2,94
6388,6388,0,1,-68,-4,-1019,5,0,4,2,-261,630,1322,-522,128,71,0,0,0,0,0,0,0,0,0,0,15,0,0,0,0,0,0,0,0,0,0,0,3,2,99
6389,6389,0,0,221,-3,950,-10,0,4,1920,-261,630,1219,-199,128,71,0,0,0,0,0,0,0,0,0,0,16,0,0,0,0,0,0,0,0,0,0,0,3,2,88
6390,6390,0,1,221,-3,950,-10,0,4,1892,-261,630,1137,40,156,72,0,0,0,0,0,0,0,0,0,0,16,0,0,0,0,0,0,0,0,0,0,0,3,2,76
6391,6391,0,0,555,11,1881,-7,1,5,1913,-261,630,1142,245,163,72,0,0,0,0,0,0,0,0,0,0,16,0,0,0,0,0,0,0,0,0,0,0,3,2,70
6392,6392,0,1,555,11,1881,-7,0,5,1934,-261,630,1206,421,149,71,0,0,0,0,0,0,0,0,0,0,16,0,0,0,0,0,0,0,0,0,0,0,3,2,72
6393,6393,0,0,267,11,936,8,0,5,1997,-261,630,1199,528,72,71,0,0,0,0,0,0,0,0,0,0,16,0,0,0,0,0,0,0,0,0,0,0,3,2,79
6394,6394,0,1,267,11,936,8,0,5,11,630,-261,946,721,189,71,0,0,0,0,0,0,0,0,0,0,16,0,0,0,0,0,0,0,0,0,0,0,3,2,81
6395,6395,0,0,351,-1,-854,10,0,5,5,630,-261,596,805,312,71,0,0,0,0,0,0,0,0,0,0,16,0,0,0,0,0,0,0,0,0,0,0,3,2,74
6396,6396,0,1,351,-1,-854,10,0,5,76,630,-261,241,941,364,71,0,0,0,0,0,0,0,0,0,0,16,0,0,0,0,0,0,0,0,0,0,0,3,2,62
6397,6397,0,0,911,15,-1613,-13,1,1,135,630,-261,-189,1181,357,70,0,0,0,0,0,0,0,0,0,0,16,0,0,0,0,0,0,0,0,0,0,0,3,2,60
6398,6398,0,1,911,15,-1613,-13,0,1,196,630,-261,-656,1262,289,70,0,0,0,0,0,0,0,0,0,0,16,0,0,0,0,0,0,0,0,0,0,0,3,2,74
6399,6399,0,0,249,-7,-973,-13,0,1,314,630,-261,-788,1211,359,70,0,0,0,0,0,0,0,0,0,0,15,0,0,0,0,0,0,0,0,0,0,0,3,2,88
6400,6400,0,1,249,-7,-973,-13,0,1,432,630,261,-742,912,311,71,0,0,0,0,0,0,0,0,0,0,16,0,0,0,0,0,0,0,0,0,0,0,3,2,90
6401,6401,0,0,-848,-16,-534,10,0,1,562,630,261,-587,357,389,71,0,0,0,0,0,0,0,0,0,0,16,0,0,0,0,0,0,0,0,0,0,0,3,2,73
6402,6402,0,1,-848,-16,-534,10,0,1,661,630,261,-420,-346,368,71,0,0,0,0,0,0,0,0,0,0,16,0,0,0,0,0,0,0,0,0,0,0,3,2,43
6403,6403,0,0,-1595,5,-487,-7,1,2,666,630,261,-377,-980,342,69,0,0,0,0,0,0,0,0,0,0,16,0,0,0,0,0,0,0,0,0,0,0,3,2,33
6404,6404,0,1,-1595,5,-487,-7,0,2,708,630,261,-429,-1381,274,68,0,0,0,0,0,0,0,0,0,0,17,0,0,0,0,0,0,0,0,0,0,0,3,2,65
6405,6405,0,0,-1281,-1,-579,-3,0,2,845,630,261,-391,-1435,325,69,0,0,0,0,0,0,0,0,0,0,16,0,0,0,0,0,0,0,0,0,0,0,3,2,90
6406,6406,0,1,-1281,-1,-579,-3,0,2,1224,-261,630,-220,-1108,253,70,0,0,0,0,0,0,0,0,0,0,16,0,0,0,0,0,0,0,0,0,0,0,3,2,92
6407,6407,0,0,-1081,7,280,-8,0,2,1410,-261,630,-20,-447,251,71,0,0,0,0,0,0,0,0,0,0,16,0,0,0,0,0,0,0,0,0,0,0,3,2,70
6408,6408,0,1,-1081,7,280,-8,0,2,1456,-261,630,163,384,203,71,0,0,0,0,0,0,0,0,0,0,16,0,0,0,0,0,0,0,0,0,0,0,3,2,28
6409,6409,0,0,-1355,-11,476,-4,1,3,1451,-261,630,342,1100,160,69,0,0,0,0,0,0,0,0,0,0,17,0,0,0,0,0,0,0,0,0,0,0,3,2,26
6410,6410,0,1,-1355,-11,476,-4,0,3,1513,-261,630,480,1507,55,67,0,0,0,0,0,0,0,0,0,0,18,0,0,0,0,0,0,0,0,0,0,0,3,2,72
6411,6411,0,0,-1314,-2,451,3,0,3,1521,-261,630,492,1503,-58,69,0,0,0,0,0,0,0,0,0,0,16,0,0,0,0,0,0,0,0,0,0,0,3,2,99
6412,6412,0,1,-1314,-2,451,3,0,3,414,-261,-680,397,1100,-88,71,0,0,0,0,0,0,0,0,0,0,16,0,0,0,0,0,0,0,0,0,0,0,3,2,99
6413,6413,0,0,-1323,-11,196,4,0,3,511,-261,-680,323,422,-215,72,0,0,0,0,0,0,0,0,0,0,17,0,0,0,0,0,0,0,0,0,0,0,3,2,72
6414,6414,0,1,-1323,-11,196,4,0,3,444,-261,-680,299,-400,-275,71,0,0,0,0,0,0,0,0,0,0,16,0,0,0,0,0,0,0,0,0,0,0,3,2,33
6415,6415,0,0,-1237,11,433,-15,1,4,442,-261,-680,355,-1058,-333,69,0,0,0,0,0,0,0,0,0,0,16,0,0,0,0,0,0,0,0,0,0,0,3,2,30
6416,6416,0,1,-1237,11,433,-15,0,4,448,-261,-680,469,-1440,-397,67,0,0,0,0,0,0,0,0,0,0,17,0,0,0,0,0,0,0,0,0,0,0,3,2,69
6417,6417,0,0,-1341,3,219,-5,0,4,356,-261,-680,431,-1470,-369,68,0,0,0,0,0,0,0,0,0,0,16,0,0,0,0,0,0,0,0,0,0,0,3,2,93
6418,6418,0,1,-1341,3,219,-5,0,4,1688,261,630,189,-1203,-393,70,0,0,0,0,0,0,0,0,0,0,16,0,0,0,0,0,0,0,0,0,0,0,3,2,94
6419,6419,0,0,-1208,8,-427,-11,0,4,1536,261,630,-202,-861,-521,71,0,0,0,0,0,0,0,0,0,0,17,0,0,0,0,0,0,0,0,0,0,0,3,2,75
6420,6420,0,1,-1208,8,-427,-11,0,4,1636,261,630,-655,-576,-493,70,0,0,0,0,0,0,0,0,0,0,16,0,0,0,0,0,0,0,0,0,0,0,3,2,54
6421,6421,0,0,-1333,11,-743,-7,1,5,1629,261,630,-1093,-381,-458,69,0,0,0,0,0,0,0,0,0,0,16,0,0,0,0,0,0,0,0,0,0,0,3,2,53
6422,6422,0,1,-1333,11,-743,-7,0,5,1552,261,630,-1413,-290,-346,68,0,0,0,0,0,0,0,0,0,0,16,0,0,0,0,0,0,0,0,0,0,0,3,2,72
6423,6423,0,0,-899,-3,-771,-3,0,5,1469,261,630,-1523,-283,-407,68,0,0,0,0,0,0,0,0,0,0,16,0,0,0,0,0,0,0,0,0,0,0,3,2,89
6424,6424,0,1,-899,-3,-771,-3,0,5,1259,261,-680,-1436,-275,-514,68,0,0,0,0,0,0,0,0,0,0,16,0,0,0,0,0,0,0,0,0,0,0,3,2,96
6425,6425,0,0,127,-1,-959,1,0,5,1092,261,-680,-1279,-105,-454,69,0,0,0,0,0,0,0,0,0,0,17,0,0,0,0,0,0,0,0,0,0,0,3,2,90
6426,6426,0,1,127,-1,-959,1,0,5,1026,261,-680,-1149,208,-328,69,0,0,0,0,0,0,0,0,0,0,17,0,0,0,0,0,0,0,0,0,0,0,3,2,79
6427,6427,0,0,990,-2,-1341,3,1,6,1059,261,-680,-1125,473,-235,69,0,0,0,0,0,0,0,0,0,0,17,0,0,0,0,0,0,0,0,0,0,0,3,2,72
6428,6428,0,1,990,-2,-1341,3,0,6,1053,261,-680,-1191,612,-136,69,0,0,0,0,0,0,0,0,0,0,17,0,0,0,0,0,0,0,0,0,0,0,3,2,75
6429,6429,0,0,673,1,-790,10,0,6,1051,261,-680,-1243,663,-35,70,0,0,0,0,0,0,0,0,0,0,17,0,0,0,0,0,0,0,0,0,0,0,3,2,83
6430,6430,0,1,673,1,-790,10,0,6,982,-680,-261,-1247,651,-121,70,0,0,0,0,0,0,0,0,0,0,17,0,0,0,0,0,0,0,0,0,0,0,3,2,87
6431,6431,0,0,382,-2,924,-4,0,6,832,-680,-261,-1251,580,-57,71,0,0,0,0,0,0,0,0,0,0,18,0,0,0,0,0,0,0,0,0,0,0,3,2,86
6432,6432,0,1,382,-2,924,-4,0,6,870,-680,-261,-1256,511,-31,71,0,0,0,0,0,0,0,0,0,0,18,0,0,0,0,0,0,0,0,0,0,0,3,2,85
6433,6433,0,0,331,11,1730,2,1,7,866,-680,-261,-1238,503,-1,71,0,0,0,0,0,0,0,0,0,0,18,0,0,0,0,0,0,0,0,0,0,0,3,2,84
6434,6434,0,1,331,11,1730,2,0,7,868,-680,-261,-1203,558,27,71,0,0,0,0,0,0,0,0,0,0,18,0,0,0,0,0,0,0,0,0,0,0,3,2,82
6435,6435,0,0,171,11,1046,-10,0,7,948,-680,-261,-1206,564,-25,72,0,0,0,0,0,0,0,0,0,0,17,0,0,0,0,0,0,0,0,0,0,0,3,2,82
6436,6436,0,1,171,11,1046,-10,0,7,931,-680,261,-1250,464,-60,74,0,0,0,0,0,0,0,0,0,0,17,0,0,0,0,0,0,0,0,0,0,0,3,2,82
6437,6437,0,0,-333,-13,-933,-5,0,7,1004,-680,261,-1278,249,-168,74,0,0,0,0,0,0,0,0,0,0,17,0,0,0,0,0,0,0,0,0,0,0,3,2,82
6438,6438,0,1,-333,-13,-933,-5,0,7,884,-680,261,-1290,-30,-156,74,0,0,0,0,0,0,0,0,0,0,16,0,0,0,0,0,0,0,0,0,0,0,3,2,80
6439,6439,0,0,-533,11,-1735,-7,1,0,890,-680,261,-1329,-269,-150,74,0,0,0,0,0,0,0,0,0,0,16,0,0,0,0,0,0,0,0,0,0,0,3,2,79
6440,6440,0,1,-533,11,-1735,-7,0,0,940,-680,261,-1367,-426,-194,74,0,0,0,0,0,0,0,0,0,0,16,0,0,0,0,0,0,0,0,0,0,0,3,2,84
6441,6441,0,0,-313,7,-952,8,0,0,1001,-680,261,-1306,-525,-299,76,0,0,0,0,0,0,0,0,0,0,15,0,0,0,0,0,0,0,0,0,0,0,3,2,89
6442,6442,0,1,-313,7,-952,8,0,0,1030,-680,261,-1095,-603,-177,78,0,0,0,0,0,0,0,0,0,0,14,0,0,0,0,0,0,0,0,0,0,0,3,2,87
6443,6443,0,0,-480,0,934,6,0,0,1064,-680,261,-742,-719,-89,78,0,0,0,0,0,0,0,0,0,0,14,0,0,0,0,0,0,0,0,0,0,0,3,2,77
6444,6444,0,1,-480,0,934,6,0,0,1090,-680,261,-288,-896,-27,77,0,0,0,0,0,0,0,0,0,0,13,0,0,0,0,0,0,0,0,0,0,0,3,2,63
6445,6445,0,0,-576,0,1704,8,1,1,1050,-680,261,158,-1112,75,76,0,0,0,0,0,0,0,0,0,0,13,0,0,0,0,0,0,0,0,0,0,0,3,2,58
6446,6446,0,1,-576,0,1704,8,0,1,1172,-680,261,504,-1291,55,76,0,0,0,0,0,0,0,0,0,0,13,0,0,0,0,0,0,0,0,0,0,0,3,2,69
6447,6447,0,0,-821,11,1027,3,0,1,1234,-680,261,635,-1279,-27,77,0,0,0,0,0,0,0,0,0,0,12,0,0,0,0,0,0,0,0,0,0,0,3,2,86
6448,6448,0,1,-821,11,1027,3,0,1,1532,-680,-261,601,-978,-151,79,0,0,0,0,0,0,0,0,0,0,11,0,0,0,0,0,0,0,0,0,0,0,3,2,88
6449,6449,0,0,-978,14,493,13,0,1,1572,-680,-261,547,-389,-59,79,0,0,0,0,0,0,0,0,0,0,12,0,0,0,0,0,0,0,0,0,0,0,3,2,71
6450,6450,0,1,-978,14,493,13,0,1,1617,-680,-261,539,354,-12,79,0,0,0,0,0,0,0,0,0,0,11,0,0,0,0,0,0,0,0,0,0,0,3,2,41
6451,6451,0,0,-1584,-16,101,5,1,2,1686,-680,-261,562,994,-34,77,0,0,0,0,0,0,0,0,0,0,12,0,0,0,0,0,0,0,0,0,0,0,3,2,40
6452,6452,0,1,-1584,-16,101,5,0,2,1715,-680,-261,563,1369,-85,76,0,0,0,0,0,0,0,0,0,0,13,0,0,0,0,0,0,0,0,0,0,0,3,2,70
6453,6453,0,0,-1132,-12,225,1,0,2,1856,-680,-261,530,1405,-21,76,0,0,0,0,0,0,0,0,0,0,12,0,0,0,0,0,0,0,0,0,0,0,3,2,91
6454,6454,0,1,-1132,-12,225,1,0,2,188,261,-680,380,1095,-81,78,0,0,0,0,0,0,0,0,0,0,12,0,0,0,0,0,0,0,0,0,0,0,3,2,93
6455,6455,0,0,-626,14,-1007,-15,0,2,378,261,-680,102,462,-75,78,0,0,0,0,0,0,0,0,0,0,13,0,0,0,0,0,0,0,0,0,0,0,3,2,72
6456,6456,0,1,-626,14,-1007,-15,0,2,482,261,-680,-249,-331,-173,78,0,0,0,0,0,0,0,0,0,0,12,0,0,0,0,0,0,0,0,0,0,0,3,2,29
6457,6457,0,0,-182,10,-1520,-16,1,3,507,261,-680,-542,-990,-296,76,0,0,0,0,0,0,0,0,0,0,13,0,0,0,0,0,0,0,0,0,0,0,3,2,25
6458,6458,0,1,-182,10,-1520,-16,0,3,444,261,-680,-698,-1348,-356,74,0,0,0,0,0,0,0,0,0,0,14,0,0,0,0,0,0,0,0,0,0,0,3,2,70
6459,6459,0,0,-49,15,-1086,2,0,3,442,261,-680,-694,-1353,-414,73,0,0,0,0,0,0,0,0,0,0,14,0,0,0,0,0,0,0,0,0,0,0,3,2,93
6460,6460,0,1,-49,15,-1086,2,0,3,1343,261,630,-563,-1008,-349,74,0,0,0,0,0,0,0,0,0,0,14,0,0,0,0,0,0,0,0,0,0,0,3,2,94
6461,6461,0,0,821,-11,367,15,0,3,1398,261,630,-443,-349,-339,75,0,0,0,0,0,0,0,0,0,0,14,0,0,0,0,0,0,0,0,0,0,0,3,2,71
6462,6462,0,1,821,-11,367,15,0,3,1350,261,630,-364,461,-281,74,0,0,0,0,0,0,0,0,0,0,14,0,0,0,0,0,0,0,0,0,0,0,3,2,34
6463,6463,0,0,1490,-14,876,12,1,4,1391,261,630,-316,1130,-264,73,0,0,0,0,0,0,0,0,0,0,15,0,0,0,0,0,0,0,0,0,0,0,3,2,36
6464,6464,0,1,1490,-14,876,12,0,4,1403,261,630,-316,1502,-259,71,0,0,0,0,0,0,0,0,0,0,16,0,0,0,0,0,0,0,0,0,0,0,3,2,73
6465,6465,0,0,892,-4,614,6,0,4,1217,261,630,-396,1539,-324,71,0,0,0,0,0,0,0,0,0,0,15,0,0,0,0,0,0,0,0,0,0,0,3,2,95
6466,6466,0,1,892,-4,614,6,0,4,729,-261,-680,-557,1316,-413,71,0,0,0,0,0,0,0,0,0,0,16,0,0,0,0,0,0,0,0,0,0,0,3,2,98
6467,6467,0,0,-934,-6,-516,-4,0,4,577,-261,-680,-704,1031,-350,71,0,0,0,0,0,0,0,0,0,0,16,0,0,0,0,0,0,0,0,0,0,0,3,2,89
6468,6468,0,1,-934,-6,-516,-4,0,4,514,-261,-680,-858,784,-224,72,0,0,0,0,0,0,0,0,0,0,16,0,0,0,0,0,0,0,0,0,0,0,3,2,77
6469,6469,0,0,-1720,8,-828,4,1,5,513,-261,-680,-1079,595,-97,72,0,0,0,0,0,0,0,0,0,0,16,0,0,0,0,0,0,0,0,0,0,0,3,2,72
6470,6470,0,1,-1720,8,-828,4,0,5,640,-261,-680,-1315,461,-97,71,0,0,0,0,0,0,0,0,0,0,16,0,0,0,0,0,0,0,0,0,0,0,3,2,76
6471,6471,0,0,-975,-15,-562,14,0,5,676,-261,-680,-1364,401,-133,71,0,0,0,0,0,0,0,0,0,0,16,0,0,0,0,0,0,0,0,0,0,0,3,2,86
6472,6472,0,1,-975,-15,-562,14,0,5,816,-261,630,-1215,307,-53,71,0,0,0,0,0,0,0,0,0,0,16,0,0,0,0,0,0,0,0,0,0,0,3,2,88
6473,6473,0,0,432,-16,1027,3,0,5,876,-261,630,-1023,-7,-33,71,0,0,0,0,0,0,0,0,0,0,16,0,0,0,0,0,0,0,0,0,0,0,3,2,77
6474,6474,0,1,432,-16,1027,3,0,5,956,-261,630,-856,-529,-93,71,0,0,0,0,0,0,0,0,0,0,16,0,0,0,0,0,0,0,0,0,0,0,3,2,63
6475,6475,0,0,508,-4,1741,13,1,1,1003,-261,630,-690,-1000,-200,70,0,0,0,0,0,0,0,0,0,0,16,0,0,0,0,0,0,0,0,0,0,0,3,2,62
6476,6476,0,1,508,-4,1741,13,0,1,944,-261,630,-525,-1273,-248,70,0,0,0,0,0,0,0,0,0,0,16,0,0,0,0,0,0,0,0,0,0,0,3,2,75
6477,6477,0,0,537,-7,1009,-15,0,1,1024,-261,630,-385,-1316,-376,70,0,0,0,0,0,0,0,0,0,0,16,0,0,0,0,0,0,0,0,0,0,0,3,2,85
6478,6478,0,1,537,-7,1009,-15,0,1,1170,-680,261,-218,-1117,-394,71,0,0,0,0,0,0,0,0,0,0,16,0,0,0,0,0,0,0,0,0,0,0,3,2,85
6479,6479,0,0,936,8,-298,-10,0,1,1388,-680,261,99,-690,-374,72,0,0,0,0,0,0,0,0,0,0,16,0,0,0,0,0,0,0,0,0,0,0,3,2,70
6480,6480,0,1,936,8,-298,-10,0,1,1506,-680,261,574,-156,-472,71,0,0,0,0,0,0,0,0,0,0,16,0,0,0,0,0,0,0,0,0,0,0,3,2,43
6481,6481,0,0,1448,8,-639,1,1,2,1452,-680,261,1039,265,-516,70,0,0,0,0,0,0,0,0,0,0,17,0,0,0,0,0,0,0,0,0,0,0,3,2,36
6482,6482,0,1,1448,8,-639,1,0,2,1518,-680,261,1349,481,-626,69,0,0,0,0,0,0,0,0,0,0,17,0,0,0,0,0,0,0,0,0,0,0,3,2,66
6483,6483,0,0,1170,-14,-490,-10,0,2,1557,-680,261,1378,540,-519,69,0,0,0,0,0,0,0,0,0,0,16,0,0,0,0,0,0,0,0,0,0,0,3,2,88
6484,6484,0,1,1170,-14,-490,-10,0,2,2026,-261,-680,1052,468,-625,71,0,0,0,0,0,0,0,0,0,0,16,0,0,0,0,0,0,0,0,0,0,0,3,2,91
6485,6485,0,0,646,6,-926,2,0,2,17,-261,-680,397,218,-514,71,0,0,0,0,0,0,0,0,0,0,16,0,0,0,0,0,0,0,0,0,0,0,3,2,72
6486,6486,0,1,646,6,-926,2,0,2,135,-261,-680,-438,-117,-521,71,0,0,0,0,0,0,0,0,0,0,16,0,0,0,0,0,0,0,0,0,0,0,3,2,28
6487,6487,0,0,351,-1,-1247,1,1,3,8,-261,-680,-1141,-372,-401,69,0,0,0,0,0,0,0,0,0,0,17,0,0,0,0,0,0,0,0,0,0,0,3,2,27
6488,6488,0,1,351,-1,-1247,1,0,3,135,-261,-680,-1536,-465,-408,67,0,0,0,0,0,0,0,0,0,0,18,0,0,0,0,0,0,0,0,0,0,0,3,2,74
6489,6489,0,0,717,13,-1222,-6,0,3,130,-261,-680,-1539,-495,-410,69,0,0,0,0,0,0,0,0,0,0,17,0,0,0,0,0,0,0,0,0,0,0,3,2,99
6490,6490,0,1,717,13,-1222,-6,0,3,1092,630,261,-1195,-366,-350,71,0,0,0,0,0,0,0,0,0,0,16,0,0,0,0,0,0,0,0,0,0,0,3,2,100
6491,6491,0,0,562,-14,-983,9,0,3,1030,630,261,-590,8,-228,72,0,0,0,0,0,0,0,0,0,0,17,0,0,0,0,0,0,0,0,0,0,0,3,2,77
6492,6492,0,1,562,-14,-983,9,0,3,1110,630,261,86,569,-186,72,0,0,0,0,0,0,0,0,0,0,16,0,0,0,0,0,0,0,0,0,0,0,3,2,36
6493,6493,0,0,602,-6,-1189,-5,1,4,1108,630,261,543,1081,-142,70,0,0,0,0,0,0,0,0,0,0,17,0,0,0,0,0,0,0,0,0,0,0,3,2,35
6494,6494,0,1,602,-6,-1189,-5,0,4,1111,630,261,711,1381,-101,69,0,0,0,0,0,0,0,0,0,0,18,0,0,0,0,0,0,0,0,0,0,0,3,2,74
6495,6495,0,0,646,6,-1016,8,0,4,1020,630,261,756,1365,-225,70,0,0,0,0,0,0,0,0,0,0,17,0,0,0,0,0,0,0,0,0,0,0,3,2,97
6496,6496,0,1,646,6,-1016,8,0,4,512,-680,-261,743,1050,-353,72,0,0,0,0,0,0,0,0,0,0,16,0,0,0,0,0,0,0,0,0,0,0,3,3,96
6497,6497,0,0,1129,9,-587,-11,0,4,354,-680,-261,762,527,-323,73,0,0,0,0,0,0,0,0,0,0,17,0,0,0,0,0,0,0,0,0,0,0,3,3,80
6498,6498,0,1,1129,9,-587,-11,0,4,382,-680,-261,849,-56,-321,72,0,0,0,0,0,0,0,0,0,0,16,0,0,0,0,0,0,0,0,0,0,0,3,3,57
6499,6499,0,0,1451,11,-269,-13,1,5,380,-680,-261,1005,-502,-317,71,0,0,0,0,0,0,0,0,0,0,16,0,0,0,0,0,0,0,0,0,0,0,3,3,52
6500,6500,0,1,1451,11,-269,-13,0,5,377,-680,-261,1175,-718,-310,70,0,0,0,0,0,0,0,0,0,0,16,0,0,0,0,0,0,0,0,0,0,0,3,3,69
6501,6501,0,0,1088,0,-95,1,0,5,197,-680,-261,1226,-775,-379,69,0,0,0,0,0,0,0,0,0,0,16,0,0,0,0,0,0,0,0,0,0,0,3,3,85
6502,6502,0,1,1088,0,-95,1,0,5,2027,0,0,1123,-750,-486,70,0,0,0,0,0,0,0,0,0,0,16,0,0,0,0,0,0,0,0,0,0,0,3,3,90
6503,6503,0,0,622,14,904,8,0,5,1898,0,0,913,-790,-464,70,0,0,0,0,0,0,0,0,0,0,17,0,0,0,0,0,0,0,0,0,0,0,3,3,84
6504,6504,0,1,622,14,904,8,0,5,1869,0,0,656,-926,-413,70,0,0,0,0,0,0,0,0,0,0,17,0,0,0,0,0,0,0,0,0,0,0,3,3,74
6505,6505,0,0,277,-11,1614,14,1,6,1898,0,0,424,-1082,-391,70,0,0,0,0,0,0,0,0,0,0,16,0,0,0,0,0,0,0,0,0,0,0,3,3,70
6506,6506,0,1,277,-11,1614,14,0,6,1898,0,0,266,-1214,-369,70,0,0,0,0,0,0,0,0,0,0,16,0,0,0,0,0,0,0,0,0,0,0,3,3,72
6507,6507,0,0,55,-9,1113,-7,0,6,1849,0,0,270,-1291,-298,70,0,0,0,0,0,0,0,0,0,0,16,0,0,0,0,0,0,0,0,0,0,0,3,3,77
6508,6508,0,1,55,-9,1113,-7,0,6,1672,0,0,396,-1296,-306,70,0,0,0,0,0,0,0,0,0,0,16,0,0,0,0,0,0,0,0,0,0,0,3,3,82
6509,6509,0,0,-851,13,-305,15,0,6,1600,0,0,459,-1239,-242,70,0,0,0,0,0,0,0,0,0,0,16,0,0,0,0,0,0,0,0,0,0,0,3,3,84
6510,6510,0,1,-851,13,-305,15,0,6,1542,0,0,438,-1157,-120,70,0,0,0,0,0,0,0,0,0,0,16,0,0,0,0,0,0,0,0,0,0,0,3,3,81
6511,6511,0,0,-1591,9,-1045,11,1,7,1554,0,0,412,-1144,-10,70,0,0,0,0,0,0,0,0,0,0,16,0,0,0,0,0,0,0,0,0,0,0,3,3,76
6512,6512,0,1,-1591,9,-1045,11,0,7,1623,0,0,412,-1196,31,71,0,0,0,0,0,0,0,0,0,0,16,0,0,0,0,0,0,0,0,0,0,0,3,3,75
6513,6513,0,0,-892,4,-578,-2,0,7,1619,0,0,431,-1208,76,72,0,0,0,0,0,0,0,0,0,0,16,0,0,0,0,0,0,0,0,0,0,0,3,3,78
6514,6514,0,1,-892,4,-578,-2,0,7,1684,0,0,478,-1147,56,73,0,0,0,0,0,0,0,0,0,0,15,0,0,0,0,0,0,0,0,0,0,0,3,3,80
6515,6515,0,0,881,-15,403,-13,0,7,1607,0,0,634,-1020,113,73,0,0,0,0,0,0,0,0,0,0,15,0,0,0,0,0,0,0,0,0,0,0,3,3,77
6516,6516,0,1,881,-15,403,-13,0,7,1626,0,0,868,-865,151,73,0,0,0,0,0,0,0,0,0,0,14,0,0,0,0,0,0,0,0,0,0,0,3,3,74
6517,6517,0,0,1621,-11,833,1,1,0,1614,0,0,1099,-714,201,72,0,0,0,0,0,0,0,0,0,0,14,0,0,0,0,0,0,0,0,0,0,0,3,3,75
6518,6518,0,1,1621,-11,833,1,0,0,1607,0,0,1253,-580,258,72,0,0,0,0,0,0,0,0,0,0,14,0,0,0,0,0,0,0,0,0,0,0,3,3,81
6519,6519,0,0,1001,9,431,15,0,0,1781,0,0,1264,-457,141,74,0,0,0,0,0,0,0,0,0,0,13,0,0,0,0,0,0,0,0,0,0,0,3,3,85
6520,6520,0,1,1001,9,431,15,0,0,1874,0,0,1148,-275,187,76,0,0,0,0,0,0,0,0,0,0,12,0,0,0,0,0,0,0,0,0,0,0,3,3,83
6521,6521,0,0,-389,-5,-989,3,0,0,1893,0,0,990,49,214,76,0,0,0,0,0,0,0,0,0,0,12,0,0,0,0,0,0,0,0,0,0,0,3,3,73
6522,6522,0,1,-389,-5,-989,3,0,0,1972,0,0,842,511,162,75,0,0,0,0,0,0,0,0,0,0,11,0,0,0,0,0,0,0,0,0,0,0,3,3,61
6523,6523,0,0,-590,-14,-1543,-7,1,1,1968,0,0,709,967,114,74,0,0,0,0,0,0,0,0,0,0,10,0,0,0,0,0,0,0,0,0,0,0,3,3,60
6524,6524,0,1,-590,-14,-1543,-7,0,1,1972,0,0,584,1290,62,74,0,0,0,0,0,0,0,0,0,0,11,0,0,0,0,0,0,0,0,0,0,0,3,3,74
6525,6525,0,0,-325,-5,-1280,0,0,1,17,0,0,453,1365,173,75,0,0,0,0,0,0,0,0,0,0,10,0,0,0,0,0,0,0,0,0,0,0,3,3,88
6526,6526,0,1,-325,-5,-1280,0,0,1,152,0,0,255,1160,149,77,0,0,0,0,0,0,0,0,0,0,9,0,0,0,0,0,0,0,0,0,0,0,3,3,89
6527,6527,0,0,551,7,-969,-9,0,1,313,0,0,-94,730,220,77,0,0,0,0,0,0,0,0,0,0,9,0,0,0,0,0,0,0,0,0,0,0,3,3,73
6528,6528,0,1,551,7,-969,-9,0,1,382,0,0,-594,194,222,76,0,0,0,0,0,0,0,0,0,0,8,0,0,0,0,0,0,0,0,0,0,0,3,3,45
6529,6529,0,0,660,-12,-1193,-9,1,2,433,0,0,-1090,-281,173,75,0,0,0,0,0,0,0,0,0,0,9,0,0,0,0,0,0,0,0,0,0,0,3,3,38
6530,6530,0,1,660,-12,-1193,-9,0,2,508,0,0,-1433,-568,49,73,0,0,0,0,0,0,0,0,0,0,10,0,0,0,0,0,0,0,0,0,0,0,3,3,69
6531,6531,0,0,808,8,-848,-16,0,2,512,0,0,-1454,-634,-79,74,0,0,0,0,0,0,0,0,0,0,9,0,0,0,0,0,0,0,0,0,0,0,3,3,96
6532,6532,0,1,808,8,-848,-16,0,2,954,0,0,-1099,-498,-137,75,0,0,0,0,0,0,0,0,0,0,9,0,0,0,0,0,0,0,0,0,0,0,3,3,98
6533,6533,0,0,1021,-3,155,-5,0,2,1090,0,0,-428,-238,-75,76,0,0,0,0,0,0,0,0,0,0,10,0,0,0,0,0,0,0,0,0,0,0,3,3,74
6534,6534,0,1,1021,-3,155,-5,0,2,1050,0,0,390,58,27,76,0,0,0,0,0,0,0,0,0,0,10,0,0,0,0,0,0,0,0,0,0,0,3,3,29
6535,6535,0,0,1305,-7,1003,11,1,3,1158,0,0,1072,301,21,74,0,0,0,0,0,0,0,0,0,0,10,0,0,0,0,0,0,0,0,0,0,0,3,3,24
6536,6536,0,1,1305,-7,1003,11,0,3,1162,0,0,1442,455,11,72,0,0,0,0,0,0,0,0,0,0,12,0,0,0,0,0,0,0,0,0,0,0,3,3,68
6537,6537,0,0,846,14,696,-8,0,3,1172,0,0,1483,438,-9,72,0,0,0,0,0,0,0,0,0,0,12,0,0,0,0,0,0,0,0,0,0,0,3,3,94
6538,6538,0,1,846,14,696,-8,0,3,32,0,0,1175,274,87,72,0,0,0,0,0,0,0,0,0,0,12,0,0,0,0,0,0,0,0,0,0,0,3,3,96
6539,6539,0,0,-953,7,177,-15,0,3,7,0,0,601,-91,208,73,0,0,0,0,0,0,0,0,0,0,13,0,0,0,0,0,0,0,0,0,0,0,3,3,75
6540,6540,0,1,-953,7,177,-15,0,3,66,0,0,-67,-580,270,73,0,0,0,0,0,0,0,0,0,0,13,0,0,0,0,0,0,0,0,0,0,0,3,3,37
6541,6541,0,0,-1751,9,478,-2,1,4,84,0,0,-544,-1002,314,72,0,0,0,0,0,0,0,0,0,0,13,0,0,0,0,0,0,0,0,0,0,0,3,3,36
6542,6542,0,1,-1751,9,478,-2,0,4,74,0,0,-737,-1254,368,70,0,0,0,0,0,0,0,0,0,0,14,0,0,0,0,0,0,0,0,0,0,0,3,3,71
6543,6543,0,0,-1126,-6,41,9,0,4,2010,0,0,-720,-1337,278,70,0,0,0,0,0,0,0,0,0,0,14,0,0,0,0,0,0,0,0,0,0,0,3,3,90
6544,6544,0,1,-1126,-6,41,9,0,4,1524,0,0,-567,-1276,162,70,0,0,0,0,0,0,0,0,0,0,14,0,0,0,0,0,0,0,0,0,0,0,3,3,94
6545,6545,0,0,879,15,-240,-16,0,4,1406,0,0,-260,-1180,164,71,0,0,0,0,0,0,0,0,0,0,15,0,0,0,0,0,0,0,0,0,0,0,3,3,86
6546,6546,0,1,879,15,-240,-16,0,4,1387,0,0,108,-1119,185,71,0,0,0,0,0,0,0,0,0,0,15,0,0,0,0,0,0,0,0,0,0,0,3,3,74
6547,6547,0,0,1889,1,-567,9,1,5,1392,0,0,356,-1136,201,71,0,0,0,0,0,0,0,0,0,0,15,0,0,0,0,0,0,0,0,0,0,0,3,3,69
6548,6548,0,1,1889,1,-567,9,0,5,1402,0,0,441,-1200,207,71,0,0,0,0,0,0,0,0,0,0,15,0,0,0,0,0,0,0,0,0,0,0,3,3,74
6549,6549,0,0,870,6,-253,3,0,5,1530,0,0,510,-1181,85,71,0,0,0,0,0,0,0,0,0,0,15,0,0,0,0,0,0,0,0,0,0,0,3,3,78
6550,6550,0,1,870,6,-253,3,0,5,1558,0,0,625,-1012,191,71,0,0,0,0,0,0,0,0,0,0,15,0,0,0,0,0,0,0,0,0,0,0,3,3,79
6551,6551,0,0,-892,4,-343,9,0,5,1538,0,0,769,-692,317,71,0,0,0,0,0,0,0,0,0,0,15,0,0,0,0,0,0,0,0,0,0,0,3,3,73
6552,6552,0,1,-892,4,-343,9,0,5,1618,0,0,947,-261,363,70,0,0,0,0,0,0,0,0,0,0,15,0,0,0,0,0,0,0,0,0,0,0,3,3,64
6553,6553,0,0,-1809,15,-971,-11,1,1,1666,0,0,1145,167,361,70,0,0,0,0,0,0,0,0,0,0,15,0,0,0,0,0,0,0,0,0,0,0,3,3,60
6554,6554,0,1,-1809,15,-971,-11,0,1,1714,0,0,1292,522,311,69,0,0,0,0,0,0,0,0,0,0,15,0,0,0,0,0,0,0,0,0,0,0,3,3,71
6555,6555,0,0,-1003,-11,-188,4,0,1,1842,0,0,1270,664,389,70,0,0,0,0,0,0,0,0,0,0,15,0,0,0,0,0,0,0,0,0,0,0,3,3,86
6556,6556,0,1,-1003,-11,-188,4,0,1,2042,0,0,991,612,267,71,0,0,0,0,0,0,0,0,0,0,15,0,0,0,0,0,0,0,0,0,0,0,3,3,89
6557,6557,0,0,-534,10,744,8,0,1,4,0,0,398,498,391,71,0,0,0,0,0,0,0,0,0,0,15,0,0,0,0,0,0,0,0,0,0,0,3,3,72
6558,6558,0,1,-534,10,744,8,0,1,77,0,0,-381,425,442,70,0,0,0,0,0,0,0,0,0,0,15,0,0,0,0,0,0,0,0,0,0,0,3,3,39
6559,6559,0,0,-492,-12,1602,2,1,2,172,0,0,-1033,475,398,69,0,0,0,0,0,0,0,0,0,0,16,0,0,0,0,0,0,0,0,0,0,0,3,3,35
6560,6560,0,1,-492,-12,1602,2,0,2,148,0,0,-1395,587,378,68,0,0,0,0,0,0,0,0,0,0,16,0,0,0,0,0,0,0,0,0,0,0,3,3,70
6561,6561,0,0,-476,4,1176,-8,0,2,293,0,0,-1443,560,469,69,0,0,0,0,0,0,0,0,0,0,16,0,0,0,0,0,0,0,0,0,0,0,3,3,94
6562,6562,0,1,-476,4,1176,-8,0,2,708,0,0,-1160,361,401,70,0,0,0,0,0,0,0,0,0,0,15,0,0,0,0,0,0,0,0,0,0,0,3,3,96
6563,6563,0,0,237,13,1116,-4,0,2,877,0,0,-538,66,420,71,0,0,0,0,0,0,0,0,0,0,16,0,0,0,0,0,0,0,0,0,0,0,3,3,75
6564,6564,0,1,237,13,1116,-4,0,2,1023,0,0,284,-223,293,70,0,0,0,0,0,0,0,0,0,0,15,0,0,0,0,0,0,0,0,0,0,0,3,3,33
6565,6565,0,0,619,11,1285,5,1,3,1024,0,0,1005,-505,165,68,0,0,0,0,0,0,0,0,0,0,16,0,0,0,0,0,0,0,0,0,0,0,3,3,21
6566,6566,0,1,619,11,1285,5,0,3,942,0,0,1425,-685,119,67,0,0,0,0,0,0,0,0,0,0,17,0,0,0,0,0,0,0,0,0,0,0,3,3,69
6567,6567,0,0,408,-8,1321,9,0,3,1018,0,0,1418,-702,-3,68,0,0,0,0,0,0,0,0,0,0,16,0,0,0,0,0,0,0,0,0,0,0,3,3,98
6568,6568,0,1,408,-8,1321,9,0,3,1906,0,0,1012,-527,11,70,0,0,0,0,0,0,0,0,0,0,15,0,0,0,0,0,0,0,0,0,0,0,3,3,98
6569,6569,0,0,291,3,1200,-16,0,3,1914,0,0,331,-360,17,71,0,0,0,0,0,0,0,0,0,0,16,0,0,0,0,0,0,0,0,0,0,0,3,3,71
6570,6570,0,1,291,3,1200,-16,0,3,1903,0,0,-456,-284,34,71,0,0,0,0,0,0,0,0,0,0,15,0,0,0,0,0,0,0,0,0,0,0,3,3,29
6571,6571,0,0,416,0,1278,-2,1,4,1884,0,0,-1150,-348,70,68,0,0,0,0,0,0,0,0,0,0,16,0,0,0,0,0,0,0,0,0,0,0,3,3,33
6572,6572,0,1,416,0,1278,-2,0,4,1901,0,0,-1582,-469,89,67,0,0,0,0,0,0,0,0,0,0,17,0,0,0,0,0,0,0,0,0,0,0,3,3,74
6573,6573,0,0,369,-15,1261,13,0,4,1728,0,0,-1603,-427,25,68,0,0,0,0,0,0,0,0,0,0,16,0,0,0,0,0,0,0,0,0,0,0,3,3,102
6574,6574,0,1,369,-15,1261,13,0,4,1172,0,0,-1278,-164,5,70,0,0,0,0,0,0,0,0,0,0,16,0,0,0,0,0,0,0,0,0,0,0,3,3,102
6575,6575,0,0,-497,15,1219,3,0,4,1111,0,0,-889,207,46,71,0,0,0,0,0,0,0,0,0,0,17,0,0,0,0,0,0,0,0,0,0,0,3,3,79
6576,6576,0,1,-497,15,1219,3,0,4,1108,0,0,-586,616,90,71,0,0,0,0,0,0,0,0,0,0,16,0,0,0,0,0,0,0,0,0,0,0,3,3,56
6577,6577,0,0,-671,1,1278,-2,1,5,1092,0,0,-384,1037,150,70,0,0,0,0,0,0,0,0,0,0,16,0,0,0,0,0,0,0,0,0,0,0,3,3,52
6578,6578,0,1,-671,1,1278,-2,0,5,1032,0,0,-278,1380,270,69,0,0,0,0,0,0,0,0,0,0,16,0,0,0,0,0,0,0,0,0,0,0,3,3,68
6579,6579,0,0,-775,-7,870,6,0,5,952,0,0,-245,1484,214,69,0,0,0,0,0,0,0,0,0,0,16,0,0,0,0,0,0,0,0,0,0,0,3,3,87
6580,6580,0,1,-775,-7,870,6,0,5,662,0,0,-211,1366,192,69,0,0,0,0,0,0,0,0,0,0,17,0,0,0,0,0,0,0,0,0,0,0,3,3,93
6581,6581,0,0,-1007,-15,-201,-9,0,5,596,0,0,-52,1214,236,70,0,0,0,0,0,0,0,0,0,0,17,0,0,0,0,0,0,0,0,0,0,0,3,3,85
6582,6582,0,1,-1007,-15,-201,-9,0,5,543,0,0,221,1129,333,70,0,0,0,0,0,0,0,0,0,0,18,0,0,0,0,0,0,0,0,0,0,0,3,3,75
6583,6583,0,0,-1440,0,-904,-8,1,6,549,0,0,496,1113,424,70,0,0,0,0,0,0,0,0,0,0,17,0,0,0,0,0,0,0,0,0,0,0,3,3,71
6584,6584,0,1,-1440,0,-904,-8,0,6,552,0,0,679,1146,512,70,0,0,0,0,0,0,0,0,0,0,17,0,0,0,0,0,0,0,0,0,0,0,3,3,75
6585,6585,0,0,-892,4,-762,6,0,6,524,0,0,730,1190,628,70,0,0,0,0,0,0,0,0,0,0,17,0,0,0,0,0,0,0,0,0,0,0,3,3,83
6586,6586,0,1,-892,4,-762,6,0,6,459,0,0,670,1217,553,71,0,0,0,0,0,0,0,0,0,0,18,0,0,0,0,0,0,0,0,0,0,0,3,3,87
6587,6587,0,0,836,4,-312,8,0,6,384,0,0,598,1204,553,71,0,0,0,0,0,0,0,0,0,0,18,0,0,0,0,0,0,0,0,0,0,0,3,3,86
6588,6588,0,1,836,4,-312,8,0,6,380,0,0,543,1175,557,71,0,0,0,0,0,0,0,0,0,0,18,0,0,0,0,0,0,0,0,0,0,0,3,3,84
6589,6589,0,0,1770,10,-374,10,1,7,366,0,0,543,1164,575,71,0,0,0,0,0,0,0,0,0,0,18,0,0,0,0,0,0,0,0,0,0,0,3,3,80
6590,6590,0,1,1770,10,-374,10,0,7,382,0,0,583,1178,577,71,0,0,0,0,0,0,0,0,0,0,18,0,0,0,0,0,0,0,0,0,0,0,3,3,79
6591,6591,0,0,938,10,-136,-8,0,7,364,0,0,605,1190,597,73,0,0,0,0,0,0,0,0,0,0,17,0,0,0,0,0,0,0,0,0,0,0,3,3,81
6592,6592,0,1,938,10,-136,-8,0,7,372,0,0,541,1197,609,74,0,0,0,0,0,0,0,0,0,0,16,0,0,0,0,0,0,0,0,0,0,0,3,3,83
6593,6593,0,0,-856,8,269,13,0,7,499,0,0,312,1221,494,74,0,0,0,0,0,0,0,0,0,0,17,0,0,0,0,0,0,0,0,0,0,0,3,3,81
6594,6594,0,1,-856,8,269,13,0,7,364,0,0,-27,1265,514,74,0,0,0,0,0,0,0,0,0,0,16,0,0,0,0,0,0,0,0,0,0,0,3,3,78
6595,6595,0,0,-1993,-9,482,2,1,0,368,0,0,-284,1314,530,74,0,0,0,0,0,0,0,0,0,0,15,0,0,0,0,0,0,0,0,0,0,0,3,3,78
6596,6596,0,1,-1993,-9,482,2,0,0,503,0,0,-410,1330,411,74,0,0,0,0,0,0,0,0,0,0,15,0,0,0,0,0,0,0,0,0,0,0,3,3,83
6597,6597,0,0,-943,-15,279,-9,0,0,430,0,0,-493,1254,365,75,0,0,0,0,0,0,0,0,0,0,15,0,0,0,0,0,0,0,0,0,0,0,3,3,86
6598,6598,0,1,-943,-15,279,-9,0,0,518,0,0,-594,1051,487,77,0,0,0,0,0,0,0,0,0,0,13,0,0,0,0,0,0,0,0,0,0,0,3,3,83
6599,6599,0,0,866,2,448,0,0,0,580,0,0,-740,698,547,78,0,0,0,0,0,0,0,0,0,0,14,0,0,0,0,0,0,0,0,0,0,0,3,3,75
6600,6600,0,1,866,2,448,0,0,0,592,0,0,-940,251,595,77,0,0,0,0,0,0,0,0,0,0,13,0,0,0,0,0,0,0,0,0,0,0,3,3,63
6601,6601,0,0,1637,5,640,0,1,1,576,0,0,-1180,-160,659,76,0,0,0,0,0,0,0,0,0,0,12,0,0,0,0,0,0,0,0,0,0,0,3,3,60
6602,6602,0,1,1637,5,640,0,0,1,647,0,0,-1376,-455,652,75,0,0,0,0,0,0,0,0,0,0,13,0,0,0,0,0,0,0,0,0,0,0,3,3,73
6603,6603,0,0,1066,10,693,-11,0,1,875,0,0,-1371,-599,673,77,0,0,0,0,0,0,0,0,0,0,12,0,0,0,0,0,0,0,0,0,0,0,3,3,89
6604,6604,0,1,1066,10,693,-11,0,1,948,0,0,-1077,-617,621,79,0,0,0,0,0,0,0,0,0,0,11,0,0,0,0,0,0,0,0,0,0,0,3,3,92
6605,6605,0,0,490,10,1085,-3,0,1,1068,0,0,-488,-563,705,79,0,0,0,0,0,0,0,0,0,0,11,0,0,0,0,0,0,0,0,0,0,0,3,3,76
6606,6606,0,1,490,10,1085,-3,0,1,1110,0,0,276,-512,747,78,0,0,0,0,0,0,0,0,0,0,10,0,0,0,0,0,0,0,0,0,0,0,3,3,46
6607,6607,0,0,172,12,1480,8,1,2,1156,0,0,951,-525,743,77,0,0,0,0,0,0,0,0,0,0,10,0,0,0,0,0,0,0,0,0,0,0,3,3,36
6608,6608,0,1,172,12,1480,8,0,2,1176,0,0,1359,-572,719,75,0,0,0,0,0,0,0,0,0,0,11,0,0,0,0,0,0,0,0,0,0,0,3,3,67
6609,6609,0,0,299,11,1139,-13,0,2,1408,0,0,1391,-532,719,76,0,0,0,0,0,0,0,0,0,0,11,0,0,0,0,0,0,0,0,0,0,0,3,3,91
6610,6610,0,1,299,11,1139,-13,0,2,1537,0,0,1046,-363,846,77,0,0,0,0,0,0,0,0,0,0,11,0,0,0,0,0,0,0,0,0,0,0,3,3,92
6611,6611,0,0,-1123,-3,606,-2,0,2,1916,0,0,421,-96,850,78,0,0,0,0,0,0,0,0,0,0,11,0,0,0,0,0,0,0,0,0,0,0,3,3,68
6612,6612,0,1,-1123,-3,606,-2,0,2,1919,0,0,-339,214,851,77,0,0,0,0,0,0,0,0,0,0,11,0,0,0,0,0,0,0,0,0,0,0,3,3,26
6613,6613,0,0,-1577,-9,165,5,1,3,1970,0,0,-1041,488,801,75,0,0,0,0,0,0,0,0,0,0,12,0,0,0,0,0,0,0,0,0,0,0,3,3,24
6614,6614,0,1,-1577,-9,165,5,0,3,1948,0,0,-1551,451,773,73,0,0,0,0,0,0,0,0,0,0,13,0,0,0,0,0,0,0,0,0,0,0,3,3,71
6615,6615,0,0,-1227,-11,68,4,0,3,1976,0,0,-1572,455,717,73,0,0,0,0,0,0,0,0,0,0,13,0,0,0,0,0,0,0,0,0,0,0,3,3,101
6616,6616,0,1,-1227,-11,68,4,0,3,873,0,0,-1141,389,740,74,0,0,0,0,0,0,0,0,0,0,14,0,0,0,0,0,0,0,0,0,0,0,3,3,102
6617,6617,0,0,394,10,-884,12,0,3,890,0,0,-430,356,746,75,0,0,0,0,0,0,0,0,0,0,14,0,0,0,0,0,0,0,0,0,0,0,3,3,75
6618,6618,0,1,394,10,-884,12,0,3,940,0,0,359,393,702,74,0,0,0,0,0,0,0,0,0,0,14,0,0,0,0,0,0,0,0,0,0,0,3,3,34
6619,6619,0,0,904,8,-1377,-1,1,4,942,0,0,1003,461,656,73,0,0,0,0,0,0,0,0,0,0,15,0,0,0,0,0,0,0,0,0,0,0,3,3,33
6620,6620,0,1,904,8,-1377,-1,0,4,950,0,0,1371,534,602,71,0,0,0,0,0,0,0,0,0,0,16,0,0,0,0,0,0,0,0,0,0,0,3,3,69
6621,6621,0,0,673,1,-1075,13,0,4,832,0,0,1423,593,666,71,0,0,0,0,0,0,0,0,0,0,15,0,0,0,0,0,0,0,0,0,0,0,3,3,92
6622,6622,0,1,673,1,-1075,13,0,4,320,0,0,1224,655,730,71,0,0,0,0,0,0,0,0,0,0,16,0,0,0,0,0,0,0,0,0,0,0,3,3,97
6623,6623,0,0,-76,-12,-73,-9,0,4,132,0,0,1047,654,726,72,0,0,0,0,0,0,0,0,0,0,16,0,0,0,0,0,0,0,0,0,0,0,3,3,86
6624,6624,0,1,-76,-12,-73,-9,0,4,8,0,0,806,872,846,72,0,0,0,0,0,0,0,0,0,0,16,0,0,0,0,0,0,0,0,0,0,0,3,3,76
6625,6625,0,0,-17,15,209,-15,1,5,144,0,0,462,1161,830,71,0,0,0,0,0,0,0,0,0,0,16,0,0,0,0,0,0,0,0,0,0,0,3,3,73
6626,6626,0,1,-17,15,209,-15,0,5,190,0,0,321,1317,768,71,0,0,0,0,0,0,0,0,0,0,16,0,0,0,0,0,0,0,0,0,0,0,3,3,77
6627,6627,0,0,-48,-16,-10,-10,0,5,132,0,0,274,1332,764,71,0,0,0,0,0,0,0,0,0,0,16,0,0,0,0,0,0,0,0,0,0,0,3,3,85
6628,6628,0,1,-48,-16,-10,-10,0,5,366,0,0,209,1199,782,71,0,0,0,0,0,0,0,0,0,0,16,0,0,0,0,0,0,0,0,0,0,0,3,3,85
6629,6629,0,0,-5,-5,-152,8,0,5,446,0,0,-121,992,720,71,0,0,0,0,0,0,0,0,0,0,17,0,0,0,0,0,0,0,0,0,0,0,3,3,76
6630,6630,0,1,-5,-5,-152,8,0,5,506,0,0,-679,764,598,71,0,0,0,0,0,0,0,0,0,0,16,0,0,0,0,0,0,0,0,0,0,0,3,3,63
6631,6631,0,0,97,1,135,7,1,1,509,0,0,-1153,537,473,71,0,0,0,0,0,0,0,0,0,0,16,0,0,0,0,0,0,0,0,0,0,0,3,3,64
6632,6632,0,1,97,1,135,7,0,1,487,0,0,-1396,341,370,70,0,0,0,0,0,0,0,0,0,0,17,0,0,0,0,0,0,0,0,0,0,0,3,3,79
6633,6633,0,0,-130,-2,-83,13,0,1,551,0,0,-1427,208,459,71,0,0,0,0,0,0,0,0,0,0,16,0,0,0,0,0,0,0,0,0,0,0,3,3,90
6634,6634,0,1,-130,-2,-83,13,0,1,714,0,0,-1228,78,385,72,0,0,0,0,0,0,0,0,0,0,16,0,0,0,0,0,0,0,0,0,0,0,3,3,90
6635,6635,0,0,133,5,-24,8,0,1,884,0,0,-774,-101,397,72,0,0,0,0,0,0,0,0,0,0,17,0,0,0,0,0,0,0,0,0,0,0,3,3,77
6636,6636,0,1,133,5,-24,8,0,1,1011,0,0,-182,-600,282,72,0,0,0,0,0,0,0,0,0,0,17,0,0,0,0,0,0,0,0,0,0,0,3,3,48
6637,6637,0,0,-52,12,3,3,1,2,970,0,0,287,-1046,208,70,0,0,0,0,0,0,0,0,0,0,17,0,0,0,0,0,0,0,0,0,0,0,3,3,38
6638,6638,0,1,-52,12,3,3,0,2,1005,0,0,526,-1316,99,69,0,0,0,0,0,0,0,0,0,0,18,0,0,0,0,0,0,0,0,0,0,0,3,3,67
6639,6639,0,0,25,-7,-27,5,0,2,1058,0,0,587,-1374,193,70,0,0,0,0,0,0,0,0,0,0,17,0,0,0,0,0,0,0,0,0,0,0,3,3,87
6640,6640,0,1,25,-7,-27,5,0,2,1465,0,0,504,-1217,136,71,0,0,0,0,0,0,0,0,0,0,16,0,0,0,0,0,0,0,0,0,0,0,3,3,92
6641,6641,0,0,-36,-4,23,-9,0,2,1541,0,0,316,-852,259,72,0,0,0,0,0,0,0,0,0,0,17,0,0,0,0,0,0,0,0,0,0,0,3,3,81
6642,6642,0,1,-36,-4,23,-9,0,2,1618,0,0,97,-394,305,72,0,0,0,0,0,0,0,0,0,0,17,0,0,0,0,0,0,0,0,0,0,0,3,3,56
6643,6643,0,0,76,12,-56,8,1,3,1667,0,0,-20,-46,302,71,0,0,0,0,0,0,0,0,0,0,17,0,0,0,0,0,0,0,0,0,0,0,3,3,25
6644,6644,0,1,76,12,-56,8,0,3,1664,0,0,-20,112,302,69,0,0,0,0,0,0,0,0,0,0,18,0,0,0,0,0,0,0,0,0,0,0,3,3,2
6645,6645,0,0,-93,3,8,8,0,3,1554,0,0,-11,126,412,69,0,0,0,0,0,0,0,0,0,0,18,0,0,0,0,0,0,0,0,0,0,0,3,3,6
6646,6646,0,1,-93,3,8,8,0,3,1614,0,0,-28,54,462,68,0,0,0,0,0,0,0,0,0,0,19,0,0,0,0,0,0,0,0,0,0,0,3,3,7
6647,6647,0,0,98,2,-60,4,0,3,1387,0,0,-40,-36,483,66,0,0,0,0,0,0,0,0,0,0,20,0,0,0,0,0,0,0,0,0,0,0,3,3,4
6648,6648,0,1,98,2,-60,4,0,3,512,0,0,-28,-88,355,63,0,0,0,0,0,0,0,0,0,0,21,0,0,0,0,0,0,0,0,0,0,0,3,3,3
6649,6649,0,0,-70,-6,22,-10,0,3,524,0,0,14,-58,471,60,0,0,0,0,0,0,0,0,0,0,22,0,0,0,0,0,0,0,0,0,0,0,3,3,5
6650,6650,0,1,-70,-6,22,-10,0,3,666,0,0,54,22,445,58,0,0,0,0,0,0,0,0,0,0,24,0,0,0,0,0,0,0,0,0,0,0,3,3,3
6651,6651,0,0,97,1,-83,13,1,4,1230,0,0,26,44,367,57,0,0,0,0,0,0,0,0,0,0,25,0,0,0,0,0,0,0,0,0,0,0,3,3,3
6652,6652,0,1,97,1,-83,13,0,4,1468,0,0,-45,-5,307,56,0,0,0,0,0,0,0,0,0,0,25,0,0,0,0,0,0,0,0,0,0,0,3,3,3
6653,6653,0,0,-70,-6,45,13,0,4,1604,0,0,-43,-46,367,54,0,0,0,0,0,0,0,0,0,0,27,0,0,0,0,0,0,0,0,0,0,0,3,3,2
6654,6654,0,1,-70,-6,45,13,1,4,62,0,0,31,-48,433,51,0,0,0,0,0,0,0,0,0,0,28,0,0,0,0,0,0,0,0,0,0,0,3,3,4
6655,6655,0,0,58,-6,-122,6,0,4,379,0,0,54,-30,438,48,0,0,0,0,0,0,0,0,0,0,28,0,0,0,0,0,0,0,0,0,0,0,3,3,3
6656,6656,0,1,58,-6,-122,6,0,4,1060,0,0,0,0,0,46,0,0,0,0,0,0,0,0,0,0,29,0,0,0,0,0,0,0,0,0,0,0,3,3,3
6657,6657,0,0,-26,6,104,8,0,4,0,0,0,0,0,0,43,0,0,0,0,0,0,0,0,0,0,30,0,0,0,0,0,0,0,0,0,0,0,0,3,0
6658,6658,0,1,-26,6,104,8,0,4,0,0,0,0,0,0,41,0,0,0,0,0,0,0,0,0,0,32,0,0,0,0,0,0,0,0,0,0,0,0,3,1
6659,6659,0,0,64,0,-136,-8,0,4,0,0,0,0,0,0,39,0,0,0,0,0,0,0,0,0,0,33,0,0,0,0,0,0,0,0,0,0,0,0,3,0
6660,6660,0,1,64,0,-136,-8,0,2,0,0,0,0,0,0,36,0,0,0,0,0,0,0,0,0,0,34,0,0,0,0,0,0,0,0,0,0,0,0,3,0
6661,6661,0,0,-42,-10,67,3,0,2,0,0,0,0,0,0,33,0,0,0,0,0,0,0,0,0,0,34,0,0,0,0,0,0,0,0,0,0,0,0,3,0
6662,6662,0,1,-42,-10,67,3,0,2,0,0,0,0,0,0,31,0,0,0,0,0,0,0,0,0,0,35,0,0,0,0,0,0,0,0,0,0,0,0,3,0
6663,6663,0,0,68,4,-60,4,0,2,0,0,0,0,0,0,29,0,0,0,0,0,0,0,0,0,0,36,0,0,0,0,0,0,0,0,0,0,0,0,3,1
6664,6664,0,1,68,4,-60,4,0,2,0,0,0,0,0,0,27,0,0,0,0,0,0,0,0,0,0,37,0,0,0,0,0,0,0,0,0,0,0,0,3,1
6665,6665,0,0,-52,12,35,3,0,2,0,0,0,0,0,0,25,0,0,0,0,0,0,0,0,0,0,37,0,0,0,0,0,0,0,0,0,0,0,0,3,1
6666,6666,0,1,-52,12,35,3,0,0,0,0,0,0,0,0,22,0,0,0,0,0,0,0,0,0,0,37,0,0,0,0,0,0,0,0,0,0,0,0,3,1
6667,6667,0,0,160,0,-74,-10,0,0,0,0,0,0,0,0,19,0,0,0,0,0,0,0,0,0,0,37,0,0,0,0,0,0,0,0,0,0,0,0,3,2
6668,6668,0,1,160,0,-74,-10,0,0,0,0,0,0,0,0,17,0,0,0,0,0,0,0,0,0,0,38,0,0,0,0,0,0,0,0,0,0,0,0,3,2
6669,6669,0,0,-150,10,12,12,0,0,0,0,0,0,0,0,15,0,0,0,0,0,0,0,0,0,0,37,0,0,0,0,0,0,0,0,0,0,0,0,3,0
6670,6670,0,1,-150,10,12,12,0,0,0,0,0,0,0,0,14,0,0,0,0,0,0,0,0,0,0,37,0,0,0,0,0,0,0,0,0,0,0,0,3,0
6671,6671,0,0,152,-8,-49,15,0,0,0,0,0,0,0,0,12,0,0,0,0,0,0,0,0,0,0,37,0,0,0,0,0,0,0,0,0,0,0,0,3,3
6672,6672,0,1,152,-8,-49,15,0,0,0,0,0,0,0,0,9,0,0,0,0,0,0,0,0,0,0,37,0,0,0,0,0,0,0,0,0,0,0,0,3,3
6673,6673,0,0,-214,10,-121,7,0,0,0,0,0,0,0,0,7,0,0,0,0,0,0,0,0,0,0,37,0,0,0,0,0,0,0,0,0,0,0,0,3,0
6674,6674,0,1,-214,10,-121,7,0,0,0,0,0,0,0,0,4,0,0,0,0,0,0,0,0,0,0,36,0,0,0,0,0,0,0,0,0,0,0,0,3,1
6675,6675,0,0,150,-10,99,3,0,0,0,0,0,0,0,0,2,0,0,0,0,0,0,0,0,0,0,36,0,0,0,0,0,0,0,0,0,0,0,0,3,3
6676,6676,0,1,150,-10,99,3,0,0,0,0,0,0,0,0,2,0,0,0,0,0,0,0,0,0,0,35,0,0,0,0,0,0,0,0,0,0,0,0,3,2
6677,6677,0,0,-105,-9,-129,-1,0,0,0,0,0,0,0,0,2,0,0,0,0,0,0,0,0,0,0,33,0,0,0,0,0,0,0,0,0,0,0,0,3,1
6678,6678,0,1,-105,-9,-129,-1,0,0,0,0,0,0,0,0,1,0,0,0,0,0,0,0,0,0,0,31,0,0,0,0,0,0,0,0,0,0,0,0,3,0
6679,6679,0,0,137,9,68,4,0,0,0,0,0,0,0,0,1,0,0,0,0,0,0,0,0,0,0,29,0,0,0,0,0,0,0,0,0,0,0,0,3,3
6680,6680,0,1,137,9,68,4,0,0,0,0,0,0,0,0,1,0,0,0,0,0,0,0,0,0,0,27,0,0,0,0,0,0,0,0,0,0,0,0,3,3
6681,6681,0,0,-81,15,-99,-3,0,0,0,0,0,0,0,0,1,0,0,0,0,0,0,0,0,0,0,25,0,0,0,0,0,0,0,0,0,0,0,0,3,0
6682,6682,0,1,-81,15,-99,-3,0,0,0,0,0,0,0,0,1,0,0,0,0,0,0,0,0,0,0,23,0,0,0,0,0,0,0,0,0,0,0,0,3,0
6683,6683,0,0,58,-6,93,-3,0,0,0,0,0,0,0,0,1,0,0,0,0,0,0,0,0,0,0,22,0,0,0,0,0,0,0,0,0,0,0,0,3,1
6684,6684,0,1,58,-6,93,-3,0,0,0,0,0,0,0,0,1,0,0,0,0,0,0,0,0,0,0,20,0,0,0,0,0,0,0,0,0,0,0,0,3,1
6685,6685,0,0,26,-6,-141,-13,0,0,0,0,0,0,0,0,1,0,0,0,0,0,0,0,0,0,0,18,0,0,0,0,0,0,0,0,0,0,0,0,3,0
6686,6686,0,1,26,-6,-141,-13,0,0,0,0,0,0,0,0,1,0,0,0,0,0,0,0,0,0,0,17,0,0,0,0,0,0,0,0,0,0,0,0,3,1
6687,6687,0,0,-13,-13,126,-2,0,0,0,0,0,0,0,0,1,0,0,0,0,0,0,0,0,0,0,15,0,0,0,0,0,0,0,0,0,0,0,0,3,4
6688,6688,0,1,-13,-13,126,-2,0,0,0,0,0,0,0,0,1,0,0,0,0,0,0,0,0,0,0,14,0,0,0,0,0,0,0,0,0,0,0,0,3,4
6689,6689,0,0,40,8,-153,7,0,0,0,0,0,0,0,0,1,0,0,0,0,0,0,0,0,0,0,13,0,0,0,0,0,0,0,0,0,0,0,0,3,2
6690,6690,0,1,40,8,-153,7,0,0,0,0,0,0,0,0,1,0,0,0,0,0,0,0,0,0,0,11,0,0,0,0,0,0,0,0,0,0,0,0,3,2
6691,6691,0,0,7,7,101,5,0,0,0,0,0,0,0,0,1,0,0,0,0,0,0,0,0,0,0,10,0,0,0,0,0,0,0,0,0,0,0,0,3,3
6692,6692,0,1,7,7,101,5,0,0,0,0,0,0,0,0,1,0,0,0,0,0,0,0,0,0,0,9,0,0,0,0,0,0,0,0,0,0,0,0,3,4
6693,6693,0,0,11,11,-119,9,0,0,0,0,0,0,0,0,1,0,0,0,0,0,0,0,0,0,0,8,0,0,0,0,0,0,0,0,0,0,0,0,3,6
6694,6694,0,1,11,11,-119,9,0,0,0,0,0,0,0,0,1,0,0,0,0,0,0,0,0,0,0,7,0,0,0,0,0,0,0,0,0,0,0,0,3,4
6695,6695,0,0,47,15,65,1,0,0,0,0,0,0,0,0,1,0,0,0,0,0,0,0,0,0,0,6,0,0,0,0,0,0,0,0,0,0,0,0,3,1
6696,6696,0,1,47,15,65,1,0,0,0,0,0,0,0,0,1,0,0,0,0,0,0,0,0,0,0,5,0,0,0,0,0,0,0,0,0,0,0,0,3,2
6697,6697,0,0,-28,4,-97,-1,0,0,0,0,0,0,0,0,1,0,0,0,0,0,0,0,0,0,0,5,0,0,0,0,0,0,0,0,0,0,0,0,3,2
6698,6698,0,1,-28,4,-97,-1,0,0,0,0,0,0,0,0,1,0,0,0,0,0,0,0,0,0,0,4,0,0,0,0,0,0,0,0,0,0,0,0,3,3
6699,6699,0,0,58,-6,95,-1,0,0,0,0,0,0,0,0,1,0,0,0,0,0,0,0,0,0,0,3,0,0,0,0,0,0,0,0,0,0,0,0,3,2
6700,6700,0,1,58,-6,95,-1,0,0,0,0,0,0,0,0,1,0,0,0,0,0,0,0,0,0,0,3,0,0,0,0,0,0,0,0,0,0,0,0,3,3
6701,6701,0,0,-27,5,-165,-5,0,0,0,0,0,0,0,0,2,0,0,0,0,0,0,0,0,0,0,2,0,0,0,0,0,0,0,0,0,0,0,0,3,2
6702,6702,0,1,-27,5,-165,-5,0,0,0,0,0,0,0,0,2,0,0,0,0,0,0,0,0,0,0,2,0,0,0,0,0,0,0,0,0,0,0,0,3,1
6703,6703,0,0,23,-9,142,14,0,0,0,0,0,0,0,0,2,0,0,0,0,0,0,0,0,0,0,2,0,0,0,0,0,0,0,0,0,0,0,0,3,1
6704,6704,0,1,23,-9,142,14,0,0,0,0,0,0,0,0,2,0,0,0,0,0,0,0,0,0,0,1,0,0,0,0,0,0,0,0,0,0,0,0,3,2
6705,6705,0,0,52,-12,-123,5,0,0,0,0,0,0,0,0,2,0,0,0,0,0,0,0,0,0,0,1,0,0,0,0,0,0,0,0,0,0,0,0,3,4
6706,6706,0,1,52,-12,-123,5,0,0,0,0,0,0,0,0,2,0,0,0,0,0,0,0,0,0,0,1,0,0,0,0,0,0,0,0,0,0,0,0,3,2
6707,6707,0,0,-92,4,-1,-1,0,0,0,0,0,0,0,0,2,0,0,0,0,0,0,0,0,0,0,1,0,0,0,0,0,0,0,0,0,0,0,0,3,1
6708,6708,0,1,-92,4,-1,-1,0,0,0,0,0,0,0,0,2,0,0,0,0,0,0,0,0,0,0,1,0,0,0,0,0,0,0,0,0,0,0,0,3,1
6709,6709,0,0,179,-13,33,1,0,0,0,0,0,0,0,0,2,0,0,0,0,0,0,0,0,0,0,1,0,0,0,0,0,0,0,0,0,0,0,0,3,3
6710,6710,0,1,179,-13,33,1,0,0,0,0,0,0,0,0,2,0,0,0,0,0,0,0,0,0,0,1,0,0,0,0,0,0,0,0,0,0,0,0,3,3
6711,6711,0,0,-174,-14,-95,1,0,0,0,0,0,0,0,0,2,0,0,0,0,0,0,0,0,0,0,1,0,0,0,0,0,0,0,0,0,0,0,0,3,1
6712,6712,0,1,-174,-14,-95,1,0,0,0,0,0,0,0,0,2,0,0,0,0,0,0,0,0,0,0,1,0,0,0,0,0,0,0,0,0,0,0,0,3,1
6713,6713,0,0,204,12,82,-14,0,0,0,0,0,0,0,0,2,0,0,0,0,0,0,0,0,0,0,1,0,0,0,0,0,0,0,0,0,0,0,0,3,2
6714,6714,0,1,204,12,82,-14,0,0,0,0,0,0,0,0,2,0,0,0,0,0,0,0,0,0,0,1,0,0,0,0,0,0,0,0,0,0,0,0,3,2
6715,6715,0,0,-141,-13,-102,-6,0,0,0,0,0,0,0,0,2,0,0,0,0,0,0,0,0,0,0,1,0,0,0,0,0,0,0,0,0,0,0,0,3,1
6716,6716,0,1,-141,-13,-102,-6,0,0,0,0,0,0,0,0,2,0,0,0,0,0,0,0,0,0,0,1,0,0,0,0,0,0,0,0,0,0,0,0,3,1
6717,6717,0,0,130,2,81,-15,0,0,0,0,0,0,0,0,2,0,0,0,0,0,0,0,0,0,0,1,0,0,0,0,0,0,0,0,0,0,0,0,3,2
6718,6718,0,1,130,2,81,-15,0,0,0,0,0,0,0,0,2,0,0,0,0,0,0,0,0,0,0,1,0,0,0,0,0,0,0,0,0,0,0,0,3,1
6719,6719,0,0,-76,-12,-98,-2,0,0,0,0,0,0,0,0,2,0,0,0,0,0,0,0,0,0,0,1,0,0,0,0,0,0,0,0,0,0,0,0,3,1
6720,6720,0,1,-76,-12,-98,-2,0,0,0,0,0,0,0,0,2,0,0,0,0,0,0,0,0,0,0,1,0,0,0,0,0,0,0,0,0,0,0,0,3,1
6721,6721,0,0,63,-1,24,-8,0,0,0,0,0,0,0,0,2,0,0,0,0,0,0,0,0,0,0,1,0,0,0,0,0,0,0,0,0,0,0,0,3,4
6722,6722,0,1,63,-1,24,-8,0,0,0,0,0,0,0,0,2,0,0,0,0,0,0,0,0,0,0,1,0,0,0,0,0,0,0,0,0,0,0,0,3,3
6723,6723,0,0,25,-7,-11,-11,0,0,0,0,0,0,0,0,2,0,0,0,0,0,0,0,0,0,0,1,0,0,0,0,0,0,0,0,0,0,0,0,3,1
6724,6724,0,1,25,-7,-11,-11,0,0,0,0,0,0,0,0,2,0,0,0,0,0,0,0,0,0,0,1,0,0,0,0,0,0,0,0,0,0,0,0,3,2
6725,6725,0,0,-55,9,-4,-4,0,0,0,0,0,0,0,0,2,0,0,0,0,0,0,0,0,0,0,1,0,0,0,0,0,0,0,0,0,0,0,0,3,3
6726,6726,0,1,-55,9,-4,-4,0,0,0,0,0,0,0,0,1,0,0,0,0,0,0,0,0,0,0,0,0,0,0,0,0,0,0,0,0,0,0,0,3,4
6727,6727,0,0,98,2,-45,-13,0,0,0,0,0,0,0,0,1,0,0,0,0,0,0,0,0,0,0,0,0,0,0,0,0,0,0,0,0,0,0,0,3,2
6728,6728,0,1,98,2,-45,-13,0,0,0,0,0,0,0,0,2,0,0,0,0,0,0,0,0,0,0,0,0,0,0,0,0,0,0,0,0,0,0,0,3,0
6729,6729,0,0,-75,-11,101,5,0,0,0,0,0,0,0,0,1,0,0,0,0,0,0,0,0,0,0,1,0,0,0,0,0,0,0,0,0,0,0,0,3,4
6730,6730,0,1,-75,-11,101,5,0,0,0,0,0,0,0,0,2,0,0,0,0,0,0,0,0,0,0,1,0,0,0,0,0,0,0,0,0,0,0,0,3,3
6731,6731,0,0,44,12,-179,13,0,0,0,0,0,0,0,0,2,0,0,0,0,0,0,0,0,0,0,1,0,0,0,0,0,0,0,0,0,0,0,0,3,3
6732,6732,0,1,44,12,-179,13,0,0,0,0,0,0,0,0,2,0,0,0,0,0,0,0,0,0,0,1,0,0,0,0,0,0,0,0,0,0,0,0,3,2
6733,6733,0,0,26,-6,170,10,0,0,0,0,0,0,0,0,2,0,0,0,0,0,0,0,0,0,0,0,0,0,0,0,0,0,0,0,0,0,0,0,3,4
6734,6734,0,1,26,-6,170,10,0,0,0,0,0,0,0,0,2,0,0,0,0,0,0,0,0,0,0,1,0,0,0,0,0,0,0,0,0,0,0,0,3,4
6735,6735,0,0,-37,-5,-168,-8,0,0,0,0,0,0,0,0,2,0,0,0,0,0,0,0,0,0,0,1,0,0,0,0,0,0,0,0,0,0,0,0,3,2
6736,6736,0,1,-37,-5,-168,-8,0,0,0,0,0,0,0,0,2,0,0,0,0,0,0,0,0,0,0,1,0,0,0,0,0,0,0,0,0,0,0,0,3,3
6737,6737,0,0,53,-11,74,10,0,0,0,0,0,0,0,0,2,0,0,0,0,0,0,0,0,0,0,1,0,0,0,0,0,0,0,0,0,0,0,0,3,2
6738,6738,0,1,53,-11,74,10,0,0,0,0,0,0,0,0,2,0,0,0,0,0,0,0,0,0,0,1,0,0,0,0,0,0,0,0,0,0,0,0,3,3
6739,6739,0,0,-33,-1,-68,-4,0,0,0,0,0,0,0,0,2,0,0,0,0,0,0,0,0,0,0,1,0,0,0,0,0,0,0,0,0,0,0,0,3,2
6740,6740,0,1,-33,-1,-68,-4,0,0,0,0,0,0,0,0,2,0,0,0,0,0,0,0,0,0,0,1,0,0,0,0,0,0,0,0,0,0,0,0,3,3
6741,6741,0,0,29,-3,-26,6,0,0,0,0,0,0,0,0,2,0,0,0,0,0,0,0,0,0,0,1,0,0,0,0,0,0,0,0,0,0,0,0,3,1
6742,6742,0,1,29,-3,-26,6,0,0,0,0,0,0,0,0,2,0,0,0,0,0,0,0,0,0,0,1,0,0,0,0,0,0,0,0,0,0,0,0,3,2
6743,6743,0,0,-8,-8,41,9,0,0,0,0,0,0,0,0,2,0,0,0,0,0,0,0,0,0,0,0,0,0,0,0,0,0,0,0,0,0,0,0,3,1
6744,6744,0,1,-8,-8,41,9,0,0,0,0,0,0,0,0,2,0,0,0,0,0,0,0,0,0,0,0,0,0,0,0,0,0,0,0,0,0,0,0,3,0
6745,6745,0,0,20,-12,-98,-2,0,0,0,0,0,0,0,0,2,0,0,0,0,0,0,0,0,0,0,1,0,0,0,0,0,0,0,0,0,0,0,0,3,1
6746,6746,0,1,20,-12,-98,-2,0,0,0,0,0,0,0,0,2,0,0,0,0,0,0,0,0,0,0,1,0,0,0,0,0,0,0,0,0,0,0,0,3,1
6747,6747,0,0,49,-15,70,6,0,0,0,0,0,0,0,0,2,0,0,0,0,0,0,0,0,0,0,1,0,0,0,0,0,0,0,0,0,0,0,0,3,2
6748,6748,0,1,49,-15,70,6,0,0,0,0,0,0,0,0,2,0,0,0,0,0,0,0,0,0,0,1,0,0,0,0,0,0,0,0,0,0,0,0,3,2
6749,6749,0,0,-65,-1,-87,9,0,0,0,0,0,0,0,0,2,0,0,0,0,0,0,0,0,0,0,1,0,0,0,0,0,0,0,0,0,0,0,0,3,2
6750,6750,0,1,-65,-1,-87,9,0,0,0,0,0,0,0,0,2,0,0,0,0,0,0,0,0,0,0,1,0,0,0,0,0,0,0,0,0,0,0,0,3,1
6751,6751,0,0,146,-14,46,14,0,0,0,0,0,0,0,0,2,0,0,0,0,0,0,0,0,0,0,1,0,0,0,0,0,0,0,0,0,0,0,0,3,4
6752,6752,0,1,146,-14,46,14,0,0,0,0,0,0,0,0,2,0,0,0,0,0,0,0,0,0,0,1,0,0,0,0,0,0,0,0,0,0,0,0,3,3
6753,6753,0,0,-147,13,-95,1,0,0,0,0,0,0,0,0,2,0,0,0,0,0,0,0,0,0,0,1,0,0,0,0,0,0,0,0,0,0,0,0,3,2
6754,6754,0,1,-147,13,-95,1,0,0,0,0,0,0,0,0,2,0,0,0,0,0,0,0,0,0,0,0,0,0,0,0,0,0,0,0,0,0,0,0,3,2
6755,6755,0,0,194,2,51,-13,0,0,0,0,0,0,0,0,2,0,0,0,0,0,0,0,0,0,0,0,0,0,0,0,0,0,0,0,0,0,0,0,3,2
6756,6756,0,1,194,2,51,-13,0,0,0,0,0,0,0,0,2,0,0,0,0,0,0,0,0,0,0,0,0,0,0,0,0,0,0,0,0,0,0,0,3,4
6757,6757,0,0,-167,-7,-33,-1,0,0,0,0,0,0,0,0,2,0,0,0,0,0,0,0,0,0,0,0,0,0,0,0,0,0,0,0,0,0,0,0,3,1
6758,6758,0,1,-167,-7,-33,-1,0,0,0,0,0,0,0,0,2,0,0,0,0,0,0,0,0,0,0,0,0,0,0,0,0,0,0,0,0,0,0,0,3,1
6759,6759,0,0,150,-10,-82,14,0,0,0,0,0,0,0,0,2,0,0,0,0,0,0,0,0,0,0,0,0,0,0,0,0,0,0,0,0,0,0,0,3,1
6760,6760,0,1,150,-10,-82,14,0,0,0,0,0,0,0,0,2,0,0,0,0,0,0,0,0,0,0,0,0,0,0,0,0,0,0,0,0,0,0,0,3,2
6761,6761,0,0,-117,11,132,4,0,0,0,0,0,0,0,0,2,0,0,0,0,0,0,0,0,0,0,0,0,0,0,0,0,0,0,0,0,0,0,0,3,2
6762,6762,0,1,-117,11,132,4,0,0,0,0,0,0,0,0,2,0,0,0,0,0,0,0,0,0,0,0,0,0,0,0,0,0,0,0,0,0,0,0,3,0
6763,6763,0,0,138,10,-204,-12,0,0,0,0,0,0,0,0,2,0,0,0,0,0,0,0,0,0,0,0,0,0,0,0,0,0,0,0,0,0,0,0,3,0
6764,6764,0,1,138,10,-204,-12,0,0,0,0,0,0,0,0,1,0,0,0,0,0,0,0,0,0,0,0,0,0,0,0,0,0,0,0,0,0,0,0,3,0
6765,6765,0,0,-100,-4,161,1,0,0,0,0,0,0,0,0,1,0,0,0,0,0,0,0,0,0,0,0,0,0,0,0,0,0,0,0,0,0,0,0,3,2
6766,6766,0,1,-100,-4,161,1,0,0,0,0,0,0,0,0,1,0,0,0,0,0,0,0,0,0,0,0,0,0,0,0,0,0,0,0,0,0,0,0,3,2
6767,6767,0,0,60,-4,-171,-11,0,0,0,0,0,0,0,0,1,0,0,0,0,0,0,0,0,0,0,0,0,0,0,0,0,0,0,0,0,0,0,0,3,2
6768,6768,0,1,60,-4,-171,-11,0,0,0,0,0,0,0,0,1,0,0,0,0,0,0,0,0,0,0,0,0,0,0,0,0,0,0,0,0,0,0,0,3,0
6769,6769,0,0,64,0,60,-4,0,0,0,0,0,0,0,0,1,0,0,0,0,0,0,0,0,0,0,0,0,0,0,0,0,0,0,0,0,0,0,0,3,1
6770,6770,0,1,64,0,60,-4,0,0,0,0,0,0,0,0,1,0,0,0,0,0,0,0,0,0,0,0,0,0,0,0,0,0,0,0,0,0,0,0,3,2
6771,6771,0,0,-81,15,-33,-1,0,0,0,0,0,0,0,0,1,0,0,0,0,0,0,0,0,0,0,0,0,0,0,0,0,0,0,0,0,0,0,0,3,3
6772,6772,0,1,-81,15,-33,-1,0,0,0,0,0,0,0,0,1,0,0,0,0,0,0,0,0,0,0,0,0,0,0,0,0,0,0,0,0,0,0,0,3,2
6773,6773,0,0,85,-11,-75,-11,0,0,0,0,0,0,0,0,1,0,0,0,0,0,0,0,0,0,0,0,0,0,0,0,0,0,0,0,0,0,0,0,3,3
6774,6774,0,1,85,-11,-75,-11,0,0,0,0,0,0,0,0,1,0,0,0,0,0,0,0,0,0,0,0,0,0,0,0,0,0,0,0,0,0,0,0,3,2
6775,6775,0,0,-41,-9,47,15,0,0,0,0,0,0,0,0,1,0,0,0,0,0,0,0,0,0,0,0,0,0,0,0,0,0,0,0,0,0,0,0,3,4
6776,6776,0,1,-41,-9,47,15,0,0,0,0,0,0,0,0,1,0,0,0,0,0,0,0,0,0,0,1,0,0,0,0,0,0,0,0,0,0,0,0,3,3
6777,6777,0,0,74,10,-60,4,0,0,0,0,0,0,0,0,1,0,0,0,0,0,0,0,0,0,0,1,0,0,0,0,0,0,0,0,0,0,0,0,3,2
6778,6778,0,1,74,10,-60,4,0,0,0,0,0,0,0,0,1,0,0,0,0,0,0,0,0,0,0,1,0,0,0,0,0,0,0,0,0,0,0,0,3,3
6779,6779,0,0,-55,9,-32,0,0,0,0,0,0,0,0,0,1,0,0,0,0,0,0,0,0,0,0,1,0,0,0,0,0,0,0,0,0,0,0,0,3,4
6780,6780,0,1,-55,9,-32,0,0,0,0,0,0,0,0,0,2,0,0,0,0,0,0,0,0,0,0,1,0,0,0,0,0,0,0,0,0,0,0,0,3,2
6781,6781,0,0,85,-11,43,11,0,0,0,0,0,0,0,0,2,0,0,0,0,0,0,0,0,0,0,1,0,0,0,0,0,0,0,0,0,0,0,0,3,2
6782,6782,0,1,85,-11,43,11,0,0,0,0,0,0,0,0,2,0,0,0,0,0,0,0,0,0,0,1,0,0,0,0,0,0,0,0,0,0,0,0,3,1
6783,6783,0,0,-74,-10,-74,-10,0,0,0,0,0,0,0,0,2,0,0,0,0,0,0,0,0,0,0,1,0,0,0,0,0,0,0,0,0,0,0,0,3,4
6784,6784,0,1,-74,-10,-74,-10,0,0,0,0,0,0,0,0,2,0,0,0,0,0,0,0,0,0,0,1,0,0,0,0,0,0,0,0,0,0,0,0,3,4
6785,6785,0,0,81,-15,7,7,0,0,0,0,0,0,0,0,2,0,0,0,0,0,0,0,0,0,0,1,0,0,0,0,0,0,0,0,0,0,0,0,3,1
6786,6786,0,1,81,-15,7,7,0,0,0,0,0,0,0,0,2,0,0,0,0,0,0,0,0,0,0,1,0,0,0,0,0,0,0,0,0,0,0,0,3,3
6787,6787,0,0,3,3,-14,-14,0,0,0,0,0,0,0,0,2,0,0,0,0,0,0,0,0,0,0,1,0,0,0,0,0,0,0,0,0,0,0,0,3,3
6788,6788,0,1,3,3,-14,-14,0,0,0,0,0,0,0,0,2,0,0,0,0,0,0,0,0,0,0,1,0,0,0,0,0,0,0,0,0,0,0,0,3,5
6789,6789,0,0,-19,13,-57,7,0,0,0,0,0,0,0,0,2,0,0,0,0,0,0,0,0,0,0,1,0,0,0,0,0,0,0,0,0,0,0,0,3,3
6790,6790,0,1,-19,13,-57,7,0,0,0,0,0,0,0,0,2,0,0,0,0,0,0,0,0,0,0,1,0,0,0,0,0,0,0,0,0,0,0,0,3,1
6791,6791,0,0,111,15,32,0,0,0,0,0,0,0,0,0,2,0,0,0,0,0,0,0,0,0,0,1,0,0,0,0,0,0,0,0,0,0,0,0,3,1
6792,6792,0,1,111,15,32,0,0,0,0,0,0,0,0,0,2,0,0,0,0,0,0,0,0,0,0,1,0,0,0,0,0,0,0,0,0,0,0,0,3,2
6793,6793,0,0,-102,-6,-99,-3,0,0,0,0,0,0,0,0,2,0,0,0,0,0,0,0,0,0,0,1,0,0,0,0,0,0,0,0,0,0,0,0,3,3
6794,6794,0,1,-102,-6,-99,-3,0,0,0,0,0,0,0,0,2,0,0,0,0,0,0,0,0,0,0,1,0,0,0,0,0,0,0,0,0,0,0,0,3,3
6795,6795,0,0,110,14,48,-16,0,0,0,0,0,0,0,0,2,0,0,0,0,0,0,0,0,0,0,1,0,0,0,0,0,0,0,0,0,0,0,0,3,0
6796,6796,0,1,110,14,48,-16,0,0,0,0,0,0,0,0,2,0,0,0,0,0,0,0,0,0,0,1,0,0,0,0,0,0,0,0,0,0,0,0,3,0
6797,6797,0,0,-60,4,-89,7,0,0,0,0,0,0,0,0,2,0,0,0,0,0,0,0,0,0,0,1,0,0,0,0,0,0,0,0,0,0,0,0,3,1
6798,6798,0,1,-60,4,-89,7,0,0,0,0,0,0,0,0,2,0,0,0,0,0,0,0,0,0,0,1,0,0,0,0,0,0,0,0,0,0,0,0,3,2
6799,6799,0,0,109,13,53,-11,0,0,0,0,0,0,0,0,2,0,0,0,0,0,0,0,0,0,0,1,0,0,0,0,0,0,0,0,0,0,0,0,3,2
6800,6800,0,1,109,13,53,-11,0,0,0,0,0,0,0,0,2,0,0,0,0,0,0,0,0,0,0,1,0,0,0,0,0,0,0,0,0,0,0,0,3,0
6801,6801,0,0,-116,12,-101,-5,0,0,0,0,0,0,0,0,2,0,0,0,0,0,0,0,0,0,0,1,0,0,0,0,0,0,0,0,0,0,0,0,3,1
6802,6802,0,1,-116,12,-101,-5,0,0,0,0,0,0,0,0,2,0,0,0,0,0,0,0,0,0,0,1,0,0,0,0,0,0,0,0,0,0,0,0,3,1
6803,6803,0,0,152,-8,80,-16,0,0,0,0,0,0,0,0,2,0,0,0,0,0,0,0,0,0,0,1,0,0,0,0,0,0,0,0,0,0,0,0,3,2
6804,6804,0,1,152,-8,80,-16,0,0,0,0,0,0,0,0,2,0,0,0,0,0,0,0,0,0,0,1,0,0,0,0,0,0,0,0,0,0,0,0,3,2
6805,6805,0,0,-133,-5,-116,12,0,0,0,0,0,0,0,0,2,0,0,0,0,0,0,0,0,0,0,1,0,0,0,0,0,0,0,0,0,0,0,0,3,1
6806,6806,0,1,-133,-5,-116,12,0,0,0,0,0,0,0,0,2,0,0,0,0,0,0,0,0,0,0,1,0,0,0,0,0,0,0,0,0,0,0,0,3,2
6807,6807,0,0,140,12,57,-7,0,0,0,0,0,0,0,0,2,0,0,0,0,0,0,0,0,0,0,1,0,0,0,0,0,0,0,0,0,0,0,0,3,1
6808,6808,0,1,140,12,57,-7,0,0,0,0,0,0,0,0,2,0,0,0,0,0,0,0,0,0,0,1,0,0,0,0,0,0,0,0,0,0,0,0,3,1
6809,6809,0,0,-74,-10,-62,2,0,0,0,0,0,0,0,0,1,0,0,0,0,0,0,0,0,0,0,1,0,0,0,0,0,0,0,0,0,0,0,0,3,2
6810,6810,0,1,-74,-10,-62,2,0,0,0,0,0,0,0,0,1,0,0,0,0,0,0,0,0,0,0,1,0,0,0,0,0,0,0,0,0,0,0,0,3,1
6811,6811,0,0,47,15,-2,-2,0,0,0,0,0,0,0,0,1,0,0,0,0,0,0,0,0,0,0,1,0,0,0,0,0,0,0,0,0,0,0,0,3,3
6812,6812,0,1,47,15,-2,-2,0,0,0,0,0,0,0,0,1,0,0,0,0,0,0,0,0,0,0,0,0,0,0,0,0,0,0,0,0,0,0,0,3,2
6813,6813,0,0,39,7,-13,-13,0,0,0,0,0,0,0,0,1,0,0,0,0,0,0,0,0,0,0,1,0,0,0,0,0,0,0,0,0,0,0,0,3,3
6814,6814,0,1,39,7,-13,-13,0,0,0,0,0,0,0,0,1,0,0,0,0,0,0,0,0,0,0,1,0,0,0,0,0,0,0,0,0,0,0,0,3,2
6815,6815,0,0,-51,13,-31,1,0,0,0,0,0,0,0,0,1,0,0,0,0,0,0,0,0,0,0,1,0,0,0,0,0,0,0,0,0,0,0,0,3,2
6816,6816,0,1,-51,13,-31,1,0,0,0,0,0,0,0,0,1,0,0,0,0,0,0,0,0,0,0,1,0,0,0,0,0,0,0,0,0,0,0,0,3,2
6817,6817,0,0,94,-2,4,4,0,0,0,0,0,0,0,0,1,0,0,0,0,0,0,0,0,0,0,1,0,0,0,0,0,0,0,0,0,0,0,0,3,2
6818,6818,0,1,94,-2,4,4,0,0,0,0,0,0,0,0,1,0,0,0,0,0,0,0,0,0,0,1,0,0,0,0,0,0,0,0,0,0,0,0,3,2
6819,6819,0,0,-46,-14,-18,14,0,0,0,0,0,0,0,0,1,0,0,0,0,0,0,0,0,0,0,1,0,0,0,0,0,0,0,0,0,0,0,0,3,2
6820,6820,0,1,-46,-14,-18,14,0,0,0,0,0,0,0,0,1,0,0,0,0,0,0,0,0,0,0,1,0,0,0,0,0,0,0,0,0,0,0,0,3,1
6821,6821,0,0,66,2,-41,-9,0,0,0,0,0,0,0,0,1,0,0,0,0,0,0,0,0,0,0,0,0,0,0,0,0,0,0,0,0,0,0,0,3,2
6822,6822,0,1,66,2,-41,-9,0,0,0,0,0,0,0,0,1,0,0,0,0,0,0,0,0,0,0,0,0,0,0,0,0,0,0,0,0,0,0,0,3,2
6823,6823,0,0,-46,-14,53,-11,0,0,0,0,0,0,0,0,1,0,0,0,0,0,0,0,0,0,0,0,0,0,0,0,0,0,0,0,0,0,0,0,3,3
6824,6824,0,1,-46,-14,53,-11,0,0,0,0,0,0,0,0,1,0,0,0,0,0,0,0,0,0,0,0,0,0,0,0,0,0,0,0,0,0,0,0,3,2
6825,6825,0,0,113,-15,-95,1,0,0,0,0,0,0,0,0,1,0,0,0,0,0,0,0,0,0,0,0,0,0,0,0,0,0,0,0,0,0,0,0,3,2
6826,6826,0,1,113,-15,-95,1,0,0,0,0,0,0,0,0,1,0,0,0,0,0,0,0,0,0,0,0,0,0,0,0,0,0,0,0,0,0,0,0,3,3
6827,6827,0,0,-88,8,63,-1,0,0,0,0,0,0,0,0,1,0,0,0,0,0,0,0,0,0,0,1,0,0,0,0,0,0,0,0,0,0,0,0,3,2
6828,6828,0,1,-88,8,63,-1,0,0,0,0,0,0,0,0,1,0,0,0,0,0,0,0,0,0,0,0,0,0,0,0,0,0,0,0,0,0,0,0,3,3
6829,6829,0,0,124,-4,-70,-6,0,0,0,0,0,0,0,0,1,0,0,0,0,0,0,0,0,0,0,0,0,0,0,0,0,0,0,0,0,0,0,0,3,1
6830,6830,0,1,124,-4,-70,-6,0,0,0,0,0,0,0,0,1,0,0,0,0,0,0,0,0,0,0,0,0,0,0,0,0,0,0,0,0,0,0,0,3,2
6831,6831,0,0,-106,-10,1,1,0,0,0,0,0,0,0,0,1,0,0,0,0,0,0,0,0,0,0,0,0,0,0,0,0,0,0,0,0,0,0,0,3,1
6832,6832,0,1,-106,-10,1,1,0,0,0,0,0,0,0,0,1,0,0,0,0,0,0,0,0,0,0,0,0,0,0,0,0,0,0,0,0,0,0,0,3,2
6833,6833,0,0,87,-9,46,14,0,0,0,0,0,0,0,0,1,0,0,0,0,0,0,0,0,0,0,0,0,0,0,0,0,0,0,0,0,0,0,0,3,2
6834,6834,0,1,87,-9,46,14,0,0,0,0,0,0,0,0,1,0,0,0,0,0,0,0,0,0,0,0,0,0,0,0,0,0,0,0,0,0,0,0,3,1
6835,6835,0,0,34,2,-112,-16,0,0,0,0,0,0,0,0,1,0,0,0,0,0,0,0,0,0,0,0,0,0,0,0,0,0,0,0,0,0,0,0,3,1
6836,6836,0,1,34,2,-112,-16,0,0,0,0,0,0,0,0,1,0,0,0,0,0,0,0,0,0,0,0,0,0,0,0,0,0,0,0,0,0,0,0,3,1
6837,6837,0,0,-94,2,98,2,0,0,0,0,0,0,0,0,1,0,0,0,0,0,0,0,0,0,0,0,0,0,0,0,0,0,0,0,0,0,0,0,3,2
6838,6838,0,1,-94,2,98,2,0,0,0,0,0,0,0,0,1,0,0,0,0,0,0,0,0,0,0,0,0,0,0,0,0,0,0,0,0,0,0,0,3,2
6839,6839,0,0,180,-12,-145,15,0,0,0,0,0,0,0,0,1,0,0,0,0,0,0,0,0,0,0,0,0,0,0,0,0,0,0,0,0,0,0,0,3,0
6840,6840,0,1,180,-12,-145,15,0,0,0,0,0,0,0,0,1,0,0,0,0,0,0,0,0,0,0,0,0,0,0,0,0,0,0,0,0,0,0,0,3,1
6841,6841,0,0,-147,13,65,1,0,0,0,0,0,0,0,0,1,0,0,0,0,0,0,0,0,0,0,0,0,0,0,0,0,0,0,0,0,0,0,0,3,1
6842,6842,0,1,-147,13,65,1,0,0,0,0,0,0,0,0,1,0,0,0,0,0,0,0,0,0,0,0,0,0,0,0,0,0,0,0,0,0,0,0,3,1
6843,6843,0,0,101,5,-59,5,0,0,0,0,0,0,0,0,1,0,0,0,0,0,0,0,0,0,0,0,0,0,0,0,0,0,0,0,0,0,0,0,3,0
6844,6844,0,1,101,5,-59,5,0,0,0,0,0,0,0,0,1,0,0,0,0,0,0,0,0,0,0,0,0,0,0,0,0,0,0,0,0,0,0,0,3,0
6845,6845,0,0,-40,-8,-33,-1,0,0,0,0,0,0,0,0,1,0,0,0,0,0,0,0,0,0,0,0,0,0,0,0,0,0,0,0,0,0,0,0,3,4
6846,6846,0,1,-40,-8,-33,-1,0,0,0,0,0,0,0,0,1,0,0,0,0,0,0,0,0,0,0,0,0,0,0,0,0,0,0,0,0,0,0,0,3,3
6847,6847,0,0,38,6,26,-6,0,0,0,0,0,0,0,0,1,0,0,0,0,0,0,0,0,0,0,0,0,0,0,0,0,0,0,0,0,0,0,0,3,0
6848,6848,0,1,38,6,26,-6,0,0,0,0,0,0,0,0,1,0,0,0,0,0,0,0,0,0,0,0,0,0,0,0,0,0,0,0,0,0,0,0,3,0
6849,6849,0,0,2,2,-58,6,0,0,0,0,0,0,0,0,1,0,0,0,0,0,0,0,0,0,0,0,0,0,0,0,0,0,0,0,0,0,0,0,3,2
6850,6850,0,1,2,2,-58,6,0,0,0,0,0,0,0,0,1,0,0,0,0,0,0,0,0,0,0,0,0,0,0,0,0,0,0,0,0,0,0,0,3,3
6851,6851,0,0,40,8,20,-12,0,0,0,0,0,0,0,0,1,0,0,0,0,0,0,0,0,0,0,0,0,0,0,0,0,0,0,0,0,0,0,0,3,1
6852,6852,0,1,40,8,20,-12,0,0,0,0,0,0,0,0,1,0,0,0,0,0,0,0,0,0,0,0,0,0,0,0,0,0,0,0,0,0,0,0,3,1
6853,6853,0,0,-59,5,-53,11,0,0,0,0,0,0,0,0,1,0,0,0,0,0,0,0,0,0,0,0,0,0,0,0,0,0,0,0,0,0,0,0,3,1
6854,6854,0,1,-59,5,-53,11,0,0,0,0,0,0,0,0,1,0,0,0,0,0,0,0,0,0,0,0,0,0,0,0,0,0,0,0,0,0,0,0,3,3
6855,6855,0,0,132,4,19,-13,0,0,0,0,0,0,0,0,1,0,0,0,0,0,0,0,0,0,0,0,0,0,0,0,0,0,0,0,0,0,0,0,3,4
6856,6856,0,1,132,4,19,-13,0,0,0,0,0,0,0,0,1,0,0,0,0,0,0,0,0,0,0,0,0,0,0,0,0,0,0,0,0,0,0,0,3,2
6857,6857,0,0,-111,-15,-25,7,0,0,0,0,0,0,0,0,1,0,0,0,0,0,0,0,0,0,0,0,0,0,0,0,0,0,0,0,0,0,0,0,3,2
6858,6858,0,1,-111,-15,-25,7,0,0,0,0,0,0,0,0,1,0,0,0,0,0,0,0,0,0,0,0,0,0,0,0,0,0,0,0,0,0,0,0,3,0
6859,6859,0,0,136,8,-28,4,0,0,0,0,0,0,0,0,1,0,0,0,0,0,0,0,0,0,0,0,0,0,0,0,0,0,0,0,0,0,0,0,3,5
6860,6860,0,1,136,8,-28,4,0,0,0,0,0,0,0,0,1,0,0,0,0,0,0,0,0,0,0,1,0,0,0,0,0,0,0,0,0,0,0,0,3,5
6861,6861,0,0,-124,4,20,-12,0,0,0,0,0,0,0,0,1,0,0,0,0,0,0,0,0,0,0,1,0,0,0,0,0,0,0,0,0,0,0,0,3,1
6862,6862,0,1,-124,4,20,-12,0,0,0,0,0,0,0,0,1,0,0,0,0,0,0,0,0,0,0,1,0,0,0,0,0,0,0,0,0,0,0,0,3,3
6863,6863,0,0,170,10,-85,11,0,0,0,0,0,0,0,0,1,0,0,0,0,0,0,0,0,0,0,1,0,0,0,0,0,0,0,0,0,0,0,0,3,1
6864,6864,0,1,170,10,-85,11,0,0,0,0,0,0,0,0,1,0,0,0,0,0,0,0,0,0,0,1,0,0,0,0,0,0,0,0,0,0,0,0,3,3
6865,6865,0,0,-197,-5,71,7,0,0,0,0,0,0,0,0,1,0,0,0,0,0,0,0,0,0,0,1,0,0,0,0,0,0,0,0,0,0,0,0,3,2
6866,6866,0,1,-197,-5,71,7,0,0,0,0,0,0,0,0,1,0,0,0,0,0,0,0,0,0,0,1,0,0,0,0,0,0,0,0,0,0,0,0,3,1
6867,6867,0,0,252,-4,-45,-13,0,0,0,0,0,0,0,0,1,0,0,0,0,0,0,0,0,0,0,1,0,0,0,0,0,0,0,0,0,0,0,0,3,0
6868,6868,0,1,252,-4,-45,-13,0,0,0,0,0,0,0,0,1,0,0,0,0,0,0,0,0,0,0,1,0,0,0,0,0,0,0,0,0,0,0,0,3,1
6869,6869,0,0,-203,-11,-56,8,0,0,0,0,0,0,0,0,1,0,0,0,0,0,0,0,0,0,0,1,0,0,0,0,0,0,0,0,0,0,0,0,3,1
6870,6870,0,1,-203,-11,-56,8,0,0,0,0,0,0,0,0,1,0,0,0,0,0,0,0,0,0,0,1,0,0,0,0,0,0,0,0,0,0,0,0,3,1
6871,6871,0,0,149,-11,33,1,0,0,0,0,0,0,0,0,1,0,0,0,0,0,0,0,0,0,0,1,0,0,0,0,0,0,0,0,0,0,0,0,3,1
6872,6872,0,1,149,-11,33,1,0,0,0,0,0,0,0,0,1,0,0,0,0,0,0,0,0,0,0,1,0,0,0,0,0,0,0,0,0,0,0,0,3,0
6873,6873,0,0,-68,-4,-28,4,0,0,0,0,0,0,0,0,1,0,0,0,0,0,0,0,0,0,0,1,0,0,0,0,0,0,0,0,0,0,0,0,3,1
6874,6874,0,1,-68,-4,-28,4,0,0,0,0,0,0,0,0,1,0,0,0,0,0,0,0,0,0,0,1,0,0,0,0,0,0,0,0,0,0,0,0,3,1
6875,6875,0,0,97,1,-18,14,0,0,0,0,0,0,0,0,1,0,0,0,0,0,0,0,0,0,0,1,0,0,0,0,0,0,0,0,0,0,0,0,3,3
6876,6876,0,1,97,1,-18,14,0,0,0,0,0,0,0,0,1,0,0,0,0,0,0,0,0,0,0,1,0,0,0,0,0,0,0,0,0,0,0,0,3,2
6877,6877,0,0,-67,-3,49,-15,0,0,0,0,0,0,0,0,1,0,0,0,0,0,0,0,0,0,0,1,0,0,0,0,0,0,0,0,0,0,0,0,3,1
6878,6878,0,1,-67,-3,49,-15,0,0,0,0,0,0,0,0,1,0,0,0,0,0,0,0,0,0,0,1,0,0,0,0,0,0,0,0,0,0,0,0,3,1
6879,6879,0,0,77,13,-156,4,0,0,0,0,0,0,0,0,1,0,0,0,0,0,0,0,0,0,0,0,0,0,0,0,0,0,0,0,0,0,0,0,3,2
6880,6880,0,1,77,13,-156,4,0,0,0,0,0,0,0,0,1,0,0,0,0,0,0,0,0,0,0,0,0,0,0,0,0,0,0,0,0,0,0,0,3,2
6881,6881,0,0,-47,-15,183,-9,0,0,0,0,0,0,0,0,1,0,0,0,0,0,0,0,0,0,0,0,0,0,0,0,0,0,0,0,0,0,0,0,3,1
6882,6882,0,1,-47,-15,183,-9,0,0,0,0,0,0,0,0,1,0,0,0,0,0,0,0,0,0,0,0,0,0,0,0,0,0,0,0,0,0,0,0,3,0
6883,6883,0,0,58,-6,-230,-6,0,0,0,0,0,0,0,0,1,0,0,0,0,0,0,0,0,0,0,0,0,0,0,0,0,0,0,0,0,0,0,0,3,4
6884,6884,0,1,58,-6,-230,-6,0,0,0,0,0,0,0,0,1,0,0,0,0,0,0,0,0,0,0,1,0,0,0,0,0,0,0,0,0,0,0,0,3,2
6885,6885,0,0,-17,15,210,-14,0,0,0,0,0,0,0,0,1,0,0,0,0,0,0,0,0,0,0,1,0,0,0,0,0,0,0,0,0,0,0,0,3,3
6886,6886,0,1,-17,15,210,-14,0,0,0,0,0,0,0,0,1,0,0,0,0,0,0,0,0,0,0,1,0,0,0,0,0,0,0,0,0,0,0,0,3,2
6887,6887,0,0,14,14,-267,-11,0,0,0,0,0,0,0,0,1,0,0,0,0,0,0,0,0,0,0,1,0,0,0,0,0,0,0,0,0,0,0,0,3,5
6888,6888,0,1,14,14,-267,-11,0,0,0,0,0,0,0,0,1,0,0,0,0,0,0,0,0,0,0,1,0,0,0,0,0,0,0,0,0,0,0,0,3,5
6889,6889,0,0,68,4,211,-13,0,0,0,0,0,0,0,0,1,0,0,0,0,0,0,0,0,0,0,1,0,0,0,0,0,0,0,0,0,0,0,0,3,3
6890,6890,0,1,68,4,211,-13,0,0,0,0,0,0,0,0,1,0,0,0,0,0,0,0,0,0,0,1,0,0,0,0,0,0,0,0,0,0,0,0,3,4
6891,6891,0,0,-100,-4,-142,-14,0,0,0,0,0,0,0,0,2,0,0,0,0,0,0,0,0,0,0,1,0,0,0,0,0,0,0,0,0,0,0,0,3,1
6892,6892,0,1,-100,-4,-142,-14,0,0,0,0,0,0,0,0,1,0,0,0,0,0,0,0,0,0,0,1,0,0,0,0,0,0,0,0,0,0,0,0,3,3
6893,6893,0,0,149,-11,33,1,0,0,0,0,0,0,0,0,1,0,0,0,0,0,0,0,0,0,0,1,0,0,0,0,0,0,0,0,0,0,0,0,3,0
6894,6894,0,1,149,-11,33,1,0,0,0,0,0,0,0,0,1,0,0,0,0,0,0,0,0,0,0,1,0,0,0,0,0,0,0,0,0,0,0,0,3,1
6895,6895,0,0,-83,13,-37,-5,0,0,0,0,0,0,0,0,1,0,0,0,0,0,0,0,0,0,0,1,0,0,0,0,0,0,0,0,0,0,0,0,3,2
6896,6896,0,1,-83,13,-37,-5,0,0,0,0,0,0,0,0,1,0,0,0,0,0,0,0,0,0,0,1,0,0,0,0,0,0,0,0,0,0,0,0,3,2
6897,6897,0,0,91,-5,-15,-15,0,0,0,0,0,0,0,0,1,0,0,0,0,0,0,0,0,0,0,1,0,0,0,0,0,0,0,0,0,0,0,0,3,0
6898,6898,0,1,91,-5,-15,-15,0,0,0,0,0,0,0,0,1,0,0,0,0,0,0,0,0,0,0,1,0,0,0,0,0,0,0,0,0,0,0,0,3,1
6899,6899,0,0,-33,-1,14,14,0,0,0,0,0,0,0,0,1,0,0,0,0,0,0,0,0,0,0,1,0,0,0,0,0,0,0,0,0,0,0,0,3,4
6900,6900,0,1,-33,-1,14,14,0,0,0,0,0,0,0,0,1,0,0,0,0,0,0,0,0,0,0,1,0,0,0,0,0,0,0,0,0,0,0,0,3,2
6901,6901,0,0,46,14,-95,1,0,0,0,0,0,0,0,0,1,0,0,0,0,0,0,0,0,0,0,1,0,0,0,0,0,0,0,0,0,0,0,0,3,3
6902,6902,0,1,46,14,-95,1,0,0,0,0,0,0,0,0,1,0,0,0,0,0,0,0,0,0,0,1,0,0,0,0,0,0,0,0,0,0,0,0,3,2
6903,6903,0,0,-14,-14,80,-16,0,0,0,0,0,0,0,0,2,0,0,0,0,0,0,0,0,0,0,1,0,0,0,0,0,0,0,0,0,0,0,0,3,4
6904,6904,0,1,-14,-14,80,-16,0,0,0,0,0,0,0,0,2,0,0,0,0,0,0,0,0,0,0,1,0,0,0,0,0,0,0,0,0,0,0,0,3,4
6905,6905,0,0,29,-3,-148,12,0,0,0,0,0,0,0,0,2,0,0,0,0,0,0,0,0,0,0,1,0,0,0,0,0,0,0,0,0,0,0,0,3,2
6906,6906,0,1,29,-3,-148,12,0,0,0,0,0,0,0,0,2,0,0,0,0,0,0,0,0,0,0,1,0,0,0,0,0,0,0,0,0,0,0,0,3,2
6907,6907,0,0,-11,-11,179,-13,0,0,0,0,0,0,0,0,2,0,0,0,0,0,0,0,0,0,0,1,0,0,0,0,0,0,0,0,0,0,0,0,3,5
6908,6908,0,1,-11,-11,179,-13,0,0,0,0,0,0,0,0,2,0,0,0,0,0,0,0,0,0,0,1,0,0,0,0,0,0,0,0,0,0,0,0,3,5
6909,6909,0,0,-8,-8,-179,13,0,0,0,0,0,0,0,0,2,0,0,0,0,0,0,0,0,0,0,1,0,0,0,0,0,0,0,0,0,0,0,0,3,3
6910,6910,0,1,-8,-8,-179,13,0,0,0,0,0,0,0,0,2,0,0,0,0,0,0,0,0,0,0,1,0,0,0,0,0,0,0,0,0,0,0,0,3,4
6911,6911,0,0,75,11,78,14,0,0,0,0,0,0,0,0,2,0,0,0,0,0,0,0,0,0,0,1,0,0,0,0,0,0,0,0,0,0,0,0,3,1
6912,6912,0,1,75,11,78,14,0,0,0,0,0,0,0,0,2,0,0,0,0,0,0,0,0,0,0,1,0,0,0,0,0,0,0,0,0,0,0,0,3,4
6913,6913,0,0,-114,14,-25,7,0,0,0,0,0,0,0,0,2,0,0,0,0,0,0,0,0,0,0,1,0,0,0,0,0,0,0,0,0,0,0,0,3,3
6914,6914,0,1,-114,14,-25,7,0,0,0,0,0,0,0,0,2,0,0,0,0,0,0,0,0,0,0,1,0,0,0,0,0,0,0,0,0,0,0,0,3,3
6915,6915,0,0,195,3,-77,-13,0,0,0,0,0,0,0,0,2,0,0,0,0,0,0,0,0,0,0,1,0,0,0,0,0,0,0,0,0,0,0,0,3,0
6916,6916,0,1,195,3,-77,-13,0,0,0,0,0,0,0,0,2,0,0,0,0,0,0,0,0,0,0,1,0,0,0,0,0,0,0,0,0,0,0,0,3,1
6917,6917,0,0,-154,6,77,13,0,0,0,0,0,0,0,0,2,0,0,0,0,0,0,0,0,0,0,1,0,0,0,0,0,0,0,0,0,0,0,0,3,1
6918,6918,0,1,-154,6,77,13,0,0,0,0,0,0,0,0,2,0,0,0,0,0,0,0,0,0,0,1,0,0,0,0,0,0,0,0,0,0,0,0,3,2
6919,6919,0,0,100,4,-81,15,0,0,0,0,0,0,0,0,2,0,0,0,0,0,0,0,0,0,0,1,0,0,0,0,0,0,0,0,0,0,0,0,3,0
6920,6920,0,1,100,4,-81,15,0,0,0,0,0,0,0,0,2,0,0,0,0,0,0,0,0,0,0,1,0,0,0,0,0,0,0,0,0,0,0,0,3,1
6921,6921,0,0,-57,7,-56,8,0,0,0,0,0,0,0,0,2,0,0,0,0,0,0,0,0,0,0,1,0,0,0,0,0,0,0,0,0,0,0,0,3,3
6922,6922,0,1,-57,7,-56,8,0,0,0,0,0,0,0,0,2,0,0,0,0,0,0,0,0,0,0,1,0,0,0,0,0,0,0,0,0,0,0,0,3,2
6923,6923,0,0,112,-16,111,15,0,0,0,0,0,0,0,0,2,0,0,0,0,0,0,0,0,0,0,1,0,0,0,0,0,0,0,0,0,0,0,0,3,0
6924,6924,0,1,112,-16,111,15,0,0,0,0,0,0,0,0,2,0,0,0,0,0,0,0,0,0,0,1,0,0,0,0,0,0,0,0,0,0,0,0,3,0
6925,6925,0,0,-123,5,-161,-1,0,0,0,0,0,0,0,0,2,0,0,0,0,0,0,0,0,0,0,1,0,0,0,0,0,0,0,0,0,0,0,0,3,3
6926,6926,0,1,-123,5,-161,-1,0,0,0,0,0,0,0,0,2,0,0,0,0,0,0,0,0,0,0,1,0,0,0,0,0,0,0,0,0,0,0,0,3,1
6927,6927,0,0,143,15,107,11,0,0,0,0,0,0,0,0,2,0,0,0,0,0,0,0,0,0,0,1,0,0,0,0,0,0,0,0,0,0,0,0,3,3
6928,6928,0,1,143,15,107,11,0,0,0,0,0,0,0,0,2,0,0,0,0,0,0,0,0,0,0,1,0,0,0,0,0,0,0,0,0,0,0,0,3,2
6929,6929,0,0,-104,-8,-89,7,0,0,0,0,0,0,0,0,2,0,0,0,0,0,0,0,0,0,0,1,0,0,0,0,0,0,0,0,0,0,0,0,3,3
6930,6930,0,1,-104,-8,-89,7,0,0,0,0,0,0,0,0,2,0,0,0,0,0,0,0,0,0,0,1,0,0,0,0,0,0,0,0,0,0,0,0,3,4
6931,6931,0,0,85,-11,-6,-6,0,0,0,0,0,0,0,0,2,0,0,0,0,0,0,0,0,0,0,1,0,0,0,0,0,0,0,0,0,0,0,0,3,2
6932,6932,0,1,85,-11,-6,-6,0,0,0,0,0,0,0,0,2,0,0,0,0,0,0,0,0,0,0,1,0,0,0,0,0,0,0,0,0,0,0,0,3,1
6933,6933,0,0,3,3,50,-14,0,0,0,0,0,0,0,0,2,0,0,0,0,0,0,0,0,0,0,1,0,0,0,0,0,0,0,0,0,0,0,0,3,2
6934,6934,0,1,3,3,50,-14,0,0,0,0,0,0,0,0,2,0,0,0,0,0,0,0,0,0,0,1,0,0,0,0,0,0,0,0,0,0,0,0,3,2
6935,6935,0,0,-74,-10,-96,0,0,0,0,0,0,0,0,0,2,0,0,0,0,0,0,0,0,0,0,1,0,0,0,0,0,0,0,0,0,0,0,0,3,5
6936,6936,0,1,-74,-10,-96,0,0,0,0,0,0,0,0,0,2,0,0,0,0,0,0,0,0,0,0,1,0,0,0,0,0,0,0,0,0,0,0,0,3,4
6937,6937,0,0,157,-3,88,-8,0,0,0,0,0,0,0,0,2,0,0,0,0,0,0,0,0,0,0,1,0,0,0,0,0,0,0,0,0,0,0,0,3,1
6938,6938,0,1,157,-3,88,-8,0,0,0,0,0,0,0,0,2,0,0,0,0,0,0,0,0,0,0,1,0,0,0,0,0,0,0,0,0,0,0,0,3,3
6939,6939,0,0,-101,-5,-142,-14,0,0,0,0,0,0,0,0,2,0,0,0,0,0,0,0,0,0,0,1,0,0,0,0,0,0,0,0,0,0,0,0,3,1
6940,6940,0,1,-101,-5,-142,-14,0,0,0,0,0,0,0,0,2,0,0,0,0,0,0,0,0,0,0,1,0,0,0,0,0,0,0,0,0,0,0,0,3,4
6941,6941,0,0,102,6,170,10,0,0,0,0,0,0,0,0,2,0,0,0,0,0,0,0,0,0,0,1,0,0,0,0,0,0,0,0,0,0,0,0,3,3
6942,6942,0,1,102,6,170,10,0,0,0,0,0,0,0,0,2,0,0,0,0,0,0,0,0,0,0,1,0,0,0,0,0,0,0,0,0,0,0,0,3,0
6943,6943,0,0,-34,-2,-221,3,0,0,0,0,0,0,0,0,2,0,0,0,0,0,0,0,0,0,0,1,0,0,0,0,0,0,0,0,0,0,0,0,3,3
6944,6944,0,1,-34,-2,-221,3,0,0,0,0,0,0,0,0,2,0,0,0,0,0,0,0,0,0,0,1,0,0,0,0,0,0,0,0,0,0,0,0,3,1
6945,6945,0,0,46,14,178,-14,0,0,0,0,0,0,0,0,2,0,0,0,0,0,0,0,0,0,0,1,0,0,0,0,0,0,0,0,0,0,0,0,3,4
6946,6946,0,1,46,14,178,-14,0,0,0,0,0,0,0,0,2,0,0,0,0,0,0,0,0,0,0,1,0,0,0,0,0,0,0,0,0,0,0,0,3,3
6947,6947,0,0,-4,-4,-180,12,0,0,0,0,0,0,0,0,2,0,0,0,0,0,0,0,0,0,0,1,0,0,0,0,0,0,0,0,0,0,0,0,3,2
6948,6948,0,1,-4,-4,-180,12,0,0,0,0,0,0,0,0,2,0,0,0,0,0,0,0,0,0,0,1,0,0,0,0,0,0,0,0,0,0,0,0,3,3
6949,6949,0,0,51,-13,83,-13,0,0,0,0,0,0,0,0,2,0,0,0,0,0,0,0,0,0,0,1,0,0,0,0,0,0,0,0,0,0,0,0,3,1
6950,6950,0,1,51,-13,83,-13,0,0,0,0,0,0,0,0,2,0,0,0,0,0,0,0,0,0,0,1,0,0,0,0,0,0,0,0,0,0,0,0,3,3
6951,6951,0,0,-88,8,-21,11,0,0,0,0,0,0,0,0,2,0,0,0,0,0,0,0,0,0,0,1,0,0,0,0,0,0,0,0,0,0,0,0,3,1
6952,6952,0,1,-88,8,-21,11,0,0,0,0,0,0,0,0,2,0,0,0,0,0,0,0,0,0,0,1,0,0,0,0,0,0,0,0,0,0,0,0,3,2
6953,6953,0,0,148,-12,-63,1,0,0,0,0,0,0,0,0,2,0,0,0,0,0,0,0,0,0,0,1,0,0,0,0,0,0,0,0,0,0,0,0,3,1
6954,6954,0,1,148,-12,-63,1,0,0,0,0,0,0,0,0,2,0,0,0,0,0,0,0,0,0,0,1,0,0,0,0,0,0,0,0,0,0,0,0,3,0
6955,6955,0,0,-135,-7,26,-6,0,0,0,0,0,0,0,0,2,0,0,0,0,0,0,0,0,0,0,1,0,0,0,0,0,0,0,0,0,0,0,0,3,3
6956,6956,0,1,-135,-7,26,-6,0,0,0,0,0,0,0,0,2,0,0,0,0,0,0,0,0,0,0,1,0,0,0,0,0,0,0,0,0,0,0,0,3,1
6957,6957,0,0,183,-9,-43,-11,0,0,0,0,0,0,0,0,2,0,0,0,0,0,0,0,0,0,0,1,0,0,0,0,0,0,0,0,0,0,0,0,3,4
6958,6958,0,1,183,-9,-43,-11,0,0,0,0,0,0,0,0,2,0,0,0,0,0,0,0,0,0,0,1,0,0,0,0,0,0,0,0,0,0,0,0,3,3
6959,6959,0,0,-131,-3,-9,-9,0,0,0,0,0,0,0,0,2,0,0,0,0,0,0,0,0,0,0,1,0,0,0,0,0,0,0,0,0,0,0,0,3,3
6960,6960,0,1,-131,-3,-9,-9,0,0,0,0,0,0,0,0,2,0,0,0,0,0,0,0,0,0,0,1,0,0,0,0,0,0,0,0,0,0,0,0,3,1
6961,6961,0,0,103,7,-37,-5,0,0,0,0,0,0,0,0,2,0,0,0,0,0,0,0,0,0,0,1,0,0,0,0,0,0,0,0,0,0,0,0,3,3
6962,6962,0,1,103,7,-37,-5,0,0,0,0,0,0,0,0,2,0,0,0,0,0,0,0,0,0,0,1,0,0,0,0,0,0,0,0,0,0,0,0,3,2
6963,6963,0,0,-15,-15,41,9,0,0,0,0,0,0,0,0,2,0,0,0,0,0,0,0,0,0,0,1,0,0,0,0,0,0,0,0,0,0,0,0,3,4
6964,6964,0,1,-15,-15,41,9,0,0,0,0,0,0,0,0,2,0,0,0,0,0,0,0,0,0,0,1,0,0,0,0,0,0,0,0,0,0,0,0,3,4
6965,6965,0,0,-13,-13,-135,-7,0,0,0,0,0,0,0,0,2,0,0,0,0,0,0,0,0,0,0,1,0,0,0,0,0,0,0,0,0,0,0,0,3,1
6966,6966,0,1,-13,-13,-135,-7,0,0,0,0,0,0,0,0,2,0,0,0,0,0,0,0,0,0,0,1,0,0,0,0,0,0,0,0,0,0,0,0,3,2
6967,6967,0,0,53,-11,186,-6,0,0,0,0,0,0,0,0,2,0,0,0,0,0,0,0,0,0,0,1,0,0,0,0,0,0,0,0,0,0,0,0,3,3
6968,6968,0,1,53,-11,186,-6,0,0,0,0,0,0,0,0,2,0,0,0,0,0,0,0,0,0,0,1,0,0,0,0,0,0,0,0,0,0,0,0,3,4
6969,6969,0,0,-49,15,-234,-10,0,0,0,0,0,0,0,0,2,0,0,0,0,0,0,0,0,0,0,1,0,0,0,0,0,0,0,0,0,0,0,0,3,1
6970,6970,0,1,-49,15,-234,-10,0,0,0,0,0,0,0,0,2,0,0,0,0,0,0,0,0,0,0,1,0,0,0,0,0,0,0,0,0,0,0,0,3,2
6971,6971,0,0,102,6,198,6,0,0,0,0,0,0,0,0,2,0,0,0,0,0,0,0,0,0,0,1,0,0,0,0,0,0,0,0,0,0,0,0,3,1
6972,6972,0,1,102,6,198,6,0,0,0,0,0,0,0,0,2,0,0,0,0,0,0,0,0,0,0,1,0,0,0,0,0,0,0,0,0,0,0,0,3,1
6973,6973,0,0,-100,-4,-188,4,0,0,0,0,0,0,0,0,2,0,0,0,0,0,0,0,0,0,0,1,0,0,0,0,0,0,0,0,0,0,0,0,3,4
6974,6974,0,1,-100,-4,-188,4,0,0,0,0,0,0,0,0,2,0,0,0,0,0,0,0,0,0,0,1,0,0,0,0,0,0,0,0,0,0,0,0,3,3
6975,6975,0,0,140,12,86,-10,0,0,0,0,0,0,0,0,2,0,0,0,0,0,0,0,0,0,0,1,0,0,0,0,0,0,0,0,0,0,0,0,3,1
6976,6976,0,1,140,12,86,-10,0,0,0,0,0,0,0,0,2,0,0,0,0,0,0,0,0,0,0,1,0,0,0,0,0,0,0,0,0,0,0,0,3,1
6977,6977,0,0,-68,-4,-62,2,0,0,0,0,0,0,0,0,2,0,0,0,0,0,0,0,0,0,0,1,0,0,0,0,0,0,0,0,0,0,0,0,3,4
6978,6978,0,1,-68,-4,-62,2,0,0,0,0,0,0,0,0,2,0,0,0,0,0,0,0,0,0,0,1,0,0,0,0,0,0,0,0,0,0,0,0,3,4
6979,6979,0,0,51,-13,-20,12,0,0,0,0,0,0,0,0,2,0,0,0,0,0,0,0,0,0,0,1,0,0,0,0,0,0,0,0,0,0,0,0,3,1
6980,6980,0,1,51,-13,-20,12,0,0,0,0,0,0,0,0,2,0,0,0,0,0,0,0,0,0,0,1,0,0,0,0,0,0,0,0,0,0,0,0,3,2
6981,6981,0,0,8,8,-4,-4,0,0,0,0,0,0,0,0,2,0,0,0,0,0,0,0,0,0,0,1,0,0,0,0,0,0,0,0,0,0,0,0,3,1
6982,6982,0,1,8,8,-4,-4,0,0,0,0,0,0,0,0,2,0,0,0,0,0,0,0,0,0,0,1,0,0,0,0,0,0,0,0,0,0,0,0,3,3
6983,6983,0,0,-17,15,1,1,0,0,0,0,0,0,0,0,2,0,0,0,0,0,0,0,0,0,0,1,0,0,0,0,0,0,0,0,0,0,0,0,3,1
6984,6984,0,1,-17,15,1,1,0,0,0,0,0,0,0,0,2,0,0,0,0,0,0,0,0,0,0,1,0,0,0,0,0,0,0,0,0,0,0,0,3,1
6985,6985,0,0,72,8,-44,-12,0,0,0,0,0,0,0,0,2,0,0,0,0,0,0,0,0,0,0,1,0,0,0,0,0,0,0,0,0,0,0,0,3,3
6986,6986,0,1,72,8,-44,-12,0,0,0,0,0,0,0,0,2,0,0,0,0,0,0,0,0,0,0,1,0,0,0,0,0,0,0,0,0,0,0,0,3,1
6987,6987,0,0,-24,8,40,8,0,0,0,0,0,0,0,0,2,0,0,0,0,0,0,0,0,0,0,1,0,0,0,0,0,0,0,0,0,0,0,0,3,3
6988,6988,0,1,-24,8,40,8,0,0,0,0,0,0,0,0,2,0,0,0,0,0,0,0,0,0,0,1,0,0,0,0,0,0,0,0,0,0,0,0,3,2
6989,6989,0,0,-19,13,-87,9,0,0,0,0,0,0,0,0,2,0,0,0,0,0,0,0,0,0,0,1,0,0,0,0,0,0,0,0,0,0,0,0,3,4
6990,6990,0,1,-19,13,-87,9,0,0,0,0,0,0,0,0,2,0,0,0,0,0,0,0,0,0,0,1,0,0,0,0,0,0,0,0,0,0,0,0,3,4
6991,6991,0,0,146,-14,12,12,0,0,0,0,0,0,0,0,2,0,0,0,0,0,0,0,0,0,0,1,0,0,0,0,0,0,0,0,0,0,0,0,3,3
6992,6992,0,1,146,-14,12,12,0,0,0,0,0,0,0,0,2,0,0,0,0,0,0,0,0,0,0,1,0,0,0,0,0,0,0,0,0,0,0,0,3,3
6993,6993,0,0,-188,4,17,-15,0,0,0,0,0,0,0,0,2,0,0,0,0,0,0,0,0,0,0,1,0,0,0,0,0,0,0,0,0,0,0,0,3,3
6994,6994,0,1,-188,4,17,-15,0,0,0,0,0,0,0,0,2,0,0,0,0,0,0,0,0,0,0,1,0,0,0,0,0,0,0,0,0,0,0,0,3,4
6995,6995,0,0,220,-4,-94,2,0,0,0,0,0,0,0,0,2,0,0,0,0,0,0,0,0,0,0,1,0,0,0,0,0,0,0,0,0,0,0,0,3,3
6996,6996,0,1,220,-4,-94,2,0,0,0,0,0,0,0,0,2,0,0,0,0,0,0,0,0,0,0,1,0,0,0,0,0,0,0,0,0,0,0,0,3,3
6997,6997,0,0,-127,1,93,-3,0,0,0,0,0,0,0,0,2,0,0,0,0,0,0,0,0,0,0,1,0,0,0,0,0,0,0,0,0,0,0,0,3,0
6998,6998,0,1,-127,1,93,-3,0,0,0,0,0,0,0,0,2,0,0,0,0,0,0,0,0,0,0,1,0,0,0,0,0,0,0,0,0,0,0,0,3,2
6999,6999,0,0,110,14,-86,10,0,0,0,0,0,0,0,0,2,0,0,0,0,0,0,0,0,0,0,1,0,0,0,0,0,0,0,0,0,0,0,0,3,2
7000,7000,0,1,110,14,-86,10,0,0,0,0,0,0,0,0,2,0,0,0,0,0,0,0,0,0,0,1,0,0,0,0,0,0,0,0,0,0,0,0,3,1
7001,7001,0,0,-47,-15,40,8,0,0,0,0,0,0,0,0,2,0,0,0,0,0,0,0,0,0,0,1,0,0,0,0,0,0,0,0,0,0,0,0,3,1
7002,7002,0,1,-47,-15,40,8,0,0,0,0,0,0,0,0,2,0,0,0,0,0,0,0,0,0,0,1,0,0,0,0,0,0,0,0,0,0,0,0,3,0
7003,7003,0,0,54,-10,-35,-3,0,0,0,0,0,0,0,0,2,0,0,0,0,0,0,0,0,0,0,1,0,0,0,0,0,0,0,0,0,0,0,0,3,0
7004,7004,0,1,54,-10,-35,-3,0,0,0,0,0,0,0,0,2,0,0,0,0,0,0,0,0,0,0,1,0,0,0,0,0,0,0,0,0,0,0,0,3,0
7005,7005,0,0,-25,7,-35,-3,0,0,0,0,0,0,0,0,2,0,0,0,0,0,0,0,0,0,0,1,0,0,0,0,0,0,0,0,0,0,0,0,3,2
7006,7006,0,1,-25,7,-35,-3,0,0,0,0,0,0,0,0,2,0,0,0,0,0,0,0,0,0,0,1,0,0,0,0,0,0,0,0,0,0,0,0,3,2
7007,7007,0,0,49,-15,16,-16,0,0,0,0,0,0,0,0,2,0,0,0,0,0,0,0,0,0,0,1,0,0,0,0,0,0,0,0,0,0,0,0,3,0
7008,7008,0,1,49,-15,16,-16,0,0,0,0,0,0,0,0,2,0,0,0,0,0,0,0,0,0,0,1,0,0,0,0,0,0,0,0,0,0,0,0,3,1
7009,7009,0,0,-18,14,-20,12,0,0,0,0,0,0,0,0,2,0,0,0,0,0,0,0,0,0,0,1,0,0,0,0,0,0,0,0,0,0,0,0,3,2
7010,7010,0,1,-18,14,-20,12,0,0,0,0,0,0,0,0,1,0,0,0,0,0,0,0,0,0,0,1,0,0,0,0,0,0,0,0,0,0,0,0,3,4
7011,7011,0,0,33,1,-28,4,0,0,0,0,0,0,0,0,1,0,0,0,0,0,0,0,0,0,0,1,0,0,0,0,0,0,0,0,0,0,0,0,3,4
7012,7012,0,1,33,1,-28,4,0,0,0,0,0,0,0,0,2,0,0,0,0,0,0,0,0,0,0,1,0,0,0,0,0,0,0,0,0,0,0,0,3,1
7013,7013,0,0,22,-10,6,6,0,0,0,0,0,0,0,0,2,0,0,0,0,0,0,0,0,0,0,1,0,0,0,0,0,0,0,0,0,0,0,0,3,3
7014,7014,0,1,22,-10,6,6,0,0,0,0,0,0,0,0,2,0,0,0,0,0,0,0,0,0,0,1,0,0,0,0,0,0,0,0,0,0,0,0,3,2
7015,7015,0,0,-11,-11,-36,-4,0,0,0,0,0,0,0,0,2,0,0,0,0,0,0,0,0,0,0,1,0,0,0,0,0,0,0,0,0,0,0,0,3,4
7016,7016,0,1,-11,-11,-36,-4,0,0,0,0,0,0,0,0,2,0,0,0,0,0,0,0,0,0,0,1,0,0,0,0,0,0,0,0,0,0,0,0,3,5
7017,7017,0,0,31,-1,-16,-16,0,0,0,0,0,0,0,0,2,0,0,0,0,0,0,0,0,0,0,1,0,0,0,0,0,0,0,0,0,0,0,0,3,1
7018,7018,0,1,31,-1,-16,-16,0,0,0,0,0,0,0,0,2,0,0,0,0,0,0,0,0,0,0,1,0,0,0,0,0,0,0,0,0,0,0,0,3,1
7019,7019,0,0,24,-8,36,4,0,0,0,0,0,0,0,0,2,0,0,0,0,0,0,0,0,0,0,1,0,0,0,0,0,0,0,0,0,0,0,0,3,1
7020,7020,0,1,24,-8,36,4,0,0,0,0,0,0,0,0,2,0,0,0,0,0,0,0,0,0,0,1,0,0,0,0,0,0,0,0,0,0,0,0,3,3
7021,7021,0,0,-55,9,-113,15,0,0,0,0,0,0,0,0,2,0,0,0,0,0,0,0,0,0,0,1,0,0,0,0,0,0,0,0,0,0,0,0,3,0
7022,7022,0,1,-55,9,-113,15,0,0,0,0,0,0,0,0,2,0,0,0,0,0,0,0,0,0,0,1,0,0,0,0,0,0,0,0,0,0,0,0,3,0
7023,7023,0,0,114,-14,95,-1,0,0,0,0,0,0,0,0,1,0,0,0,0,0,0,0,0,0,0,1,0,0,0,0,0,0,0,0,0,0,0,0,3,1
7024,7024,0,1,114,-14,95,-1,0,0,0,0,0,0,0,0,1,0,0,0,0,0,0,0,0,0,0,1,0,0,0,0,0,0,0,0,0,0,0,0,3,1
7025,7025,0,0,-142,-14,-86,10,0,0,0,0,0,0,0,0,1,0,0,0,0,0,0,0,0,0,0,1,0,0,0,0,0,0,0,0,0,0,0,0,3,1
7026,7026,0,1,-142,-14,-86,10,0,0,0,0,0,0,0,0,1,0,0,0,0,0,0,0,0,0,0,1,0,0,0,0,0,0,0,0,0,0,0,0,3,1
7027,7027,0,0,168,8,-47,-15,0,0,0,0,0,0,0,0,1,0,0,0,0,0,0,0,0,0,0,1,0,0,0,0,0,0,0,0,0,0,0,0,3,1
7028,7028,0,1,168,8,-47,-15,0,0,0,0,0,0,0,0,1,0,0,0,0,0,0,0,0,0,0,1,0,0,0,0,0,0,0,0,0,0,0,0,3,1
7029,7029,0,0,-98,-2,86,-10,0,0,0,0,0,0,0,0,1,0,0,0,0,0,0,0,0,0,0,1,0,0,0,0,0,0,0,0,0,0,0,0,3,0
7030,7030,0,1,-98,-2,86,-10,0,0,0,0,0,0,0,0,1,0,0,0,0,0,0,0,0,0,0,1,0,0,0,0,0,0,0,0,0,0,0,0,3,1
7031,7031,0,0,70,6,-172,-12,0,0,0,0,0,0,0,0,1,0,0,0,0,0,0,0,0,0,0,1,0,0,0,0,0,0,0,0,0,0,0,0,3,1
7032,7032,0,1,70,6,-172,-12,0,0,0,0,0,0,0,0,1,0,0,0,0,0,0,0,0,0,0,1,0,0,0,0,0,0,0,0,0,0,0,0,3,1
7033,7033,0,0,-12,-12,167,7,0,0,0,0,0,0,0,0,1,0,0,0,0,0,0,0,0,0,0,1,0,0,0,0,0,0,0,0,0,0,0,0,3,1
7034,7034,0,1,-12,-12,167,7,0,0,0,0,0,0,0,0,1,0,0,0,0,0,0,0,0,0,0,0,0,0,0,0,0,0,0,0,0,0,0,0,3,0
7035,7035,0,0,44,12,-239,-15,0,0,0,0,0,0,0,0,1,0,0,0,0,0,0,0,0,0,0,0,0,0,0,0,0,0,0,0,0,0,0,0,3,1
7036,7036,0,1,44,12,-239,-15,0,0,0,0,0,0,0,0,1,0,0,0,0,0,0,0,0,0,0,0,0,0,0,0,0,0,0,0,0,0,0,0,3,1
7037,7037,0,0,-32,0,183,-9,0,0,0,0,0,0,0,0,1,0,0,0,0,0,0,0,0,0,0,0,0,0,0,0,0,0,0,0,0,0,0,0,3,1
7038,7038,0,1,-32,0,183,-9,0,0,0,0,0,0,0,0,1,0,0,0,0,0,0,0,0,0,0,0,0,0,0,0,0,0,0,0,0,0,0,0,3,1
7039,7039,0,0,61,-3,-204,-12,0,0,0,0,0,0,0,0,1,0,0,0,0,0,0,0,0,0,0,0,0,0,0,0,0,0,0,0,0,0,0,0,3,1
7040,7040,0,1,61,-3,-204,-12,0,0,0,0,0,0,0,0,1,0,0,0,0,0,0,0,0,0,0,0,0,0,0,0,0,0,0,0,0,0,0,0,3,0
7041,7041,0,0,-17,15,130,2,0,0,0,0,0,0,0,0,1,0,0,0,0,0,0,0,0,0,0,0,0,0,0,0,0,0,0,0,0,0,0,0,3,3
7042,7042,0,1,-17,15,130,2,0,0,0,0,0,0,0,0,1,0,0,0,0,0,0,0,0,0,0,0,0,0,0,0,0,0,0,0,0,0,0,0,3,2
7043,7043,0,0,27,-5,-159,1,0,0,0,0,0,0,0,0,1,0,0,0,0,0,0,0,0,0,0,0,0,0,0,0,0,0,0,0,0,0,0,0,3,2
7044,7044,0,1,27,-5,-159,1,0,0,0,0,0,0,0,0,1,0,0,0,0,0,0,0,0,0,0,0,0,0,0,0,0,0,0,0,0,0,0,0,3,1
7045,7045,0,0,38,6,110,14,0,0,0,0,0,0,0,0,1,0,0,0,0,0,0,0,0,0,0,0,0,0,0,0,0,0,0,0,0,0,0,0,3,2
7046,7046,0,1,38,6,110,14,0,0,0,0,0,0,0,0,1,0,0,0,0,0,0,0,0,0,0,0,0,0,0,0,0,0,0,0,0,0,0,0,3,3
7047,7047,0,0,-51,13,-155,5,0,0,0,0,0,0,0,0,1,0,0,0,0,0,0,0,0,0,0,0,0,0,0,0,0,0,0,0,0,0,0,0,3,4
7048,7048,0,1,-51,13,-155,5,0,0,0,0,0,0,0,0,1,0,0,0,0,0,0,0,0,0,0,0,0,0,0,0,0,0,0,0,0,0,0,0,3,4
7049,7049,0,0,114,-14,131,3,0,0,0,0,0,0,0,0,1,0,0,0,0,0,0,0,0,0,0,0,0,0,0,0,0,0,0,0,0,0,0,0,3,1
7050,7050,0,1,114,-14,131,3,0,0,0,0,0,0,0,0,1,0,0,0,0,0,0,0,0,0,0,0,0,0,0,0,0,0,0,0,0,0,0,0,3,1
7051,7051,0,0,-120,8,-157,3,0,0,0,0,0,0,0,0,1,0,0,0,0,0,0,0,0,0,0,0,0,0,0,0,0,0,0,0,0,0,0,0,3,4
7052,7052,0,1,-120,8,-157,3,0,0,0,0,0,0,0,0,1,0,0,0,0,0,0,0,0,0,0,0,0,0,0,0,0,0,0,0,0,0,0,0,3,4
7053,7053,0,0,99,3,91,-5,0,0,0,0,0,0,0,0,1,0,0,0,0,0,0,0,0,0,0,0,0,0,0,0,0,0,0,0,0,0,0,0,3,2
7054,7054,0,1,99,3,91,-5,0,0,0,0,0,0,0,0,1,0,0,0,0,0,0,0,0,0,0,0,0,0,0,0,0,0,0,0,0,0,0,0,3,1
7055,7055,0,0,9,9,-37,-5,0,0,0,0,0,0,0,0,1,0,0,0,0,0,0,0,0,0,0,0,0,0,0,0,0,0,0,0,0,0,0,0,3,5
7056,7056,0,1,9,9,-37,-5,0,0,0,0,0,0,0,0,1,0,0,0,0,0,0,0,0,0,0,0,0,0,0,0,0,0,0,0,0,0,0,0,3,5
7057,7057,0,0,-6,-6,-79,-15,0,0,0,0,0,0,0,0,1,0,0,0,0,0,0,0,0,0,0,0,0,0,0,0,0,0,0,0,0,0,0,0,3,1
7058,7058,0,1,-6,-6,-79,-15,0,0,0,0,0,0,0,0,1,0,0,0,0,0,0,0,0,0,0,0,0,0,0,0,0,0,0,0,0,0,0,0,3,2
7059,7059,0,0,4,4,90,-6,0,0,0,0,0,0,0,0,1,0,0,0,0,0,0,0,0,0,0,1,0,0,0,0,0,0,0,0,0,0,0,0,3,3
7060,7060,0,1,4,4,90,-6,0,0,0,0,0,0,0,0,1,0,0,0,0,0,0,0,0,0,0,1,0,0,0,0,0,0,0,0,0,0,0,0,3,4
7061,7061,0,0,81,-15,-176,-16,0,0,0,0,0,0,0,0,1,0,0,0,0,0,0,0,0,0,0,1,0,0,0,0,0,0,0,0,0,0,0,0,3,0
7062,7062,0,1,81,-15,-176,-16,0,0,0,0,0,0,0,0,1,0,0,0,0,0,0,0,0,0,0,1,0,0,0,0,0,0,0,0,0,0,0,0,3,1
7063,7063,0,0,-111,-15,133,5,0,0,0,0,0,0,0,0,1,0,0,0,0,0,0,0,0,0,0,1,0,0,0,0,0,0,0,0,0,0,0,0,3,3
7064,7064,0,1,-111,-15,133,5,0,0,0,0,0,0,0,0,2,0,0,0,0,0,0,0,0,0,0,1,0,0,0,0,0,0,0,0,0,0,0,0,3,3
7065,7065,0,0,172,12,-116,12,0,0,0,0,0,0,0,0,2,0,0,0,0,0,0,0,0,0,0,1,0,0,0,0,0,0,0,0,0,0,0,0,3,1
7066,7066,0,1,172,12,-116,12,0,0,0,0,0,0,0,0,2,0,0,0,0,0,0,0,0,0,0,1,0,0,0,0,0,0,0,0,0,0,0,0,3,0
7067,7067,0,0,-168,-8,7,7,0,0,0,0,0,0,0,0,2,0,0,0,0,0,0,0,0,0,0,1,0,0,0,0,0,0,0,0,0,0,0,0,3,3
7068,7068,0,1,-168,-8,7,7,0,0,0,0,0,0,0,0,2,0,0,0,0,0,0,0,0,0,0,1,0,0,0,0,0,0,0,0,0,0,0,0,3,3
7069,7069,0,0,163,3,-29,3,0,0,0,0,0,0,0,0,2,0,0,0,0,0,0,0,0,0,0,1,0,0,0,0,0,0,0,0,0,0,0,0,3,2
7070,7070,0,1,163,3,-29,3,0,0,0,0,0,0,0,0,2,0,0,0,0,0,0,0,0,0,0,1,0,0,0,0,0,0,0,0,0,0,0,0,3,1
7071,7071,0,0,-97,-1,-11,-11,0,0,0,0,0,0,0,0,2,0,0,0,0,0,0,0,0,0,0,1,0,0,0,0,0,0,0,0,0,0,0,0,3,4
7072,7072,0,1,-97,-1,-11,-11,0,0,0,0,0,0,0,0,2,0,0,0,0,0,0,0,0,0,0,1,0,0,0,0,0,0,0,0,0,0,0,0,3,4
7073,7073,0,0,84,-12,-37,-5,0,0,0,0,0,0,0,0,2,0,0,0,0,0,0,0,0,0,0,1,0,0,0,0,0,0,0,0,0,0,0,0,3,1
7074,7074,0,1,84,-12,-37,-5,0,0,0,0,0,0,0,0,2,0,0,0,0,0,0,0,0,0,0,1,0,0,0,0,0,0,0,0,0,0,0,0,3,4
7075,7075,0,0,3,3,-13,-13,0,0,0,0,0,0,0,0,2,0,0,0,0,0,0,0,0,0,0,1,0,0,0,0,0,0,0,0,0,0,0,0,3,2
7076,7076,0,1,3,3,-13,-13,0,0,0,0,0,0,0,0,2,0,0,0,0,0,0,0,0,0,0,1,0,0,0,0,0,0,0,0,0,0,0,0,3,2
7077,7077,0,0,-7,-7,23,-9,0,0,0,0,0,0,0,0,2,0,0,0,0,0,0,0,0,0,0,1,0,0,0,0,0,0,0,0,0,0,0,0,3,3
7078,7078,0,1,-7,-7,23,-9,0,0,0,0,0,0,0,0,2,0,0,0,0,0,0,0,0,0,0,1,0,0,0,0,0,0,0,0,0,0,0,0,3,1
7079,7079,0,0,74,10,-99,-3,0,0,0,0,0,0,0,0,2,0,0,0,0,0,0,0,0,0,0,1,0,0,0,0,0,0,0,0,0,0,0,0,3,1
7080,7080,0,1,74,10,-99,-3,0,0,0,0,0,0,0,0,2,0,0,0,0,0,0,0,0,0,0,1,0,0,0,0,0,0,0,0,0,0,0,0,3,1
7081,7081,0,0,-84,12,66,2,0,0,0,0,0,0,0,0,2,0,0,0,0,0,0,0,0,0,0,1,0,0,0,0,0,0,0,0,0,0,0,0,3,4
7082,7082,0,1,-84,12,66,2,0,0,0,0,0,0,0,0,2,0,0,0,0,0,0,0,0,0,0,1,0,0,0,0,0,0,0,0,0,0,0,0,3,3
7083,7083,0,0,120,-8,-156,4,0,0,0,0,0,0,0,0,2,0,0,0,0,0,0,0,0,0,0,1,0,0,0,0,0,0,0,0,0,0,0,0,3,2
7084,7084,0,1,120,-8,-156,4,0,0,0,0,0,0,0,0,2,0,0,0,0,0,0,0,0,0,0,1,0,0,0,0,0,0,0,0,0,0,0,0,3,2
7085,7085,0,0,-140,-12,167,7,0,0,0,0,0,0,0,0,2,0,0,0,0,0,0,0,0,0,0,1,0,0,0,0,0,0,0,0,0,0,0,0,3,3
7086,7086,0,1,-140,-12,167,7,0,0,0,0,0,0,0,0,2,0,0,0,0,0,0,0,0,0,0,1,0,0,0,0,0,0,0,0,0,0,0,0,3,4
7087,7087,0,0,160,0,-219,5,0,0,0,0,0,0,0,0,2,0,0,0,0,0,0,0,0,0,0,1,0,0,0,0,0,0,0,0,0,0,0,0,3,3
7088,7088,0,1,160,0,-219,5,0,0,0,0,0,0,0,0,2,0,0,0,0,0,0,0,0,0,0,1,0,0,0,0,0,0,0,0,0,0,0,0,3,2
7089,7089,0,0,-93,3,123,-5,0,0,0,0,0,0,0,0,2,0,0,0,0,0,0,0,0,0,0,1,0,0,0,0,0,0,0,0,0,0,0,0,3,2
7090,7090,0,1,-93,3,123,-5,0,0,0,0,0,0,0,0,2,0,0,0,0,0,0,0,0,0,0,1,0,0,0,0,0,0,0,0,0,0,0,0,3,3
7091,7091,0,0,40,8,-81,15,0,0,0,0,0,0,0,0,2,0,0,0,0,0,0,0,0,0,0,1,0,0,0,0,0,0,0,0,0,0,0,0,3,1
7092,7092,0,1,40,8,-81,15,0,0,0,0,0,0,0,0,2,0,0,0,0,0,0,0,0,0,0,1,0,0,0,0,0,0,0,0,0,0,0,0,3,1
7093,7093,0,0,44,12,-7,-7,0,0,0,0,0,0,0,0,2,0,0,0,0,0,0,0,0,0,0,0,0,0,0,0,0,0,0,0,0,0,0,0,3,1
7094,7094,0,1,44,12,-7,-7,0,0,0,0,0,0,0,0,2,0,0,0,0,0,0,0,0,0,0,0,0,0,0,0,0,0,0,0,0,0,0,0,3,2
7095,7095,0,0,-52,12,-23,9,0,0,0,0,0,0,0,0,2,0,0,0,0,0,0,0,0,0,0,0,0,0,0,0,0,0,0,0,0,0,0,0,3,1
7096,7096,0,1,-52,12,-23,9,0,0,0,0,0,0,0,0,2,0,0,0,0,0,0,0,0,0,0,0,0,0,0,0,0,0,0,0,0,0,0,0,3,0
7097,7097,0,0,41,9,53,-11,0,0,0,0,0,0,0,0,2,0,0,0,0,0,0,0,0,0,0,0,0,0,0,0,0,0,0,0,0,0,0,0,3,0
7098,7098,0,1,41,9,53,-11,0,0,0,0,0,0,0,0,2,0,0,0,0,0,0,0,0,0,0,1,0,0,0,0,0,0,0,0,0,0,0,0,3,1
7099,7099,0,0,36,4,-128,0,0,0,0,0,0,0,0,0,2,0,0,0,0,0,0,0,0,0,0,0,0,0,0,0,0,0,0,0,0,0,0,0,3,4
7100,7100,0,1,36,4,-128,0,0,0,0,0,0,0,0,0,2,0,0,0,0,0,0,0,0,0,0,1,0,0,0,0,0,0,0,0,0,0,0,0,3,2
7101,7101,0,0,-38,-6,101,5,0,0,0,0,0,0,0,0,2,0,0,0,0,0,0,0,0,0,0,0,0,0,0,0,0,0,0,0,0,0,0,0,3,1
7102,7102,0,1,-38,-6,101,5,0,0,0,0,0,0,0,0,2,0,0,0,0,0,0,0,0,0,0,1,0,0,0,0,0,0,0,0,0,0,0,0,3,0
7103,7103,0,0,40,8,-88,8,0,0,0,0,0,0,0,0,2,0,0,0,0,0,0,0,0,0,0,1,0,0,0,0,0,0,0,0,0,0,0,0,3,4
7104,7104,0,1,40,8,-88,8,0,0,0,0,0,0,0,0,2,0,0,0,0,0,0,0,0,0,0,1,0,0,0,0,0,0,0,0,0,0,0,0,3,2
7105,7105,0,0,-14,-14,-1,-1,0,0,0,0,0,0,0,0,1,0,0,0,0,0,0,0,0,0,0,0,0,0,0,0,0,0,0,0,0,0,0,0,3,3
7106,7106,0,1,-14,-14,-1,-1,0,0,0,0,0,0,0,0,2,0,0,0,0,0,0,0,0,0,0,1,0,0,0,0,0,0,0,0,0,0,0,0,3,1
7107,7107,0,0,59,-5,9,9,0,0,0,0,0,0,0,0,1,0,0,0,0,0,0,0,0,0,0,0,0,0,0,0,0,0,0,0,0,0,0,0,3,5
7108,7108,0,1,59,-5,9,9,0,0,0,0,0,0,0,0,2,0,0,0,0,0,0,0,0,0,0,1,0,0,0,0,0,0,0,0,0,0,0,0,3,6
7109,7109,0,0,-76,-12,-115,13,0,0,0,0,0,0,0,0,2,0,0,0,0,0,0,0,0,0,0,1,0,0,0,0,0,0,0,0,0,0,0,0,3,0
7110,7110,0,1,-76,-12,-115,13,0,0,0,0,0,0,0,0,2,0,0,0,0,0,0,0,0,0,0,1,0,0,0,0,0,0,0,0,0,0,0,0,3,3
7111,7111,0,0,87,-9,134,6,0,0,0,0,0,0,0,0,2,0,0,0,0,0,0,0,0,0,0,1,0,0,0,0,0,0,0,0,0,0,0,0,3,0
7112,7112,0,1,87,-9,134,6,0,0,0,0,0,0,0,0,2,0,0,0,0,0,0,0,0,0,0,1,0,0,0,0,0,0,0,0,0,0,0,0,3,3
7113,7113,0,0,-19,13,-200,-8,0,0,0,0,0,0,0,0,2,0,0,0,0,0,0,0,0,0,0,1,0,0,0,0,0,0,0,0,0,0,0,0,3,2
7114,7114,0,1,-19,13,-200,-8,0,0,0,0,0,0,0,0,2,0,0,0,0,0,0,0,0,0,0,1,0,0,0,0,0,0,0,0,0,0,0,0,3,1
7115,7115,0,0,-20,12,118,-10,0,0,0,0,0,0,0,0,2,0,0,0,0,0,0,0,0,0,0,1,0,0,0,0,0,0,0,0,0,0,0,0,3,1
7116,7116,0,1,-20,12,118,-10,0,0,0,0,0,0,0,0,2,0,0,0,0,0,0,0,0,0,0,1,0,0,0,0,0,0,0,0,0,0,0,0,3,1
7117,7117,0,0,70,6,-111,-15,0,0,0,0,0,0,0,0,1,0,0,0,0,0,0,0,0,0,0,1,0,0,0,0,0,0,0,0,0,0,0,0,3,1
7118,7118,0,1,70,6,-111,-15,0,0,0,0,0,0,0,0,1,0,0,0,0,0,0,0,0,0,0,1,0,0,0,0,0,0,0,0,0,0,0,0,3,2
7119,7119,0,0,-74,-10,8,8,0,0,0,0,0,0,0,0,1,0,0,0,0,0,0,0,0,0,0,1,0,0,0,0,0,0,0,0,0,0,0,0,3,4
7120,7120,0,1,-74,-10,8,8,0,0,0,0,0,0,0,0,1,0,0,0,0,0,0,0,0,0,0,1,0,0,0,0,0,0,0,0,0,0,0,0,3,2
7121,7121,0,0,160,0,14,14,0,0,0,0,0,0,0,0,1,0,0,0,0,0,0,0,0,0,0,1,0,0,0,0,0,0,0,0,0,0,0,0,3,1
7122,7122,0,1,160,0,14,14,0,0,0,0,0,0,0,0,1,0,0,0,0,0,0,0,0,0,0,1,0,0,0,0,0,0,0,0,0,0,0,0,3,1
7123,7123,0,0,-187,5,-92,4,0,0,0,0,0,0,0,0,1,0,0,0,0,0,0,0,0,0,0,1,0,0,0,0,0,0,0,0,0,0,0,0,3,1
7124,7124,0,1,-187,5,-92,4,0,0,0,0,0,0,0,0,1,0,0,0,0,0,0,0,0,0,0,1,0,0,0,0,0,0,0,0,0,0,0,0,3,3
7125,7125,0,0,214,-10,74,10,0,0,0,0,0,0,0,0,1,0,0,0,0,0,0,0,0,0,0,1,0,0,0,0,0,0,0,0,0,0,0,0,3,1
7126,7126,0,1,214,-10,74,10,0,0,0,0,0,0,0,0,1,0,0,0,0,0,0,0,0,0,0,1,0,0,0,0,0,0,0,0,0,0,0,0,3,0
7127,7127,0,0,-165,-5,-109,-13,0,0,0,0,0,0,0,0,1,0,0,0,0,0,0,0,0,0,0,1,0,0,0,0,0,0,0,0,0,0,0,0,3,1
7128,7128,0,1,-165,-5,-109,-13,0,0,0,0,0,0,0,0,1,0,0,0,0,0,0,0,0,0,0,1,0,0,0,0,0,0,0,0,0,0,0,0,3,1
7129,7129,0,0,149,-11,68,4,0,0,0,0,0,0,0,0,1,0,0,0,0,0,0,0,0,0,0,1,0,0,0,0,0,0,0,0,0,0,0,0,3,3
7130,7130,0,1,149,-11,68,4,0,0,0,0,0,0,0,0,1,0,0,0,0,0,0,0,0,0,0,1,0,0,0,0,0,0,0,0,0,0,0,0,3,1
7131,7131,0,0,-74,-10,-103,-7,0,0,0,0,0,0,0,0,1,0,0,0,0,0,0,0,0,0,0,1,0,0,0,0,0,0,0,0,0,0,0,0,3,2
7132,7132,0,1,-74,-10,-103,-7,0,0,0,0,0,0,0,0,1,0,0,0,0,0,0,0,0,0,0,1,0,0,0,0,0,0,0,0,0,0,0,0,3,2
7133,7133,0,0,61,-3,68,4,0,0,0,0,0,0,0,0,1,0,0,0,0,0,0,0,0,0,0,1,0,0,0,0,0,0,0,0,0,0,0,0,3,4
7134,7134,0,1,61,-3,68,4,0,0,0,0,0,0,0,0,1,0,0,0,0,0,0,0,0,0,0,1,0,0,0,0,0,0,0,0,0,0,0,0,3,4
7135,7135,0,0,-35,-3,-112,-16,0,0,0,0,0,0,0,0,2,0,0,0,0,0,0,0,0,0,0,1,0,0,0,0,0,0,0,0,0,0,0,0,3,0
7136,7136,0,1,-35,-3,-112,-16,0,0,0,0,0,0,0,0,1,0,0,0,0,0,0,0,0,0,0,1,0,0,0,0,0,0,0,0,0,0,0,0,3,1
7137,7137,0,0,102,6,26,-6,0,0,0,0,0,0,0,0,1,0,0,0,0,0,0,0,0,0,0,1,0,0,0,0,0,0,0,0,0,0,0,0,3,2
7138,7138,0,1,102,6,26,-6,0,0,0,0,0,0,0,0,1,0,0,0,0,0,0,0,0,0,0,1,0,0,0,0,0,0,0,0,0,0,0,0,3,3
7139,7139,0,0,-73,-9,29,-3,0,0,0,0,0,0,0,0,1,0,0,0,0,0,0,0,0,0,0,1,0,0,0,0,0,0,0,0,0,0,0,0,3,1
7140,7140,0,1,-73,-9,29,-3,0,0,0,0,0,0,0,0,1,0,0,0,0,0,0,0,0,0,0,1,0,0,0,0,0,0,0,0,0,0,0,0,3,0
7141,7141,0,0,13,13,-112,-16,0,0,0,0,0,0,0,0,1,0,0,0,0,0,0,0,0,0,0,1,0,0,0,0,0,0,0,0,0,0,0,0,3,4
7142,7142,0,1,13,13,-112,-16,0,0,0,0,0,0,0,0,1,0,0,0,0,0,0,0,0,0,0,1,0,0,0,0,0,0,0,0,0,0,0,0,3,2
7143,7143,0,0,96,0,79,15,0,0,0,0,0,0,0,0,1,0,0,0,0,0,0,0,0,0,0,1,0,0,0,0,0,0,0,0,0,0,0,0,3,4
7144,7144,0,1,96,0,79,15,0,0,0,0,0,0,0,0,1,0,0,0,0,0,0,0,0,0,0,1,0,0,0,0,0,0,0,0,0,0,0,0,3,3
7145,7145,0,0,-70,-6,-135,-7,0,0,0,0,0,0,0,0,1,0,0,0,0,0,0,0,0,0,0,1,0,0,0,0,0,0,0,0,0,0,0,0,3,4
7146,7146,0,1,-70,-6,-135,-7,0,0,0,0,0,0,0,0,1,0,0,0,0,0,0,0,0,0,0,1,0,0,0,0,0,0,0,0,0,0,0,0,3,4
7147,7147,0,0,42,10,75,11,0,0,0,0,0,0,0,0,2,0,0,0,0,0,0,0,0,0,0,1,0,0,0,0,0,0,0,0,0,0,0,0,3,2
7148,7148,0,1,42,10,75,11,0,0,0,0,0,0,0,0,2,0,0,0,0,0,0,0,0,0,0,1,0,0,0,0,0,0,0,0,0,0,0,0,3,3
7149,7149,0,0,8,8,-83,13,0,0,0,0,0,0,0,0,2,0,0,0,0,0,0,0,0,0,0,1,0,0,0,0,0,0,0,0,0,0,0,0,3,2
7150,7150,0,1,8,8,-83,13,0,0,0,0,0,0,0,0,2,0,0,0,0,0,0,0,0,0,0,1,0,0,0,0,0,0,0,0,0,0,0,0,3,3
7151,7151,0,0,-28,4,-50,14,0,0,0,0,0,0,0,0,2,0,0,0,0,0,0,0,0,0,0,1,0,0,0,0,0,0,0,0,0,0,0,0,3,2
7152,7152,0,1,-28,4,-50,14,0,0,0,0,0,0,0,0,2,0,0,0,0,0,0,0,0,0,0,1,0,0,0,0,0,0,0,0,0,0,0,0,3,2
7153,7153,0,0,36,4,37,5,0,0,0,0,0,0,0,0,2,0,0,0,0,0,0,0,0,0,0,1,0,0,0,0,0,0,0,0,0,0,0,0,3,0
7154,7154,0,1,36,4,37,5,0,0,0,0,0,0,0,0,2,0,0,0,0,0,0,0,0,0,0,1,0,0,0,0,0,0,0,0,0,0,0,0,3,1
7155,7155,0,0,-16,-16,-69,-5,0,0,0,0,0,0,0,0,2,0,0,0,0,0,0,0,0,0,0,1,0,0,0,0,0,0,0,0,0,0,0,0,3,2
7156,7156,0,1,-16,-16,-69,-5,0,0,0,0,0,0,0,0,2,0,0,0,0,0,0,0,0,0,0,1,0,0,0,0,0,0,0,0,0,0,0,0,3,3
7157,7157,0,0,41,9,1,1,0,0,0,0,0,0,0,0,2,0,0,0,0,0,0,0,0,0,0,1,0,0,0,0,0,0,0,0,0,0,0,0,3,3
7158,7158,0,1,41,9,1,1,0,0,0,0,0,0,0,0,2,0,0,0,0,0,0,0,0,0,0,1,0,0,0,0,0,0,0,0,0,0,0,0,3,2
7159,7159,0,0,8,8,-14,-14,0,0,0,0,0,0,0,0,2,0,0,0,0,0,0,0,0,0,0,1,0,0,0,0,0,0,0,0,0,0,0,0,3,1
7160,7160,0,1,8,8,-14,-14,0,0,0,0,0,0,0,0,2,0,0,0,0,0,0,0,0,0,0,1,0,0,0,0,0,0,0,0,0,0,0,0,3,2
7161,7161,0,0,35,3,-32,0,0,0,0,0,0,0,0,0,2,0,0,0,0,0,0,0,0,0,0,1,0,0,0,0,0,0,0,0,0,0,0,0,3,3
7162,7162,0,1,35,3,-32,0,0,0,0,0,0,0,0,0,2,0,0,0,0,0,0,0,0,0,0,1,0,0,0,0,0,0,0,0,0,0,0,0,3,3
7163,7163,0,0,-14,-14,-1,-1,0,0,0,0,0,0,0,0,2,0,0,0,0,0,0,0,0,0,0,1,0,0,0,0,0,0,0,0,0,0,0,0,3,3
7164,7164,0,1,-14,-14,-1,-1,0,0,0,0,0,0,0,0,2,0,0,0,0,0,0,0,0,0,0,1,0,0,0,0,0,0,0,0,0,0,0,0,3,2
7165,7165,0,0,17,-15,-41,-9,0,0,0,0,0,0,0,0,2,0,0,0,0,0,0,0,0,0,0,1,0,0,0,0,0,0,0,0,0,0,0,0,3,3
7166,7166,0,1,17,-15,-41,-9,0,0,0,0,0,0,0,0,2,0,0,0,0,0,0,0,0,0,0,1,0,0,0,0,0,0,0,0,0,0,0,0,3,3
7167,7167,0,0,14,14,-26,6,0,0,0,0,0,0,0,0,2,0,0,0,0,0,0,0,0,0,0,1,0,0,0,0,0,0,0,0,0,0,0,0,3,0
7168,7168,0,1,14,14,-26,6,0,0,0,0,0,0,0,0,2,0,0,0,0,0,0,0,0,0,0,1,0,0,0,0,0,0,0,0,0,0,0,0,3,1
7169,7169,0,0,15,15,25,-7,0,0,0,0,0,0,0,0,2,0,0,0,0,0,0,0,0,0,0,1,0,0,0,0,0,0,0,0,0,0,0,0,3,1
7170,7170,0,1,15,15,25,-7,0,0,0,0,0,0,0,0,2,0,0,0,0,0,0,0,0,0,0,1,0,0,0,0,0,0,0,0,0,0,0,0,3,3
7171,7171,0,0,-28,4,-130,-2,0,0,0,0,0,0,0,0,2,0,0,0,0,0,0,0,0,0,0,1,0,0,0,0,0,0,0,0,0,0,0,0,3,3
7172,7172,0,1,-28,4,-130,-2,0,0,0,0,0,0,0,0,2,0,0,0,0,0,0,0,0,0,0,1,0,0,0,0,0,0,0,0,0,0,0,0,3,1
7173,7173,0,0,95,-1,160,0,0,0,0,0,0,0,0,0,2,0,0,0,0,0,0,0,0,0,0,1,0,0,0,0,0,0,0,0,0,0,0,0,3,0
7174,7174,0,1,95,-1,160,0,0,0,0,0,0,0,0,0,2,0,0,0,0,0,0,0,0,0,0,1,0,0,0,0,0,0,0,0,0,0,0,0,3,0
7175,7175,0,0,-54,10,-199,-7,0,0,0,0,0,0,0,0,2,0,0,0,0,0,0,0,0,0,0,1,0,0,0,0,0,0,0,0,0,0,0,0,3,1
7176,7176,0,1,-54,10,-199,-7,0,0,0,0,0,0,0,0,2,0,0,0,0,0,0,0,0,0,0,1,0,0,0,0,0,0,0,0,0,0,0,0,3,2
7177,7177,0,0,52,-12,119,-9,0,0,0,0,0,0,0,0,2,0,0,0,0,0,0,0,0,0,0,0,0,0,0,0,0,0,0,0,0,0,0,0,3,1
7178,7178,0,1,52,-12,119,-9,0,0,0,0,0,0,0,0,1,0,0,0,0,0,0,0,0,0,0,0,0,0,0,0,0,0,0,0,0,0,0,0,3,1
7179,7179,0,0,-11,-11,-89,7,0,0,0,0,0,0,0,0,1,0,0,0,0,0,0,0,0,0,0,0,0,0,0,0,0,0,0,0,0,0,0,0,3,1
7180,7180,0,1,-11,-11,-89,7,0,0,0,0,0,0,0,0,1,0,0,0,0,0,0,0,0,0,0,0,0,0,0,0,0,0,0,0,0,0,0,0,3,1
7181,7181,0,0,24,-8,39,7,0,0,0,0,0,0,0,0,1,0,0,0,0,0,0,0,0,0,0,0,0,0,0,0,0,0,0,0,0,0,0,0,3,1
7182,7182,0,1,24,-8,39,7,0,0,0,0,0,0,0,0,1,0,0,0,0,0,0,0,0,0,0,0,0,0,0,0,0,0,0,0,0,0,0,0,3,1
7183,7183,0,0,2,2,-35,-3,0,0,0,0,0,0,0,0,1,0,0,0,0,0,0,0,0,0,0,0,0,0,0,0,0,0,0,0,0,0,0,0,3,0
7184,7184,0,1,2,2,-35,-3,0,0,0,0,0,0,0,0,1,0,0,0,0,0,0,0,0,0,0,0,0,0,0,0,0,0,0,0,0,0,0,0,3,0
7185,7185,0,0,-3,-3,31,-1,0,0,0,0,0,0,0,0,1,0,0,0,0,0,0,0,0,0,0,0,0,0,0,0,0,0,0,0,0,0,0,0,3,1
7186,7186,0,1,-3,-3,31,-1,0,0,0,0,0,0,0,0,1,0,0,0,0,0,0,0,0,0,0,0,0,0,0,0,0,0,0,0,0,0,0,0,3,2
7187,7187,0,0,16,-16,-106,-10,0,0,0,0,0,0,0,0,1,0,0,0,0,0,0,0,0,0,0,0,0,0,0,0,0,0,0,0,0,0,0,0,3,1
7188,7188,0,1,16,-16,-106,-10,0,0,0,0,0,0,0,0,1,0,0,0,0,0,0,0,0,0,0,0,0,0,0,0,0,0,0,0,0,0,0,0,3,0
7189,7189,0,0,54,-10,115,-13,0,0,0,0,0,0,0,0,1,0,0,0,0,0,0,0,0,0,0,0,0,0,0,0,0,0,0,0,0,0,0,0,3,0
7190,7190,0,1,54,-10,115,-13,0,0,0,0,0,0,0,0,1,0,0,0,0,0,0,0,0,0,0,0,0,0,0,0,0,0,0,0,0,0,0,0,3,1
7191,7191,0,0,-68,-4,-145,15,0,0,0,0,0,0,0,0,1,0,0,0,0,0,0,0,0,0,0,0,0,0,0,0,0,0,0,0,0,0,0,0,3,3
7192,7192,0,1,-68,-4,-145,15,0,0,0,0,0,0,0,0,1,0,0,0,0,0,0,0,0,0,0,0,0,0,0,0,0,0,0,0,0,0,0,0,3,1
7193,7193,0,0,80,-16,108,12,0,0,0,0,0,0,0,0,1,0,0,0,0,0,0,0,0,0,0,0,0,0,0,0,0,0,0,0,0,0,0,0,3,3
7194,7194,0,1,80,-16,108,12,0,0,0,0,0,0,0,0,1,0,0,0,0,0,0,0,0,0,0,0,0,0,0,0,0,0,0,0,0,0,0,0,3,2
7195,7195,0,0,-56,8,-69,-5,0,0,0,0,0,0,0,0,1,0,0,0,0,0,0,0,0,0,0,0,0,0,0,0,0,0,0,0,0,0,0,0,3,4
7196,7196,0,1,-56,8,-69,-5,0,0,0,0,0,0,0,0,1,0,0,0,0,0,0,0,0,0,0,0,0,0,0,0,0,0,0,0,0,0,0,0,3,4
7197,7197,0,0,88,-8,-95,1,0,0,0,0,0,0,0,0,1,0,0,0,0,0,0,0,0,0,0,0,0,0,0,0,0,0,0,0,0,0,0,0,3,0
7198,7198,0,1,88,-8,-95,1,0,0,0,0,0,0,0,0,1,0,0,0,0,0,0,0,0,0,0,0,0,0,0,0,0,0,0,0,0,0,0,0,3,2
7199,7199,0,0,-71,-7,175,15,0,0,0,0,0,0,0,0,1,0,0,0,0,0,0,0,0,0,0,0,0,0,0,0,0,0,0,0,0,0,0,0,3,0
7200,7200,0,1,-71,-7,175,15,0,0,0,0,0,0,0,0,1,0,0,0,0,0,0,0,0,0,0,0,0,0,0,0,0,0,0,0,0,0,0,0,3,2
7201,7201,0,0,101,5,-249,7,0,0,0,0,0,0,0,0,1,0,0,0,0,0,0,0,0,0,0,0,0,0,0,0,0,0,0,0,0,0,0,0,3,0
7202,7202,0,1,101,5,-249,7,0,0,0,0,0,0,0,0,1,0,0,0,0,0,0,0,0,0,0,0,0,0,0,0,0,0,0,0,0,0,0,0,3,0
7203,7203,0,0,-81,15,175,15,0,0,0,0,0,0,0,0,1,0,0,0,0,0,0,0,0,0,0,0,0,0,0,0,0,0,0,0,0,0,0,0,3,0
7204,7204,0,1,-81,15,175,15,0,0,0,0,0,0,0,0,1,0,0,0,0,0,0,0,0,0,0,0,0,0,0,0,0,0,0,0,0,0,0,0,3,0
7205,7205,0,0,89,-7,-145,15,0,0,0,0,0,0,0,0,1,0,0,0,0,0,0,0,0,0,0,0,0,0,0,0,0,0,0,0,0,0,0,0,3,0
7206,7206,0,1,89,-7,-145,15,0,0,0,0,0,0,0,0,1,0,0,0,0,0,0,0,0,0,0,0,0,0,0,0,0,0,0,0,0,0,0,0,3,0
7207,7207,0,0,-16,-16,39,7,0,0,0,0,0,0,0,0,1,0,0,0,0,0,0,0,0,0,0,0,0,0,0,0,0,0,0,0,0,0,0,0,3,3
7208,7208,0,1,-16,-16,39,7,0,0,0,0,0,0,0,0,1,0,0,0,0,0,0,0,0,0,0,0,0,0,0,0,0,0,0,0,0,0,0,0,3,1
7209,7209,0,0,7,7,-4,-4,0,0,0,0,0,0,0,0,1,0,0,0,0,0,0,0,0,0,0,0,0,0,0,0,0,0,0,0,0,0,0,0,3,2
7210,7210,0,1,7,7,-4,-4,0,0,0,0,0,0,0,0,1,0,0,0,0,0,0,0,0,0,0,0,0,0,0,0,0,0,0,0,0,0,0,0,3,1
7211,7211,0,0,50,-14,-82,14,0,0,0,0,0,0,0,0,1,0,0,0,0,0,0,0,0,0,0,0,0,0,0,0,0,0,0,0,0,0,0,0,3,2
7212,7212,0,1,50,-14,-82,14,0,0,0,0,0,0,0,0,1,0,0,0,0,0,0,0,0,0,0,0,0,0,0,0,0,0,0,0,0,0,0,0,3,3
7213,7213,0,0,-73,-9,37,5,0,0,0,0,0,0,0,0,1,0,0,0,0,0,0,0,0,0,0,1,0,0,0,0,0,0,0,0,0,0,0,0,3,1
7214,7214,0,1,-73,-9,37,5,0,0,0,0,0,0,0,0,1,0,0,0,0,0,0,0,0,0,0,1,0,0,0,0,0,0,0,0,0,0,0,0,3,2
7215,7215,0,0,135,7,-17,15,0,0,0,0,0,0,0,0,1,0,0,0,0,0,0,0,0,0,0,1,0,0,0,0,0,0,0,0,0,0,0,0,3,0
7216,7216,0,1,135,7,-17,15,0,0,0,0,0,0,0,0,1,0,0,0,0,0,0,0,0,0,0,1,0,0,0,0,0,0,0,0,0,0,0,0,3,4
7217,7217,0,0,-153,7,-98,-2,0,0,0,0,0,0,0,0,1,0,0,0,0,0,0,0,0,0,0,1,0,0,0,0,0,0,0,0,0,0,0,0,3,4
7218,7218,0,1,-153,7,-98,-2,0,0,0,0,0,0,0,0,1,0,0,0,0,0,0,0,0,0,0,1,0,0,0,0,0,0,0,0,0,0,0,0,3,1
7219,7219,0,0,184,-8,117,-11,0,0,0,0,0,0,0,0,1,0,0,0,0,0,0,0,0,0,0,1,0,0,0,0,0,0,0,0,0,0,0,0,3,4
7220,7220,0,1,184,-8,117,-11,0,0,0,0,0,0,0,0,1,0,0,0,0,0,0,0,0,0,0,1,0,0,0,0,0,0,0,0,0,0,0,0,3,1
7221,7221,0,0,-154,6,-142,-14,0,0,0,0,0,0,0,0,1,0,0,0,0,0,0,0,0,0,0,1,0,0,0,0,0,0,0,0,0,0,0,0,3,5
7222,7222,0,1,-154,6,-142,-14,0,0,0,0,0,0,0,0,1,0,0,0,0,0,0,0,0,0,0,1,0,0,0,0,0,0,0,0,0,0,0,0,3,5
7223,7223,0,0,146,-14,117,-11,0,0,0,0,0,0,0,0,1,0,0,0,0,0,0,0,0,0,0,1,0,0,0,0,0,0,0,0,0,0,0,0,3,1
7224,7224,0,1,146,-14,117,-11,0,0,0,0,0,0,0,0,1,0,0,0,0,0,0,0,0,0,0,1,0,0,0,0,0,0,0,0,0,0,0,0,3,3
7225,7225,0,0,-93,3,-155,5,0,0,0,0,0,0,0,0,1,0,0,0,0,0,0,0,0,0,0,1,0,0,0,0,0,0,0,0,0,0,0,0,3,2
7226,7226,0,1,-93,3,-155,5,0,0,0,0,0,0,0,0,1,0,0,0,0,0,0,0,0,0,0,1,0,0,0,0,0,0,0,0,0,0,0,0,3,4
7227,7227,0,0,94,-2,106,10,0,0,0,0,0,0,0,0,1,0,0,0,0,0,0,0,0,0,0,1,0,0,0,0,0,0,0,0,0,0,0,0,3,1
7228,7228,0,1,94,-2,106,10,0,0,0,0,0,0,0,0,1,0,0,0,0,0,0,0,0,0,0,1,0,0,0,0,0,0,0,0,0,0,0,0,3,0
7229,7229,0,0,-51,13,-118,10,0,0,0,0,0,0,0,0,1,0,0,0,0,0,0,0,0,0,0,1,0,0,0,0,0,0,0,0,0,0,0,0,3,0
7230,7230,0,1,-51,13,-118,10,0,0,0,0,0,0,0,0,1,0,0,0,0,0,0,0,0,0,0,1,0,0,0,0,0,0,0,0,0,0,0,0,3,1
7231,7231,0,0,65,1,49,-15,0,0,0,0,0,0,0,0,1,0,0,0,0,0,0,0,0,0,0,1,0,0,0,0,0,0,0,0,0,0,0,0,3,3
7232,7232,0,1,65,1,49,-15,0,0,0,0,0,0,0,0,1,0,0,0,0,0,0,0,0,0,0,1,0,0,0,0,0,0,0,0,0,0,0,0,3,2
7233,7233,0,0,-14,-14,-53,11,0,0,0,0,0,0,0,0,1,0,0,0,0,0,0,0,0,0,0,1,0,0,0,0,0,0,0,0,0,0,0,0,3,1
7234,7234,0,1,-14,-14,-53,11,0,0,0,0,0,0,0,0,1,0,0,0,0,0,0,0,0,0,0,1,0,0,0,0,0,0,0,0,0,0,0,0,3,0
7235,7235,0,0,3,3,1,1,0,0,0,0,0,0,0,0,1,0,0,0,0,0,0,0,0,0,0,1,0,0,0,0,0,0,0,0,0,0,0,0,3,3
7236,7236,0,1,3,3,1,1,0,0,0,0,0,0,0,0,1,0,0,0,0,0,0,0,0,0,0,1,0,0,0,0,0,0,0,0,0,0,0,0,3,3
7237,7237,0,0,76,12,-40,-8,0,0,0,0,0,0,0,0,1,0,0,0,0,0,0,0,0,0,0,1,0,0,0,0,0,0,0,0,0,0,0,0,3,4
7238,7238,0,1,76,12,-40,-8,0,0,0,0,0,0,0,0,2,0,0,0,0,0,0,0,0,0,0,1,0,0,0,0,0,0,0,0,0,0,0,0,3,1
7239,7239,0,0,-119,9,31,-1,0,0,0,0,0,0,0,0,2,0,0,0,0,0,0,0,0,0,0,1,0,0,0,0,0,0,0,0,0,0,0,0,3,4
7240,7240,0,1,-119,9,31,-1,0,0,0,0,0,0,0,0,2,0,0,0,0,0,0,0,0,0,0,1,0,0,0,0,0,0,0,0,0,0,0,0,3,3
7241,7241,0,0,199,7,-77,-13,0,0,0,0,0,0,0,0,2,0,0,0,0,0,0,0,0,0,0,1,0,0,0,0,0,0,0,0,0,0,0,0,3,2
7242,7242,0,1,199,7,-77,-13,0,0,0,0,0,0,0,0,2,0,0,0,0,0,0,0,0,0,0,1,0,0,0,0,0,0,0,0,0,0,0,0,3,3
7243,7243,0,0,-196,-4,5,5,0,0,0,0,0,0,0,0,2,0,0,0,0,0,0,0,0,0,0,1,0,0,0,0,0,0,0,0,0,0,0,0,3,2
7244,7244,0,1,-196,-4,5,5,0,0,0,0,0,0,0,0,2,0,0,0,0,0,0,0,0,0,0,1,0,0,0,0,0,0,0,0,0,0,0,0,3,3
7245,7245,0,0,217,-7,1,1,0,0,0,0,0,0,0,0,2,0,0,0,0,0,0,0,0,0,0,1,0,0,0,0,0,0,0,0,0,0,0,0,3,3
7246,7246,0,1,217,-7,1,1,0,0,0,0,0,0,0,0,2,0,0,0,0,0,0,0,0,0,0,1,0,0,0,0,0,0,0,0,0,0,0,0,3,3
7247,7247,0,0,-129,-1,-48,-16,0,0,0,0,0,0,0,0,2,0,0,0,0,0,0,0,0,0,0,1,0,0,0,0,0,0,0,0,0,0,0,0,3,1
7248,7248,0,1,-129,-1,-48,-16,0,0,0,0,0,0,0,0,2,0,0,0,0,0,0,0,0,0,0,1,0,0,0,0,0,0,0,0,0,0,0,0,3,2
7249,7249,0,0,80,-16,-24,8,0,0,0,0,0,0,0,0,2,0,0,0,0,0,0,0,0,0,0,1,0,0,0,0,0,0,0,0,0,0,0,0,3,2
7250,7250,0,1,80,-16,-24,8,0,0,0,0,0,0,0,0,2,0,0,0,0,0,0,0,0,0,0,1,0,0,0,0,0,0,0,0,0,0,0,0,3,3
7251,7251,0,0,-20,12,23,-9,0,0,0,0,0,0,0,0,2,0,0,0,0,0,0,0,0,0,0,1,0,0,0,0,0,0,0,0,0,0,0,0,3,1
7252,7252,0,1,-20,12,23,-9,0,0,0,0,0,0,0,0,2,0,0,0,0,0,0,0,0,0,0,1,0,0,0,0,0,0,0,0,0,0,0,0,3,2
7253,7253,0,0,18,-14,-42,-10,0,0,0,0,0,0,0,0,2,0,0,0,0,0,0,0,0,0,0,1,0,0,0,0,0,0,0,0,0,0,0,0,3,1
7254,7254,0,1,18,-14,-42,-10,0,0,0,0,0,0,0,0,2,0,0,0,0,0,0,0,0,0,0,1,0,0,0,0,0,0,0,0,0,0,0,0,3,1
7255,7255,0,0,13,13,-44,-12,0,0,0,0,0,0,0,0,2,0,0,0,0,0,0,0,0,0,0,1,0,0,0,0,0,0,0,0,0,0,0,0,3,1
7256,7256,0,1,13,13,-44,-12,0,0,0,0,0,0,0,0,2,0,0,0,0,0,0,0,0,0,0,1,0,0,0,0,0,0,0,0,0,0,0,0,3,1
7257,7257,0,0,27,-5,60,-4,0,0,0,0,0,0,0,0,1,0,0,0,0,0,0,0,0,0,0,1,0,0,0,0,0,0,0,0,0,0,0,0,3,2
7258,7258,0,1,27,-5,60,-4,0,0,0,0,0,0,0,0,1,0,0,0,0,0,0,0,0,0,0,1,0,0,0,0,0,0,0,0,0,0,0,0,3,0
7259,7259,0,0,2,2,-115,13,0,0,0,0,0,0,0,0,1,0,0,0,0,0,0,0,0,0,0,0,0,0,0,0,0,0,0,0,0,0,0,0,3,2
7260,7260,0,1,2,2,-115,13,0,0,0,0,0,0,0,0,1,0,0,0,0,0,0,0,0,0,0,0,0,0,0,0,0,0,0,0,0,0,0,0,3,0
7261,7261,0,0,-6,-6,95,-1,0,0,0,0,0,0,0,0,1,0,0,0,0,0,0,0,0,0,0,0,0,0,0,0,0,0,0,0,0,0,0,0,3,4
7262,7262,0,1,-6,-6,95,-1,0,0,0,0,0,0,0,0,2,0,0,0,0,0,0,0,0,0,0,1,0,0,0,0,0,0,0,0,0,0,0,0,3,4
7263,7263,0,0,104,8,-125,3,0,0,0,0,0,0,0,0,2,0,0,0,0,0,0,0,0,0,0,1,0,0,0,0,0,0,0,0,0,0,0,0,3,2
7264,7264,0,1,104,8,-125,3,0,0,0,0,0,0,0,0,2,0,0,0,0,0,0,0,0,0,0,1,0,0,0,0,0,0,0,0,0,0,0,0,3,2
7265,7265,0,0,-120,8,72,8,0,0,0,0,0,0,0,0,2,0,0,0,0,0,0,0,0,0,0,1,0,0,0,0,0,0,0,0,0,0,0,0,3,4
7266,7266,0,1,-120,8,72,8,0,0,0,0,0,0,0,0,2,0,0,0,0,0,0,0,0,0,0,1,0,0,0,0,0,0,0,0,0,0,0,0,3,5
7267,7267,0,0,141,13,-94,2,0,0,0,0,0,0,0,0,2,0,0,0,0,0,0,0,0,0,0,1,0,0,0,0,0,0,0,0,0,0,0,0,3,1
7268,7268,0,1,141,13,-94,2,0,0,0,0,0,0,0,0,2,0,0,0,0,0,0,0,0,0,0,1,0,0,0,0,0,0,0,0,0,0,0,0,3,3
7269,7269,0,0,-82,14,47,15,0,0,0,0,0,0,0,0,2,0,0,0,0,0,0,0,0,0,0,1,0,0,0,0,0,0,0,0,0,0,0,0,3,1
7270,7270,0,1,-82,14,47,15,0,0,0,0,0,0,0,0,2,0,0,0,0,0,0,0,0,0,0,1,0,0,0,0,0,0,0,0,0,0,0,0,3,2
7271,7271,0,0,68,4,-91,5,0,0,0,0,0,0,0,0,2,0,0,0,0,0,0,0,0,0,0,0,0,0,0,0,0,0,0,0,0,0,0,0,3,0
7272,7272,0,1,68,4,-91,5,0,0,0,0,0,0,0,0,2,0,0,0,0,0,0,0,0,0,0,0,0,0,0,0,0,0,0,0,0,0,0,0,3,0
7273,7273,0,0,-32,0,46,14,0,0,0,0,0,0,0,0,1,0,0,0,0,0,0,0,0,0,0,1,0,0,0,0,0,0,0,0,0,0,0,0,3,1
7274,7274,0,1,-32,0,46,14,0,0,0,0,0,0,0,0,1,0,0,0,0,0,0,0,0,0,0,1,0,0,0,0,0,0,0,0,0,0,0,0,3,2
7275,7275,0,0,45,13,-6,-6,0,0,0,0,0,0,0,0,1,0,0,0,0,0,0,0,0,0,0,1,0,0,0,0,0,0,0,0,0,0,0,0,3,2
7276,7276,0,1,45,13,-6,-6,0,0,0,0,0,0,0,0,1,0,0,0,0,0,0,0,0,0,0,1,0,0,0,0,0,0,0,0,0,0,0,0,3,1
7277,7277,0,0,9,9,-83,13,0,0,0,0,0,0,0,0,1,0,0,0,0,0,0,0,0,0,0,1,0,0,0,0,0,0,0,0,0,0,0,0,3,1
7278,7278,0,1,9,9,-83,13,0,0,0,0,0,0,0,0,1,0,0,0,0,0,0,0,0,0,0,0,0,0,0,0,0,0,0,0,0,0,0,0,3,1
7279,7279,0,0,8,8,98,2,0,0,0,0,0,0,0,0,1,0,0,0,0,0,0,0,0,0,0,0,0,0,0,0,0,0,0,0,0,0,0,0,3,2
7280,7280,0,1,8,8,98,2,0,0,0,0,0,0,0,0,1,0,0,0,0,0,0,0,0,0,0,0,0,0,0,0,0,0,0,0,0,0,0,0,3,2
7281,7281,0,0,31,-1,-138,-10,0,0,0,0,0,0,0,0,1,0,0,0,0,0,0,0,0,0,0,0,0,0,0,0,0,0,0,0,0,0,0,0,3,0
7282,7282,0,1,31,-1,-138,-10,0,0,0,0,0,0,0,0,1,0,0,0,0,0,0,0,0,0,0,1,0,0,0,0,0,0,0,0,0,0,0,0,3,1
7283,7283,0,0,-27,5,106,10,0,0,0,0,0,0,0,0,1,0,0,0,0,0,0,0,0,0,0,0,0,0,0,0,0,0,0,0,0,0,0,0,3,4
7284,7284,0,1,-27,5,106,10,0,0,0,0,0,0,0,0,1,0,0,0,0,0,0,0,0,0,0,1,0,0,0,0,0,0,0,0,0,0,0,0,3,3
7285,7285,0,0,114,-14,-98,-2,0,0,0,0,0,0,0,0,1,0,0,0,0,0,0,0,0,0,0,1,0,0,0,0,0,0,0,0,0,0,0,0,3,2
7286,7286,0,1,114,-14,-98,-2,0,0,0,0,0,0,0,0,1,0,0,0,0,0,0,0,0,0,0,1,0,0,0,0,0,0,0,0,0,0,0,0,3,1
7287,7287,0,0,-148,12,39,7,0,0,0,0,0,0,0,0,1,0,0,0,0,0,0,0,0,0,0,1,0,0,0,0,0,0,0,0,0,0,0,0,3,3
7288,7288,0,1,-148,12,39,7,0,0,0,0,0,0,0,0,1,0,0,0,0,0,0,0,0,0,0,1,0,0,0,0,0,0,0,0,0,0,0,0,3,4
7289,7289,0,0,173,13,-36,-4,0,0,0,0,0,0,0,0,1,0,0,0,0,0,0,0,0,0,0,1,0,0,0,0,0,0,0,0,0,0,0,0,3,0
7290,7290,0,1,173,13,-36,-4,0,0,0,0,0,0,0,0,1,0,0,0,0,0,0,0,0,0,0,1,0,0,0,0,0,0,0,0,0,0,0,0,3,1
7291,7291,0,0,-111,-15,-34,-2,0,0,0,0,0,0,0,0,1,0,0,0,0,0,0,0,0,0,0,1,0,0,0,0,0,0,0,0,0,0,0,0,3,2
7292,7292,0,1,-111,-15,-34,-2,0,0,0,0,0,0,0,0,1,0,0,0,0,0,0,0,0,0,0,1,0,0,0,0,0,0,0,0,0,0,0,0,3,2
7293,7293,0,0,111,15,15,15,0,0,0,0,0,0,0,0,1,0,0,0,0,0,0,0,0,0,0,1,0,0,0,0,0,0,0,0,0,0,0,0,3,0
7294,7294,0,1,111,15,15,15,0,0,0,0,0,0,0,0,1,0,0,0,0,0,0,0,0,0,0,1,0,0,0,0,0,0,0,0,0,0,0,0,3,1
7295,7295,0,0,-38,-6,-70,-6,0,0,0,0,0,0,0,0,1,0,0,0,0,0,0,0,0,0,0,1,0,0,0,0,0,0,0,0,0,0,0,0,3,1
7296,7296,0,1,-38,-6,-70,-6,0,0,0,0,0,0,0,0,1,0,0,0,0,0,0,0,0,0,0,1,0,0,0,0,0,0,0,0,0,0,0,0,3,1
7297,7297,0,0,18,-14,58,-6,0,0,0,0,0,0,0,0,1,0,0,0,0,0,0,0,0,0,0,1,0,0,0,0,0,0,0,0,0,0,0,0,3,2
7298,7298,0,1,18,-14,58,-6,0,0,0,0,0,0,0,0,1,0,0,0,0,0,0,0,0,0,0,0,0,0,0,0,0,0,0,0,0,0,0,0,3,1
7299,7299,0,0,29,-3,-60,4,0,0,0,0,0,0,0,0,1,0,0,0,0,0,0,0,0,0,0,0,0,0,0,0,0,0,0,0,0,0,0,0,3,1
7300,7300,0,1,29,-3,-60,4,0,0,0,0,0,0,0,0,1,0,0,0,0,0,0,0,0,0,0,0,0,0,0,0,0,0,0,0,0,0,0,0,3,0
7301,7301,0,0,-22,10,-5,-5,0,0,0,0,0,0,0,0,1,0,0,0,0,0,0,0,0,0,0,0,0,0,0,0,0,0,0,0,0,0,0,0,3,3
7302,7302,0,1,-22,10,-5,-5,0,0,0,0,0,0,0,0,1,0,0,0,0,0,0,0,0,0,0,0,0,0,0,0,0,0,0,0,0,0,0,0,3,2
7303,7303,0,0,74,10,26,-6,0,0,0,0,0,0,0,0,1,0,0,0,0,0,0,0,0,0,0,0,0,0,0,0,0,0,0,0,0,0,0,0,3,1
7304,7304,0,1,74,10,26,-6,0,0,0,0,0,0,0,0,1,0,0,0,0,0,0,0,0,0,0,0,0,0,0,0,0,0,0,0,0,0,0,0,3,1
7305,7305,0,0,-53,11,-72,-8,0,0,0,0,0,0,0,0,1,0,0,0,0,0,0,0,0,0,0,0,0,0,0,0,0,0,0,0,0,0,0,0,3,3
7306,7306,0,1,-53,11,-72,-8,0,0,0,0,0,0,0,0,1,0,0,0,0,0,0,0,0,0,0,0,0,0,0,0,0,0,0,0,0,0,0,0,3,2
7307,7307,0,0,138,10,67,3,0,0,0,0,0,0,0,0,1,0,0,0,0,0,0,0,0,0,0,0,0,0,0,0,0,0,0,0,0,0,0,0,3,2
7308,7308,0,1,138,10,67,3,0,0,0,0,0,0,0,0,1,0,0,0,0,0,0,0,0,0,0,0,0,0,0,0,0,0,0,0,0,0,0,0,3,1
7309,7309,0,0,-154,6,-111,-15,0,0,0,0,0,0,0,0,1,0,0,0,0,0,0,0,0,0,0,0,0,0,0,0,0,0,0,0,0,0,0,0,3,3
7310,7310,0,1,-154,6,-111,-15,0,0,0,0,0,0,0,0,1,0,0,0,0,0,0,0,0,0,0,0,0,0,0,0,0,0,0,0,0,0,0,0,3,4
7311,7311,0,0,185,-7,33,1,0,0,0,0,0,0,0,0,1,0,0,0,0,0,0,0,0,0,0,1,0,0,0,0,0,0,0,0,0,0,0,0,3,1
7312,7312,0,1,185,-7,33,1,0,0,0,0,0,0,0,0,1,0,0,0,0,0,0,0,0,0,0,0,0,0,0,0,0,0,0,0,0,0,0,0,3,1
7313,7313,0,0,-122,6,-31,1,0,0,0,0,0,0,0,0,1,0,0,0,0,0,0,0,0,0,0,0,0,0,0,0,0,0,0,0,0,0,0,0,3,2
7314,7314,0,1,-122,6,-31,1,0,0,0,0,0,0,0,0,1,0,0,0,0,0,0,0,0,0,0,0,0,0,0,0,0,0,0,0,0,0,0,0,3,3
7315,7315,0,0,42,10,-8,-8,0,0,0,0,0,0,0,0,1,0,0,0,0,0,0,0,0,0,0,1,0,0,0,0,0,0,0,0,0,0,0,0,3,2
7316,7316,0,1,42,10,-8,-8,0,0,0,0,0,0,0,0,1,0,0,0,0,0,0,0,0,0,0,0,0,0,0,0,0,0,0,0,0,0,0,0,3,1
7317,7317,0,0,100,4,8,8,0,0,0,0,0,0,0,0,1,0,0,0,0,0,0,0,0,0,0,0,0,0,0,0,0,0,0,0,0,0,0,0,3,0
7318,7318,0,1,100,4,8,8,0,0,0,0,0,0,0,0,1,0,0,0,0,0,0,0,0,0,0,0,0,0,0,0,0,0,0,0,0,0,0,0,3,1
7319,7319,0,0,-197,-5,-80,-16,0,0,0,0,0,0,0,0,1,0,0,0,0,0,0,0,0,0,0,0,0,0,0,0,0,0,0,0,0,0,0,0,3,1
7320,7320,0,1,-197,-5,-80,-16,0,0,0,0,0,0,0,0,1,0,0,0,0,0,0,0,0,0,0,0,0,0,0,0,0,0,0,0,0,0,0,0,3,2
7321,7321,0,0,293,5,67,3,0,0,0,0,0,0,0,0,1,0,0,0,0,0,0,0,0,0,0,0,0,0,0,0,0,0,0,0,0,0,0,0,3,1
7322,7322,0,1,293,5,67,3,0,0,0,0,0,0,0,0,1,0,0,0,0,0,0,0,0,0,0,0,0,0,0,0,0,0,0,0,0,0,0,0,3,0
7323,7323,0,0,-261,-5,-139,-11,0,0,0,0,0,0,0,0,1,0,0,0,0,0,0,0,0,0,0,0,0,0,0,0,0,0,0,0,0,0,0,0,3,2
7324,7324,0,1,-261,-5,-139,-11,0,0,0,0,0,0,0,0,1,0,0,0,0,0,0,0,0,0,0,0,0,0,0,0,0,0,0,0,0,0,0,0,3,1
7325,7325,0,0,250,-6,160,0,0,0,0,0,0,0,0,0,1,0,0,0,0,0,0,0,0,0,0,0,0,0,0,0,0,0,0,0,0,0,0,0,3,2
7326,7326,0,1,250,-6,160,0,0,0,0,0,0,0,0,0,1,0,0,0,0,0,0,0,0,0,0,0,0,0,0,0,0,0,0,0,0,0,0,0,3,1
7327,7327,0,0,-175,-15,-234,-10,0,0,0,0,0,0,0,0,1,0,0,0,0,0,0,0,0,0,0,0,0,0,0,0,0,0,0,0,0,0,0,0,3,3
7328,7328,0,1,-175,-15,-234,-10,0,0,0,0,0,0,0,0,1,0,0,0,0,0,0,0,0,0,0,0,0,0,0,0,0,0,0,0,0,0,0,0,3,2
7329,7329,0,0,140,12,207,15,0,0,0,0,0,0,0,0,1,0,0,0,0,0,0,0,0,0,0,0,0,0,0,0,0,0,0,0,0,0,0,0,3,3
7330,7330,0,1,140,12,207,15,0,0,0,0,0,0,0,0,1,0,0,0,0,0,0,0,0,0,0,0,0,0,0,0,0,0,0,0,0,0,0,0,3,3
7331,7331,0,0,-44,-12,-240,-16,0,0,0,0,0,0,0,0,1,0,0,0,0,0,0,0,0,0,0,0,0,0,0,0,0,0,0,0,0,0,0,0,3,3
7332,7332,0,1,-44,-12,-240,-16,0,0,0,0,0,0,0,0,1,0,0,0,0,0,0,0,0,0,0,0,0,0,0,0,0,0,0,0,0,0,0,0,3,4
7333,7333,0,0,40,8,200,8,0,0,0,0,0,0,0,0,1,0,0,0,0,0,0,0,0,0,0,1,0,0,0,0,0,0,0,0,0,0,0,0,3,0
7334,7334,0,1,40,8,200,8,0,0,0,0,0,0,0,0,1,0,0,0,0,0,0,0,0,0,0,1,0,0,0,0,0,0,0,0,0,0,0,0,3,3
7335,7335,0,0,29,-3,-221,3,0,0,0,0,0,0,0,0,1,0,0,0,0,0,0,0,0,0,0,1,0,0,0,0,0,0,0,0,0,0,0,0,3,0
7336,7336,0,1,29,-3,-221,3,0,0,0,0,0,0,0,0,1,0,0,0,0,0,0,0,0,0,0,1,0,0,0,0,0,0,0,0,0,0,0,0,3,3
7337,7337,0,0,-33,-1,134,6,0,0,0,0,0,0,0,0,1,0,0,0,0,0,0,0,0,0,0,1,0,0,0,0,0,0,0,0,0,0,0,0,3,3
7338,7338,0,1,-33,-1,134,6,0,0,0,0,0,0,0,0,1,0,0,0,0,0,0,0,0,0,0,1,0,0,0,0,0,0,0,0,0,0,0,0,3,1
7339,7339,0,0,86,-10,-146,14,0,0,0,0,0,0,0,0,1,0,0,0,0,0,0,0,0,0,0,1,0,0,0,0,0,0,0,0,0,0,0,0,3,4
7340,7340,0,1,86,-10,-146,14,0,0,0,0,0,0,0,0,1,0,0,0,0,0,0,0,0,0,0,1,0,0,0,0,0,0,0,0,0,0,0,0,3,1
7341,7341,0,0,-49,15,90,-6,0,0,0,0,0,0,0,0,1,0,0,0,0,0,0,0,0,0,0,1,0,0,0,0,0,0,0,0,0,0,0,0,3,6
7342,7342,0,1,-49,15,90,-6,0,0,0,0,0,0,0,0,2,0,0,0,0,0,0,0,0,0,0,1,0,0,0,0,0,0,0,0,0,0,0,0,3,5
7343,7343,0,0,26,-6,-137,-9,0,0,0,0,0,0,0,0,2,0,0,0,0,0,0,0,0,0,0,1,0,0,0,0,0,0,0,0,0,0,0,0,3,4
7344,7344,0,1,26,-6,-137,-9,0,0,0,0,0,0,0,0,2,0,0,0,0,0,0,0,0,0,0,1,0,0,0,0,0,0,0,0,0,0,0,0,3,4
7345,7345,0,0,103,7,55,-9,0,0,0,0,0,0,0,0,2,0,0,0,0,0,0,0,0,0,0,1,0,0,0,0,0,0,0,0,0,0,0,0,3,4
7346,7346,0,1,103,7,55,-9,0,0,0,0,0,0,0,0,2,0,0,0,0,0,0,0,0,0,0,1,0,0,0,0,0,0,0,0,0,0,0,0,3,5
7347,7347,0,0,-181,11,-22,10,0,0,0,0,0,0,0,0,2,0,0,0,0,0,0,0,0,0,0,1,0,0,0,0,0,0,0,0,0,0,0,0,3,5
7348,7348,0,1,-181,11,-22,10,0,0,0,0,0,0,0,0,2,0,0,0,0,0,0,0,0,0,0,1,0,0,0,0,0,0,0,0,0,0,0,0,3,5
7349,7349,0,0,290,2,-69,-5,0,0,0,0,0,0,0,0,2,0,0,0,0,0,0,0,0,0,0,1,0,0,0,0,0,0,0,0,0,0,0,0,3,2
7350,7350,0,1,290,2,-69,-5,0,0,0,0,0,0,0,0,2,0,0,0,0,0,0,0,0,0,0,1,0,0,0,0,0,0,0,0,0,0,0,0,3,4
7351,7351,0,0,-233,-9,25,-7,0,0,0,0,0,0,0,0,2,0,0,0,0,0,0,0,0,0,0,1,0,0,0,0,0,0,0,0,0,0,0,0,3,4
7352,7352,0,1,-233,-9,25,-7,0,0,0,0,0,0,0,0,2,0,0,0,0,0,0,0,0,0,0,1,0,0,0,0,0,0,0,0,0,0,0,0,3,4
7353,7353,0,0,193,1,-75,-11,0,0,0,0,0,0,0,0,2,0,0,0,0,0,0,0,0,0,0,1,0,0,0,0,0,0,0,0,0,0,0,0,3,2
7354,7354,0,1,193,1,-75,-11,0,0,0,0,0,0,0,0,2,0,0,0,0,0,0,0,0,0,0,1,0,0,0,0,0,0,0,0,0,0,0,0,3,2
7355,7355,0,0,-62,2,46,14,0,0,0,0,0,0,0,0,2,0,0,0,0,0,0,0,0,0,0,1,0,0,0,0,0,0,0,0,0,0,0,0,3,4
7356,7356,0,1,-62,2,46,14,0,0,0,0,0,0,0,0,3,0,0,0,0,0,0,0,0,0,0,1,0,0,0,0,0,0,0,0,0,0,0,0,3,5
7357,7357,0,0,-27,5,-91,5,0,0,0,0,0,0,0,0,3,0,0,0,0,0,0,0,0,0,0,1,0,0,0,0,0,0,0,0,0,0,0,0,3,0
7358,7358,0,1,-27,5,-91,5,0,0,0,0,0,0,0,0,3,0,0,0,0,0,0,0,0,0,0,1,0,0,0,0,0,0,0,0,0,0,0,0,3,1
7359,7359,0,0,153,-7,38,6,0,0,0,0,0,0,0,0,3,0,0,0,0,0,0,0,0,0,0,1,0,0,0,0,0,0,0,0,0,0,0,0,3,3
7360,7360,0,1,153,-7,38,6,0,0,0,0,0,0,0,0,3,0,0,0,0,0,0,0,0,0,0,1,0,0,0,0,0,0,0,0,0,0,0,0,3,4
7361,7361,0,0,-173,-13,-1,-1,0,0,0,0,0,0,0,0,3,0,0,0,0,0,0,0,0,0,0,1,0,0,0,0,0,0,0,0,0,0,0,0,3,0
7362,7362,0,1,-173,-13,-1,-1,0,0,0,0,0,0,0,0,3,0,0,0,0,0,0,0,0,0,0,1,0,0,0,0,0,0,0,0,0,0,0,0,3,1
7363,7363,0,0,184,-8,-107,-11,0,0,0,0,0,0,0,0,3,0,0,0,0,0,0,0,0,0,0,1,0,0,0,0,0,0,0,0,0,0,0,0,3,3
7364,7364,0,1,184,-8,-107,-11,0,0,0,0,0,0,0,0,3,0,0,0,0,0,0,0,0,0,0,1,0,0,0,0,0,0,0,0,0,0,0,0,3,4
7365,7365,0,0,-93,3,57,-7,0,0,0,0,0,0,0,0,3,0,0,0,0,0,0,0,0,0,0,1,0,0,0,0,0,0,0,0,0,0,0,0,3,3
7366,7366,0,1,-93,3,57,-7,0,0,0,0,0,0,0,0,3,0,0,0,0,0,0,0,0,0,0,1,0,0,0,0,0,0,0,0,0,0,0,0,3,1
7367,7367,0,0,113,-15,-45,-13,0,0,0,0,0,0,0,0,3,0,0,0,0,0,0,0,0,0,0,1,0,0,0,0,0,0,0,0,0,0,0,0,3,3
7368,7368,0,1,113,-15,-45,-13,0,0,0,0,0,0,0,0,3,0,0,0,0,0,0,0,0,0,0,1,0,0,0,0,0,0,0,0,0,0,0,0,3,1
7369,7369,0,0,-42,-10,-34,-2,0,0,0,0,0,0,0,0,3,0,0,0,0,0,0,0,0,0,0,1,0,0,0,0,0,0,0,0,0,0,0,0,3,7
7370,7370,0,1,-42,-10,-34,-2,0,0,0,0,0,0,0,0,3,0,0,0,0,0,0,0,0,0,0,1,0,0,0,0,0,0,0,0,0,0,0,0,3,6
7371,7371,0,0,35,3,30,-2,0,0,0,0,0,0,0,0,3,0,0,0,0,0,0,0,0,0,0,1,0,0,0,0,0,0,0,0,0,0,0,0,3,2
7372,7372,0,1,35,3,30,-2,0,0,0,0,0,0,0,0,3,0,0,0,0,0,0,0,0,0,0,1,0,0,0,0,0,0,0,0,0,0,0,0,3,4
7373,7373,0,0,30,-2,-77,-13,0,0,0,0,0,0,0,0,3,0,0,0,0,0,0,0,0,0,0,1,0,0,0,0,0,0,0,0,0,0,0,0,3,3
7374,7374,0,1,30,-2,-77,-13,0,0,0,0,0,0,0,0,3,0,0,0,0,0,0,0,0,0,0,1,0,0,0,0,0,0,0,0,0,0,0,0,3,5
7375,7375,0,0,-30,2,73,9,0,0,0,0,0,0,0,0,3,0,0,0,0,0,0,0,0,0,0,1,0,0,0,0,0,0,0,0,0,0,0,0,3,1
7376,7376,0,1,-30,2,73,9,0,0,0,0,0,0,0,0,3,0,0,0,0,0,0,0,0,0,0,1,0,0,0,0,0,0,0,0,0,0,0,0,3,2
7377,7377,0,0,47,15,-126,2,0,0,0,0,0,0,0,0,3,0,0,0,0,0,0,0,0,0,0,1,0,0,0,0,0,0,0,0,0,0,0,0,3,2
7378,7378,0,1,47,15,-126,2,0,0,0,0,0,0,0,0,3,0,0,0,0,0,0,0,0,0,0,1,0,0,0,0,0,0,0,0,0,0,0,0,3,2
7379,7379,0,0,-35,-3,65,1,0,0,0,0,0,0,0,0,2,0,0,0,0,0,0,0,0,0,0,1,0,0,0,0,0,0,0,0,0,0,0,0,3,4
7380,7380,0,1,-35,-3,65,1,0,0,0,0,0,0,0,0,2,0,0,0,0,0,0,0,0,0,0,1,0,0,0,0,0,0,0,0,0,0,0,0,3,2
7381,7381,0,0,70,6,-42,-10,0,0,0,0,0,0,0,0,2,0,0,0,0,0,0,0,0,0,0,1,0,0,0,0,0,0,0,0,0,0,0,0,3,3
7382,7382,0,1,70,6,-42,-10,0,0,0,0,0,0,0,0,2,0,0,0,0,0,0,0,0,0,0,1,0,0,0,0,0,0,0,0,0,0,0,0,3,2
7383,7383,0,0,-33,-1,-56,8,0,0,0,0,0,0,0,0,2,0,0,0,0,0,0,0,0,0,0,1,0,0,0,0,0,0,0,0,0,0,0,0,3,4
7384,7384,0,1,-33,-1,-56,8,0,0,0,0,0,0,0,0,2,0,0,0,0,0,0,0,0,0,0,1,0,0,0,0,0,0,0,0,0,0,0,0,3,5
7385,7385,0,0,31,-1,44,12,0,0,0,0,0,0,0,0,2,0,0,0,0,0,0,0,0,0,0,1,0,0,0,0,0,0,0,0,0,0,0,0,3,0
7386,7386,0,1,31,-1,44,12,0,0,0,0,0,0,0,0,2,0,0,0,0,0,0,0,0,0,0,1,0,0,0,0,0,0,0,0,0,0,0,0,3,0
7387,7387,0,0,34,2,-131,-3,0,0,0,0,0,0,0,0,2,0,0,0,0,0,0,0,0,0,0,1,0,0,0,0,0,0,0,0,0,0,0,0,3,2
7388,7388,0,1,34,2,-131,-3,0,0,0,0,0,0,0,0,2,0,0,0,0,0,0,0,0,0,0,1,0,0,0,0,0,0,0,0,0,0,0,0,3,4
7389,7389,0,0,-20,12,117,-11,0,0,0,0,0,0,0,0,2,0,0,0,0,0,0,0,0,0,0,1,0,0,0,0,0,0,0,0,0,0,0,0,3,2
7390,7390,0,1,-20,12,117,-11,0,0,0,0,0,0,0,0,2,0,0,0,0,0,0,0,0,0,0,1,0,0,0,0,0,0,0,0,0,0,0,0,3,0
7391,7391,0,0,59,-5,-146,14,0,0,0,0,0,0,0,0,2,0,0,0,0,0,0,0,0,0,0,1,0,0,0,0,0,0,0,0,0,0,0,0,3,0
7392,7392,0,1,59,-5,-146,14,0,0,0,0,0,0,0,0,2,0,0,0,0,0,0,0,0,0,0,1,0,0,0,0,0,0,0,0,0,0,0,0,3,1
7393,7393,0,0,-45,-13,60,-4,0,0,0,0,0,0,0,0,2,0,0,0,0,0,0,0,0,0,0,1,0,0,0,0,0,0,0,0,0,0,0,0,3,2
7394,7394,0,1,-45,-13,60,-4,0,0,0,0,0,0,0,0,2,0,0,0,0,0,0,0,0,0,0,1,0,0,0,0,0,0,0,0,0,0,0,0,3,1
7395,7395,0,0,59,-5,-49,15,0,0,0,0,0,0,0,0,2,0,0,0,0,0,0,0,0,0,0,1,0,0,0,0,0,0,0,0,0,0,0,0,3,0
7396,7396,0,1,59,-5,-49,15,0,0,0,0,0,0,0,0,2,0,0,0,0,0,0,0,0,0,0,1,0,0,0,0,0,0,0,0,0,0,0,0,3,0
7397,7397,0,0,-24,8,-28,4,0,0,0,0,0,0,0,0,2,0,0,0,0,0,0,0,0,0,0,1,0,0,0,0,0,0,0,0,0,0,0,0,3,3
7398,7398,0,1,-24,8,-28,4,0,0,0,0,0,0,0,0,2,0,0,0,0,0,0,0,0,0,0,1,0,0,0,0,0,0,0,0,0,0,0,0,3,3
7399,7399,0,0,-10,-10,-24,8,0,0,0,0,0,0,0,0,2,0,0,0,0,0,0,0,0,0,0,1,0,0,0,0,0,0,0,0,0,0,0,0,3,0
7400,7400,0,1,-10,-10,-24,8,0,0,0,0,0,0,0,0,2,0,0,0,0,0,0,0,0,0,0,1,0,0,0,0,0,0,0,0,0,0,0,0,3,1
7401,7401,0,0,60,-4,12,12,0,0,0,0,0,0,0,0,2,0,0,0,0,0,0,0,0,0,0,1,0,0,0,0,0,0,0,0,0,0,0,0,3,1
7402,7402,0,1,60,-4,12,12,0,0,0,0,0,0,0,0,2,0,0,0,0,0,0,0,0,0,0,1,0,0,0,0,0,0,0,0,0,0,0,0,3,2
7403,7403,0,0,-71,-7,-97,-1,0,0,0,0,0,0,0,0,1,0,0,0,0,0,0,0,0,0,0,1,0,0,0,0,0,0,0,0,0,0,0,0,3,2
7404,7404,0,1,-71,-7,-97,-1,0,0,0,0,0,0,0,0,1,0,0,0,0,0,0,0,0,0,0,1,0,0,0,0,0,0,0,0,0,0,0,0,3,1
7405,7405,0,0,95,-1,110,14,0,0,0,0,0,0,0,0,1,0,0,0,0,0,0,0,0,0,0,1,0,0,0,0,0,0,0,0,0,0,0,0,3,0
7406,7406,0,1,95,-1,110,14,0,0,0,0,0,0,0,0,1,0,0,0,0,0,0,0,0,0,0,1,0,0,0,0,0,0,0,0,0,0,0,0,3,1
7407,7407,0,0,-57,7,-143,-15,0,0,0,0,0,0,0,0,1,0,0,0,0,0,0,0,0,0,0,1,0,0,0,0,0,0,0,0,0,0,0,0,3,3
7408,7408,0,1,-57,7,-143,-15,0,0,0,0,0,0,0,0,1,0,0,0,0,0,0,0,0,0,0,1,0,0,0,0,0,0,0,0,0,0,0,0,3,2
7409,7409,0,0,64,0,69,5,0,0,0,0,0,0,0,0,1,0,0,0,0,0,0,0,0,0,0,1,0,0,0,0,0,0,0,0,0,0,0,0,3,1
7410,7410,0,1,64,0,69,5,0,0,0,0,0,0,0,0,1,0,0,0,0,0,0,0,0,0,0,1,0,0,0,0,0,0,0,0,0,0,0,0,3,1
7411,7411,0,0,3,3,-85,11,0,0,0,0,0,0,0,0,1,0,0,0,0,0,0,0,0,0,0,1,0,0,0,0,0,0,0,0,0,0,0,0,3,3
7412,7412,0,1,3,3,-85,11,0,0,0,0,0,0,0,0,1,0,0,0,0,0,0,0,0,0,0,1,0,0,0,0,0,0,0,0,0,0,0,0,3,4
7413,7413,0,0,16,-16,26,-6,0,0,0,0,0,0,0,0,1,0,0,0,0,0,0,0,0,0,0,1,0,0,0,0,0,0,0,0,0,0,0,0,3,0
7414,7414,0,1,16,-16,26,-6,0,0,0,0,0,0,0,0,1,0,0,0,0,0,0,0,0,0,0,1,0,0,0,0,0,0,0,0,0,0,0,0,3,0
7415,7415,0,0,38,6,-18,14,0,0,0,0,0,0,0,0,1,0,0,0,0,0,0,0,0,0,0,1,0,0,0,0,0,0,0,0,0,0,0,0,3,1
7416,7416,0,1,38,6,-18,14,0,0,0,0,0,0,0,0,1,0,0,0,0,0,0,0,0,0,0,1,0,0,0,0,0,0,0,0,0,0,0,0,3,2
7417,7417,0,0,-43,-11,-61,3,0,0,0,0,0,0,0,0,1,0,0,0,0,0,0,0,0,0,0,1,0,0,0,0,0,0,0,0,0,0,0,0,3,2
7418,7418,0,1,-43,-11,-61,3,0,0,0,0,0,0,0,0,1,0,0,0,0,0,0,0,0,0,0,1,0,0,0,0,0,0,0,0,0,0,0,0,3,1
7419,7419,0,0,63,-1,29,-3,0,0,0,0,0,0,0,0,1,0,0,0,0,0,0,0,0,0,0,1,0,0,0,0,0,0,0,0,0,0,0,0,3,1
7420,7420,0,1,63,-1,29,-3,0,0,0,0,0,0,0,0,1,0,0,0,0,0,0,0,0,0,0,1,0,0,0,0,0,0,0,0,0,0,0,0,3,0
7421,7421,0,0,-11,-11,-42,-10,0,0,0,0,0,0,0,0,1,0,0,0,0,0,0,0,0,0,0,0,0,0,0,0,0,0,0,0,0,0,0,0,3,1
7422,7422,0,1,-11,-11,-42,-10,0,0,0,0,0,0,0,0,1,0,0,0,0,0,0,0,0,0,0,0,0,0,0,0,0,0,0,0,0,0,0,0,3,1
7423,7423,0,0,-29,3,27,-5,0,0,0,0,0,0,0,0,1,0,0,0,0,0,0,0,0,0,0,0,0,0,0,0,0,0,0,0,0,0,0,0,3,3
7424,7424,0,1,-29,3,27,-5,0,0,0,0,0,0,0,0,1,0,0,0,0,0,0,0,0,0,0,0,0,0,0,0,0,0,0,0,0,0,0,0,3,1
7425,7425,0,0,83,-13,-104,-8,0,0,0,0,0,0,0,0,1,0,0,0,0,0,0,0,0,0,0,0,0,0,0,0,0,0,0,0,0,0,0,0,3,2
7426,7426,0,1,83,-13,-104,-8,0,0,0,0,0,0,0,0,1,0,0,0,0,0,0,0,0,0,0,0,0,0,0,0,0,0,0,0,0,0,0,0,3,2
7427,7427,0,0,-27,5,67,3,0,0,0,0,0,0,0,0,1,0,0,0,0,0,0,0,0,0,0,0,0,0,0,0,0,0,0,0,0,0,0,0,3,3
7428,7428,0,1,-27,5,67,3,0,0,0,0,0,0,0,0,1,0,0,0,0,0,0,0,0,0,0,0,0,0,0,0,0,0,0,0,0,0,0,0,3,3
7429,7429,0,0,26,-6,-77,-13,0,0,0,0,0,0,0,0,1,0,0,0,0,0,0,0,0,0,0,0,0,0,0,0,0,0,0,0,0,0,0,0,3,1
7430,7430,0,1,26,-6,-77,-13,0,0,0,0,0,0,0,0,1,0,0,0,0,0,0,0,0,0,0,0,0,0,0,0,0,0,0,0,0,0,0,0,3,2
7431,7431,0,0,-2,-2,37,5,0,0,0,0,0,0,0,0,1,0,0,0,0,0,0,0,0,0,0,0,0,0,0,0,0,0,0,0,0,0,0,0,3,1
7432,7432,0,1,-2,-2,37,5,0,0,0,0,0,0,0,0,1,0,0,0,0,0,0,0,0,0,0,0,0,0,0,0,0,0,0,0,0,0,0,0,3,2
7433,7433,0,0,46,14,-23,9,0,0,0,0,0,0,0,0,1,0,0,0,0,0,0,0,0,0,0,0,0,0,0,0,0,0,0,0,0,0,0,0,3,0
7434,7434,0,1,46,14,-23,9,0,0,0,0,0,0,0,0,1,0,0,0,0,0,0,0,0,0,0,0,0,0,0,0,0,0,0,0,0,0,0,0,3,1
7435,7435,0,0,-3,-3,-81,15,0,0,0,0,0,0,0,0,1,0,0,0,0,0,0,0,0,0,0,0,0,0,0,0,0,0,0,0,0,0,0,0,3,1
7436,7436,0,1,-3,-3,-81,15,0,0,0,0,0,0,0,0,1,0,0,0,0,0,0,0,0,0,0,0,0,0,0,0,0,0,0,0,0,0,0,0,3,1
7437,7437,0,0,19,-13,103,7,0,0,0,0,0,0,0,0,1,0,0,0,0,0,0,0,0,0,0,0,0,0,0,0,0,0,0,0,0,0,0,0,3,2
7438,7438,0,1,19,-13,103,7,0,0,0,0,0,0,0,0,1,0,0,0,0,0,0,0,0,0,0,0,0,0,0,0,0,0,0,0,0,0,0,0,3,1
7439,7439,0,0,39,7,-159,1,0,0,0,0,0,0,0,0,1,0,0,0,0,0,0,0,0,0,0,0,0,0,0,0,0,0,0,0,0,0,0,0,3,1
7440,7440,0,1,39,7,-159,1,0,0,0,0,0,0,0,0,1,0,0,0,0,0,0,0,0,0,0,0,0,0,0,0,0,0,0,0,0,0,0,0,3,2
7441,7441,0,0,-44,-12,98,2,0,0,0,0,0,0,0,0,1,0,0,0,0,0,0,0,0,0,0,0,0,0,0,0,0,0,0,0,0,0,0,0,3,0
7442,7442,0,1,-44,-12,98,2,0,0,0,0,0,0,0,0,1,0,0,0,0,0,0,0,0,0,0,0,0,0,0,0,0,0,0,0,0,0,0,0,3,0
7443,7443,0,0,106,10,-77,-13,0,0,0,0,0,0,0,0,1,0,0,0,0,0,0,0,0,0,0,0,0,0,0,0,0,0,0,0,0,0,0,0,3,1
7444,7444,0,1,106,10,-77,-13,0,0,0,0,0,0,0,0,1,0,0,0,0,0,0,0,0,0,0,0,0,0,0,0,0,0,0,0,0,0,0,0,3,1
7445,7445,0,0,-53,11,-42,-10,0,0,0,0,0,0,0,0,1,0,0,0,0,0,0,0,0,0,0,0,0,0,0,0,0,0,0,0,0,0,0,0,3,4
7446,7446,0,1,-53,11,-42,-10,0,0,0,0,0,0,0,0,1,0,0,0,0,0,0,0,0,0,0,0,0,0,0,0,0,0,0,0,0,0,0,0,3,3
7447,7447,0,0,28,-4,45,13,0,0,0,0,0,0,0,0,1,0,0,0,0,0,0,0,0,0,0,0,0,0,0,0,0,0,0,0,0,0,0,0,3,0
7448,7448,0,1,28,-4,45,13,0,0,0,0,0,0,0,0,1,0,0,0,0,0,0,0,0,0,0,0,0,0,0,0,0,0,0,0,0,0,0,0,3,0
7449,7449,0,0,51,-13,-100,-4,0,0,0,0,0,0,0,0,1,0,0,0,0,0,0,0,0,0,0,0,0,0,0,0,0,0,0,0,0,0,0,0,3,1
7450,7450,0,1,51,-13,-100,-4,0,0,0,0,0,0,0,0,1,0,0,0,0,0,0,0,0,0,0,0,0,0,0,0,0,0,0,0,0,0,0,0,3,2
7451,7451,0,0,-46,-14,76,12,0,0,0,0,0,0,0,0,1,0,0,0,0,0,0,0,0,0,0,0,0,0,0,0,0,0,0,0,0,0,0,0,3,0
7452,7452,0,1,-46,-14,76,12,0,0,0,0,0,0,0,0,1,0,0,0,0,0,0,0,0,0,0,0,0,0,0,0,0,0,0,0,0,0,0,0,3,0
7453,7453,0,0,64,0,-99,-3,0,0,0,0,0,0,0,0,1,0,0,0,0,0,0,0,0,0,0,0,0,0,0,0,0,0,0,0,0,0,0,0,3,1
7454,7454,0,1,64,0,-99,-3,0,0,0,0,0,0,0,0,1,0,0,0,0,0,0,0,0,0,0,0,0,0,0,0,0,0,0,0,0,0,0,0,3,2
7455,7455,0,0,-7,-7,23,-9,0,0,0,0,0,0,0,0,1,0,0,0,0,0,0,0,0,0,0,0,0,0,0,0,0,0,0,0,0,0,0,0,3,3
7456,7456,0,1,-7,-7,23,-9,0,0,0,0,0,0,0,0,1,0,0,0,0,0,0,0,0,0,0,0,0,0,0,0,0,0,0,0,0,0,0,0,3,1
7457,7457,0,0,44,12,-24,8,0,0,0,0,0,0,0,0,1,0,0,0,0,0,0,0,0,0,0,0,0,0,0,0,0,0,0,0,0,0,0,0,3,1
7458,7458,0,1,44,12,-24,8,0,0,0,0,0,0,0,0,1,0,0,0,0,0,0,0,0,0,0,0,0,0,0,0,0,0,0,0,0,0,0,0,3,1
7459,7459,0,0,-33,-1,-17,15,0,0,0,0,0,0,0,0,1,0,0,0,0,0,0,0,0,0,0,0,0,0,0,0,0,0,0,0,0,0,0,0,3,3
7460,7460,0,1,-33,-1,-17,15,0,0,0,0,0,0,0,0,1,0,0,0,0,0,0,0,0,0,0,0,0,0,0,0,0,0,0,0,0,0,0,0,3,3
7461,7461,0,0,36,4,4,4,0,0,0,0,0,0,0,0,1,0,0,0,0,0,0,0,0,0,0,0,0,0,0,0,0,0,0,0,0,0,0,0,3,0
7462,7462,0,1,36,4,4,4,0,0,0,0,0,0,0,0,1,0,0,0,0,0,0,0,0,0,0,0,0,0,0,0,0,0,0,0,0,0,0,0,3,1
7463,7463,0,0,78,14,-33,-1,0,0,0,0,0,0,0,0,1,0,0,0,0,0,0,0,0,0,0,0,0,0,0,0,0,0,0,0,0,0,0,0,3,3
7464,7464,0,1,78,14,-33,-1,0,0,0,0,0,0,0,0,1,0,0,0,0,0,0,0,0,0,0,0,0,0,0,0,0,0,0,0,0,0,0,0,3,4
7465,7465,0,0,-92,4,1,1,0,0,0,0,0,0,0,0,1,0,0,0,0,0,0,0,0,0,0,0,0,0,0,0,0,0,0,0,0,0,0,0,3,2
7466,7466,0,1,-92,4,1,1,0,0,0,0,0,0,0,0,1,0,0,0,0,0,0,0,0,0,0,0,0,0,0,0,0,0,0,0,0,0,0,0,3,1
7467,7467,0,0,151,-9,-16,-16,0,0,0,0,0,0,0,0,1,0,0,0,0,0,0,0,0,0,0,0,0,0,0,0,0,0,0,0,0,0,0,0,3,0
7468,7468,0,1,151,-9,-16,-16,0,0,0,0,0,0,0,0,1,0,0,0,0,0,0,0,0,0,0,0,0,0,0,0,0,0,0,0,0,0,0,0,3,1
7469,7469,0,0,-68,-4,-36,-4,0,0,0,0,0,0,0,0,1,0,0,0,0,0,0,0,0,0,0,0,0,0,0,0,0,0,0,0,0,0,0,0,3,3
7470,7470,0,1,-68,-4,-36,-4,0,0,0,0,0,0,0,0,1,0,0,0,0,0,0,0,0,0,0,0,0,0,0,0,0,0,0,0,0,0,0,0,3,2
7471,7471,0,0,78,14,29,-3,0,0,0,0,0,0,0,0,1,0,0,0,0,0,0,0,0,0,0,0,0,0,0,0,0,0,0,0,0,0,0,0,3,0
7472,7472,0,1,78,14,29,-3,0,0,0,0,0,0,0,0,1,0,0,0,0,0,0,0,0,0,0,1,0,0,0,0,0,0,0,0,0,0,0,0,3,0
7473,7473,0,0,-10,-10,-67,-3,0,0,0,0,0,0,0,0,1,0,0,0,0,0,0,0,0,0,0,1,0,0,0,0,0,0,0,0,0,0,0,0,3,2
7474,7474,0,1,-10,-10,-67,-3,0,0,0,0,0,0,0,0,1,0,0,0,0,0,0,0,0,0,0,1,0,0,0,0,0,0,0,0,0,0,0,0,3,4
7475,7475,0,0,19,-13,18,-14,0,0,0,0,0,0,0,0,1,0,0,0,0,0,0,0,0,0,0,1,0,0,0,0,0,0,0,0,0,0,0,0,3,1
7476,7476,0,1,19,-13,18,-14,0,0,0,0,0,0,0,0,1,0,0,0,0,0,0,0,0,0,0,1,0,0,0,0,0,0,0,0,0,0,0,0,3,0
7477,7477,0,0,21,-11,-53,11,0,0,0,0,0,0,0,0,1,0,0,0,0,0,0,0,0,0,0,1,0,0,0,0,0,0,0,0,0,0,0,0,3,1
7478,7478,0,1,21,-11,-53,11,0,0,0,0,0,0,0,0,1,0,0,0,0,0,0,0,0,0,0,1,0,0,0,0,0,0,0,0,0,0,0,0,3,1
7479,7479,0,0,-13,-13,7,7,0,0,0,0,0,0,0,0,1,0,0,0,0,0,0,0,0,0,0,0,0,0,0,0,0,0,0,0,0,0,0,0,3,1
7480,7480,0,1,-13,-13,7,7,0,0,0,0,0,0,0,0,1,0,0,0,0,0,0,0,0,0,0,0,0,0,0,0,0,0,0,0,0,0,0,0,3,0
7481,7481,0,0,64,0,-24,8,0,0,0,0,0,0,0,0,1,0,0,0,0,0,0,0,0,0,0,0,0,0,0,0,0,0,0,0,0,0,0,0,3,1
7482,7482,0,1,64,0,-24,8,0,0,0,0,0,0,0,0,1,0,0,0,0,0,0,0,0,0,0,0,0,0,0,0,0,0,0,0,0,0,0,0,3,2
7483,7483,0,0,-57,7,3,3,0,0,0,0,0,0,0,0,1,0,0,0,0,0,0,0,0,0,0,0,0,0,0,0,0,0,0,0,0,0,0,0,3,3
7484,7484,0,1,-57,7,3,3,0,0,0,0,0,0,0,0,1,0,0,0,0,0,0,0,0,0,0,0,0,0,0,0,0,0,0,0,0,0,0,0,3,1
7485,7485,0,0,93,-3,-38,-6,0,0,0,0,0,0,0,0,1,0,0,0,0,0,0,0,0,0,0,0,0,0,0,0,0,0,0,0,0,0,0,0,3,1
7486,7486,0,1,93,-3,-38,-6,0,0,0,0,0,0,0,0,1,0,0,0,0,0,0,0,0,0,0,0,0,0,0,0,0,0,0,0,0,0,0,0,3,0
7487,7487,0,0,-59,5,11,11,0,0,0,0,0,0,0,0,1,0,0,0,0,0,0,0,0,0,0,0,0,0,0,0,0,0,0,0,0,0,0,0,3,3
7488,7488,0,1,-59,5,11,11,0,0,0,0,0,0,0,0,1,0,0,0,0,0,0,0,0,0,0,0,0,0,0,0,0,0,0,0,0,0,0,0,3,4
7489,7489,0,0,61,-3,-25,7,0,0,0,0,0,0,0,0,1,0,0,0,0,0,0,0,0,0,0,1,0,0,0,0,0,0,0,0,0,0,0,0,3,1
7490,7490,0,1,61,-3,-25,7,0,0,0,0,0,0,0,0,1,0,0,0,0,0,0,0,0,0,0,1,0,0,0,0,0,0,0,0,0,0,0,0,3,0
7491,7491,0,0,-1,-1,-21,11,0,0,0,0,0,0,0,0,1,0,0,0,0,0,0,0,0,0,0,1,0,0,0,0,0,0,0,0,0,0,0,0,3,1
7492,7492,0,1,-1,-1,-21,11,0,0,0,0,0,0,0,0,1,0,0,0,0,0,0,0,0,0,0,0,0,0,0,0,0,0,0,0,0,0,0,0,3,2
7493,7493,0,0,-2,-2,-18,14,0,0,0,0,0,0,0,0,1,0,0,0,0,0,0,0,0,0,0,0,0,0,0,0,0,0,0,0,0,0,0,0,3,1
7494,7494,0,1,-2,-2,-18,14,0,0,0,0,0,0,0,0,1,0,0,0,0,0,0,0,0,0,0,0,0,0,0,0,0,0,0,0,0,0,0,0,3,2
7495,7495,0,0,55,-9,44,12,0,0,0,0,0,0,0,0,1,0,0,0,0,0,0,0,0,0,0,0,0,0,0,0,0,0,0,0,0,0,0,0,3,0
7496,7496,0,1,55,-9,44,12,0,0,0,0,0,0,0,0,1,0,0,0,0,0,0,0,0,0,0,0,0,0,0,0,0,0,0,0,0,0,0,0,3,1
7497,7497,0,0,-50,14,-159,1,0,0,0,0,0,0,0,0,1,0,0,0,0,0,0,0,0,0,0,0,0,0,0,0,0,0,0,0,0,0,0,0,3,1
7498,7498,0,1,-50,14,-159,1,0,0,0,0,0,0,0,0,1,0,0,0,0,0,0,0,0,0,0,0,0,0,0,0,0,0,0,0,0,0,0,0,3,1
7499,7499,0,0,77,13,178,-14,0,0,0,0,0,0,0,0,1,0,0,0,0,0,0,0,0,0,0,0,0,0,0,0,0,0,0,0,0,0,0,0,3,0
7500,7500,0,1,77,13,178,-14,0,0,0,0,0,0,0,0,1,0,0,0,0,0,0,0,0,0,0,0,0,0,0,0,0,0,0,0,0,0,0,0,3,0
7501,7501,0,0,-38,-6,-208,-16,0,0,0,0,0,0,0,0,1,0,0,0,0,0,0,0,0,0,0,0,0,0,0,0,0,0,0,0,0,0,0,0,3,2
7502,7502,0,1,-38,-6,-208,-16,0,0,0,0,0,0,0,0,1,0,0,0,0,0,0,0,0,0,0,0,0,0,0,0,0,0,0,0,0,0,0,0,3,1
7503,7503,0,0,34,2,137,9,0,0,0,0,0,0,0,0,1,0,0,0,0,0,0,0,0,0,0,0,0,0,0,0,0,0,0,0,0,0,0,0,3,0
7504,7504,0,1,34,2,137,9,0,0,0,0,0,0,0,0,1,0,0,0,0,0,0,0,0,0,0,0,0,0,0,0,0,0,0,0,0,0,0,0,3,0
7505,7505,0,0,-42,-10,-105,-9,0,0,0,0,0,0,0,0,1,0,0,0,0,0,0,0,0,0,0,0,0,0,0,0,0,0,0,0,0,0,0,0,3,2
7506,7506,0,1,-42,-10,-105,-9,0,0,0,0,0,0,0,0,1,0,0,0,0,0,0,0,0,0,0,0,0,0,0,0,0,0,0,0,0,0,0,0,3,2
7507,7507,0,0,116,-12,56,-8,0,0,0,0,0,0,0,0,1,0,0,0,0,0,0,0,0,0,0,0,0,0,0,0,0,0,0,0,0,0,0,0,3,0
7508,7508,0,1,116,-12,56,-8,0,0,0,0,0,0,0,0,1,0,0,0,0,0,0,0,0,0,0,0,0,0,0,0,0,0,0,0,0,0,0,0,3,0
7509,7509,0,0,-136,-8,-61,3,0,0,0,0,0,0,0,0,1,0,0,0,0,0,0,0,0,0,0,0,0,0,0,0,0,0,0,0,0,0,0,0,3,1
7510,7510,0,1,-136,-8,-61,3,0,0,0,0,0,0,0,0,1,0,0,0,0,0,0,0,0,0,0,0,0,0,0,0,0,0,0,0,0,0,0,0,3,2
7511,7511,0,0,184,-8,21,-11,0,0,0,0,0,0,0,0,1,0,0,0,0,0,0,0,0,0,0,0,0,0,0,0,0,0,0,0,0,0,0,0,3,1
7512,7512,0,1,184,-8,21,-11,0,0,0,0,0,0,0,0,1,0,0,0,0,0,0,0,0,0,0,0,0,0,0,0,0,0,0,0,0,0,0,0,3,1
7513,7513,0,0,-101,-5,-63,1,0,0,0,0,0,0,0,0,1,0,0,0,0,0,0,0,0,0,0,0,0,0,0,0,0,0,0,0,0,0,0,0,3,0
7514,7514,0,1,-101,-5,-63,1,0,0,0,0,0,0,0,0,1,0,0,0,0,0,0,0,0,0,0,0,0,0,0,0,0,0,0,0,0,0,0,0,3,0
7515,7515,0,0,54,-10,14,14,0,0,0,0,0,0,0,0,1,0,0,0,0,0,0,0,0,0,0,0,0,0,0,0,0,0,0,0,0,0,0,0,3,1
7516,7516,0,1,54,-10,14,14,0,0,0,0,0,0,0,0,1,0,0,0,0,0,0,0,0,0,0,0,0,0,0,0,0,0,0,0,0,0,0,0,3,1
7517,7517,0,0,12,12,-14,-14,0,0,0,0,0,0,0,0,1,0,0,0,0,0,0,0,0,0,0,0,0,0,0,0,0,0,0,0,0,0,0,0,3,4
7518,7518,0,1,12,12,-14,-14,0,0,0,0,0,0,0,0,1,0,0,0,0,0,0,0,0,0,0,0,0,0,0,0,0,0,0,0,0,0,0,0,3,2
7519,7519,0,0,-6,-6,-91,5,0,0,0,0,0,0,0,0,1,0,0,0,0,0,0,0,0,0,0,0,0,0,0,0,0,0,0,0,0,0,0,0,3,3
7520,7520,0,1,-6,-6,-91,5,0,0,0,0,0,0,0,0,1,0,0,0,0,0,0,0,0,0,0,0,0,0,0,0,0,0,0,0,0,0,0,0,3,3
7521,7521,0,0,41,9,70,6,0,0,0,0,0,0,0,0,1,0,0,0,0,0,0,0,0,0,0,0,0,0,0,0,0,0,0,0,0,0,0,0,3,4
7522,7522,0,1,41,9,70,6,0,0,0,0,0,0,0,0,1,0,0,0,0,0,0,0,0,0,0,0,0,0,0,0,0,0,0,0,0,0,0,0,3,4
7523,7523,0,0,-27,5,-110,-14,0,0,0,0,0,0,0,0,1,0,0,0,0,0,0,0,0,0,0,0,0,0,0,0,0,0,0,0,0,0,0,0,3,0
7524,7524,0,1,-27,5,-110,-14,0,0,0,0,0,0,0,0,1,0,0,0,0,0,0,0,0,0,0,0,0,0,0,0,0,0,0,0,0,0,0,0,3,2
7525,7525,0,0,107,11,51,-13,0,0,0,0,0,0,0,0,1,0,0,0,0,0,0,0,0,0,0,0,0,0,0,0,0,0,0,0,0,0,0,0,3,1
7526,7526,0,1,107,11,51,-13,0,0,0,0,0,0,0,0,1,0,0,0,0,0,0,0,0,0,0,0,0,0,0,0,0,0,0,0,0,0,0,0,3,2
7527,7527,0,0,-80,-16,-83,13,0,0,0,0,0,0,0,0,1,0,0,0,0,0,0,0,0,0,0,0,0,0,0,0,0,0,0,0,0,0,0,0,3,3
7528,7528,0,1,-80,-16,-83,13,0,0,0,0,0,0,0,0,1,0,0,0,0,0,0,0,0,0,0,0,0,0,0,0,0,0,0,0,0,0,0,0,3,1
7529,7529,0,0,159,-1,25,-7,0,0,0,0,0,0,0,0,1,0,0,0,0,0,0,0,0,0,0,0,0,0,0,0,0,0,0,0,0,0,0,0,3,2
7530,7530,0,1,159,-1,25,-7,0,0,0,0,0,0,0,0,1,0,0,0,0,0,0,0,0,0,0,1,0,0,0,0,0,0,0,0,0,0,0,0,3,1
7531,7531,0,0,-158,2,-54,10,0,0,0,0,0,0,0,0,1,0,0,0,0,0,0,0,0,0,0,1,0,0,0,0,0,0,0,0,0,0,0,0,3,4
7532,7532,0,1,-158,2,-54,10,0,0,0,0,0,0,0,0,1,0,0,0,0,0,0,0,0,0,0,1,0,0,0,0,0,0,0,0,0,0,0,0,3,4
7533,7533,0,0,207,15,-1,-1,0,0,0,0,0,0,0,0,1,0,0,0,0,0,0,0,0,0,0,1,0,0,0,0,0,0,0,0,0,0,0,0,3,1
7534,7534,0,1,207,15,-1,-1,0,0,0,0,0,0,0,0,1,0,0,0,0,0,0,0,0,0,0,1,0,0,0,0,0,0,0,0,0,0,0,0,3,3
7535,7535,0,0,-170,-10,-58,6,0,0,0,0,0,0,0,0,1,0,0,0,0,0,0,0,0,0,0,1,0,0,0,0,0,0,0,0,0,0,0,0,3,0
7536,7536,0,1,-170,-10,-58,6,0,0,0,0,0,0,0,0,1,0,0,0,0,0,0,0,0,0,0,1,0,0,0,0,0,0,0,0,0,0,0,0,3,1
7537,7537,0,0,190,-2,84,-12,0,0,0,0,0,0,0,0,1,0,0,0,0,0,0,0,0,0,0,1,0,0,0,0,0,0,0,0,0,0,0,0,3,1
7538,7538,0,1,190,-2,84,-12,0,0,0,0,0,0,0,0,1,0,0,0,0,0,0,0,0,0,0,1,0,0,0,0,0,0,0,0,0,0,0,0,3,2
7539,7539,0,0,-132,-4,-154,6,0,0,0,0,0,0,0,0,1,0,0,0,0,0,0,0,0,0,0,1,0,0,0,0,0,0,0,0,0,0,0,0,3,3
7540,7540,0,1,-132,-4,-154,6,0,0,0,0,0,0,0,0,1,0,0,0,0,0,0,0,0,0,0,1,0,0,0,0,0,0,0,0,0,0,0,0,3,2
7541,7541,0,0,114,-14,140,12,0,0,0,0,0,0,0,0,1,0,0,0,0,0,0,0,0,0,0,1,0,0,0,0,0,0,0,0,0,0,0,0,3,1
7542,7542,0,1,114,-14,140,12,0,0,0,0,0,0,0,0,1,0,0,0,0,0,0,0,0,0,0,1,0,0,0,0,0,0,0,0,0,0,0,0,3,1
7543,7543,0,0,-30,2,-87,9,0,0,0,0,0,0,0,0,1,0,0,0,0,0,0,0,0,0,0,1,0,0,0,0,0,0,0,0,0,0,0,0,3,2
7544,7544,0,1,-30,2,-87,9,0,0,0,0,0,0,0,0,1,0,0,0,0,0,0,0,0,0,0,1,0,0,0,0,0,0,0,0,0,0,0,0,3,3
7545,7545,0,0,33,1,-8,-8,0,0,0,0,0,0,0,0,1,0,0,0,0,0,0,0,0,0,0,1,0,0,0,0,0,0,0,0,0,0,0,0,3,3
7546,7546,0,1,33,1,-8,-8,0,0,0,0,0,0,0,0,2,0,0,0,0,0,0,0,0,0,0,1,0,0,0,0,0,0,0,0,0,0,0,0,3,2
7547,7547,0,0,41,9,22,-10,0,0,0,0,0,0,0,0,2,0,0,0,0,0,0,0,0,0,0,1,0,0,0,0,0,0,0,0,0,0,0,0,3,2
7548,7548,0,1,41,9,22,-10,0,0,0,0,0,0,0,0,2,0,0,0,0,0,0,0,0,0,0,1,0,0,0,0,0,0,0,0,0,0,0,0,3,2
7549,7549,0,0,-45,-13,-54,10,0,0,0,0,0,0,0,0,2,0,0,0,0,0,0,0,0,0,0,1,0,0,0,0,0,0,0,0,0,0,0,0,3,4
7550,7550,0,1,-45,-13,-54,10,0,0,0,0,0,0,0,0,2,0,0,0,0,0,0,0,0,0,0,1,0,0,0,0,0,0,0,0,0,0,0,0,3,2
7551,7551,0,0,109,13,-14,-14,0,0,0,0,0,0,0,0,2,0,0,0,0,0,0,0,0,0,0,1,0,0,0,0,0,0,0,0,0,0,0,0,3,2
7552,7552,0,1,109,13,-14,-14,0,0,0,0,0,0,0,0,2,0,0,0,0,0,0,0,0,0,0,1,0,0,0,0,0,0,0,0,0,0,0,0,3,2
7553,7553,0,0,-74,-10,10,10,0,0,0,0,0,0,0,0,2,0,0,0,0,0,0,0,0,0,0,1,0,0,0,0,0,0,0,0,0,0,0,0,3,4
7554,7554,0,1,-74,-10,10,10,0,0,0,0,0,0,0,0,2,0,0,0,0,0,0,0,0,0,0,0,0,0,0,0,0,0,0,0,0,0,0,0,3,4
7555,7555,0,0,102,6,-36,-4,0,0,0,0,0,0,0,0,2,0,0,0,0,0,0,0,0,0,0,0,0,0,0,0,0,0,0,0,0,0,0,0,3,1
7556,7556,0,1,102,6,-36,-4,0,0,0,0,0,0,0,0,2,0,0,0,0,0,0,0,0,0,0,0,0,0,0,0,0,0,0,0,0,0,0,0,3,2
7557,7557,0,0,-90,6,-29,3,0,0,0,0,0,0,0,0,2,0,0,0,0,0,0,0,0,0,0,0,0,0,0,0,0,0,0,0,0,0,0,0,3,3
7558,7558,0,1,-90,6,-29,3,0,0,0,0,0,0,0,0,2,0,0,0,0,0,0,0,0,0,0,0,0,0,0,0,0,0,0,0,0,0,0,0,3,4
7559,7559,0,0,137,9,-11,-11,0,0,0,0,0,0,0,0,2,0,0,0,0,0,0,0,0,0,0,0,0,0,0,0,0,0,0,0,0,0,0,0,3,3
7560,7560,0,1,137,9,-11,-11,0,0,0,0,0,0,0,0,2,0,0,0,0,0,0,0,0,0,0,0,0,0,0,0,0,0,0,0,0,0,0,0,3,3
7561,7561,0,0,-50,14,-35,-3,0,0,0,0,0,0,0,0,2,0,0,0,0,0,0,0,0,0,0,0,0,0,0,0,0,0,0,0,0,0,0,0,3,2
7562,7562,0,1,-50,14,-35,-3,0,0,0,0,0,0,0,0,2,0,0,0,0,0,0,0,0,0,0,0,0,0,0,0,0,0,0,0,0,0,0,0,3,4
7563,7563,0,0,10,10,3,3,0,0,0,0,0,0,0,0,2,0,0,0,0,0,0,0,0,0,0,1,0,0,0,0,0,0,0,0,0,0,0,0,3,1
7564,7564,0,1,10,10,3,3,0,0,0,0,0,0,0,0,2,0,0,0,0,0,0,0,0,0,0,0,0,0,0,0,0,0,0,0,0,0,0,0,3,3
7565,7565,0,0,58,-6,-23,9,0,0,0,0,0,0,0,0,2,0,0,0,0,0,0,0,0,0,0,0,0,0,0,0,0,0,0,0,0,0,0,0,3,1
7566,7566,0,1,58,-6,-23,9,0,0,0,0,0,0,0,0,2,0,0,0,0,0,0,0,0,0,0,0,0,0,0,0,0,0,0,0,0,0,0,0,3,1
7567,7567,0,0,-27,5,-34,-2,0,0,0,0,0,0,0,0,2,0,0,0,0,0,0,0,0,0,0,0,0,0,0,0,0,0,0,0,0,0,0,0,3,2
7568,7568,0,1,-27,5,-34,-2,0,0,0,0,0,0,0,0,2,0,0,0,0,0,0,0,0,0,0,0,0,0,0,0,0,0,0,0,0,0,0,0,3,0
7569,7569,0,0,83,-13,28,-4,0,0,0,0,0,0,0,0,2,0,0,0,0,0,0,0,0,0,0,0,0,0,0,0,0,0,0,0,0,0,0,0,3,1
7570,7570,0,1,83,-13,28,-4,0,0,0,0,0,0,0,0,2,0,0,0,0,0,0,0,0,0,0,0,0,0,0,0,0,0,0,0,0,0,0,0,3,2
7571,7571,0,0,-51,13,-73,-9,0,0,0,0,0,0,0,0,2,0,0,0,0,0,0,0,0,0,0,0,0,0,0,0,0,0,0,0,0,0,0,0,3,3
7572,7572,0,1,-51,13,-73,-9,0,0,0,0,0,0,0,0,2,0,0,0,0,0,0,0,0,0,0,0,0,0,0,0,0,0,0,0,0,0,0,0,3,2
7573,7573,0,0,106,10,48,-16,0,0,0,0,0,0,0,0,2,0,0,0,0,0,0,0,0,0,0,0,0,0,0,0,0,0,0,0,0,0,0,0,3,0
7574,7574,0,1,106,10,48,-16,0,0,0,0,0,0,0,0,2,0,0,0,0,0,0,0,0,0,0,0,0,0,0,0,0,0,0,0,0,0,0,0,3,0
7575,7575,0,0,-85,11,-122,6,0,0,0,0,0,0,0,0,2,0,0,0,0,0,0,0,0,0,0,0,0,0,0,0,0,0,0,0,0,0,0,0,3,2
7576,7576,0,1,-85,11,-122,6,0,0,0,0,0,0,0,0,2,0,0,0,0,0,0,0,0,0,0,0,0,0,0,0,0,0,0,0,0,0,0,0,3,1
7577,7577,0,0,98,2,115,-13,0,0,0,0,0,0,0,0,2,0,0,0,0,0,0,0,0,0,0,0,0,0,0,0,0,0,0,0,0,0,0,0,3,1
7578,7578,0,1,98,2,115,-13,0,0,0,0,0,0,0,0,2,0,0,0,0,0,0,0,0,0,0,0,0,0,0,0,0,0,0,0,0,0,0,0,3,1
7579,7579,0,0,-68,-4,-181,11,0,0,0,0,0,0,0,0,2,0,0,0,0,0,0,0,0,0,0,0,0,0,0,0,0,0,0,0,0,0,0,0,3,3
7580,7580,0,1,-68,-4,-181,11,0,0,0,0,0,0,0,0,2,0,0,0,0,0,0,0,0,0,0,0,0,0,0,0,0,0,0,0,0,0,0,0,3,4
7581,7581,0,0,116,-12,207,15,0,0,0,0,0,0,0,0,2,0,0,0,0,0,0,0,0,0,0,1,0,0,0,0,0,0,0,0,0,0,0,0,3,1
7582,7582,0,1,116,-12,207,15,0,0,0,0,0,0,0,0,2,0,0,0,0,0,0,0,0,0,0,0,0,0,0,0,0,0,0,0,0,0,0,0,3,1
7583,7583,0,0,-77,-13,-276,12,0,0,0,0,0,0,0,0,2,0,0,0,0,0,0,0,0,0,0,1,0,0,0,0,0,0,0,0,0,0,0,0,3,0
7584,7584,0,1,-77,-13,-276,12,0,0,0,0,0,0,0,0,1,0,0,0,0,0,0,0,0,0,0,1,0,0,0,0,0,0,0,0,0,0,0,0,3,1
7585,7585,0,0,59,-5,213,-11,0,0,0,0,0,0,0,0,1,0,0,0,0,0,0,0,0,0,0,1,0,0,0,0,0,0,0,0,0,0,0,0,3,2
7586,7586,0,1,59,-5,213,-11,0,0,0,0,0,0,0,0,1,0,0,0,0,0,0,0,0,0,0,1,0,0,0,0,0,0,0,0,0,0,0,0,3,1
7587,7587,0,0,27,-5,-196,-4,0,0,0,0,0,0,0,0,1,0,0,0,0,0,0,0,0,0,0,0,0,0,0,0,0,0,0,0,0,0,0,0,3,1
7588,7588,0,1,27,-5,-196,-4,0,0,0,0,0,0,0,0,1,0,0,0,0,0,0,0,0,0,0,0,0,0,0,0,0,0,0,0,0,0,0,0,3,0
7589,7589,0,0,-21,11,97,1,0,0,0,0,0,0,0,0,1,0,0,0,0,0,0,0,0,0,0,0,0,0,0,0,0,0,0,0,0,0,0,0,3,2
7590,7590,0,1,-21,11,97,1,0,0,0,0,0,0,0,0,1,0,0,0,0,0,0,0,0,0,0,0,0,0,0,0,0,0,0,0,0,0,0,0,3,2
7591,7591,0,0,68,4,-28,4,0,0,0,0,0,0,0,0,1,0,0,0,0,0,0,0,0,0,0,0,0,0,0,0,0,0,0,0,0,0,0,0,3,2
7592,7592,0,1,68,4,-28,4,0,0,0,0,0,0,0,0,1,0,0,0,0,0,0,0,0,0,0,0,0,0,0,0,0,0,0,0,0,0,0,0,3,1
7593,7593,0,0,-56,8,-86,10,0,0,0,0,0,0,0,0,1,0,0,0,0,0,0,0,0,0,0,0,0,0,0,0,0,0,0,0,0,0,0,0,3,2
7594,7594,0,1,-56,8,-86,10,0,0,0,0,0,0,0,0,1,0,0,0,0,0,0,0,0,0,0,0,0,0,0,0,0,0,0,0,0,0,0,0,3,2
7595,7595,0,0,123,-5,77,13,0,0,0,0,0,0,0,0,1,0,0,0,0,0,0,0,0,0,0,0,0,0,0,0,0,0,0,0,0,0,0,0,3,3
7596,7596,0,1,123,-5,77,13,0,0,0,0,0,0,0,0,1,0,0,0,0,0,0,0,0,0,0,0,0,0,0,0,0,0,0,0,0,0,0,0,3,2
7597,7597,0,0,-88,8,-78,-14,0,0,0,0,0,0,0,0,1,0,0,0,0,0,0,0,0,0,0,0,0,0,0,0,0,0,0,0,0,0,0,0,3,1
7598,7598,0,1,-88,8,-78,-14,0,0,0,0,0,0,0,0,1,0,0,0,0,0,0,0,0,0,0,0,0,0,0,0,0,0,0,0,0,0,0,0,3,2
7599,7599,0,0,120,-8,-42,-10,0,0,0,0,0,0,0,0,1,0,0,0,0,0,0,0,0,0,0,0,0,0,0,0,0,0,0,0,0,0,0,0,3,4
7600,7600,0,1,120,-8,-42,-10,0,0,0,0,0,0,0,0,1,0,0,0,0,0,0,0,0,0,0,1,0,0,0,0,0,0,0,0,0,0,0,0,3,2
7601,7601,0,0,-77,-13,114,-14,0,0,0,0,0,0,0,0,1,0,0,0,0,0,0,0,0,0,0,0,0,0,0,0,0,0,0,0,0,0,0,0,3,4
7602,7602,0,1,-77,-13,114,-14,0,0,0,0,0,0,0,0,1,0,0,0,0,0,0,0,0,0,0,1,0,0,0,0,0,0,0,0,0,0,0,0,3,2
7603,7603,0,0,61,-3,-225,-1,0,0,0,0,0,0,0,0,1,0,0,0,0,0,0,0,0,0,0,1,0,0,0,0,0,0,0,0,0,0,0,0,3,5
7604,7604,0,1,61,-3,-225,-1,0,0,0,0,0,0,0,0,1,0,0,0,0,0,0,0,0,0,0,1,0,0,0,0,0,0,0,0,0,0,0,0,3,5
7605,7605,0,0,24,-8,164,4,0,0,0,0,0,0,0,0,1,0,0,0,0,0,0,0,0,0,0,1,0,0,0,0,0,0,0,0,0,0,0,0,3,2
7606,7606,0,1,24,-8,164,4,0,0,0,0,0,0,0,0,1,0,0,0,0,0,0,0,0,0,0,1,0,0,0,0,0,0,0,0,0,0,0,0,3,4
7607,7607,0,0,-45,-13,-112,-16,0,0,0,0,0,0,0,0,2,0,0,0,0,0,0,0,0,0,0,1,0,0,0,0,0,0,0,0,0,0,0,0,3,4
7608,7608,0,1,-45,-13,-112,-16,0,0,0,0,0,0,0,0,2,0,0,0,0,0,0,0,0,0,0,1,0,0,0,0,0,0,0,0,0,0,0,0,3,4
7609,7609,0,0,92,-4,28,-4,0,0,0,0,0,0,0,0,2,0,0,0,0,0,0,0,0,0,0,1,0,0,0,0,0,0,0,0,0,0,0,0,3,0
7610,7610,0,1,92,-4,28,-4,0,0,0,0,0,0,0,0,2,0,0,0,0,0,0,0,0,0,0,1,0,0,0,0,0,0,0,0,0,0,0,0,3,2
7611,7611,0,0,-70,-6,-24,8,0,0,0,0,0,0,0,0,2,0,0,0,0,0,0,0,0,0,0,1,0,0,0,0,0,0,0,0,0,0,0,0,3,2
7612,7612,0,1,-70,-6,-24,8,0,0,0,0,0,0,0,0,2,0,0,0,0,0,0,0,0,0,0,1,0,0,0,0,0,0,0,0,0,0,0,0,3,2
7613,7613,0,0,80,-16,-41,-9,0,0,0,0,0,0,0,0,2,0,0,0,0,0,0,0,0,0,0,1,0,0,0,0,0,0,0,0,0,0,0,0,3,3
7614,7614,0,1,80,-16,-41,-9,0,0,0,0,0,0,0,0,2,0,0,0,0,0,0,0,0,0,0,1,0,0,0,0,0,0,0,0,0,0,0,0,3,1
7615,7615,0,0,13,13,26,-6,0,0,0,0,0,0,0,0,2,0,0,0,0,0,0,0,0,0,0,1,0,0,0,0,0,0,0,0,0,0,0,0,3,3
7616,7616,0,1,13,13,26,-6,0,0,0,0,0,0,0,0,2,0,0,0,0,0,0,0,0,0,0,1,0,0,0,0,0,0,0,0,0,0,0,0,3,2
7617,7617,0,0,-20,12,-46,-14,0,0,0,0,0,0,0,0,2,0,0,0,0,0,0,0,0,0,0,1,0,0,0,0,0,0,0,0,0,0,0,0,3,1
7618,7618,0,1,-20,12,-46,-14,0,0,0,0,0,0,0,0,2,0,0,0,0,0,0,0,0,0,0,1,0,0,0,0,0,0,0,0,0,0,0,0,3,3
7619,7619,0,0,25,-7,-45,-13,0,0,0,0,0,0,0,0,2,0,0,0,0,0,0,0,0,0,0,1,0,0,0,0,0,0,0,0,0,0,0,0,3,3
7620,7620,0,1,25,-7,-45,-13,0,0,0,0,0,0,0,0,2,0,0,0,0,0,0,0,0,0,0,1,0,0,0,0,0,0,0,0,0,0,0,0,3,2
7621,7621,0,0,-3,-3,76,12,0,0,0,0,0,0,0,0,2,0,0,0,0,0,0,0,0,0,0,1,0,0,0,0,0,0,0,0,0,0,0,0,3,2
7622,7622,0,1,-3,-3,76,12,0,0,0,0,0,0,0,0,2,0,0,0,0,0,0,0,0,0,0,1,0,0,0,0,0,0,0,0,0,0,0,0,3,1
7623,7623,0,0,53,-11,-145,15,0,0,0,0,0,0,0,0,2,0,0,0,0,0,0,0,0,0,0,1,0,0,0,0,0,0,0,0,0,0,0,0,3,5
7624,7624,0,1,53,-11,-145,15,0,0,0,0,0,0,0,0,2,0,0,0,0,0,0,0,0,0,0,1,0,0,0,0,0,0,0,0,0,0,0,0,3,5
7625,7625,0,0,-52,12,90,-6,0,0,0,0,0,0,0,0,2,0,0,0,0,0,0,0,0,0,0,1,0,0,0,0,0,0,0,0,0,0,0,0,3,1
7626,7626,0,1,-52,12,90,-6,0,0,0,0,0,0,0,0,2,0,0,0,0,0,0,0,0,0,0,1,0,0,0,0,0,0,0,0,0,0,0,0,3,3
7627,7627,0,0,111,15,-80,-16,0,0,0,0,0,0,0,0,2,0,0,0,0,0,0,0,0,0,0,1,0,0,0,0,0,0,0,0,0,0,0,0,3,1
7628,7628,0,1,111,15,-80,-16,0,0,0,0,0,0,0,0,2,0,0,0,0,0,0,0,0,0,0,1,0,0,0,0,0,0,0,0,0,0,0,0,3,3
7629,7629,0,0,-136,-8,-17,15,0,0,0,0,0,0,0,0,2,0,0,0,0,0,0,0,0,0,0,1,0,0,0,0,0,0,0,0,0,0,0,0,3,2
7630,7630,0,1,-136,-8,-17,15,0,0,0,0,0,0,0,0,2,0,0,0,0,0,0,0,0,0,0,1,0,0,0,0,0,0,0,0,0,0,0,0,3,2
7631,7631,0,0,222,-2,38,6,0,0,0,0,0,0,0,0,2,0,0,0,0,0,0,0,0,0,0,1,0,0,0,0,0,0,0,0,0,0,0,0,3,0
7632,7632,0,1,222,-2,38,6,0,0,0,0,0,0,0,0,2,0,0,0,0,0,0,0,0,0,0,1,0,0,0,0,0,0,0,0,0,0,0,0,3,1
7633,7633,0,0,-210,14,-123,5,0,0,0,0,0,0,0,0,2,0,0,0,0,0,0,0,0,0,0,1,0,0,0,0,0,0,0,0,0,0,0,0,3,1
7634,7634,0,1,-210,14,-123,5,0,0,0,0,0,0,0,0,2,0,0,0,0,0,0,0,0,0,0,1,0,0,0,0,0,0,0,0,0,0,0,0,3,3
7635,7635,0,0,242,-14,119,-9,0,0,0,0,0,0,0,0,2,0,0,0,0,0,0,0,0,0,0,1,0,0,0,0,0,0,0,0,0,0,0,0,3,1
7636,7636,0,1,242,-14,119,-9,0,0,0,0,0,0,0,0,2,0,0,0,0,0,0,0,0,0,0,1,0,0,0,0,0,0,0,0,0,0,0,0,3,0
7637,7637,0,0,-193,-1,-160,0,0,0,0,0,0,0,0,0,2,0,0,0,0,0,0,0,0,0,0,1,0,0,0,0,0,0,0,0,0,0,0,0,3,1
7638,7638,0,1,-193,-1,-160,0,0,0,0,0,0,0,0,0,2,0,0,0,0,0,0,0,0,0,0,1,0,0,0,0,0,0,0,0,0,0,0,0,3,2
7639,7639,0,0,216,-8,98,2,0,0,0,0,0,0,0,0,2,0,0,0,0,0,0,0,0,0,0,1,0,0,0,0,0,0,0,0,0,0,0,0,3,2
7640,7640,0,1,216,-8,98,2,0,0,0,0,0,0,0,0,2,0,0,0,0,0,0,0,0,0,0,0,0,0,0,0,0,0,0,0,0,0,0,0,3,0
7641,7641,0,0,-173,-13,-126,2,0,0,0,0,0,0,0,0,1,0,0,0,0,0,0,0,0,0,0,0,0,0,0,0,0,0,0,0,0,0,0,0,3,1
7642,7642,0,1,-173,-13,-126,2,0,0,0,0,0,0,0,0,1,0,0,0,0,0,0,0,0,0,0,0,0,0,0,0,0,0,0,0,0,0,0,0,3,1
7643,7643,0,0,196,4,78,14,0,0,0,0,0,0,0,0,1,0,0,0,0,0,0,0,0,0,0,0,0,0,0,0,0,0,0,0,0,0,0,0,3,3
7644,7644,0,1,196,4,78,14,0,0,0,0,0,0,0,0,1,0,0,0,0,0,0,0,0,0,0,0,0,0,0,0,0,0,0,0,0,0,0,0,3,3
7645,7645,0,0,-166,-6,-115,13,0,0,0,0,0,0,0,0,1,0,0,0,0,0,0,0,0,0,0,1,0,0,0,0,0,0,0,0,0,0,0,0,3,0
7646,7646,0,1,-166,-6,-115,13,0,0,0,0,0,0,0,0,1,0,0,0,0,0,0,0,0,0,0,1,0,0,0,0,0,0,0,0,0,0,0,0,3,1
7647,7647,0,0,182,-10,75,11,0,0,0,0,0,0,0,0,1,0,0,0,0,0,0,0,0,0,0,0,0,0,0,0,0,0,0,0,0,0,0,0,3,2
7648,7648,0,1,182,-10,75,11,0,0,0,0,0,0,0,0,1,0,0,0,0,0,0,0,0,0,0,0,0,0,0,0,0,0,0,0,0,0,0,0,3,3
7649,7649,0,0,-126,2,-68,-4,0,0,0,0,0,0,0,0,1,0,0,0,0,0,0,0,0,0,0,1,0,0,0,0,0,0,0,0,0,0,0,0,3,3
7650,7650,0,1,-126,2,-68,-4,0,0,0,0,0,0,0,0,1,0,0,0,0,0,0,0,0,0,0,1,0,0,0,0,0,0,0,0,0,0,0,0,3,0
7651,7651,0,0,134,6,20,-12,0,0,0,0,0,0,0,0,1,0,0,0,0,0,0,0,0,0,0,1,0,0,0,0,0,0,0,0,0,0,0,0,3,5
7652,7652,0,1,134,6,20,-12,0,0,0,0,0,0,0,0,1,0,0,0,0,0,0,0,0,0,0,1,0,0,0,0,0,0,0,0,0,0,0,0,3,4
7653,7653,0,0,-70,-6,-33,-1,0,0,0,0,0,0,0,0,1,0,0,0,0,0,0,0,0,0,0,1,0,0,0,0,0,0,0,0,0,0,0,0,3,4
7654,7654,0,1,-70,-6,-33,-1,0,0,0,0,0,0,0,0,2,0,0,0,0,0,0,0,0,0,0,1,0,0,0,0,0,0,0,0,0,0,0,0,3,3
7655,7655,0,0,53,-11,-26,6,0,0,0,0,0,0,0,0,2,0,0,0,0,0,0,0,0,0,0,1,0,0,0,0,0,0,0,0,0,0,0,0,3,4
7656,7656,0,1,53,-11,-26,6,0,0,0,0,0,0,0,0,2,0,0,0,0,0,0,0,0,0,0,1,0,0,0,0,0,0,0,0,0,0,0,0,3,4
7657,7657,0,0,24,-8,53,-11,0,0,0,0,0,0,0,0,2,0,0,0,0,0,0,0,0,0,0,1,0,0,0,0,0,0,0,0,0,0,0,0,3,3
7658,7658,0,1,24,-8,53,-11,0,0,0,0,0,0,0,0,2,0,0,0,0,0,0,0,0,0,0,1,0,0,0,0,0,0,0,0,0,0,0,0,3,4
7659,7659,0,0,-4,-4,-157,3,0,0,0,0,0,0,0,0,2,0,0,0,0,0,0,0,0,0,0,1,0,0,0,0,0,0,0,0,0,0,0,0,3,3
7660,7660,0,1,-4,-4,-157,3,0,0,0,0,0,0,0,0,2,0,0,0,0,0,0,0,0,0,0,1,0,0,0,0,0,0,0,0,0,0,0,0,3,4
7661,7661,0,0,54,-10,188,-4,0,0,0,0,0,0,0,0,2,0,0,0,0,0,0,0,0,0,0,1,0,0,0,0,0,0,0,0,0,0,0,0,3,2
7662,7662,0,1,54,-10,188,-4,0,0,0,0,0,0,0,0,2,0,0,0,0,0,0,0,0,0,0,1,0,0,0,0,0,0,0,0,0,0,0,0,3,4
7663,7663,0,0,-68,-4,-214,10,0,0,0,0,0,0,0,0,2,0,0,0,0,0,0,0,0,0,0,1,0,0,0,0,0,0,0,0,0,0,0,0,3,3
7664,7664,0,1,-68,-4,-214,10,0,0,0,0,0,0,0,0,2,0,0,0,0,0,0,0,0,0,0,1,0,0,0,0,0,0,0,0,0,0,0,0,3,3
7665,7665,0,0,130,2,129,1,0,0,0,0,0,0,0,0,2,0,0,0,0,0,0,0,0,0,0,1,0,0,0,0,0,0,0,0,0,0,0,0,3,2
7666,7666,0,1,130,2,129,1,0,0,0,0,0,0,0,0,2,0,0,0,0,0,0,0,0,0,0,1,0,0,0,0,0,0,0,0,0,0,0,0,3,3
7667,7667,0,0,-81,15,-60,4,0,0,0,0,0,0,0,0,2,0,0,0,0,0,0,0,0,0,0,1,0,0,0,0,0,0,0,0,0,0,0,0,3,3
7668,7668,0,1,-81,15,-60,4,0,0,0,0,0,0,0,0,2,0,0,0,0,0,0,0,0,0,0,1,0,0,0,0,0,0,0,0,0,0,0,0,3,4
7669,7669,0,0,32,0,-66,-2,0,0,0,0,0,0,0,0,2,0,0,0,0,0,0,0,0,0,0,1,0,0,0,0,0,0,0,0,0,0,0,0,3,1
7670,7670,0,1,32,0,-66,-2,0,0,0,0,0,0,0,0,2,0,0,0,0,0,0,0,0,0,0,1,0,0,0,0,0,0,0,0,0,0,0,0,3,1
7671,7671,0,0,78,14,85,-11,0,0,0,0,0,0,0,0,2,0,0,0,0,0,0,0,0,0,0,1,0,0,0,0,0,0,0,0,0,0,0,0,3,2
7672,7672,0,1,78,14,85,-11,0,0,0,0,0,0,0,0,2,0,0,0,0,0,0,0,0,0,0,1,0,0,0,0,0,0,0,0,0,0,0,0,3,3
7673,7673,0,0,-77,-13,-93,3,0,0,0,0,0,0,0,0,2,0,0,0,0,0,0,0,0,0,0,1,0,0,0,0,0,0,0,0,0,0,0,0,3,0
7674,7674,0,1,-77,-13,-93,3,0,0,0,0,0,0,0,0,2,0,0,0,0,0,0,0,0,0,0,1,0,0,0,0,0,0,0,0,0,0,0,0,3,1
7675,7675,0,0,85,-11,39,7,0,0,0,0,0,0,0,0,2,0,0,0,0,0,0,0,0,0,0,1,0,0,0,0,0,0,0,0,0,0,0,0,3,1
7676,7676,0,1,85,-11,39,7,0,0,0,0,0,0,0,0,2,0,0,0,0,0,0,0,0,0,0,1,0,0,0,0,0,0,0,0,0,0,0,0,3,2
7677,7677,0,0,-10,-10,-90,6,0,0,0,0,0,0,0,0,2,0,0,0,0,0,0,0,0,0,0,1,0,0,0,0,0,0,0,0,0,0,0,0,3,1
7678,7678,0,1,-10,-10,-90,6,0,0,0,0,0,0,0,0,2,0,0,0,0,0,0,0,0,0,0,1,0,0,0,0,0,0,0,0,0,0,0,0,3,1
7679,7679,0,0,25,-7,77,13,0,0,0,0,0,0,0,0,2,0,0,0,0,0,0,0,0,0,0,1,0,0,0,0,0,0,0,0,0,0,0,0,3,4
7680,7680,0,1,25,-7,77,13,0,0,0,0,0,0,0,0,2,0,0,0,0,0,0,0,0,0,0,1,0,0,0,0,0,0,0,0,0,0,0,0,3,2
7681,7681,0,0,53,-11,-97,-1,0,0,0,0,0,0,0,0,2,0,0,0,0,0,0,0,0,0,0,1,0,0,0,0,0,0,0,0,0,0,0,0,3,3
7682,7682,0,1,53,-11,-97,-1,0,0,0,0,0,0,0,0,2,0,0,0,0,0,0,0,0,0,0,1,0,0,0,0,0,0,0,0,0,0,0,0,3,2
7683,7683,0,0,-61,3,10,10,0,0,0,0,0,0,0,0,2,0,0,0,0,0,0,0,0,0,0,1,0,0,0,0,0,0,0,0,0,0,0,0,3,4
7684,7684,0,1,-61,3,10,10,0,0,0,0,0,0,0,0,2,0,0,0,0,0,0,0,0,0,0,1,0,0,0,0,0,0,0,0,0,0,0,0,3,5
7685,7685,0,0,111,15,38,6,0,0,0,0,0,0,0,0,2,0,0,0,0,0,0,0,0,0,0,1,0,0,0,0,0,0,0,0,0,0,0,0,3,3
7686,7686,0,1,111,15,38,6,0,0,0,0,0,0,0,0,2,0,0,0,0,0,0,0,0,0,0,1,0,0,0,0,0,0,0,0,0,0,0,0,3,4
7687,7687,0,0,-68,-4,-126,2,0,0,0,0,0,0,0,0,2,0,0,0,0,0,0,0,0,0,0,1,0,0,0,0,0,0,0,0,0,0,0,0,3,0
7688,7688,0,1,-68,-4,-126,2,0,0,0,0,0,0,0,0,2,0,0,0,0,0,0,0,0,0,0,1,0,0,0,0,0,0,0,0,0,0,0,0,3,4
7689,7689,0,0,73,9,92,-4,0,0,0,0,0,0,0,0,2,0,0,0,0,0,0,0,0,0,0,1,0,0,0,0,0,0,0,0,0,0,0,0,3,3
7690,7690,0,1,73,9,92,-4,0,0,0,0,0,0,0,0,2,0,0,0,0,0,0,0,0,0,0,1,0,0,0,0,0,0,0,0,0,0,0,0,3,2
7691,7691,0,0,-47,-15,-99,-3,0,0,0,0,0,0,0,0,2,0,0,0,0,0,0,0,0,0,0,1,0,0,0,0,0,0,0,0,0,0,0,0,3,3
7692,7692,0,1,-47,-15,-99,-3,0,0,0,0,0,0,0,0,2,0,0,0,0,0,0,0,0,0,0,1,0,0,0,0,0,0,0,0,0,0,0,0,3,1
7693,7693,0,0,93,-3,52,-12,0,0,0,0,0,0,0,0,2,0,0,0,0,0,0,0,0,0,0,1,0,0,0,0,0,0,0,0,0,0,0,0,3,1
7694,7694,0,1,93,-3,52,-12,0,0,0,0,0,0,0,0,2,0,0,0,0,0,0,0,0,0,0,1,0,0,0,0,0,0,0,0,0,0,0,0,3,2
7695,7695,0,0,-57,7,-26,6,0,0,0,0,0,0,0,0,2,0,0,0,0,0,0,0,0,0,0,1,0,0,0,0,0,0,0,0,0,0,0,0,3,1
7696,7696,0,1,-57,7,-26,6,0,0,0,0,0,0,0,0,2,0,0,0,0,0,0,0,0,0,0,1,0,0,0,0,0,0,0,0,0,0,0,0,3,2
7697,7697,0,0,96,0,-69,-5,0,0,0,0,0,0,0,0,2,0,0,0,0,0,0,0,0,0,0,1,0,0,0,0,0,0,0,0,0,0,0,0,3,2
7698,7698,0,1,96,0,-69,-5,0,0,0,0,0,0,0,0,2,0,0,0,0,0,0,0,0,0,0,1,0,0,0,0,0,0,0,0,0,0,0,0,3,1
7699,7699,0,0,-85,11,50,-14,0,0,0,0,0,0,0,0,2,0,0,0,0,0,0,0,0,0,0,1,0,0,0,0,0,0,0,0,0,0,0,0,3,0
7700,7700,0,1,-85,11,50,-14,0,0,0,0,0,0,0,0,2,0,0,0,0,0,0,0,0,0,0,1,0,0,0,0,0,0,0,0,0,0,0,0,3,1
7701,7701,0,0,133,5,-58,6,0,0,0,0,0,0,0,0,1,0,0,0,0,0,0,0,0,0,0,1,0,0,0,0,0,0,0,0,0,0,0,0,3,3
7702,7702,0,1,133,5,-58,6,0,0,0,0,0,0,0,0,2,0,0,0,0,0,0,0,0,0,0,1,0,0,0,0,0,0,0,0,0,0,0,0,3,3
7703,7703,0,0,-118,10,-76,-12,0,0,0,0,0,0,0,0,2,0,0,0,0,0,0,0,0,0,0,1,0,0,0,0,0,0,0,0,0,0,0,0,3,1
7704,7704,0,1,-118,10,-76,-12,0,0,0,0,0,0,0,0,2,0,0,0,0,0,0,0,0,0,0,1,0,0,0,0,0,0,0,0,0,0,0,0,3,0
7705,7705,0,0,193,1,131,3,0,0,0,0,0,0,0,0,1,0,0,0,0,0,0,0,0,0,0,1,0,0,0,0,0,0,0,0,0,0,0,0,3,2
7706,7706,0,1,193,1,131,3,0,0,0,0,0,0,0,0,2,0,0,0,0,0,0,0,0,0,0,1,0,0,0,0,0,0,0,0,0,0,0,0,3,2
7707,7707,0,0,-163,-3,-207,-15,0,0,0,0,0,0,0,0,2,0,0,0,0,0,0,0,0,0,0,1,0,0,0,0,0,0,0,0,0,0,0,0,3,3
7708,7708,0,1,-163,-3,-207,-15,0,0,0,0,0,0,0,0,2,0,0,0,0,0,0,0,0,0,0,1,0,0,0,0,0,0,0,0,0,0,0,0,3,2
7709,7709,0,0,175,15,145,-15,0,0,0,0,0,0,0,0,2,0,0,0,0,0,0,0,0,0,0,1,0,0,0,0,0,0,0,0,0,0,0,0,3,1
7710,7710,0,1,175,15,145,-15,0,0,0,0,0,0,0,0,2,0,0,0,0,0,0,0,0,0,0,1,0,0,0,0,0,0,0,0,0,0,0,0,3,1
7711,7711,0,0,-85,11,-140,-12,0,0,0,0,0,0,0,0,2,0,0,0,0,0,0,0,0,0,0,1,0,0,0,0,0,0,0,0,0,0,0,0,3,1
7712,7712,0,1,-85,11,-140,-12,0,0,0,0,0,0,0,0,2,0,0,0,0,0,0,0,0,0,0,1,0,0,0,0,0,0,0,0,0,0,0,0,3,2
7713,7713,0,0,26,-6,97,1,0,0,0,0,0,0,0,0,2,0,0,0,0,0,0,0,0,0,0,1,0,0,0,0,0,0,0,0,0,0,0,0,3,2
7714,7714,0,1,26,-6,97,1,0,0,0,0,0,0,0,0,2,0,0,0,0,0,0,0,0,0,0,1,0,0,0,0,0,0,0,0,0,0,0,0,3,2
7715,7715,0,0,89,-7,-104,-8,0,0,0,0,0,0,0,0,2,0,0,0,0,0,0,0,0,0,0,1,0,0,0,0,0,0,0,0,0,0,0,0,3,0
7716,7716,0,1,89,-7,-104,-8,0,0,0,0,0,0,0,0,1,0,0,0,0,0,0,0,0,0,0,1,0,0,0,0,0,0,0,0,0,0,0,0,3,2
7717,7717,0,0,-121,7,62,-2,0,0,0,0,0,0,0,0,1,0,0,0,0,0,0,0,0,0,0,0,0,0,0,0,0,0,0,0,0,0,0,0,3,4
7718,7718,0,1,-121,7,62,-2,0,0,0,0,0,0,0,0,1,0,0,0,0,0,0,0,0,0,0,1,0,0,0,0,0,0,0,0,0,0,0,0,3,1
7719,7719,0,0,182,-10,-72,-8,0,0,0,0,0,0,0,0,1,0,0,0,0,0,0,0,0,0,0,0,0,0,0,0,0,0,0,0,0,0,0,0,3,0
7720,7720,0,1,182,-10,-72,-8,0,0,0,0,0,0,0,0,1,0,0,0,0,0,0,0,0,0,0,0,0,0,0,0,0,0,0,0,0,0,0,0,3,0
7721,7721,0,0,-114,14,-28,4,0,0,0,0,0,0,0,0,1,0,0,0,0,0,0,0,0,0,0,0,0,0,0,0,0,0,0,0,0,0,0,0,3,3
7722,7722,0,1,-114,14,-28,4,0,0,0,0,0,0,0,0,1,0,0,0,0,0,0,0,0,0,0,0,0,0,0,0,0,0,0,0,0,0,0,0,3,4
7723,7723,0,0,78,14,43,11,0,0,0,0,0,0,0,0,1,0,0,0,0,0,0,0,0,0,0,1,0,0,0,0,0,0,0,0,0,0,0,0,3,3
7724,7724,0,1,78,14,43,11,0,0,0,0,0,0,0,0,1,0,0,0,0,0,0,0,0,0,0,1,0,0,0,0,0,0,0,0,0,0,0,0,3,0
7725,7725,0,0,23,-9,-102,-6,0,0,0,0,0,0,0,0,1,0,0,0,0,0,0,0,0,0,0,1,0,0,0,0,0,0,0,0,0,0,0,0,3,4
7726,7726,0,1,23,-9,-102,-6,0,0,0,0,0,0,0,0,1,0,0,0,0,0,0,0,0,0,0,1,0,0,0,0,0,0,0,0,0,0,0,0,3,3
7727,7727,0,0,-33,-1,44,12,0,0,0,0,0,0,0,0,1,0,0,0,0,0,0,0,0,0,0,1,0,0,0,0,0,0,0,0,0,0,0,0,3,4
7728,7728,0,1,-33,-1,44,12,0,0,0,0,0,0,0,0,1,0,0,0,0,0,0,0,0,0,0,1,0,0,0,0,0,0,0,0,0,0,0,0,3,4
7729,7729,0,0,89,-7,-68,-4,0,0,0,0,0,0,0,0,1,0,0,0,0,0,0,0,0,0,0,1,0,0,0,0,0,0,0,0,0,0,0,0,3,3
7730,7730,0,1,89,-7,-68,-4,0,0,0,0,0,0,0,0,1,0,0,0,0,0,0,0,0,0,0,1,0,0,0,0,0,0,0,0,0,0,0,0,3,4
7731,7731,0,0,-38,-6,29,-3,0,0,0,0,0,0,0,0,2,0,0,0,0,0,0,0,0,0,0,1,0,0,0,0,0,0,0,0,0,0,0,0,3,2
7732,7732,0,1,-38,-6,29,-3,0,0,0,0,0,0,0,0,2,0,0,0,0,0,0,0,0,0,0,1,0,0,0,0,0,0,0,0,0,0,0,0,3,4
7733,7733,0,0,51,-13,-50,14,0,0,0,0,0,0,0,0,2,0,0,0,0,0,0,0,0,0,0,1,0,0,0,0,0,0,0,0,0,0,0,0,3,0
7734,7734,0,1,51,-13,-50,14,0,0,0,0,0,0,0,0,2,0,0,0,0,0,0,0,0,0,0,1,0,0,0,0,0,0,0,0,0,0,0,0,3,2
7735,7735,0,0,15,15,28,-4,0,0,0,0,0,0,0,0,2,0,0,0,0,0,0,0,0,0,0,1,0,0,0,0,0,0,0,0,0,0,0,0,3,3
7736,7736,0,1,15,15,28,-4,0,0,0,0,0,0,0,0,2,0,0,0,0,0,0,0,0,0,0,1,0,0,0,0,0,0,0,0,0,0,0,0,3,2
7737,7737,0,0,-12,-12,-89,7,0,0,0,0,0,0,0,0,2,0,0,0,0,0,0,0,0,0,0,1,0,0,0,0,0,0,0,0,0,0,0,0,3,2
7738,7738,0,1,-12,-12,-89,7,0,0,0,0,0,0,0,0,2,0,0,0,0,0,0,0,0,0,0,1,0,0,0,0,0,0,0,0,0,0,0,0,3,0
7739,7739,0,0,67,3,40,8,0,0,0,0,0,0,0,0,2,0,0,0,0,0,0,0,0,0,0,1,0,0,0,0,0,0,0,0,0,0,0,0,3,4
7740,7740,0,1,67,3,40,8,0,0,0,0,0,0,0,0,2,0,0,0,0,0,0,0,0,0,0,1,0,0,0,0,0,0,0,0,0,0,0,0,3,5
7741,7741,0,0,-6,-6,-33,-1,0,0,0,0,0,0,0,0,2,0,0,0,0,0,0,0,0,0,0,1,0,0,0,0,0,0,0,0,0,0,0,0,3,2
7742,7742,0,1,-6,-6,-33,-1,0,0,0,0,0,0,0,0,2,0,0,0,0,0,0,0,0,0,0,1,0,0,0,0,0,0,0,0,0,0,0,0,3,2
7743,7743,0,0,12,12,-41,-9,0,0,0,0,0,0,0,0,2,0,0,0,0,0,0,0,0,0,0,1,0,0,0,0,0,0,0,0,0,0,0,0,3,0
7744,7744,0,1,12,12,-41,-9,0,0,0,0,0,0,0,0,2,0,0,0,0,0,0,0,0,0,0,1,0,0,0,0,0,0,0,0,0,0,0,0,3,3
7745,7745,0,0,90,-6,43,11,0,0,0,0,0,0,0,0,2,0,0,0,0,0,0,0,0,0,0,1,0,0,0,0,0,0,0,0,0,0,0,0,3,3
7746,7746,0,1,90,-6,43,11,0,0,0,0,0,0,0,0,2,0,0,0,0,0,0,0,0,0,0,1,0,0,0,0,0,0,0,0,0,0,0,0,3,2
7747,7747,0,0,-94,2,-58,6,0,0,0,0,0,0,0,0,2,0,0,0,0,0,0,0,0,0,0,1,0,0,0,0,0,0,0,0,0,0,0,0,3,0
7748,7748,0,1,-94,2,-58,6,0,0,0,0,0,0,0,0,2,0,0,0,0,0,0,0,0,0,0,1,0,0,0,0,0,0,0,0,0,0,0,0,3,0
7749,7749,0,0,175,15,-25,7,0,0,0,0,0,0,0,0,2,0,0,0,0,0,0,0,0,0,0,1,0,0,0,0,0,0,0,0,0,0,0,0,3,2
7750,7750,0,1,175,15,-25,7,0,0,0,0,0,0,0,0,2,0,0,0,0,0,0,0,0,0,0,1,0,0,0,0,0,0,0,0,0,0,0,0,3,2
7751,7751,0,0,-129,-1,63,-1,0,0,0,0,0,0,0,0,2,0,0,0,0,0,0,0,0,0,0,1,0,0,0,0,0,0,0,0,0,0,0,0,3,0
7752,7752,0,1,-129,-1,63,-1,0,0,0,0,0,0,0,0,2,0,0,0,0,0,0,0,0,0,0,1,0,0,0,0,0,0,0,0,0,0,0,0,3,0
7753,7753,0,0,188,-4,-145,15,0,0,0,0,0,0,0,0,2,0,0,0,0,0,0,0,0,0,0,1,0,0,0,0,0,0,0,0,0,0,0,0,3,1
7754,7754,0,1,188,-4,-145,15,0,0,0,0,0,0,0,0,2,0,0,0,0,0,0,0,0,0,0,1,0,0,0,0,0,0,0,0,0,0,0,0,3,2
7755,7755,0,0,-151,9,142,14,0,0,0,0,0,0,0,0,2,0,0,0,0,0,0,0,0,0,0,1,0,0,0,0,0,0,0,0,0,0,0,0,3,1
7756,7756,0,1,-151,9,142,14,0,0,0,0,0,0,0,0,2,0,0,0,0,0,0,0,0,0,0,1,0,0,0,0,0,0,0,0,0,0,0,0,3,0
7757,7757,0,0,161,1,-167,-7,0,0,0,0,0,0,0,0,2,0,0,0,0,0,0,0,0,0,0,1,0,0,0,0,0,0,0,0,0,0,0,0,3,2
7758,7758,0,1,161,1,-167,-7,0,0,0,0,0,0,0,0,2,0,0,0,0,0,0,0,0,0,0,1,0,0,0,0,0,0,0,0,0,0,0,0,3,2
7759,7759,0,0,-75,-11,126,-2,0,0,0,0,0,0,0,0,1,0,0,0,0,0,0,0,0,0,0,1,0,0,0,0,0,0,0,0,0,0,0,0,3,2
7760,7760,0,1,-75,-11,126,-2,0,0,0,0,0,0,0,0,1,0,0,0,0,0,0,0,0,0,0,1,0,0,0,0,0,0,0,0,0,0,0,0,3,2
7761,7761,0,0,82,-14,-104,-8,0,0,0,0,0,0,0,0,1,0,0,0,0,0,0,0,0,0,0,1,0,0,0,0,0,0,0,0,0,0,0,0,3,1
7762,7762,0,1,82,-14,-104,-8,0,0,0,0,0,0,0,0,1,0,0,0,0,0,0,0,0,0,0,1,0,0,0,0,0,0,0,0,0,0,0,0,3,1
7763,7763,0,0,-15,-15,66,2,0,0,0,0,0,0,0,0,1,0,0,0,0,0,0,0,0,0,0,0,0,0,0,0,0,0,0,0,0,0,0,0,3,2
7764,7764,0,1,-15,-15,66,2,0,0,0,0,0,0,0,0,1,0,0,0,0,0,0,0,0,0,0,0,0,0,0,0,0,0,0,0,0,0,0,0,3,2
7765,7765,0,0,49,-15,-79,-15,0,0,0,0,0,0,0,0,1,0,0,0,0,0,0,0,0,0,0,0,0,0,0,0,0,0,0,0,0,0,0,0,3,3
7766,7766,0,1,49,-15,-79,-15,0,0,0,0,0,0,0,0,1,0,0,0,0,0,0,0,0,0,0,0,0,0,0,0,0,0,0,0,0,0,0,0,3,1
7767,7767,0,0,-6,-6,46,14,0,0,0,0,0,0,0,0,1,0,0,0,0,0,0,0,0,0,0,0,0,0,0,0,0,0,0,0,0,0,0,0,3,1
7768,7768,0,1,-6,-6,46,14,0,0,0,0,0,0,0,0,1,0,0,0,0,0,0,0,0,0,0,0,0,0,0,0,0,0,0,0,0,0,0,0,3,2
7769,7769,0,0,36,4,-71,-7,0,0,0,0,0,0,0,0,1,0,0,0,0,0,0,0,0,0,0,0,0,0,0,0,0,0,0,0,0,0,0,0,3,4
7770,7770,0,1,36,4,-71,-7,0,0,0,0,0,0,0,0,1,0,0,0,0,0,0,0,0,0,0,1,0,0,0,0,0,0,0,0,0,0,0,0,3,3
7771,7771,0,0,9,9,70,6,0,0,0,0,0,0,0,0,1,0,0,0,0,0,0,0,0,0,0,1,0,0,0,0,0,0,0,0,0,0,0,0,3,1
7772,7772,0,1,9,9,70,6,0,0,0,0,0,0,0,0,1,0,0,0,0,0,0,0,0,0,0,0,0,0,0,0,0,0,0,0,0,0,0,0,3,0
7773,7773,0,0,39,7,-107,-11,0,0,0,0,0,0,0,0,1,0,0,0,0,0,0,0,0,0,0,0,0,0,0,0,0,0,0,0,0,0,0,0,3,5
7774,7774,0,1,39,7,-107,-11,0,0,0,0,0,0,0,0,1,0,0,0,0,0,0,0,0,0,0,1,0,0,0,0,0,0,0,0,0,0,0,0,3,4
7775,7775,0,0,-26,6,65,1,0,0,0,0,0,0,0,0,1,0,0,0,0,0,0,0,0,0,0,1,0,0,0,0,0,0,0,0,0,0,0,0,3,2
7776,7776,0,1,-26,6,65,1,0,0,0,0,0,0,0,0,1,0,0,0,0,0,0,0,0,0,0,1,0,0,0,0,0,0,0,0,0,0,0,0,3,2
7777,7777,0,0,99,3,-58,6,0,0,0,0,0,0,0,0,1,0,0,0,0,0,0,0,0,0,0,1,0,0,0,0,0,0,0,0,0,0,0,0,3,4
7778,7778,0,1,99,3,-58,6,0,0,0,0,0,0,0,0,1,0,0,0,0,0,0,0,0,0,0,1,0,0,0,0,0,0,0,0,0,0,0,0,3,5
7779,7779,0,0,-98,-2,-4,-4,0,0,0,0,0,0,0,0,1,0,0,0,0,0,0,0,0,0,0,1,0,0,0,0,0,0,0,0,0,0,0,0,3,1
7780,7780,0,1,-98,-2,-4,-4,0,0,0,0,0,0,0,0,1,0,0,0,0,0,0,0,0,0,0,1,0,0,0,0,0,0,0,0,0,0,0,0,3,2
7781,7781,0,0,124,-4,-9,-9,0,0,0,0,0,0,0,0,1,0,0,0,0,0,0,0,0,0,0,1,0,0,0,0,0,0,0,0,0,0,0,0,3,1
7782,7782,0,1,124,-4,-9,-9,0,0,0,0,0,0,0,0,1,0,0,0,0,0,0,0,0,0,0,1,0,0,0,0,0,0,0,0,0,0,0,0,3,3
7783,7783,0,0,-82,14,-92,4,0,0,0,0,0,0,0,0,1,0,0,0,0,0,0,0,0,0,0,1,0,0,0,0,0,0,0,0,0,0,0,0,3,1
7784,7784,0,1,-82,14,-92,4,0,0,0,0,0,0,0,0,1,0,0,0,0,0,0,0,0,0,0,1,0,0,0,0,0,0,0,0,0,0,0,0,3,0
7785,7785,0,0,77,13,109,13,0,0,0,0,0,0,0,0,1,0,0,0,0,0,0,0,0,0,0,1,0,0,0,0,0,0,0,0,0,0,0,0,3,1
7786,7786,0,1,77,13,109,13,0,0,0,0,0,0,0,0,1,0,0,0,0,0,0,0,0,0,0,1,0,0,0,0,0,0,0,0,0,0,0,0,3,1
7787,7787,0,0,0,0,-121,7,0,0,0,0,0,0,0,0,1,0,0,0,0,0,0,0,0,0,0,1,0,0,0,0,0,0,0,0,0,0,0,0,3,0
7788,7788,0,1,0,0,-121,7,0,0,0,0,0,0,0,0,1,0,0,0,0,0,0,0,0,0,0,1,0,0,0,0,0,0,0,0,0,0,0,0,3,0
7789,7789,0,0,9,9,83,-13,0,0,0,0,0,0,0,0,1,0,0,0,0,0,0,0,0,0,0,1,0,0,0,0,0,0,0,0,0,0,0,0,3,1
7790,7790,0,1,9,9,83,-13,0,0,0,0,0,0,0,0,1,0,0,0,0,0,0,0,0,0,0,1,0,0,0,0,0,0,0,0,0,0,0,0,3,1
7791,7791,0,0,9,9,-124,4,0,0,0,0,0,0,0,0,1,0,0,0,0,0,0,0,0,0,0,1,0,0,0,0,0,0,0,0,0,0,0,0,3,1
7792,7792,0,1,9,9,-124,4,0,0,0,0,0,0,0,0,1,0,0,0,0,0,0,0,0,0,0,1,0,0,0,0,0,0,0,0,0,0,0,0,3,1
7793,7793,0,0,35,3,121,-7,0,0,0,0,0,0,0,0,1,0,0,0,0,0,0,0,0,0,0,1,0,0,0,0,0,0,0,0,0,0,0,0,3,2
7794,7794,0,1,35,3,121,-7,0,0,0,0,0,0,0,0,1,0,0,0,0,0,0,0,0,0,0,1,0,0,0,0,0,0,0,0,0,0,0,0,3,2
7795,7795,0,0,-54,10,-157,3,0,0,0,0,0,0,0,0,1,0,0,0,0,0,0,0,0,0,0,1,0,0,0,0,0,0,0,0,0,0,0,0,3,0
7796,7796,0,1,-54,10,-157,3,0,0,0,0,0,0,0,0,1,0,0,0,0,0,0,0,0,0,0,1,0,0,0,0,0,0,0,0,0,0,0,0,3,1
7797,7797,0,0,95,-1,86,-10,0,0,0,0,0,0,0,0,1,0,0,0,0,0,0,0,0,0,0,1,0,0,0,0,0,0,0,0,0,0,0,0,3,2
7798,7798,0,1,95,-1,86,-10,0,0,0,0,0,0,0,0,1,0,0,0,0,0,0,0,0,0,0,1,0,0,0,0,0,0,0,0,0,0,0,0,3,2
7799,7799,0,0,-63,1,-108,-12,0,0,0,0,0,0,0,0,1,0,0,0,0,0,0,0,0,0,0,1,0,0,0,0,0,0,0,0,0,0,0,0,3,1
7800,7800,0,1,-63,1,-108,-12,0,0,0,0,0,0,0,0,1,0,0,0,0,0,0,0,0,0,0,1,0,0,0,0,0,0,0,0,0,0,0,0,3,1
7801,7801,0,0,115,-13,45,13,0,0,0,0,0,0,0,0,1,0,0,0,0,0,0,0,0,0,0,1,0,0,0,0,0,0,0,0,0,0,0,0,3,2
7802,7802,0,1,115,-13,45,13,0,0,0,0,0,0,0,0,1,0,0,0,0,0,0,0,0,0,0,0,0,0,0,0,0,0,0,0,0,0,0,0,3,3
7803,7803,0,0,-52,12,-77,-13,0,0,0,0,0,0,0,0,1,0,0,0,0,0,0,0,0,0,0,0,0,0,0,0,0,0,0,0,0,0,0,0,3,3
7804,7804,0,1,-52,12,-77,-13,0,0,0,0,0,0,0,0,1,0,0,0,0,0,0,0,0,0,0,1,0,0,0,0,0,0,0,0,0,0,0,0,3,1
7805,7805,0,0,46,14,9,9,0,0,0,0,0,0,0,0,1,0,0,0,0,0,0,0,0,0,0,1,0,0,0,0,0,0,0,0,0,0,0,0,3,1
7806,7806,0,1,46,14,9,9,0,0,0,0,0,0,0,0,1,0,0,0,0,0,0,0,0,0,0,0,0,0,0,0,0,0,0,0,0,0,0,0,3,2
7807,7807,0,0,37,5,-31,1,0,0,0,0,0,0,0,0,1,0,0,0,0,0,0,0,0,0,0,0,0,0,0,0,0,0,0,0,0,0,0,0,3,2
7808,7808,0,1,37,5,-31,1,0,0,0,0,0,0,0,0,1,0,0,0,0,0,0,0,0,0,0,0,0,0,0,0,0,0,0,0,0,0,0,0,3,2
7809,7809,0,0,-97,-1,-82,14,0,0,0,0,0,0,0,0,1,0,0,0,0,0,0,0,0,0,0,0,0,0,0,0,0,0,0,0,0,0,0,0,3,0
7810,7810,0,1,-97,-1,-82,14,0,0,0,0,0,0,0,0,1,0,0,0,0,0,0,0,0,0,0,0,0,0,0,0,0,0,0,0,0,0,0,0,3,0
7811,7811,0,0,68,4,116,-12,0,0,0,0,0,0,0,0,1,0,0,0,0,0,0,0,0,0,0,0,0,0,0,0,0,0,0,0,0,0,0,0,3,2
7812,7812,0,1,68,4,116,-12,0,0,0,0,0,0,0,0,1,0,0,0,0,0,0,0,0,0,0,0,0,0,0,0,0,0,0,0,0,0,0,0,3,2
7813,7813,0,0,-47,-15,-229,-5,0,0,0,0,0,0,0,0,1,0,0,0,0,0,0,0,0,0,0,0,0,0,0,0,0,0,0,0,0,0,0,0,3,1
7814,7814,0,1,-47,-15,-229,-5,0,0,0,0,0,0,0,0,1,0,0,0,0,0,0,0,0,0,0,0,0,0,0,0,0,0,0,0,0,0,0,0,3,1
7815,7815,0,0,114,-14,157,-3,0,0,0,0,0,0,0,0,1,0,0,0,0,0,0,0,0,0,0,0,0,0,0,0,0,0,0,0,0,0,0,0,3,3
7816,7816,0,1,114,-14,157,-3,0,0,0,0,0,0,0,0,1,0,0,0,0,0,0,0,0,0,0,0,0,0,0,0,0,0,0,0,0,0,0,0,3,3
7817,7817,0,0,-80,-16,-137,-9,0,0,0,0,0,0,0,0,1,0,0,0,0,0,0,0,0,0,0,0,0,0,0,0,0,0,0,0,0,0,0,0,3,2
7818,7818,0,1,-80,-16,-137,-9,0,0,0,0,0,0,0,0,1,0,0,0,0,0,0,0,0,0,0,0,0,0,0,0,0,0,0,0,0,0,0,0,3,2
7819,7819,0,0,94,-2,28,-4,0,0,0,0,0,0,0,0,1,0,0,0,0,0,0,0,0,0,0,0,0,0,0,0,0,0,0,0,0,0,0,0,3,2
7820,7820,0,1,94,-2,28,-4,0,0,0,0,0,0,0,0,1,0,0,0,0,0,0,0,0,0,0,0,0,0,0,0,0,0,0,0,0,0,0,0,3,3
7821,7821,0,0,-39,-7,-9,-9,0,0,0,0,0,0,0,0,1,0,0,0,0,0,0,0,0,0,0,0,0,0,0,0,0,0,0,0,0,0,0,0,3,3
7822,7822,0,1,-39,-7,-9,-9,0,0,0,0,0,0,0,0,1,0,0,0,0,0,0,0,0,0,0,0,0,0,0,0,0,0,0,0,0,0,0,0,3,3
7823,7823,0,0,23,-9,-77,-13,0,0,0,0,0,0,0,0,1,0,0,0,0,0,0,0,0,0,0,0,0,0,0,0,0,0,0,0,0,0,0,0,3,2
7824,7824,0,1,23,-9,-77,-13,0,0,0,0,0,0,0,0,1,0,0,0,0,0,0,0,0,0,0,0,0,0,0,0,0,0,0,0,0,0,0,0,3,2
7825,7825,0,0,127,-1,44,12,0,0,0,0,0,0,0,0,1,0,0,0,0,0,0,0,0,0,0,1,0,0,0,0,0,0,0,0,0,0,0,0,3,1
7826,7826,0,1,127,-1,44,12,0,0,0,0,0,0,0,0,1,0,0,0,0,0,0,0,0,0,0,0,0,0,0,0,0,0,0,0,0,0,0,0,3,2
7827,7827,0,0,-198,-6,-37,-5,0,0,0,0,0,0,0,0,1,0,0,0,0,0,0,0,0,0,0,0,0,0,0,0,0,0,0,0,0,0,0,0,3,1
7828,7828,0,1,-198,-6,-37,-5,0,0,0,0,0,0,0,0,1,0,0,0,0,0,0,0,0,0,0,0,0,0,0,0,0,0,0,0,0,0,0,0,3,2
7829,7829,0,0,291,3,-48,-16,0,0,0,0,0,0,0,0,1,0,0,0,0,0,0,0,0,0,0,0,0,0,0,0,0,0,0,0,0,0,0,0,3,4
7830,7830,0,1,291,3,-48,-16,0,0,0,0,0,0,0,0,1,0,0,0,0,0,0,0,0,0,0,1,0,0,0,0,0,0,0,0,0,0,0,0,3,2
7831,7831,0,0,-257,-1,0,0,0,0,0,0,0,0,0,0,1,0,0,0,0,0,0,0,0,0,0,1,0,0,0,0,0,0,0,0,0,0,0,0,3,2
7832,7832,0,1,-257,-1,0,0,0,0,0,0,0,0,0,0,1,0,0,0,0,0,0,0,0,0,0,1,0,0,0,0,0,0,0,0,0,0,0,0,3,1
7833,7833,0,0,230,6,-26,6,0,0,0,0,0,0,0,0,1,0,0,0,0,0,0,0,0,0,0,1,0,0,0,0,0,0,0,0,0,0,0,0,3,6
7834,7834,0,1,230,6,-26,6,0,0,0,0,0,0,0,0,2,0,0,0,0,0,0,0,0,0,0,1,0,0,0,0,0,0,0,0,0,0,0,0,3,5
7835,7835,0,0,-105,-9,-2,-2,0,0,0,0,0,0,0,0,2,0,0,0,0,0,0,0,0,0,0,1,0,0,0,0,0,0,0,0,0,0,0,0,3,3
7836,7836,0,1,-105,-9,-2,-2,0,0,0,0,0,0,0,0,2,0,0,0,0,0,0,0,0,0,0,1,0,0,0,0,0,0,0,0,0,0,0,0,3,3
7837,7837,0,0,95,-1,-52,12,0,0,0,0,0,0,0,0,2,0,0,0,0,0,0,0,0,0,0,1,0,0,0,0,0,0,0,0,0,0,0,0,3,2
7838,7838,0,1,95,-1,-52,12,0,0,0,0,0,0,0,0,2,0,0,0,0,0,0,0,0,0,0,1,0,0,0,0,0,0,0,0,0,0,0,0,3,4
7839,7839,0,0,-18,14,45,13,0,0,0,0,0,0,0,0,2,0,0,0,0,0,0,0,0,0,0,1,0,0,0,0,0,0,0,0,0,0,0,0,3,1
7840,7840,0,1,-18,14,45,13,0,0,0,0,0,0,0,0,2,0,0,0,0,0,0,0,0,0,0,1,0,0,0,0,0,0,0,0,0,0,0,0,3,2
7841,7841,0,0,19,-13,-48,-16,0,0,0,0,0,0,0,0,2,0,0,0,0,0,0,0,0,0,0,1,0,0,0,0,0,0,0,0,0,0,0,0,3,0
7842,7842,0,1,19,-13,-48,-16,0,0,0,0,0,0,0,0,2,0,0,0,0,0,0,0,0,0,0,1,0,0,0,0,0,0,0,0,0,0,0,0,3,1
7843,7843,0,0,53,-11,-12,-12,0,0,0,0,0,0,0,0,2,0,0,0,0,0,0,0,0,0,0,1,0,0,0,0,0,0,0,0,0,0,0,0,3,3
7844,7844,0,1,53,-11,-12,-12,0,0,0,0,0,0,0,0,2,0,0,0,0,0,0,0,0,0,0,1,0,0,0,0,0,0,0,0,0,0,0,0,3,4
7845,7845,0,0,-47,-15,18,-14,0,0,0,0,0,0,0,0,2,0,0,0,0,0,0,0,0,0,0,1,0,0,0,0,0,0,0,0,0,0,0,0,3,4
7846,7846,0,1,-47,-15,18,-14,0,0,0,0,0,0,0,0,2,0,0,0,0,0,0,0,0,0,0,1,0,0,0,0,0,0,0,0,0,0,0,0,3,1
7847,7847,0,0,116,-12,-73,-9,0,0,0,0,0,0,0,0,2,0,0,0,0,0,0,0,0,0,0,1,0,0,0,0,0,0,0,0,0,0,0,0,3,4
7848,7848,0,1,116,-12,-73,-9,0,0,0,0,0,0,0,0,2,0,0,0,0,0,0,0,0,0,0,1,0,0,0,0,0,0,0,0,0,0,0,0,3,2
7849,7849,0,0,-83,13,43,11,0,0,0,0,0,0,0,0,2,0,0,0,0,0,0,0,0,0,0,1,0,0,0,0,0,0,0,0,0,0,0,0,3,6
7850,7850,0,1,-83,13,43,11,0,0,0,0,0,0,0,0,2,0,0,0,0,0,0,0,0,0,0,1,0,0,0,0,0,0,0,0,0,0,0,0,3,5
7851,7851,0,0,118,-10,-75,-11,0,0,0,0,0,0,0,0,2,0,0,0,0,0,0,0,0,0,0,1,0,0,0,0,0,0,0,0,0,0,0,0,3,3
7852,7852,0,1,118,-10,-75,-11,0,0,0,0,0,0,0,0,2,0,0,0,0,0,0,0,0,0,0,1,0,0,0,0,0,0,0,0,0,0,0,0,3,4
7853,7853,0,0,-118,10,55,-9,0,0,0,0,0,0,0,0,2,0,0,0,0,0,0,0,0,0,0,1,0,0,0,0,0,0,0,0,0,0,0,0,3,3
7854,7854,0,1,-118,10,55,-9,0,0,0,0,0,0,0,0,2,0,0,0,0,0,0,0,0,0,0,1,0,0,0,0,0,0,0,0,0,0,0,0,3,5
7855,7855,0,0,199,7,-88,8,0,0,0,0,0,0,0,0,2,0,0,0,0,0,0,0,0,0,0,1,0,0,0,0,0,0,0,0,0,0,0,0,3,0
7856,7856,0,1,199,7,-88,8,0,0,0,0,0,0,0,0,2,0,0,0,0,0,0,0,0,0,0,1,0,0,0,0,0,0,0,0,0,0,0,0,3,1
7857,7857,0,0,-141,-13,79,15,0,0,0,0,0,0,0,0,2,0,0,0,0,0,0,0,0,0,0,1,0,0,0,0,0,0,0,0,0,0,0,0,3,1
7858,7858,0,1,-141,-13,79,15,0,0,0,0,0,0,0,0,2,0,0,0,0,0,0,0,0,0,0,1,0,0,0,0,0,0,0,0,0,0,0,0,3,2
7859,7859,0,0,150,-10,-119,9,0,0,0,0,0,0,0,0,2,0,0,0,0,0,0,0,0,0,0,1,0,0,0,0,0,0,0,0,0,0,0,0,3,1
7860,7860,0,1,150,-10,-119,9,0,0,0,0,0,0,0,0,2,0,0,0,0,0,0,0,0,0,0,1,0,0,0,0,0,0,0,0,0,0,0,0,3,0
7861,7861,0,0,-57,7,125,-3,0,0,0,0,0,0,0,0,2,0,0,0,0,0,0,0,0,0,0,1,0,0,0,0,0,0,0,0,0,0,0,0,3,1
7862,7862,0,1,-57,7,125,-3,0,0,0,0,0,0,0,0,2,0,0,0,0,0,0,0,0,0,0,1,0,0,0,0,0,0,0,0,0,0,0,0,3,1
7863,7863,0,0,47,15,-173,-13,0,0,0,0,0,0,0,0,2,0,0,0,0,0,0,0,0,0,0,1,0,0,0,0,0,0,0,0,0,0,0,0,3,2
7864,7864,0,1,47,15,-173,-13,0,0,0,0,0,0,0,0,2,0,0,0,0,0,0,0,0,0,0,1,0,0,0,0,0,0,0,0,0,0,0,0,3,1
7865,7865,0,0,-43,-11,162,2,0,0,0,0,0,0,0,0,2,0,0,0,0,0,0,0,0,0,0,1,0,0,0,0,0,0,0,0,0,0,0,0,3,0
7866,7866,0,1,-43,-11,162,2,0,0,0,0,0,0,0,0,2,0,0,0,0,0,0,0,0,0,0,1,0,0,0,0,0,0,0,0,0,0,0,0,3,0
7867,7867,0,0,15,15,-131,-3,0,0,0,0,0,0,0,0,2,0,0,0,0,0,0,0,0,0,0,1,0,0,0,0,0,0,0,0,0,0,0,0,3,4
7868,7868,0,1,15,15,-131,-3,0,0,0,0,0,0,0,0,2,0,0,0,0,0,0,0,0,0,0,1,0,0,0,0,0,0,0,0,0,0,0,0,3,2
7869,7869,0,0,-11,-11,15,15,0,0,0,0,0,0,0,0,2,0,0,0,0,0,0,0,0,0,0,1,0,0,0,0,0,0,0,0,0,0,0,0,3,0
7870,7870,0,1,-11,-11,15,15,0,0,0,0,0,0,0,0,2,0,0,0,0,0,0,0,0,0,0,1,0,0,0,0,0,0,0,0,0,0,0,0,3,0
7871,7871,0,0,24,-8,-24,8,0,0,0,0,0,0,0,0,2,0,0,0,0,0,0,0,0,0,0,1,0,0,0,0,0,0,0,0,0,0,0,0,3,2
7872,7872,0,1,24,-8,-24,8,0,0,0,0,0,0,0,0,2,0,0,0,0,0,0,0,0,0,0,1,0,0,0,0,0,0,0,0,0,0,0,0,3,1
7873,7873,0,0,-17,15,-45,-13,0,0,0,0,0,0,0,0,2,0,0,0,0,0,0,0,0,0,0,1,0,0,0,0,0,0,0,0,0,0,0,0,3,1
7874,7874,0,1,-17,15,-45,-13,0,0,0,0,0,0,0,0,2,0,0,0,0,0,0,0,0,0,0,1,0,0,0,0,0,0,0,0,0,0,0,0,3,0
7875,7875,0,0,60,-4,69,5,0,0,0,0,0,0,0,0,2,0,0,0,0,0,0,0,0,0,0,1,0,0,0,0,0,0,0,0,0,0,0,0,3,4
7876,7876,0,1,60,-4,69,5,0,0,0,0,0,0,0,0,2,0,0,0,0,0,0,0,0,0,0,1,0,0,0,0,0,0,0,0,0,0,0,0,3,4
7877,7877,0,0,-11,-11,-74,-10,0,0,0,0,0,0,0,0,2,0,0,0,0,0,0,0,0,0,0,1,0,0,0,0,0,0,0,0,0,0,0,0,3,1
7878,7878,0,1,-11,-11,-74,-10,0,0,0,0,0,0,0,0,1,0,0,0,0,0,0,0,0,0,0,1,0,0,0,0,0,0,0,0,0,0,0,0,3,1
7879,7879,0,0,22,-10,-43,-11,0,0,0,0,0,0,0,0,1,0,0,0,0,0,0,0,0,0,0,1,0,0,0,0,0,0,0,0,0,0,0,0,3,3
7880,7880,0,1,22,-10,-43,-11,0,0,0,0,0,0,0,0,1,0,0,0,0,0,0,0,0,0,0,1,0,0,0,0,0,0,0,0,0,0,0,0,3,4
7881,7881,0,0,-7,-7,73,9,0,0,0,0,0,0,0,0,1,0,0,0,0,0,0,0,0,0,0,1,0,0,0,0,0,0,0,0,0,0,0,0,3,1
7882,7882,0,1,-7,-7,73,9,0,0,0,0,0,0,0,0,1,0,0,0,0,0,0,0,0,0,0,1,0,0,0,0,0,0,0,0,0,0,0,0,3,1
7883,7883,0,0,82,-14,-132,-4,0,0,0,0,0,0,0,0,1,0,0,0,0,0,0,0,0,0,0,1,0,0,0,0,0,0,0,0,0,0,0,0,3,3
7884,7884,0,1,82,-14,-132,-4,0,0,0,0,0,0,0,0,1,0,0,0,0,0,0,0,0,0,0,1,0,0,0,0,0,0,0,0,0,0,0,0,3,3
7885,7885,0,0,-87,9,97,1,0,0,0,0,0,0,0,0,1,0,0,0,0,0,0,0,0,0,0,1,0,0,0,0,0,0,0,0,0,0,0,0,3,2
7886,7886,0,1,-87,9,97,1,0,0,0,0,0,0,0,0,1,0,0,0,0,0,0,0,0,0,0,1,0,0,0,0,0,0,0,0,0,0,0,0,3,3
7887,7887,0,0,103,7,-126,2,0,0,0,0,0,0,0,0,1,0,0,0,0,0,0,0,0,0,0,1,0,0,0,0,0,0,0,0,0,0,0,0,3,1
7888,7888,0,1,103,7,-126,2,0,0,0,0,0,0,0,0,1,0,0,0,0,0,0,0,0,0,0,1,0,0,0,0,0,0,0,0,0,0,0,0,3,4
7889,7889,0,0,-33,-1,89,-7,0,0,0,0,0,0,0,0,1,0,0,0,0,0,0,0,0,0,0,1,0,0,0,0,0,0,0,0,0,0,0,0,3,2
7890,7890,0,1,-33,-1,89,-7,0,0,0,0,0,0,0,0,1,0,0,0,0,0,0,0,0,0,0,1,0,0,0,0,0,0,0,0,0,0,0,0,3,0
7891,7891,0,0,32,0,-118,10,0,0,0,0,0,0,0,0,1,0,0,0,0,0,0,0,0,0,0,1,0,0,0,0,0,0,0,0,0,0,0,0,3,0
7892,7892,0,1,32,0,-118,10,0,0,0,0,0,0,0,0,1,0,0,0,0,0,0,0,0,0,0,1,0,0,0,0,0,0,0,0,0,0,0,0,3,1
7893,7893,0,0,48,-16,79,15,0,0,0,0,0,0,0,0,1,0,0,0,0,0,0,0,0,0,0,1,0,0,0,0,0,0,0,0,0,0,0,0,3,1
7894,7894,0,1,48,-16,79,15,0,0,0,0,0,0,0,0,1,0,0,0,0,0,0,0,0,0,0,1,0,0,0,0,0,0,0,0,0,0,0,0,3,0
7895,7895,0,0,-62,2,-99,-3,0,0,0,0,0,0,0,0,1,0,0,0,0,0,0,0,0,0,0,1,0,0,0,0,0,0,0,0,0,0,0,0,3,1
7896,7896,0,1,-62,2,-99,-3,0,0,0,0,0,0,0,0,1,0,0,0,0,0,0,0,0,0,0,1,0,0,0,0,0,0,0,0,0,0,0,0,3,2
7897,7897,0,0,123,-5,21,-11,0,0,0,0,0,0,0,0,1,0,0,0,0,0,0,0,0,0,0,1,0,0,0,0,0,0,0,0,0,0,0,0,3,1
7898,7898,0,1,123,-5,21,-11,0,0,0,0,0,0,0,0,1,0,0,0,0,0,0,0,0,0,0,1,0,0,0,0,0,0,0,0,0,0,0,0,3,3
7899,7899,0,0,-118,10,10,10,0,0,0,0,0,0,0,0,1,0,0,0,0,0,0,0,0,0,0,1,0,0,0,0,0,0,0,0,0,0,0,0,3,2
7900,7900,0,1,-118,10,10,10,0,0,0,0,0,0,0,0,1,0,0,0,0,0,0,0,0,0,0,1,0,0,0,0,0,0,0,0,0,0,0,0,3,0
7901,7901,0,0,148,-12,-70,-6,0,0,0,0,0,0,0,0,1,0,0,0,0,0,0,0,0,0,0,1,0,0,0,0,0,0,0,0,0,0,0,0,3,1
7902,7902,0,1,148,-12,-70,-6,0,0,0,0,0,0,0,0,1,0,0,0,0,0,0,0,0,0,0,1,0,0,0,0,0,0,0,0,0,0,0,0,3,1
7903,7903,0,0,-70,-6,4,4,0,0,0,0,0,0,0,0,1,0,0,0,0,0,0,0,0,0,0,1,0,0,0,0,0,0,0,0,0,0,0,0,3,4
7904,7904,0,1,-70,-6,4,4,0,0,0,0,0,0,0,0,1,0,0,0,0,0,0,0,0,0,0,1,0,0,0,0,0,0,0,0,0,0,0,0,3,2
7905,7905,0,0,34,2,5,5,0,0,0,0,0,0,0,0,1,0,0,0,0,0,0,0,0,0,0,1,0,0,0,0,0,0,0,0,0,0,0,0,3,1
7906,7906,0,1,34,2,5,5,0,0,0,0,0,0,0,0,1,0,0,0,0,0,0,0,0,0,0,1,0,0,0,0,0,0,0,0,0,0,0,0,3,1
7907,7907,0,0,53,-11,-68,-4,0,0,0,0,0,0,0,0,1,0,0,0,0,0,0,0,0,0,0,1,0,0,0,0,0,0,0,0,0,0,0,0,3,3
7908,7908,0,1,53,-11,-68,-4,0,0,0,0,0,0,0,0,1,0,0,0,0,0,0,0,0,0,0,1,0,0,0,0,0,0,0,0,0,0,0,0,3,4
7909,7909,0,0,-29,3,-8,-8,0,0,0,0,0,0,0,0,1,0,0,0,0,0,0,0,0,0,0,1,0,0,0,0,0,0,0,0,0,0,0,0,3,0
7910,7910,0,1,-29,3,-8,-8,0,0,0,0,0,0,0,0,1,0,0,0,0,0,0,0,0,0,0,1,0,0,0,0,0,0,0,0,0,0,0,0,3,0
7911,7911,0,0,80,-16,-66,-2,0,0,0,0,0,0,0,0,1,0,0,0,0,0,0,0,0,0,0,1,0,0,0,0,0,0,0,0,0,0,0,0,3,2
7912,7912,0,1,80,-16,-66,-2,0,0,0,0,0,0,0,0,1,0,0,0,0,0,0,0,0,0,0,1,0,0,0,0,0,0,0,0,0,0,0,0,3,3
7913,7913,0,0,-17,15,8,8,0,0,0,0,0,0,0,0,1,0,0,0,0,0,0,0,0,0,0,1,0,0,0,0,0,0,0,0,0,0,0,0,3,2
7914,7914,0,1,-17,15,8,8,0,0,0,0,0,0,0,0,1,0,0,0,0,0,0,0,0,0,0,1,0,0,0,0,0,0,0,0,0,0,0,0,3,0
7915,7915,0,0,4,4,-18,14,0,0,0,0,0,0,0,0,1,0,0,0,0,0,0,0,0,0,0,1,0,0,0,0,0,0,0,0,0,0,0,0,3,2
7916,7916,0,1,4,4,-18,14,0,0,0,0,0,0,0,0,1,0,0,0,0,0,0,0,0,0,0,1,0,0,0,0,0,0,0,0,0,0,0,0,3,3
7917,7917,0,0,15,15,59,-5,0,0,0,0,0,0,0,0,1,0,0,0,0,0,0,0,0,0,0,1,0,0,0,0,0,0,0,0,0,0,0,0,3,3
7918,7918,0,1,15,15,59,-5,0,0,0,0,0,0,0,0,1,0,0,0,0,0,0,0,0,0,0,1,0,0,0,0,0,0,0,0,0,0,0,0,3,2
7919,7919,0,0,-69,-5,-25,7,0,0,0,0,0,0,0,0,1,0,0,0,0,0,0,0,0,0,0,1,0,0,0,0,0,0,0,0,0,0,0,0,3,1
7920,7920,0,1,-69,-5,-25,7,0,0,0,0,0,0,0,0,1,0,0,0,0,0,0,0,0,0,0,1,0,0,0,0,0,0,0,0,0,0,0,0,3,1
7921,7921,0,0,158,-2,11,11,0,0,0,0,0,0,0,0,1,0,0,0,0,0,0,0,0,0,0,0,0,0,0,0,0,0,0,0,0,0,0,0,3,4
7922,7922,0,1,158,-2,11,11,0,0,0,0,0,0,0,0,1,0,0,0,0,0,0,0,0,0,0,1,0,0,0,0,0,0,0,0,0,0,0,0,3,4
7923,7923,0,0,-83,13,-95,1,0,0,0,0,0,0,0,0,1,0,0,0,0,0,0,0,0,0,0,1,0,0,0,0,0,0,0,0,0,0,0,0,3,1
7924,7924,0,1,-83,13,-95,1,0,0,0,0,0,0,0,0,1,0,0,0,0,0,0,0,0,0,0,1,0,0,0,0,0,0,0,0,0,0,0,0,3,1
7925,7925,0,0,80,-16,144,-16,0,0,0,0,0,0,0,0,1,0,0,0,0,0,0,0,0,0,0,1,0,0,0,0,0,0,0,0,0,0,0,0,3,0
7926,7926,0,1,80,-16,144,-16,0,0,0,0,0,0,0,0,1,0,0,0,0,0,0,0,0,0,0,1,0,0,0,0,0,0,0,0,0,0,0,0,3,2
7927,7927,0,0,8,8,-250,6,0,0,0,0,0,0,0,0,1,0,0,0,0,0,0,0,0,0,0,1,0,0,0,0,0,0,0,0,0,0,0,0,3,3
7928,7928,0,1,8,8,-250,6,0,0,0,0,0,0,0,0,1,0,0,0,0,0,0,0,0,0,0,1,0,0,0,0,0,0,0,0,0,0,0,0,3,2
7929,7929,0,0,-2,-2,241,-15,0,0,0,0,0,0,0,0,1,0,0,0,0,0,0,0,0,0,0,1,0,0,0,0,0,0,0,0,0,0,0,0,3,1
7930,7930,0,1,-2,-2,241,-15,0,0,0,0,0,0,0,0,1,0,0,0,0,0,0,0,0,0,0,1,0,0,0,0,0,0,0,0,0,0,0,0,3,1
7931,7931,0,0,57,-7,-212,12,0,0,0,0,0,0,0,0,1,0,0,0,0,0,0,0,0,0,0,1,0,0,0,0,0,0,0,0,0,0,0,0,3,3
7932,7932,0,1,57,-7,-212,12,0,0,0,0,0,0,0,0,1,0,0,0,0,0,0,0,0,0,0,1,0,0,0,0,0,0,0,0,0,0,0,0,3,3
7933,7933,0,0,0,0,84,-12,0,0,0,0,0,0,0,0,1,0,0,0,0,0,0,0,0,0,0,1,0,0,0,0,0,0,0,0,0,0,0,0,3,1
7934,7934,0,1,0,0,84,-12,0,0,0,0,0,0,0,0,1,0,0,0,0,0,0,0,0,0,0,1,0,0,0,0,0,0,0,0,0,0,0,0,3,0
7935,7935,0,0,42,10,7,7,0,0,0,0,0,0,0,0,1,0,0,0,0,0,0,0,0,0,0,1,0,0,0,0,0,0,0,0,0,0,0,0,3,0
7936,7936,0,1,42,10,7,7,0,0,0,0,0,0,0,0,1,0,0,0,0,0,0,0,0,0,0,1,0,0,0,0,0,0,0,0,0,0,0,0,3,0
7937,7937,0,0,-9,-9,-123,5,0,0,0,0,0,0,0,0,1,0,0,0,0,0,0,0,0,0,0,1,0,0,0,0,0,0,0,0,0,0,0,0,3,1
7938,7938,0,1,-9,-9,-123,5,0,0,0,0,0,0,0,0,1,0,0,0,0,0,0,0,0,0,0,1,0,0,0,0,0,0,0,0,0,0,0,0,3,1
7939,7939,0,0,90,-6,133,5,0,0,0,0,0,0,0,0,1,0,0,0,0,0,0,0,0,0,0,1,0,0,0,0,0,0,0,0,0,0,0,0,3,1
7940,7940,0,1,90,-6,133,5,0,0,0,0,0,0,0,0,1,0,0,0,0,0,0,0,0,0,0,1,0,0,0,0,0,0,0,0,0,0,0,0,3,0
7941,7941,0,0,-44,-12,-154,6,0,0,0,0,0,0,0,0,1,0,0,0,0,0,0,0,0,0,0,1,0,0,0,0,0,0,0,0,0,0,0,0,3,4
7942,7942,0,1,-44,-12,-154,6,0,0,0,0,0,0,0,0,1,0,0,0,0,0,0,0,0,0,0,1,0,0,0,0,0,0,0,0,0,0,0,0,3,4
7943,7943,0,0,41,9,104,8,0,0,0,0,0,0,0,0,1,0,0,0,0,0,0,0,0,0,0,1,0,0,0,0,0,0,0,0,0,0,0,0,3,2
7944,7944,0,1,41,9,104,8,0,0,0,0,0,0,0,0,1,0,0,0,0,0,0,0,0,0,0,1,0,0,0,0,0,0,0,0,0,0,0,0,3,1
7945,7945,0,0,67,3,-68,-4,0,0,0,0,0,0,0,0,1,0,0,0,0,0,0,0,0,0,0,1,0,0,0,0,0,0,0,0,0,0,0,0,3,2
7946,7946,0,1,67,3,-68,-4,0,0,0,0,0,0,0,0,1,0,0,0,0,0,0,0,0,0,0,1,0,0,0,0,0,0,0,0,0,0,0,0,3,2
7947,7947,0,0,-97,-1,-23,9,0,0,0,0,0,0,0,0,1,0,0,0,0,0,0,0,0,0,0,1,0,0,0,0,0,0,0,0,0,0,0,0,3,6
7948,7948,0,1,-97,-1,-23,9,0,0,0,0,0,0,0,0,1,0,0,0,0,0,0,0,0,0,0,1,0,0,0,0,0,0,0,0,0,0,0,0,3,4
7949,7949,0,0,140,12,68,4,0,0,0,0,0,0,0,0,1,0,0,0,0,0,0,0,0,0,0,1,0,0,0,0,0,0,0,0,0,0,0,0,3,3
7950,7950,0,1,140,12,68,4,0,0,0,0,0,0,0,0,1,0,0,0,0,0,0,0,0,0,0,1,0,0,0,0,0,0,0,0,0,0,0,0,3,4
7951,7951,0,0,-115,13,-152,8,0,0,0,0,0,0,0,0,1,0,0,0,0,0,0,0,0,0,0,1,0,0,0,0,0,0,0,0,0,0,0,0,3,4
7952,7952,0,1,-115,13,-152,8,0,0,0,0,0,0,0,0,2,0,0,0,0,0,0,0,0,0,0,1,0,0,0,0,0,0,0,0,0,0,0,0,3,5
7953,7953,0,0,85,-11,128,0,0,0,0,0,0,0,0,0,2,0,0,0,0,0,0,0,0,0,0,1,0,0,0,0,0,0,0,0,0,0,0,0,3,1
7954,7954,0,1,85,-11,128,0,0,0,0,0,0,0,0,0,2,0,0,0,0,0,0,0,0,0,0,1,0,0,0,0,0,0,0,0,0,0,0,0,3,2
7955,7955,0,0,17,-15,-106,-10,0,0,0,0,0,0,0,0,2,0,0,0,0,0,0,0,0,0,0,1,0,0,0,0,0,0,0,0,0,0,0,0,3,1
7956,7956,0,1,17,-15,-106,-10,0,0,0,0,0,0,0,0,2,0,0,0,0,0,0,0,0,0,0,1,0,0,0,0,0,0,0,0,0,0,0,0,3,1
7957,7957,0,0,191,-1,77,13,0,0,0,0,0,0,0,0,2,0,0,0,0,0,0,0,0,0,0,1,0,0,0,0,0,0,0,0,0,0,0,0,3,4
7958,7958,0,1,191,-1,77,13,0,0,0,0,0,0,0,0,2,0,0,0,0,0,0,0,0,0,0,1,0,0,0,0,0,0,0,0,0,0,0,0,3,2
7959,7959,0,0,-94,2,-75,-11,0,0,0,0,0,0,0,0,2,0,0,0,0,0,0,0,0,0,0,1,0,0,0,0,0,0,0,0,0,0,0,0,3,4
7960,7960,0,1,-94,2,-75,-11,0,0,0,0,0,0,0,0,2,0,0,0,0,0,0,0,0,0,0,1,0,0,0,0,0,0,0,0,0,0,0,0,3,2
7961,7961,0,0,140,12,38,6,0,0,0,0,0,0,0,0,2,0,0,0,0,0,0,0,0,0,0,1,0,0,0,0,0,0,0,0,0,0,0,0,3,3
7962,7962,0,1,140,12,38,6,0,0,0,0,0,0,0,0,2,0,0,0,0,0,0,0,0,0,0,1,0,0,0,0,0,0,0,0,0,0,0,0,3,3
7963,7963,0,0,-102,-6,-93,3,0,0,0,0,0,0,0,0,2,0,0,0,0,0,0,0,0,0,0,1,0,0,0,0,0,0,0,0,0,0,0,0,3,1
7964,7964,0,1,-102,-6,-93,3,0,0,0,0,0,0,0,0,2,0,0,0,0,0,0,0,0,0,0,1,0,0,0,0,0,0,0,0,0,0,0,0,3,3
7965,7965,0,0,137,9,101,5,0,0,0,0,0,0,0,0,2,0,0,0,0,0,0,0,0,0,0,1,0,0,0,0,0,0,0,0,0,0,0,0,3,3
7966,7966,0,1,137,9,101,5,0,0,0,0,0,0,0,0,2,0,0,0,0,0,0,0,0,0,0,1,0,0,0,0,0,0,0,0,0,0,0,0,3,2
7967,7967,0,0,-86,10,-123,5,0,0,0,0,0,0,0,0,2,0,0,0,0,0,0,0,0,0,0,1,0,0,0,0,0,0,0,0,0,0,0,0,3,1
7968,7968,0,1,-86,10,-123,5,0,0,0,0,0,0,0,0,2,0,0,0,0,0,0,0,0,0,0,1,0,0,0,0,0,0,0,0,0,0,0,0,3,0
7969,7969,0,0,43,11,57,-7,0,0,0,0,0,0,0,0,2,0,0,0,0,0,0,0,0,0,0,1,0,0,0,0,0,0,0,0,0,0,0,0,3,3
7970,7970,0,1,43,11,57,-7,0,0,0,0,0,0,0,0,2,0,0,0,0,0,0,0,0,0,0,1,0,0,0,0,0,0,0,0,0,0,0,0,3,2
7971,7971,0,0,26,-6,-105,-9,0,0,0,0,0,0,0,0,2,0,0,0,0,0,0,0,0,0,0,1,0,0,0,0,0,0,0,0,0,0,0,0,3,4
7972,7972,0,1,26,-6,-105,-9,0,0,0,0,0,0,0,0,2,0,0,0,0,0,0,0,0,0,0,1,0,0,0,0,0,0,0,0,0,0,0,0,3,4
7973,7973,0,0,-40,-8,110,14,0,0,0,0,0,0,0,0,2,0,0,0,0,0,0,0,0,0,0,1,0,0,0,0,0,0,0,0,0,0,0,0,3,1
7974,7974,0,1,-40,-8,110,14,0,0,0,0,0,0,0,0,2,0,0,0,0,0,0,0,0,0,0,1,0,0,0,0,0,0,0,0,0,0,0,0,3,4
7975,7975,0,0,45,13,-186,6,0,0,0,0,0,0,0,0,2,0,0,0,0,0,0,0,0,0,0,1,0,0,0,0,0,0,0,0,0,0,0,0,3,3
7976,7976,0,1,45,13,-186,6,0,0,0,0,0,0,0,0,2,0,0,0,0,0,0,0,0,0,0,1,0,0,0,0,0,0,0,0,0,0,0,0,3,4
7977,7977,0,0,-7,-7,156,-4,0,0,0,0,0,0,0,0,2,0,0,0,0,0,0,0,0,0,0,1,0,0,0,0,0,0,0,0,0,0,0,0,3,7
7978,7978,0,1,-7,-7,156,-4,0,0,0,0,0,0,0,0,2,0,0,0,0,0,0,0,0,0,0,1,0,0,0,0,0,0,0,0,0,0,0,0,3,5
7979,7979,0,0,40,8,-180,12,0,0,0,0,0,0,0,0,3,0,0,0,0,0,0,0,0,0,0,1,0,0,0,0,0,0,0,0,0,0,0,0,3,1
7980,7980,0,1,40,8,-180,12,0,0,0,0,0,0,0,0,2,0,0,0,0,0,0,0,0,0,0,1,0,0,0,0,0,0,0,0,0,0,0,0,3,1
7981,7981,0,0,12,12,126,-2,0,0,0,0,0,0,0,0,2,0,0,0,0,0,0,0,0,0,0,1,0,0,0,0,0,0,0,0,0,0,0,0,3,3
7982,7982,0,1,12,12,126,-2,0,0,0,0,0,0,0,0,2,0,0,0,0,0,0,0,0,0,0,1,0,0,0,0,0,0,0,0,0,0,0,0,3,3
7983,7983,0,0,12,12,-69,-5,0,0,0,0,0,0,0,0,2,0,0,0,0,0,0,0,0,0,0,1,0,0,0,0,0,0,0,0,0,0,0,0,3,2
7984,7984,0,1,12,12,-69,-5,0,0,0,0,0,0,0,0,2,0,0,0,0,0,0,0,0,0,0,1,0,0,0,0,0,0,0,0,0,0,0,0,3,1
7985,7985,0,0,28,-4,-57,7,0,0,0,0,0,0,0,0,2,0,0,0,0,0,0,0,0,0,0,1,0,0,0,0,0,0,0,0,0,0,0,0,3,3
7986,7986,0,1,28,-4,-57,7,0,0,0,0,0,0,0,0,2,0,0,0,0,0,0,0,0,0,0,1,0,0,0,0,0,0,0,0,0,0,0,0,3,3
7987,7987,0,0,-26,6,108,12,0,0,0,0,0,0,0,0,2,0,0,0,0,0,0,0,0,0,0,1,0,0,0,0,0,0,0,0,0,0,0,0,3,2
7988,7988,0,1,-26,6,108,12,0,0,0,0,0,0,0,0,2,0,0,0,0,0,0,0,0,0,0,1,0,0,0,0,0,0,0,0,0,0,0,0,3,3
7989,7989,0,0,88,-8,-140,-12,0,0,0,0,0,0,0,0,2,0,0,0,0,0,0,0,0,0,0,1,0,0,0,0,0,0,0,0,0,0,0,0,3,0
7990,7990,0,1,88,-8,-140,-12,0,0,0,0,0,0,0,0,2,0,0,0,0,0,0,0,0,0,0,1,0,0,0,0,0,0,0,0,0,0,0,0,3,1
7991,7991,0,0,-74,-10,168,8,0,0,0,0,0,0,0,0,2,0,0,0,0,0,0,0,0,0,0,1,0,0,0,0,0,0,0,0,0,0,0,0,3,2
7992,7992,0,1,-74,-10,168,8,0,0,0,0,0,0,0,0,2,0,0,0,0,0,0,0,0,0,0,1,0,0,0,0,0,0,0,0,0,0,0,0,3,1
7993,7993,0,0,145,-15,-108,-12,0,0,0,0,0,0,0,0,2,0,0,0,0,0,0,0,0,0,0,1,0,0,0,0,0,0,0,0,0,0,0,0,3,1
7994,7994,0,1,145,-15,-108,-12,0,0,0,0,0,0,0,0,2,0,0,0,0,0,0,0,0,0,0,1,0,0,0,0,0,0,0,0,0,0,0,0,3,0
7995,7995,0,0,-138,-10,-26,6,0,0,0,0,0,0,0,0,2,0,0,0,0,0,0,0,0,0,0,1,0,0,0,0,0,0,0,0,0,0,0,0,3,4
7996,7996,0,1,-138,-10,-26,6,0,0,0,0,0,0,0,0,2,0,0,0,0,0,0,0,0,0,0,1,0,0,0,0,0,0,0,0,0,0,0,0,3,3
7997,7997,0,0,171,11,23,-9,0,0,0,0,0,0,0,0,2,0,0,0,0,0,0,0,0,0,0,1,0,0,0,0,0,0,0,0,0,0,0,0,3,1
7998,7998,0,1,171,11,23,-9,0,0,0,0,0,0,0,0,2,0,0,0,0,0,0,0,0,0,0,1,0,0,0,0,0,0,0,0,0,0,0,0,3,1
7999,7999,0,0,-44,-12,-93,3,0,0,0,0,0,0,0,0,2,0,0,0,0,0,0,0,0,0,0,1,0,0,0,0,0,0,0,0,0,0,0,0,3,3
8000,8000,0,1,-44,-12,-93,3,0,0,0,0,0,0,0,0,2,0,0,0,0,0,0,0,0,0,0,1,0,0,0,0,0,0,0,0,0,0,0,0,3,3
8001,8001,0,0,141,13,94,-2,0,0,0,0,0,0,0,0,2,0,0,0,0,0,0,0,0,0,0,1,0,0,0,0,0,0,0,0,0,0,0,0,3,1
8002,8002,0,1,141,13,94,-2,0,0,0,0,0,0,0,0,2,0,0,0,0,0,0,0,0,0,0,1,0,0,0,0,0,0,0,0,0,0,0,0,3,2
8003,8003,0,0,-71,-7,-99,-3,0,0,0,0,0,0,0,0,2,0,0,0,0,0,0,0,0,0,0,1,0,0,0,0,0,0,0,0,0,0,0,0,3,0
8004,8004,0,1,-71,-7,-99,-3,0,0,0,0,0,0,0,0,2,0,0,0,0,0,0,0,0,0,0,1,0,0,0,0,0,0,0,0,0,0,0,0,3,3
8005,8005,0,0,54,-10,36,4,0,0,0,0,0,0,0,0,2,0,0,0,0,0,0,0,0,0,0,1,0,0,0,0,0,0,0,0,0,0,0,0,3,3
8006,8006,0,1,54,-10,36,4,0,0,0,0,0,0,0,0,2,0,0,0,0,0,0,0,0,0,0,1,0,0,0,0,0,0,0,0,0,0,0,0,3,0
8007,8007,0,0,60,-4,-46,-14,0,0,0,0,0,0,0,0,2,0,0,0,0,0,0,0,0,0,0,1,0,0,0,0,0,0,0,0,0,0,0,0,3,2
8008,8008,0,1,60,-4,-46,-14,0,0,0,0,0,0,0,0,2,0,0,0,0,0,0,0,0,0,0,1,0,0,0,0,0,0,0,0,0,0,0,0,3,1
8009,8009,0,0,-62,2,-44,-12,0,0,0,0,0,0,0,0,2,0,0,0,0,0,0,0,0,0,0,1,0,0,0,0,0,0,0,0,0,0,0,0,3,3
8010,8010,0,1,-62,2,-44,-12,0,0,0,0,0,0,0,0,1,0,0,0,0,0,0,0,0,0,0,1,0,0,0,0,0,0,0,0,0,0,0,0,3,1
8011,8011,0,0,98,2,51,-13,0,0,0,0,0,0,0,0,1,0,0,0,0,0,0,0,0,0,0,1,0,0,0,0,0,0,0,0,0,0,0,0,3,3
8012,8012,0,1,98,2,51,-13,0,0,0,0,0,0,0,0,1,0,0,0,0,0,0,0,0,0,0,1,0,0,0,0,0,0,0,0,0,0,0,0,3,3
8013,8013,0,0,-47,-15,-124,4,0,0,0,0,0,0,0,0,1,0,0,0,0,0,0,0,0,0,0,1,0,0,0,0,0,0,0,0,0,0,0,0,3,3
8014,8014,0,1,-47,-15,-124,4,0,0,0,0,0,0,0,0,1,0,0,0,0,0,0,0,0,0,0,1,0,0,0,0,0,0,0,0,0,0,0,0,3,4
8015,8015,0,0,60,-4,89,-7,0,0,0,0,0,0,0,0,1,0,0,0,0,0,0,0,0,0,0,1,0,0,0,0,0,0,0,0,0,0,0,0,3,3
8016,8016,0,1,60,-4,89,-7,0,0,0,0,0,0,0,0,2,0,0,0,0,0,0,0,0,0,0,1,0,0,0,0,0,0,0,0,0,0,0,0,3,1
8017,8017,0,0,10,10,-87,9,0,0,0,0,0,0,0,0,2,0,0,0,0,0,0,0,0,0,0,1,0,0,0,0,0,0,0,0,0,0,0,0,3,3
8018,8018,0,1,10,10,-87,9,0,0,0,0,0,0,0,0,2,0,0,0,0,0,0,0,0,0,0,1,0,0,0,0,0,0,0,0,0,0,0,0,3,5
8019,8019,0,0,-20,12,42,10,0,0,0,0,0,0,0,0,2,0,0,0,0,0,0,0,0,0,0,1,0,0,0,0,0,0,0,0,0,0,0,0,3,3
8020,8020,0,1,-20,12,42,10,0,0,0,0,0,0,0,0,2,0,0,0,0,0,0,0,0,0,0,1,0,0,0,0,0,0,0,0,0,0,0,0,3,1
8021,8021,0,0,61,-3,-59,5,0,0,0,0,0,0,0,0,2,0,0,0,0,0,0,0,0,0,0,1,0,0,0,0,0,0,0,0,0,0,0,0,3,4
8022,8022,0,1,61,-3,-59,5,0,0,0,0,0,0,0,0,2,0,0,0,0,0,0,0,0,0,0,1,0,0,0,0,0,0,0,0,0,0,0,0,3,3
8023,8023,0,0,4,4,12,12,0,0,0,0,0,0,0,0,2,0,0,0,0,0,0,0,0,0,0,1,0,0,0,0,0,0,0,0,0,0,0,0,3,1
8024,8024,0,1,4,4,12,12,0,0,0,0,0,0,0,0,2,0,0,0,0,0,0,0,0,0,0,1,0,0,0,0,0,0,0,0,0,0,0,0,3,2
8025,8025,0,0,53,-11,5,5,0,0,0,0,0,0,0,0,2,0,0,0,0,0,0,0,0,0,0,1,0,0,0,0,0,0,0,0,0,0,0,0,3,0
8026,8026,0,1,53,-11,5,5,0,0,0,0,0,0,0,0,2,0,0,0,0,0,0,0,0,0,0,1,0,0,0,0,0,0,0,0,0,0,0,0,3,3
8027,8027,0,0,-33,-1,-41,-9,0,0,0,0,0,0,0,0,2,0,0,0,0,0,0,0,0,0,0,1,0,0,0,0,0,0,0,0,0,0,0,0,3,3
8028,8028,0,1,-33,-1,-41,-9,0,0,0,0,0,0,0,0,2,0,0,0,0,0,0,0,0,0,0,1,0,0,0,0,0,0,0,0,0,0,0,0,3,2
8029,8029,0,0,56,-8,8,8,0,0,0,0,0,0,0,0,2,0,0,0,0,0,0,0,0,0,0,1,0,0,0,0,0,0,0,0,0,0,0,0,3,2
8030,8030,0,1,56,-8,8,8,0,0,0,0,0,0,0,0,2,0,0,0,0,0,0,0,0,0,0,1,0,0,0,0,0,0,0,0,0,0,0,0,3,0
8031,8031,0,0,52,-12,-34,-2,0,0,0,0,0,0,0,0,2,0,0,0,0,0,0,0,0,0,0,1,0,0,0,0,0,0,0,0,0,0,0,0,3,2
8032,8032,0,1,52,-12,-34,-2,0,0,0,0,0,0,0,0,2,0,0,0,0,0,0,0,0,0,0,1,0,0,0,0,0,0,0,0,0,0,0,0,3,2
8033,8033,0,0,-48,-16,-17,15,0,0,0,0,0,0,0,0,2,0,0,0,0,0,0,0,0,0,0,1,0,0,0,0,0,0,0,0,0,0,0,0,3,3
8034,8034,0,1,-48,-16,-17,15,0,0,0,0,0,0,0,0,2,0,0,0,0,0,0,0,0,0,0,1,0,0,0,0,0,0,0,0,0,0,0,0,3,2
8035,8035,0,0,50,-14,0,0,0,0,0,0,0,0,0,0,2,0,0,0,0,0,0,0,0,0,0,1,0,0,0,0,0,0,0,0,0,0,0,0,3,1
8036,8036,0,1,50,-14,0,0,0,0,0,0,0,0,0,0,2,0,0,0,0,0,0,0,0,0,0,1,0,0,0,0,0,0,0,0,0,0,0,0,3,2
8037,8037,0,0,29,-3,-55,9,0,0,0,0,0,0,0,0,2,0,0,0,0,0,0,0,0,0,0,1,0,0,0,0,0,0,0,0,0,0,0,0,3,1
8038,8038,0,1,29,-3,-55,9,0,0,0,0,0,0,0,0,2,0,0,0,0,0,0,0,0,0,0,1,0,0,0,0,0,0,0,0,0,0,0,0,3,2
8039,8039,0,0,-26,6,37,5,0,0,0,0,0,0,0,0,2,0,0,0,0,0,0,0,0,0,0,1,0,0,0,0,0,0,0,0,0,0,0,0,3,0
8040,8040,0,1,-26,6,37,5,0,0,0,0,0,0,0,0,2,0,0,0,0,0,0,0,0,0,0,1,0,0,0,0,0,0,0,0,0,0,0,0,3,0
8041,8041,0,0,70,6,-113,15,0,0,0,0,0,0,0,0,2,0,0,0,0,0,0,0,0,0,0,1,0,0,0,0,0,0,0,0,0,0,0,0,3,2
8042,8042,0,1,70,6,-113,15,0,0,0,0,0,0,0,0,2,0,0,0,0,0,0,0,0,0,0,1,0,0,0,0,0,0,0,0,0,0,0,0,3,2
8043,8043,0,0,-22,10,124,-4,0,0,0,0,0,0,0,0,2,0,0,0,0,0,0,0,0,0,0,1,0,0,0,0,0,0,0,0,0,0,0,0,3,1
8044,8044,0,1,-22,10,124,-4,0,0,0,0,0,0,0,0,2,0,0,0,0,0,0,0,0,0,0,1,0,0,0,0,0,0,0,0,0,0,0,0,3,1
8045,8045,0,0,44,12,-151,9,0,0,0,0,0,0,0,0,2,0,0,0,0,0,0,0,0,0,0,1,0,0,0,0,0,0,0,0,0,0,0,0,3,2
8046,8046,0,1,44,12,-151,9,0,0,0,0,0,0,0,0,1,0,0,0,0,0,0,0,0,0,0,0,0,0,0,0,0,0,0,0,0,0,0,0,3,1
8047,8047,0,0,-47,-15,78,14,0,0,0,0,0,0,0,0,1,0,0,0,0,0,0,0,0,0,0,0,0,0,0,0,0,0,0,0,0,0,0,0,3,1
8048,8048,0,1,-47,-15,78,14,0,0,0,0,0,0,0,0,1,0,0,0,0,0,0,0,0,0,0,0,0,0,0,0,0,0,0,0,0,0,0,0,3,1
8049,8049,0,0,102,6,-75,-11,0,0,0,0,0,0,0,0,1,0,0,0,0,0,0,0,0,0,0,0,0,0,0,0,0,0,0,0,0,0,0,0,3,1
8050,8050,0,1,102,6,-75,-11,0,0,0,0,0,0,0,0,1,0,0,0,0,0,0,0,0,0,0,0,0,0,0,0,0,0,0,0,0,0,0,0,3,3
8051,8051,0,0,-96,0,58,-6,0,0,0,0,0,0,0,0,1,0,0,0,0,0,0,0,0,0,0,0,0,0,0,0,0,0,0,0,0,0,0,0,3,2
8052,8052,0,1,-96,0,58,-6,0,0,0,0,0,0,0,0,1,0,0,0,0,0,0,0,0,0,0,0,0,0,0,0,0,0,0,0,0,0,0,0,3,1
8053,8053,0,0,165,5,-91,5,0,0,0,0,0,0,0,0,1,0,0,0,0,0,0,0,0,0,0,0,0,0,0,0,0,0,0,0,0,0,0,0,3,1
8054,8054,0,1,165,5,-91,5,0,0,0,0,0,0,0,0,1,0,0,0,0,0,0,0,0,0,0,0,0,0,0,0,0,0,0,0,0,0,0,0,3,0
8055,8055,0,0,-124,4,134,6,0,0,0,0,0,0,0,0,1,0,0,0,0,0,0,0,0,0,0,0,0,0,0,0,0,0,0,0,0,0,0,0,3,1
8056,8056,0,1,-124,4,134,6,0,0,0,0,0,0,0,0,1,0,0,0,0,0,0,0,0,0,0,0,0,0,0,0,0,0,0,0,0,0,0,0,3,2
8057,8057,0,0,113,-15,-230,-6,0,0,0,0,0,0,0,0,1,0,0,0,0,0,0,0,0,0,0,0,0,0,0,0,0,0,0,0,0,0,0,0,3,3
8058,8058,0,1,113,-15,-230,-6,0,0,0,0,0,0,0,0,1,0,0,0,0,0,0,0,0,0,0,0,0,0,0,0,0,0,0,0,0,0,0,0,3,1
8059,8059,0,0,-41,-9,203,11,0,0,0,0,0,0,0,0,1,0,0,0,0,0,0,0,0,0,0,0,0,0,0,0,0,0,0,0,0,0,0,0,3,0
8060,8060,0,1,-41,-9,203,11,0,0,0,0,0,0,0,0,1,0,0,0,0,0,0,0,0,0,0,0,0,0,0,0,0,0,0,0,0,0,0,0,3,0
8061,8061,0,0,53,-11,-169,-9,0,0,0,0,0,0,0,0,1,0,0,0,0,0,0,0,0,0,0,0,0,0,0,0,0,0,0,0,0,0,0,0,3,4
8062,8062,0,1,53,-11,-169,-9,0,0,0,0,0,0,0,0,1,0,0,0,0,0,0,0,0,0,0,0,0,0,0,0,0,0,0,0,0,0,0,0,3,2
8063,8063,0,0,-30,2,95,-1,0,0,0,0,0,0,0,0,1,0,0,0,0,0,0,0,0,0,0,0,0,0,0,0,0,0,0,0,0,0,0,0,3,2
8064,8064,0,1,-30,2,95,-1,0,0,0,0,0,0,0,0,1,0,0,0,0,0,0,0,0,0,0,0,0,0,0,0,0,0,0,0,0,0,0,0,3,1
8065,8065,0,0,92,-4,-137,-9,0,0,0,0,0,0,0,0,1,0,0,0,0,0,0,0,0,0,0,0,0,0,0,0,0,0,0,0,0,0,0,0,3,3
8066,8066,0,1,92,-4,-137,-9,0,0,0,0,0,0,0,0,1,0,0,0,0,0,0,0,0,0,0,0,0,0,0,0,0,0,0,0,0,0,0,0,3,3
8067,8067,0,0,-96,0,133,5,0,0,0,0,0,0,0,0,1,0,0,0,0,0,0,0,0,0,0,0,0,0,0,0,0,0,0,0,0,0,0,0,3,0
8068,8068,0,1,-96,0,133,5,0,0,0,0,0,0,0,0,1,0,0,0,0,0,0,0,0,0,0,0,0,0,0,0,0,0,0,0,0,0,0,0,3,0
8069,8069,0,0,126,-2,-135,-7,0,0,0,0,0,0,0,0,1,0,0,0,0,0,0,0,0,0,0,0,0,0,0,0,0,0,0,0,0,0,0,0,3,2
8070,8070,0,1,126,-2,-135,-7,0,0,0,0,0,0,0,0,1,0,0,0,0,0,0,0,0,0,0,0,0,0,0,0,0,0,0,0,0,0,0,0,3,1
8071,8071,0,0,-44,-12,49,-15,0,0,0,0,0,0,0,0,1,0,0,0,0,0,0,0,0,0,0,0,0,0,0,0,0,0,0,0,0,0,0,0,3,1
8072,8072,0,1,-44,-12,49,-15,0,0,0,0,0,0,0,0,1,0,0,0,0,0,0,0,0,0,0,0,0,0,0,0,0,0,0,0,0,0,0,0,3,0
8073,8073,0,0,66,2,-8,-8,0,0,0,0,0,0,0,0,1,0,0,0,0,0,0,0,0,0,0,0,0,0,0,0,0,0,0,0,0,0,0,0,3,4
8074,8074,0,1,66,2,-8,-8,0,0,0,0,0,0,0,0,1,0,0,0,0,0,0,0,0,0,0,0,0,0,0,0,0,0,0,0,0,0,0,0,3,3
8075,8075,0,0,-30,2,-64,0,0,0,0,0,0,0,0,0,1,0,0,0,0,0,0,0,0,0,0,0,0,0,0,0,0,0,0,0,0,0,0,0,3,2
8076,8076,0,1,-30,2,-64,0,0,0,0,0,0,0,0,0,1,0,0,0,0,0,0,0,0,0,0,0,0,0,0,0,0,0,0,0,0,0,0,0,3,1
8077,8077,0,0,29,-3,116,-12,0,0,0,0,0,0,0,0,1,0,0,0,0,0,0,0,0,0,0,0,0,0,0,0,0,0,0,0,0,0,0,0,3,5
8078,8078,0,1,29,-3,116,-12,0,0,0,0,0,0,0,0,1,0,0,0,0,0,0,0,0,0,0,1,0,0,0,0,0,0,0,0,0,0,0,0,3,5
8079,8079,0,0,52,-12,-192,0,0,0,0,0,0,0,0,0,1,0,0,0,0,0,0,0,0,0,0,1,0,0,0,0,0,0,0,0,0,0,0,0,3,2
8080,8080,0,1,52,-12,-192,0,0,0,0,0,0,0,0,0,1,0,0,0,0,0,0,0,0,0,0,1,0,0,0,0,0,0,0,0,0,0,0,0,3,3
8081,8081,0,0,-61,3,213,-11,0,0,0,0,0,0,0,0,1,0,0,0,0,0,0,0,0,0,0,1,0,0,0,0,0,0,0,0,0,0,0,0,3,2
8082,8082,0,1,-61,3,213,-11,0,0,0,0,0,0,0,0,1,0,0,0,0,0,0,0,0,0,0,1,0,0,0,0,0,0,0,0,0,0,0,0,3,3
8083,8083,0,0,138,10,-201,-9,0,0,0,0,0,0,0,0,1,0,0,0,0,0,0,0,0,0,0,1,0,0,0,0,0,0,0,0,0,0,0,0,3,0
8084,8084,0,1,138,10,-201,-9,0,0,0,0,0,0,0,0,1,0,0,0,0,0,0,0,0,0,0,1,0,0,0,0,0,0,0,0,0,0,0,0,3,0
8085,8085,0,0,-168,-8,100,4,0,0,0,0,0,0,0,0,1,0,0,0,0,0,0,0,0,0,0,1,0,0,0,0,0,0,0,0,0,0,0,0,3,3
8086,8086,0,1,-168,-8,100,4,0,0,0,0,0,0,0,0,1,0,0,0,0,0,0,0,0,0,0,1,0,0,0,0,0,0,0,0,0,0,0,0,3,2
8087,8087,0,0,218,-6,-45,-13,0,0,0,0,0,0,0,0,1,0,0,0,0,0,0,0,0,0,0,1,0,0,0,0,0,0,0,0,0,0,0,0,3,1
8088,8088,0,1,218,-6,-45,-13,0,0,0,0,0,0,0,0,1,0,0,0,0,0,0,0,0,0,0,1,0,0,0,0,0,0,0,0,0,0,0,0,3,2
8089,8089,0,0,-161,-1,-107,-11,0,0,0,0,0,0,0,0,1,0,0,0,0,0,0,0,0,0,0,1,0,0,0,0,0,0,0,0,0,0,0,0,3,3
8090,8090,0,1,-161,-1,-107,-11,0,0,0,0,0,0,0,0,1,0,0,0,0,0,0,0,0,0,0,1,0,0,0,0,0,0,0,0,0,0,0,0,3,4
8091,8091,0,0,156,-4,197,5,0,0,0,0,0,0,0,0,2,0,0,0,0,0,0,0,0,0,0,1,0,0,0,0,0,0,0,0,0,0,0,0,3,1
8092,8092,0,1,156,-4,197,5,0,0,0,0,0,0,0,0,2,0,0,0,0,0,0,0,0,0,0,1,0,0,0,0,0,0,0,0,0,0,0,0,3,1
8093,8093,0,0,-71,-7,-326,-6,0,0,0,0,0,0,0,0,2,0,0,0,0,0,0,0,0,0,0,1,0,0,0,0,0,0,0,0,0,0,0,0,3,1
8094,8094,0,1,-71,-7,-326,-6,0,0,0,0,0,0,0,0,1,0,0,0,0,0,0,0,0,0,0,1,0,0,0,0,0,0,0,0,0,0,0,0,3,1
8095,8095,0,0,58,-6,291,3,0,0,0,0,0,0,0,0,1,0,0,0,0,0,0,0,0,0,0,1,0,0,0,0,0,0,0,0,0,0,0,0,3,2
8096,8096,0,1,58,-6,291,3,0,0,0,0,0,0,0,0,1,0,0,0,0,0,0,0,0,0,0,1,0,0,0,0,0,0,0,0,0,0,0,0,3,0
8097,8097,0,0,27,-5,-257,-1,0,0,0,0,0,0,0,0,1,0,0,0,0,0,0,0,0,0,0,1,0,0,0,0,0,0,0,0,0,0,0,0,3,2
8098,8098,0,1,27,-5,-257,-1,0,0,0,0,0,0,0,0,1,0,0,0,0,0,0,0,0,0,0,1,0,0,0,0,0,0,0,0,0,0,0,0,3,2
8099,8099,0,0,-9,-9,142,14,0,0,0,0,0,0,0,0,1,0,0,0,0,0,0,0,0,0,0,1,0,0,0,0,0,0,0,0,0,0,0,0,3,4
8100,8100,0,1,-9,-9,142,14,0,0,0,0,0,0,0,0,1,0,0,0,0,0,0,0,0,0,0,1,0,0,0,0,0,0,0,0,0,0,0,0,3,2
8101,8101,0,0,21,-11,-88,8,0,0,0,0,0,0,0,0,2,0,0,0,0,0,0,0,0,0,0,1,0,0,0,0,0,0,0,0,0,0,0,0,3,3
8102,8102,0,1,21,-11,-88,8,0,0,0,0,0,0,0,0,2,0,0,0,0,0,0,0,0,0,0,1,0,0,0,0,0,0,0,0,0,0,0,0,3,3
8103,8103,0,0,41,9,-24,8,0,0,0,0,0,0,0,0,2,0,0,0,0,0,0,0,0,0,0,1,0,0,0,0,0,0,0,0,0,0,0,0,3,4
8104,8104,0,1,41,9,-24,8,0,0,0,0,0,0,0,0,2,0,0,0,0,0,0,0,0,0,0,1,0,0,0,0,0,0,0,0,0,0,0,0,3,5
8105,8105,0,0,1,1,24,-8,0,0,0,0,0,0,0,0,2,0,0,0,0,0,0,0,0,0,0,1,0,0,0,0,0,0,0,0,0,0,0,0,3,3
8106,8106,0,1,1,1,24,-8,0,0,0,0,0,0,0,0,2,0,0,0,0,0,0,0,0,0,0,1,0,0,0,0,0,0,0,0,0,0,0,0,3,2
8107,8107,0,0,5,5,-37,-5,0,0,0,0,0,0,0,0,2,0,0,0,0,0,0,0,0,0,0,1,0,0,0,0,0,0,0,0,0,0,0,0,3,4
8108,8108,0,1,5,5,-37,-5,0,0,0,0,0,0,0,0,2,0,0,0,0,0,0,0,0,0,0,1,0,0,0,0,0,0,0,0,0,0,0,0,3,5
8109,8109,0,0,61,-3,-32,0,0,0,0,0,0,0,0,0,2,0,0,0,0,0,0,0,0,0,0,1,0,0,0,0,0,0,0,0,0,0,0,0,3,4
8110,8110,0,1,61,-3,-32,0,0,0,0,0,0,0,0,0,2,0,0,0,0,0,0,0,0,0,0,1,0,0,0,0,0,0,0,0,0,0,0,0,3,2
8111,8111,0,0,-17,15,70,6,0,0,0,0,0,0,0,0,2,0,0,0,0,0,0,0,0,0,0,1,0,0,0,0,0,0,0,0,0,0,0,0,3,4
8112,8112,0,1,-17,15,70,6,0,0,0,0,0,0,0,0,2,0,0,0,0,0,0,0,0,0,0,1,0,0,0,0,0,0,0,0,0,0,0,0,3,4
8113,8113,0,0,6,6,-143,-15,0,0,0,0,0,0,0,0,2,0,0,0,0,0,0,0,0,0,0,1,0,0,0,0,0,0,0,0,0,0,0,0,3,7
8114,8114,0,1,6,6,-143,-15,0,0,0,0,0,0,0,0,2,0,0,0,0,0,0,0,0,0,0,1,0,0,0,0,0,0,0,0,0,0,0,0,3,6
8115,8115,0,0,46,14,151,-9,0,0,0,0,0,0,0,0,2,0,0,0,0,0,0,0,0,0,0,1,0,0,0,0,0,0,0,0,0,0,0,0,3,3
8116,8116,0,1,46,14,151,-9,0,0,0,0,0,0,0,0,2,0,0,0,0,0,0,0,0,0,0,1,0,0,0,0,0,0,0,0,0,0,0,0,3,5
8117,8117,0,0,17,-15,-175,-15,0,0,0,0,0,0,0,0,2,0,0,0,0,0,0,0,0,0,0,1,0,0,0,0,0,0,0,0,0,0,0,0,3,4
8118,8118,0,1,17,-15,-175,-15,0,0,0,0,0,0,0,0,3,0,0,0,0,0,0,0,0,0,0,1,0,0,0,0,0,0,0,0,0,0,0,0,3,6
8119,8119,0,0,-23,9,93,-3,0,0,0,0,0,0,0,0,3,0,0,0,0,0,0,0,0,0,0,1,0,0,0,0,0,0,0,0,0,0,0,0,3,0
8120,8120,0,1,-23,9,93,-3,0,0,0,0,0,0,0,0,3,0,0,0,0,0,0,0,0,0,0,1,0,0,0,0,0,0,0,0,0,0,0,0,3,2
8121,8121,0,0,87,-9,-56,8,0,0,0,0,0,0,0,0,3,0,0,0,0,0,0,0,0,0,0,1,0,0,0,0,0,0,0,0,0,0,0,0,3,0
8122,8122,0,1,87,-9,-56,8,0,0,0,0,0,0,0,0,3,0,0,0,0,0,0,0,0,0,0,1,0,0,0,0,0,0,0,0,0,0,0,0,3,3
8123,8123,0,0,-81,15,-21,11,0,0,0,0,0,0,0,0,2,0,0,0,0,0,0,0,0,0,0,1,0,0,0,0,0,0,0,0,0,0,0,0,3,3
8124,8124,0,1,-81,15,-21,11,0,0,0,0,0,0,0,0,3,0,0,0,0,0,0,0,0,0,0,1,0,0,0,0,0,0,0,0,0,0,0,0,3,1
8125,8125,0,0,152,-8,17,-15,0,0,0,0,0,0,0,0,3,0,0,0,0,0,0,0,0,0,0,1,0,0,0,0,0,0,0,0,0,0,0,0,3,0
8126,8126,0,1,152,-8,17,-15,0,0,0,0,0,0,0,0,3,0,0,0,0,0,0,0,0,0,0,1,0,0,0,0,0,0,0,0,0,0,0,0,3,0
8127,8127,0,0,-127,1,-88,8,0,0,0,0,0,0,0,0,2,0,0,0,0,0,0,0,0,0,0,1,0,0,0,0,0,0,0,0,0,0,0,0,3,1
8128,8128,0,1,-127,1,-88,8,0,0,0,0,0,0,0,0,2,0,0,0,0,0,0,0,0,0,0,1,0,0,0,0,0,0,0,0,0,0,0,0,3,1
8129,8129,0,0,155,-5,124,-4,0,0,0,0,0,0,0,0,2,0,0,0,0,0,0,0,0,0,0,1,0,0,0,0,0,0,0,0,0,0,0,0,3,2
8130,8130,0,1,155,-5,124,-4,0,0,0,0,0,0,0,0,2,0,0,0,0,0,0,0,0,0,0,1,0,0,0,0,0,0,0,0,0,0,0,0,3,2
8131,8131,0,0,-134,-6,-178,14,0,0,0,0,0,0,0,0,2,0,0,0,0,0,0,0,0,0,0,1,0,0,0,0,0,0,0,0,0,0,0,0,3,1
8132,8132,0,1,-134,-6,-178,14,0,0,0,0,0,0,0,0,2,0,0,0,0,0,0,0,0,0,0,1,0,0,0,0,0,0,0,0,0,0,0,0,3,0
8133,8133,0,0,173,13,88,-8,0,0,0,0,0,0,0,0,2,0,0,0,0,0,0,0,0,0,0,1,0,0,0,0,0,0,0,0,0,0,0,0,3,3
8134,8134,0,1,173,13,88,-8,0,0,0,0,0,0,0,0,2,0,0,0,0,0,0,0,0,0,0,1,0,0,0,0,0,0,0,0,0,0,0,0,3,2
8135,8135,0,0,-127,1,20,-12,0,0,0,0,0,0,0,0,2,0,0,0,0,0,0,0,0,0,0,1,0,0,0,0,0,0,0,0,0,0,0,0,3,2
8136,8136,0,1,-127,1,20,-12,0,0,0,0,0,0,0,0,2,0,0,0,0,0,0,0,0,0,0,1,0,0,0,0,0,0,0,0,0,0,0,0,3,2
8137,8137,0,0,113,-15,-120,8,0,0,0,0,0,0,0,0,2,0,0,0,0,0,0,0,0,0,0,1,0,0,0,0,0,0,0,0,0,0,0,0,3,3
8138,8138,0,1,113,-15,-120,8,0,0,0,0,0,0,0,0,2,0,0,0,0,0,0,0,0,0,0,1,0,0,0,0,0,0,0,0,0,0,0,0,3,4
8139,8139,0,0,-42,-10,86,-10,0,0,0,0,0,0,0,0,2,0,0,0,0,0,0,0,0,0,0,1,0,0,0,0,0,0,0,0,0,0,0,0,3,0
8140,8140,0,1,-42,-10,86,-10,0,0,0,0,0,0,0,0,2,0,0,0,0,0,0,0,0,0,0,1,0,0,0,0,0,0,0,0,0,0,0,0,3,1
8141,8141,0,0,69,5,-31,1,0,0,0,0,0,0,0,0,2,0,0,0,0,0,0,0,0,0,0,1,0,0,0,0,0,0,0,0,0,0,0,0,3,2
8142,8142,0,1,69,5,-31,1,0,0,0,0,0,0,0,0,2,0,0,0,0,0,0,0,0,0,0,1,0,0,0,0,0,0,0,0,0,0,0,0,3,2
8143,8143,0,0,-39,-7,-54,10,0,0,0,0,0,0,0,0,2,0,0,0,0,0,0,0,0,0,0,1,0,0,0,0,0,0,0,0,0,0,0,0,3,1
8144,8144,0,1,-39,-7,-54,10,0,0,0,0,0,0,0,0,2,0,0,0,0,0,0,0,0,0,0,1,0,0,0,0,0,0,0,0,0,0,0,0,3,0
8145,8145,0,0,90,-6,71,7,0,0,0,0,0,0,0,0,2,0,0,0,0,0,0,0,0,0,0,1,0,0,0,0,0,0,0,0,0,0,0,0,3,3
8146,8146,0,1,90,-6,71,7,0,0,0,0,0,0,0,0,2,0,0,0,0,0,0,0,0,0,0,1,0,0,0,0,0,0,0,0,0,0,0,0,3,3
8147,8147,0,0,-42,-10,-87,9,0,0,0,0,0,0,0,0,1,0,0,0,0,0,0,0,0,0,0,1,0,0,0,0,0,0,0,0,0,0,0,0,3,2
8148,8148,0,1,-42,-10,-87,9,0,0,0,0,0,0,0,0,1,0,0,0,0,0,0,0,0,0,0,1,0,0,0,0,0,0,0,0,0,0,0,0,3,1
8149,8149,0,0,47,15,22,-10,0,0,0,0,0,0,0,0,1,0,0,0,0,0,0,0,0,0,0,1,0,0,0,0,0,0,0,0,0,0,0,0,3,4
8150,8150,0,1,47,15,22,-10,0,0,0,0,0,0,0,0,1,0,0,0,0,0,0,0,0,0,0,1,0,0,0,0,0,0,0,0,0,0,0,0,3,2
8151,8151,0,0,29,-3,-46,-14,0,0,0,0,0,0,0,0,1,0,0,0,0,0,0,0,0,0,0,1,0,0,0,0,0,0,0,0,0,0,0,0,3,4
8152,8152,0,1,29,-3,-46,-14,0,0,0,0,0,0,0,0,1,0,0,0,0,0,0,0,0,0,0,1,0,0,0,0,0,0,0,0,0,0,0,0,3,4
8153,8153,0,0,-43,-11,38,6,0,0,0,0,0,0,0,0,1,0,0,0,0,0,0,0,0,0,0,1,0,0,0,0,0,0,0,0,0,0,0,0,3,3
8154,8154,0,1,-43,-11,38,6,0,0,0,0,0,0,0,0,1,0,0,0,0,0,0,0,0,0,0,1,0,0,0,0,0,0,0,0,0,0,0,0,3,4
8155,8155,0,0,62,-2,-31,1,0,0,0,0,0,0,0,0,1,0,0,0,0,0,0,0,0,0,0,1,0,0,0,0,0,0,0,0,0,0,0,0,3,2
8156,8156,0,1,62,-2,-31,1,0,0,0,0,0,0,0,0,1,0,0,0,0,0,0,0,0,0,0,1,0,0,0,0,0,0,0,0,0,0,0,0,3,2
8157,8157,0,0,-17,15,-44,-12,0,0,0,0,0,0,0,0,1,0,0,0,0,0,0,0,0,0,0,1,0,0,0,0,0,0,0,0,0,0,0,0,3,3
8158,8158,0,1,-17,15,-44,-12,0,0,0,0,0,0,0,0,2,0,0,0,0,0,0,0,0,0,0,1,0,0,0,0,0,0,0,0,0,0,0,0,3,4
8159,8159,0,0,-10,-10,4,4,0,0,0,0,0,0,0,0,2,0,0,0,0,0,0,0,0,0,0,1,0,0,0,0,0,0,0,0,0,0,0,0,3,0
8160,8160,0,1,-10,-10,4,4,0,0,0,0,0,0,0,0,2,0,0,0,0,0,0,0,0,0,0,1,0,0,0,0,0,0,0,0,0,0,0,0,3,2
8161,8161,0,0,72,8,-12,-12,0,0,0,0,0,0,0,0,2,0,0,0,0,0,0,0,0,0,0,1,0,0,0,0,0,0,0,0,0,0,0,0,3,1
8162,8162,0,1,72,8,-12,-12,0,0,0,0,0,0,0,0,2,0,0,0,0,0,0,0,0,0,0,1,0,0,0,0,0,0,0,0,0,0,0,0,3,1
8163,8163,0,0,-21,11,-19,13,0,0,0,0,0,0,0,0,2,0,0,0,0,0,0,0,0,0,0,1,0,0,0,0,0,0,0,0,0,0,0,0,3,2
8164,8164,0,1,-21,11,-19,13,0,0,0,0,0,0,0,0,2,0,0,0,0,0,0,0,0,0,0,1,0,0,0,0,0,0,0,0,0,0,0,0,3,0
8165,8165,0,0,24,-8,30,-2,0,0,0,0,0,0,0,0,2,0,0,0,0,0,0,0,0,0,0,1,0,0,0,0,0,0,0,0,0,0,0,0,3,2
8166,8166,0,1,24,-8,30,-2,0,0,0,0,0,0,0,0,2,0,0,0,0,0,0,0,0,0,0,1,0,0,0,0,0,0,0,0,0,0,0,0,3,2
8167,8167,0,0,42,10,-68,-4,0,0,0,0,0,0,0,0,2,0,0,0,0,0,0,0,0,0,0,1,0,0,0,0,0,0,0,0,0,0,0,0,3,1
8168,8168,0,1,42,10,-68,-4,0,0,0,0,0,0,0,0,2,0,0,0,0,0,0,0,0,0,0,1,0,0,0,0,0,0,0,0,0,0,0,0,3,2
8169,8169,0,0,-14,-14,41,9,0,0,0,0,0,0,0,0,2,0,0,0,0,0,0,0,0,0,0,1,0,0,0,0,0,0,0,0,0,0,0,0,3,1
8170,8170,0,1,-14,-14,41,9,0,0,0,0,0,0,0,0,2,0,0,0,0,0,0,0,0,0,0,1,0,0,0,0,0,0,0,0,0,0,0,0,3,2
8171,8171,0,0,17,-15,-49,15,0,0,0,0,0,0,0,0,1,0,0,0,0,0,0,0,0,0,0,1,0,0,0,0,0,0,0,0,0,0,0,0,3,1
8172,8172,0,1,17,-15,-49,15,0,0,0,0,0,0,0,0,2,0,0,0,0,0,0,0,0,0,0,1,0,0,0,0,0,0,0,0,0,0,0,0,3,0
8173,8173,0,0,57,-7,-21,11,0,0,0,0,0,0,0,0,1,0,0,0,0,0,0,0,0,0,0,1,0,0,0,0,0,0,0,0,0,0,0,0,3,0
8174,8174,0,1,57,-7,-21,11,0,0,0,0,0,0,0,0,1,0,0,0,0,0,0,0,0,0,0,1,0,0,0,0,0,0,0,0,0,0,0,0,3,0
8175,8175,0,0,-51,13,36,4,0,0,0,0,0,0,0,0,1,0,0,0,0,0,0,0,0,0,0,1,0,0,0,0,0,0,0,0,0,0,0,0,3,1
8176,8176,0,1,-51,13,36,4,0,0,0,0,0,0,0,0,1,0,0,0,0,0,0,0,0,0,0,1,0,0,0,0,0,0,0,0,0,0,0,0,3,1
8177,8177,0,0,114,-14,-43,-11,0,0,0,0,0,0,0,0,1,0,0,0,0,0,0,0,0,0,0,1,0,0,0,0,0,0,0,0,0,0,0,0,3,2
8178,8178,0,1,114,-14,-43,-11,0,0,0,0,0,0,0,0,1,0,0,0,0,0,0,0,0,0,0,1,0,0,0,0,0,0,0,0,0,0,0,0,3,1
8179,8179,0,0,-125,3,28,-4,0,0,0,0,0,0,0,0,1,0,0,0,0,0,0,0,0,0,0,1,0,0,0,0,0,0,0,0,0,0,0,0,3,0
8180,8180,0,1,-125,3,28,-4,0,0,0,0,0,0,0,0,1,0,0,0,0,0,0,0,0,0,0,1,0,0,0,0,0,0,0,0,0,0,0,0,3,0
8181,8181,0,0,181,-11,-39,-7,0,0,0,0,0,0,0,0,1,0,0,0,0,0,0,0,0,0,0,1,0,0,0,0,0,0,0,0,0,0,0,0,3,2
8182,8182,0,1,181,-11,-39,-7,0,0,0,0,0,0,0,0,1,0,0,0,0,0,0,0,0,0,0,1,0,0,0,0,0,0,0,0,0,0,0,0,3,2
8183,8183,0,0,-159,1,24,-8,0,0,0,0,0,0,0,0,1,0,0,0,0,0,0,0,0,0,0,1,0,0,0,0,0,0,0,0,0,0,0,0,3,0
8184,8184,0,1,-159,1,24,-8,0,0,0,0,0,0,0,0,1,0,0,0,0,0,0,0,0,0,0,1,0,0,0,0,0,0,0,0,0,0,0,0,3,0
8185,8185,0,0,155,-5,-45,-13,0,0,0,0,0,0,0,0,1,0,0,0,0,0,0,0,0,0,0,0,0,0,0,0,0,0,0,0,0,0,0,0,3,0
8186,8186,0,1,155,-5,-45,-13,0,0,0,0,0,0,0,0,1,0,0,0,0,0,0,0,0,0,0,0,0,0,0,0,0,0,0,0,0,0,0,0,3,1
8187,8187,0,0,-80,-16,-1,-1,0,0,0,0,0,0,0,0,1,0,0,0,0,0,0,0,0,0,0,0,0,0,0,0,0,0,0,0,0,0,0,0,3,2
8188,8188,0,1,-80,-16,-1,-1,0,0,0,0,0,0,0,0,1,0,0,0,0,0,0,0,0,0,0,0,0,0,0,0,0,0,0,0,0,0,0,0,3,1
8189,8189,0,0,63,-1,23,-9,0,0,0,0,0,0,0,0,1,0,0,0,0,0,0,0,0,0,0,0,0,0,0,0,0,0,0,0,0,0,0,0,3,0
8190,8190,0,1,63,-1,23,-9,0,0,0,0,0,0,0,0,1,0,0,0,0,0,0,0,0,0,0,0,0,0,0,0,0,0,0,0,0,0,0,0,3,0
8191,8191,0,0,-23,9,-90,6,0,0,0,0,0,0,0,0,0,0,0,0,0,0,0,0,0,0,0,0,0,0,0,0,0,0,0,0,0,0,0,0,3,1
